customer_id,churn_flag,churn_month,churn_reason
RT-000001,0,,unknown
RT-000002,1,23.0,quality
RT-000003,0,,unknown
RT-000004,0,,unknown
RT-000005,0,,unknown
RT-000006,0,,unknown
RT-000007,0,,unknown
RT-000008,0,,unknown
RT-000009,0,,unknown
RT-000010,1,22.0,price
RT-000011,0,,unknown
RT-000012,0,,unknown
RT-000013,0,,unknown
RT-000014,0,,unknown
RT-000015,0,,unknown
RT-000016,0,,unknown
RT-000017,0,,unknown
RT-000018,0,,unknown
RT-000019,0,,unknown
RT-000020,0,,unknown
RT-000021,1,24.0,tech_migration
RT-000022,0,,unknown
RT-000023,0,,unknown
RT-000024,0,,unknown
RT-000025,0,,unknown
RT-000026,0,,unknown
RT-000027,0,,unknown
RT-000028,1,23.0,unknown
RT-000029,0,,unknown
RT-000030,0,,unknown
RT-000031,0,,unknown
RT-000032,0,,unknown
RT-000033,0,,unknown
RT-000034,0,,unknown
RT-000035,0,,unknown
RT-000036,1,24.0,quality
RT-000037,1,20.0,quality
RT-000038,0,,unknown
RT-000039,0,,unknown
RT-000040,0,,unknown
RT-000041,0,,unknown
RT-000042,0,,unknown
RT-000043,0,,unknown
RT-000044,0,,unknown
RT-000045,0,,unknown
RT-000046,0,,unknown
RT-000047,0,,unknown
RT-000048,0,,unknown
RT-000049,1,22.0,tech_migration
RT-000050,0,,unknown
RT-000051,0,,unknown
RT-000052,0,,unknown
RT-000053,0,,unknown
RT-000054,0,,unknown
RT-000055,0,,unknown
RT-000056,0,,unknown
RT-000057,0,,unknown
RT-000058,1,24.0,tech_migration
RT-000059,0,,unknown
RT-000060,0,,unknown
RT-000061,0,,unknown
RT-000062,0,,unknown
RT-000063,0,,unknown
RT-000064,0,,unknown
RT-000065,0,,unknown
RT-000066,0,,unknown
RT-000067,1,19.0,tech_migration
RT-000068,0,,unknown
RT-000069,1,24.0,price
RT-000070,0,,unknown
RT-000071,0,,unknown
RT-000072,0,,unknown
RT-000073,1,24.0,price
RT-000074,0,,unknown
RT-000075,1,24.0,unknown
RT-000076,0,,unknown
RT-000077,0,,unknown
RT-000078,0,,unknown
RT-000079,0,,unknown
RT-000080,0,,unknown
RT-000081,0,,unknown
RT-000082,0,,unknown
RT-000083,0,,unknown
RT-000084,0,,unknown
RT-000085,0,,unknown
RT-000086,0,,unknown
RT-000087,0,,unknown
RT-000088,0,,unknown
RT-000089,0,,unknown
RT-000090,1,24.0,competitor
RT-000091,0,,unknown
RT-000092,0,,unknown
RT-000093,0,,unknown
RT-000094,0,,unknown
RT-000095,0,,unknown
RT-000096,1,22.0,tech_migration
RT-000097,0,,unknown
RT-000098,0,,unknown
RT-000099,0,,unknown
RT-000100,0,,unknown
RT-000101,1,21.0,unknown
RT-000102,0,,unknown
RT-000103,0,,unknown
RT-000104,0,,unknown
RT-000105,0,,unknown
RT-000106,0,,unknown
RT-000107,0,,unknown
RT-000108,0,,unknown
RT-000109,0,,unknown
RT-000110,0,,unknown
RT-000111,0,,unknown
RT-000112,0,,unknown
RT-000113,0,,unknown
RT-000114,0,,unknown
RT-000115,0,,unknown
RT-000116,0,,unknown
RT-000117,0,,unknown
RT-000118,0,,unknown
RT-000119,0,,unknown
RT-000120,0,,unknown
RT-000121,0,,unknown
RT-000122,0,,unknown
RT-000123,0,,unknown
RT-000124,0,,unknown
RT-000125,0,,unknown
RT-000126,0,,unknown
RT-000127,0,,unknown
RT-000128,0,,unknown
RT-000129,0,,unknown
RT-000130,0,,unknown
RT-000131,0,,unknown
RT-000132,0,,unknown
RT-000133,0,,unknown
RT-000134,0,,unknown
RT-000135,1,19.0,unknown
RT-000136,0,,unknown
RT-000137,0,,unknown
RT-000138,0,,unknown
RT-000139,0,,unknown
RT-000140,0,,unknown
RT-000141,0,,unknown
RT-000142,0,,unknown
RT-000143,0,,unknown
RT-000144,0,,unknown
RT-000145,0,,unknown
RT-000146,0,,unknown
RT-000147,0,,unknown
RT-000148,0,,unknown
RT-000149,0,,unknown
RT-000150,0,,unknown
RT-000151,0,,unknown
RT-000152,0,,unknown
RT-000153,0,,unknown
RT-000154,0,,unknown
RT-000155,0,,unknown
RT-000156,0,,unknown
RT-000157,0,,unknown
RT-000158,0,,unknown
RT-000159,0,,unknown
RT-000160,0,,unknown
RT-000161,1,24.0,unknown
RT-000162,0,,unknown
RT-000163,0,,unknown
RT-000164,0,,unknown
RT-000165,0,,unknown
RT-000166,0,,unknown
RT-000167,0,,unknown
RT-000168,0,,unknown
RT-000169,0,,unknown
RT-000170,0,,unknown
RT-000171,0,,unknown
RT-000172,0,,unknown
RT-000173,0,,unknown
RT-000174,1,22.0,tech_migration
RT-000175,1,24.0,price
RT-000176,0,,unknown
RT-000177,0,,unknown
RT-000178,0,,unknown
RT-000179,0,,unknown
RT-000180,0,,unknown
RT-000181,0,,unknown
RT-000182,0,,unknown
RT-000183,0,,unknown
RT-000184,0,,unknown
RT-000185,0,,unknown
RT-000186,0,,unknown
RT-000187,0,,unknown
RT-000188,0,,unknown
RT-000189,0,,unknown
RT-000190,0,,unknown
RT-000191,1,19.0,tech_migration
RT-000192,0,,unknown
RT-000193,0,,unknown
RT-000194,0,,unknown
RT-000195,0,,unknown
RT-000196,0,,unknown
RT-000197,0,,unknown
RT-000198,0,,unknown
RT-000199,0,,unknown
RT-000200,0,,unknown
RT-000201,0,,unknown
RT-000202,0,,unknown
RT-000203,0,,unknown
RT-000204,0,,unknown
RT-000205,0,,unknown
RT-000206,0,,unknown
RT-000207,0,,unknown
RT-000208,0,,unknown
RT-000209,0,,unknown
RT-000210,0,,unknown
RT-000211,0,,unknown
RT-000212,0,,unknown
RT-000213,0,,unknown
RT-000214,0,,unknown
RT-000215,0,,unknown
RT-000216,0,,unknown
RT-000217,0,,unknown
RT-000218,0,,unknown
RT-000219,0,,unknown
RT-000220,0,,unknown
RT-000221,0,,unknown
RT-000222,0,,unknown
RT-000223,0,,unknown
RT-000224,0,,unknown
RT-000225,0,,unknown
RT-000226,1,23.0,tech_migration
RT-000227,0,,unknown
RT-000228,0,,unknown
RT-000229,0,,unknown
RT-000230,0,,unknown
RT-000231,0,,unknown
RT-000232,0,,unknown
RT-000233,0,,unknown
RT-000234,0,,unknown
RT-000235,0,,unknown
RT-000236,0,,unknown
RT-000237,0,,unknown
RT-000238,0,,unknown
RT-000239,0,,unknown
RT-000240,0,,unknown
RT-000241,1,24.0,quality
RT-000242,0,,unknown
RT-000243,0,,unknown
RT-000244,0,,unknown
RT-000245,0,,unknown
RT-000246,0,,unknown
RT-000247,0,,unknown
RT-000248,0,,unknown
RT-000249,1,22.0,unknown
RT-000250,1,21.0,unknown
RT-000251,1,20.0,tech_migration
RT-000252,1,24.0,quality
RT-000253,1,23.0,unknown
RT-000254,0,,unknown
RT-000255,1,24.0,unknown
RT-000256,0,,unknown
RT-000257,0,,unknown
RT-000258,0,,unknown
RT-000259,0,,unknown
RT-000260,0,,unknown
RT-000261,0,,unknown
RT-000262,0,,unknown
RT-000263,0,,unknown
RT-000264,0,,unknown
RT-000265,0,,unknown
RT-000266,0,,unknown
RT-000267,0,,unknown
RT-000268,0,,unknown
RT-000269,0,,unknown
RT-000270,0,,unknown
RT-000271,0,,unknown
RT-000272,0,,unknown
RT-000273,0,,unknown
RT-000274,0,,unknown
RT-000275,0,,unknown
RT-000276,0,,unknown
RT-000277,1,24.0,price
RT-000278,0,,unknown
RT-000279,0,,unknown
RT-000280,0,,unknown
RT-000281,0,,unknown
RT-000282,0,,unknown
RT-000283,1,21.0,quality
RT-000284,0,,unknown
RT-000285,0,,unknown
RT-000286,0,,unknown
RT-000287,0,,unknown
RT-000288,0,,unknown
RT-000289,0,,unknown
RT-000290,0,,unknown
RT-000291,0,,unknown
RT-000292,0,,unknown
RT-000293,0,,unknown
RT-000294,0,,unknown
RT-000295,0,,unknown
RT-000296,0,,unknown
RT-000297,0,,unknown
RT-000298,0,,unknown
RT-000299,0,,unknown
RT-000300,0,,unknown
RT-000301,0,,unknown
RT-000302,0,,unknown
RT-000303,0,,unknown
RT-000304,0,,unknown
RT-000305,0,,unknown
RT-000306,0,,unknown
RT-000307,0,,unknown
RT-000308,0,,unknown
RT-000309,0,,unknown
RT-000310,0,,unknown
RT-000311,0,,unknown
RT-000312,0,,unknown
RT-000313,0,,unknown
RT-000314,0,,unknown
RT-000315,0,,unknown
RT-000316,0,,unknown
RT-000317,0,,unknown
RT-000318,0,,unknown
RT-000319,0,,unknown
RT-000320,0,,unknown
RT-000321,0,,unknown
RT-000322,0,,unknown
RT-000323,0,,unknown
RT-000324,0,,unknown
RT-000325,0,,unknown
RT-000326,0,,unknown
RT-000327,0,,unknown
RT-000328,0,,unknown
RT-000329,0,,unknown
RT-000330,0,,unknown
RT-000331,0,,unknown
RT-000332,0,,unknown
RT-000333,0,,unknown
RT-000334,0,,unknown
RT-000335,0,,unknown
RT-000336,0,,unknown
RT-000337,1,20.0,unknown
RT-000338,0,,unknown
RT-000339,0,,unknown
RT-000340,1,20.0,tech_migration
RT-000341,0,,unknown
RT-000342,0,,unknown
RT-000343,0,,unknown
RT-000344,0,,unknown
RT-000345,0,,unknown
RT-000346,0,,unknown
RT-000347,0,,unknown
RT-000348,0,,unknown
RT-000349,0,,unknown
RT-000350,0,,unknown
RT-000351,0,,unknown
RT-000352,0,,unknown
RT-000353,0,,unknown
RT-000354,0,,unknown
RT-000355,0,,unknown
RT-000356,0,,unknown
RT-000357,0,,unknown
RT-000358,0,,unknown
RT-000359,0,,unknown
RT-000360,0,,unknown
RT-000361,0,,unknown
RT-000362,0,,unknown
RT-000363,0,,unknown
RT-000364,0,,unknown
RT-000365,0,,unknown
RT-000366,0,,unknown
RT-000367,0,,unknown
RT-000368,0,,unknown
RT-000369,0,,unknown
RT-000370,0,,unknown
RT-000371,1,24.0,unknown
RT-000372,0,,unknown
RT-000373,0,,unknown
RT-000374,0,,unknown
RT-000375,0,,unknown
RT-000376,0,,unknown
RT-000377,0,,unknown
RT-000378,0,,unknown
RT-000379,0,,unknown
RT-000380,0,,unknown
RT-000381,0,,unknown
RT-000382,0,,unknown
RT-000383,0,,unknown
RT-000384,0,,unknown
RT-000385,0,,unknown
RT-000386,0,,unknown
RT-000387,0,,unknown
RT-000388,0,,unknown
RT-000389,0,,unknown
RT-000390,0,,unknown
RT-000391,0,,unknown
RT-000392,0,,unknown
RT-000393,0,,unknown
RT-000394,0,,unknown
RT-000395,0,,unknown
RT-000396,0,,unknown
RT-000397,0,,unknown
RT-000398,0,,unknown
RT-000399,1,24.0,unknown
RT-000400,0,,unknown
RT-000401,1,19.0,competitor
RT-000402,0,,unknown
RT-000403,0,,unknown
RT-000404,0,,unknown
RT-000405,0,,unknown
RT-000406,0,,unknown
RT-000407,0,,unknown
RT-000408,0,,unknown
RT-000409,0,,unknown
RT-000410,1,23.0,tech_migration
RT-000411,0,,unknown
RT-000412,0,,unknown
RT-000413,0,,unknown
RT-000414,0,,unknown
RT-000415,0,,unknown
RT-000416,0,,unknown
RT-000417,0,,unknown
RT-000418,0,,unknown
RT-000419,0,,unknown
RT-000420,0,,unknown
RT-000421,0,,unknown
RT-000422,0,,unknown
RT-000423,0,,unknown
RT-000424,0,,unknown
RT-000425,0,,unknown
RT-000426,0,,unknown
RT-000427,0,,unknown
RT-000428,0,,unknown
RT-000429,0,,unknown
RT-000430,0,,unknown
RT-000431,0,,unknown
RT-000432,0,,unknown
RT-000433,0,,unknown
RT-000434,1,22.0,quality
RT-000435,0,,unknown
RT-000436,0,,unknown
RT-000437,0,,unknown
RT-000438,0,,unknown
RT-000439,0,,unknown
RT-000440,0,,unknown
RT-000441,0,,unknown
RT-000442,0,,unknown
RT-000443,0,,unknown
RT-000444,0,,unknown
RT-000445,0,,unknown
RT-000446,0,,unknown
RT-000447,0,,unknown
RT-000448,0,,unknown
RT-000449,0,,unknown
RT-000450,0,,unknown
RT-000451,0,,unknown
RT-000452,0,,unknown
RT-000453,0,,unknown
RT-000454,0,,unknown
RT-000455,0,,unknown
RT-000456,0,,unknown
RT-000457,0,,unknown
RT-000458,0,,unknown
RT-000459,0,,unknown
RT-000460,0,,unknown
RT-000461,0,,unknown
RT-000462,0,,unknown
RT-000463,1,21.0,tech_migration
RT-000464,0,,unknown
RT-000465,0,,unknown
RT-000466,0,,unknown
RT-000467,0,,unknown
RT-000468,0,,unknown
RT-000469,0,,unknown
RT-000470,0,,unknown
RT-000471,0,,unknown
RT-000472,0,,unknown
RT-000473,0,,unknown
RT-000474,0,,unknown
RT-000475,0,,unknown
RT-000476,0,,unknown
RT-000477,0,,unknown
RT-000478,0,,unknown
RT-000479,0,,unknown
RT-000480,0,,unknown
RT-000481,0,,unknown
RT-000482,0,,unknown
RT-000483,0,,unknown
RT-000484,0,,unknown
RT-000485,0,,unknown
RT-000486,0,,unknown
RT-000487,0,,unknown
RT-000488,0,,unknown
RT-000489,0,,unknown
RT-000490,1,22.0,tech_migration
RT-000491,0,,unknown
RT-000492,0,,unknown
RT-000493,0,,unknown
RT-000494,0,,unknown
RT-000495,0,,unknown
RT-000496,0,,unknown
RT-000497,1,21.0,quality
RT-000498,0,,unknown
RT-000499,0,,unknown
RT-000500,0,,unknown
RT-000501,0,,unknown
RT-000502,0,,unknown
RT-000503,1,24.0,tech_migration
RT-000504,0,,unknown
RT-000505,0,,unknown
RT-000506,0,,unknown
RT-000507,0,,unknown
RT-000508,0,,unknown
RT-000509,0,,unknown
RT-000510,0,,unknown
RT-000511,0,,unknown
RT-000512,0,,unknown
RT-000513,0,,unknown
RT-000514,0,,unknown
RT-000515,0,,unknown
RT-000516,0,,unknown
RT-000517,0,,unknown
RT-000518,0,,unknown
RT-000519,0,,unknown
RT-000520,0,,unknown
RT-000521,0,,unknown
RT-000522,0,,unknown
RT-000523,0,,unknown
RT-000524,0,,unknown
RT-000525,0,,unknown
RT-000526,0,,unknown
RT-000527,0,,unknown
RT-000528,0,,unknown
RT-000529,0,,unknown
RT-000530,0,,unknown
RT-000531,0,,unknown
RT-000532,0,,unknown
RT-000533,0,,unknown
RT-000534,0,,unknown
RT-000535,0,,unknown
RT-000536,0,,unknown
RT-000537,0,,unknown
RT-000538,0,,unknown
RT-000539,0,,unknown
RT-000540,0,,unknown
RT-000541,0,,unknown
RT-000542,0,,unknown
RT-000543,0,,unknown
RT-000544,0,,unknown
RT-000545,0,,unknown
RT-000546,0,,unknown
RT-000547,0,,unknown
RT-000548,0,,unknown
RT-000549,0,,unknown
RT-000550,1,21.0,quality
RT-000551,0,,unknown
RT-000552,1,22.0,price
RT-000553,0,,unknown
RT-000554,0,,unknown
RT-000555,1,24.0,price
RT-000556,0,,unknown
RT-000557,0,,unknown
RT-000558,0,,unknown
RT-000559,0,,unknown
RT-000560,0,,unknown
RT-000561,0,,unknown
RT-000562,1,24.0,unknown
RT-000563,0,,unknown
RT-000564,0,,unknown
RT-000565,0,,unknown
RT-000566,1,21.0,tech_migration
RT-000567,0,,unknown
RT-000568,0,,unknown
RT-000569,0,,unknown
RT-000570,0,,unknown
RT-000571,0,,unknown
RT-000572,0,,unknown
RT-000573,0,,unknown
RT-000574,0,,unknown
RT-000575,0,,unknown
RT-000576,0,,unknown
RT-000577,0,,unknown
RT-000578,0,,unknown
RT-000579,0,,unknown
RT-000580,0,,unknown
RT-000581,0,,unknown
RT-000582,0,,unknown
RT-000583,0,,unknown
RT-000584,0,,unknown
RT-000585,0,,unknown
RT-000586,0,,unknown
RT-000587,0,,unknown
RT-000588,0,,unknown
RT-000589,0,,unknown
RT-000590,0,,unknown
RT-000591,0,,unknown
RT-000592,0,,unknown
RT-000593,0,,unknown
RT-000594,0,,unknown
RT-000595,0,,unknown
RT-000596,0,,unknown
RT-000597,0,,unknown
RT-000598,0,,unknown
RT-000599,0,,unknown
RT-000600,0,,unknown
RT-000601,0,,unknown
RT-000602,1,24.0,competitor
RT-000603,0,,unknown
RT-000604,0,,unknown
RT-000605,0,,unknown
RT-000606,0,,unknown
RT-000607,0,,unknown
RT-000608,1,22.0,competitor
RT-000609,0,,unknown
RT-000610,0,,unknown
RT-000611,0,,unknown
RT-000612,1,24.0,tech_migration
RT-000613,0,,unknown
RT-000614,0,,unknown
RT-000615,0,,unknown
RT-000616,0,,unknown
RT-000617,0,,unknown
RT-000618,0,,unknown
RT-000619,0,,unknown
RT-000620,0,,unknown
RT-000621,0,,unknown
RT-000622,0,,unknown
RT-000623,0,,unknown
RT-000624,0,,unknown
RT-000625,0,,unknown
RT-000626,0,,unknown
RT-000627,0,,unknown
RT-000628,0,,unknown
RT-000629,0,,unknown
RT-000630,0,,unknown
RT-000631,1,23.0,tech_migration
RT-000632,1,22.0,unknown
RT-000633,1,20.0,competitor
RT-000634,0,,unknown
RT-000635,0,,unknown
RT-000636,0,,unknown
RT-000637,0,,unknown
RT-000638,0,,unknown
RT-000639,0,,unknown
RT-000640,0,,unknown
RT-000641,0,,unknown
RT-000642,0,,unknown
RT-000643,0,,unknown
RT-000644,1,22.0,unknown
RT-000645,0,,unknown
RT-000646,0,,unknown
RT-000647,0,,unknown
RT-000648,1,19.0,unknown
RT-000649,0,,unknown
RT-000650,0,,unknown
RT-000651,1,24.0,competitor
RT-000652,0,,unknown
RT-000653,0,,unknown
RT-000654,0,,unknown
RT-000655,0,,unknown
RT-000656,0,,unknown
RT-000657,0,,unknown
RT-000658,0,,unknown
RT-000659,0,,unknown
RT-000660,0,,unknown
RT-000661,0,,unknown
RT-000662,0,,unknown
RT-000663,0,,unknown
RT-000664,0,,unknown
RT-000665,0,,unknown
RT-000666,0,,unknown
RT-000667,0,,unknown
RT-000668,0,,unknown
RT-000669,0,,unknown
RT-000670,1,24.0,unknown
RT-000671,0,,unknown
RT-000672,0,,unknown
RT-000673,1,23.0,tech_migration
RT-000674,0,,unknown
RT-000675,0,,unknown
RT-000676,0,,unknown
RT-000677,0,,unknown
RT-000678,0,,unknown
RT-000679,0,,unknown
RT-000680,0,,unknown
RT-000681,0,,unknown
RT-000682,0,,unknown
RT-000683,0,,unknown
RT-000684,0,,unknown
RT-000685,1,22.0,price
RT-000686,0,,unknown
RT-000687,0,,unknown
RT-000688,0,,unknown
RT-000689,0,,unknown
RT-000690,0,,unknown
RT-000691,0,,unknown
RT-000692,0,,unknown
RT-000693,0,,unknown
RT-000694,0,,unknown
RT-000695,0,,unknown
RT-000696,0,,unknown
RT-000697,0,,unknown
RT-000698,0,,unknown
RT-000699,0,,unknown
RT-000700,0,,unknown
RT-000701,0,,unknown
RT-000702,0,,unknown
RT-000703,0,,unknown
RT-000704,0,,unknown
RT-000705,0,,unknown
RT-000706,1,19.0,unknown
RT-000707,0,,unknown
RT-000708,0,,unknown
RT-000709,0,,unknown
RT-000710,0,,unknown
RT-000711,1,24.0,tech_migration
RT-000712,0,,unknown
RT-000713,0,,unknown
RT-000714,0,,unknown
RT-000715,0,,unknown
RT-000716,0,,unknown
RT-000717,1,21.0,unknown
RT-000718,0,,unknown
RT-000719,0,,unknown
RT-000720,0,,unknown
RT-000721,0,,unknown
RT-000722,0,,unknown
RT-000723,0,,unknown
RT-000724,0,,unknown
RT-000725,0,,unknown
RT-000726,0,,unknown
RT-000727,0,,unknown
RT-000728,0,,unknown
RT-000729,0,,unknown
RT-000730,0,,unknown
RT-000731,0,,unknown
RT-000732,0,,unknown
RT-000733,0,,unknown
RT-000734,0,,unknown
RT-000735,0,,unknown
RT-000736,0,,unknown
RT-000737,0,,unknown
RT-000738,0,,unknown
RT-000739,0,,unknown
RT-000740,0,,unknown
RT-000741,0,,unknown
RT-000742,0,,unknown
RT-000743,0,,unknown
RT-000744,0,,unknown
RT-000745,0,,unknown
RT-000746,0,,unknown
RT-000747,0,,unknown
RT-000748,0,,unknown
RT-000749,0,,unknown
RT-000750,0,,unknown
RT-000751,0,,unknown
RT-000752,0,,unknown
RT-000753,0,,unknown
RT-000754,0,,unknown
RT-000755,0,,unknown
RT-000756,0,,unknown
RT-000757,0,,unknown
RT-000758,0,,unknown
RT-000759,0,,unknown
RT-000760,0,,unknown
RT-000761,0,,unknown
RT-000762,0,,unknown
RT-000763,1,24.0,unknown
RT-000764,0,,unknown
RT-000765,0,,unknown
RT-000766,0,,unknown
RT-000767,0,,unknown
RT-000768,0,,unknown
RT-000769,0,,unknown
RT-000770,0,,unknown
RT-000771,0,,unknown
RT-000772,0,,unknown
RT-000773,0,,unknown
RT-000774,0,,unknown
RT-000775,0,,unknown
RT-000776,0,,unknown
RT-000777,0,,unknown
RT-000778,0,,unknown
RT-000779,0,,unknown
RT-000780,0,,unknown
RT-000781,0,,unknown
RT-000782,0,,unknown
RT-000783,0,,unknown
RT-000784,1,21.0,tech_migration
RT-000785,0,,unknown
RT-000786,0,,unknown
RT-000787,0,,unknown
RT-000788,0,,unknown
RT-000789,0,,unknown
RT-000790,0,,unknown
RT-000791,0,,unknown
RT-000792,0,,unknown
RT-000793,0,,unknown
RT-000794,0,,unknown
RT-000795,1,21.0,quality
RT-000796,0,,unknown
RT-000797,0,,unknown
RT-000798,0,,unknown
RT-000799,0,,unknown
RT-000800,0,,unknown
RT-000801,0,,unknown
RT-000802,0,,unknown
RT-000803,0,,unknown
RT-000804,0,,unknown
RT-000805,0,,unknown
RT-000806,0,,unknown
RT-000807,1,22.0,unknown
RT-000808,0,,unknown
RT-000809,1,24.0,competitor
RT-000810,0,,unknown
RT-000811,0,,unknown
RT-000812,0,,unknown
RT-000813,0,,unknown
RT-000814,0,,unknown
RT-000815,0,,unknown
RT-000816,0,,unknown
RT-000817,0,,unknown
RT-000818,0,,unknown
RT-000819,0,,unknown
RT-000820,0,,unknown
RT-000821,0,,unknown
RT-000822,0,,unknown
RT-000823,0,,unknown
RT-000824,0,,unknown
RT-000825,1,24.0,price
RT-000826,0,,unknown
RT-000827,0,,unknown
RT-000828,0,,unknown
RT-000829,1,23.0,competitor
RT-000830,0,,unknown
RT-000831,0,,unknown
RT-000832,0,,unknown
RT-000833,0,,unknown
RT-000834,0,,unknown
RT-000835,0,,unknown
RT-000836,0,,unknown
RT-000837,0,,unknown
RT-000838,0,,unknown
RT-000839,0,,unknown
RT-000840,0,,unknown
RT-000841,0,,unknown
RT-000842,0,,unknown
RT-000843,0,,unknown
RT-000844,0,,unknown
RT-000845,0,,unknown
RT-000846,0,,unknown
RT-000847,0,,unknown
RT-000848,0,,unknown
RT-000849,0,,unknown
RT-000850,0,,unknown
RT-000851,1,24.0,unknown
RT-000852,0,,unknown
RT-000853,1,22.0,competitor
RT-000854,0,,unknown
RT-000855,0,,unknown
RT-000856,0,,unknown
RT-000857,0,,unknown
RT-000858,0,,unknown
RT-000859,0,,unknown
RT-000860,0,,unknown
RT-000861,0,,unknown
RT-000862,0,,unknown
RT-000863,0,,unknown
RT-000864,0,,unknown
RT-000865,0,,unknown
RT-000866,1,21.0,competitor
RT-000867,0,,unknown
RT-000868,0,,unknown
RT-000869,0,,unknown
RT-000870,0,,unknown
RT-000871,0,,unknown
RT-000872,0,,unknown
RT-000873,0,,unknown
RT-000874,0,,unknown
RT-000875,0,,unknown
RT-000876,0,,unknown
RT-000877,0,,unknown
RT-000878,0,,unknown
RT-000879,0,,unknown
RT-000880,0,,unknown
RT-000881,0,,unknown
RT-000882,0,,unknown
RT-000883,0,,unknown
RT-000884,0,,unknown
RT-000885,0,,unknown
RT-000886,0,,unknown
RT-000887,0,,unknown
RT-000888,0,,unknown
RT-000889,0,,unknown
RT-000890,0,,unknown
RT-000891,0,,unknown
RT-000892,0,,unknown
RT-000893,0,,unknown
RT-000894,0,,unknown
RT-000895,0,,unknown
RT-000896,0,,unknown
RT-000897,0,,unknown
RT-000898,0,,unknown
RT-000899,0,,unknown
RT-000900,0,,unknown
RT-000901,0,,unknown
RT-000902,0,,unknown
RT-000903,0,,unknown
RT-000904,0,,unknown
RT-000905,0,,unknown
RT-000906,0,,unknown
RT-000907,0,,unknown
RT-000908,0,,unknown
RT-000909,0,,unknown
RT-000910,0,,unknown
RT-000911,0,,unknown
RT-000912,0,,unknown
RT-000913,0,,unknown
RT-000914,0,,unknown
RT-000915,0,,unknown
RT-000916,0,,unknown
RT-000917,0,,unknown
RT-000918,0,,unknown
RT-000919,0,,unknown
RT-000920,0,,unknown
RT-000921,0,,unknown
RT-000922,0,,unknown
RT-000923,0,,unknown
RT-000924,0,,unknown
RT-000925,0,,unknown
RT-000926,0,,unknown
RT-000927,0,,unknown
RT-000928,0,,unknown
RT-000929,0,,unknown
RT-000930,1,19.0,price
RT-000931,0,,unknown
RT-000932,0,,unknown
RT-000933,0,,unknown
RT-000934,0,,unknown
RT-000935,0,,unknown
RT-000936,0,,unknown
RT-000937,0,,unknown
RT-000938,0,,unknown
RT-000939,0,,unknown
RT-000940,0,,unknown
RT-000941,0,,unknown
RT-000942,0,,unknown
RT-000943,0,,unknown
RT-000944,0,,unknown
RT-000945,0,,unknown
RT-000946,0,,unknown
RT-000947,0,,unknown
RT-000948,0,,unknown
RT-000949,0,,unknown
RT-000950,0,,unknown
RT-000951,0,,unknown
RT-000952,0,,unknown
RT-000953,0,,unknown
RT-000954,0,,unknown
RT-000955,0,,unknown
RT-000956,0,,unknown
RT-000957,0,,unknown
RT-000958,0,,unknown
RT-000959,0,,unknown
RT-000960,0,,unknown
RT-000961,0,,unknown
RT-000962,0,,unknown
RT-000963,0,,unknown
RT-000964,0,,unknown
RT-000965,0,,unknown
RT-000966,0,,unknown
RT-000967,0,,unknown
RT-000968,0,,unknown
RT-000969,0,,unknown
RT-000970,0,,unknown
RT-000971,0,,unknown
RT-000972,1,24.0,competitor
RT-000973,0,,unknown
RT-000974,0,,unknown
RT-000975,0,,unknown
RT-000976,0,,unknown
RT-000977,0,,unknown
RT-000978,0,,unknown
RT-000979,0,,unknown
RT-000980,1,23.0,unknown
RT-000981,0,,unknown
RT-000982,1,24.0,competitor
RT-000983,0,,unknown
RT-000984,0,,unknown
RT-000985,0,,unknown
RT-000986,0,,unknown
RT-000987,0,,unknown
RT-000988,0,,unknown
RT-000989,0,,unknown
RT-000990,0,,unknown
RT-000991,0,,unknown
RT-000992,0,,unknown
RT-000993,0,,unknown
RT-000994,0,,unknown
RT-000995,0,,unknown
RT-000996,0,,unknown
RT-000997,0,,unknown
RT-000998,0,,unknown
RT-000999,0,,unknown
RT-001000,0,,unknown
RT-001001,0,,unknown
RT-001002,0,,unknown
RT-001003,0,,unknown
RT-001004,0,,unknown
RT-001005,0,,unknown
RT-001006,0,,unknown
RT-001007,0,,unknown
RT-001008,0,,unknown
RT-001009,0,,unknown
RT-001010,0,,unknown
RT-001011,0,,unknown
RT-001012,0,,unknown
RT-001013,0,,unknown
RT-001014,0,,unknown
RT-001015,0,,unknown
RT-001016,0,,unknown
RT-001017,0,,unknown
RT-001018,0,,unknown
RT-001019,0,,unknown
RT-001020,0,,unknown
RT-001021,1,20.0,competitor
RT-001022,0,,unknown
RT-001023,0,,unknown
RT-001024,0,,unknown
RT-001025,0,,unknown
RT-001026,0,,unknown
RT-001027,0,,unknown
RT-001028,0,,unknown
RT-001029,1,23.0,unknown
RT-001030,0,,unknown
RT-001031,1,24.0,price
RT-001032,0,,unknown
RT-001033,0,,unknown
RT-001034,0,,unknown
RT-001035,0,,unknown
RT-001036,0,,unknown
RT-001037,0,,unknown
RT-001038,0,,unknown
RT-001039,0,,unknown
RT-001040,0,,unknown
RT-001041,0,,unknown
RT-001042,0,,unknown
RT-001043,0,,unknown
RT-001044,0,,unknown
RT-001045,0,,unknown
RT-001046,0,,unknown
RT-001047,0,,unknown
RT-001048,0,,unknown
RT-001049,0,,unknown
RT-001050,0,,unknown
RT-001051,1,24.0,tech_migration
RT-001052,0,,unknown
RT-001053,0,,unknown
RT-001054,0,,unknown
RT-001055,0,,unknown
RT-001056,1,23.0,tech_migration
RT-001057,0,,unknown
RT-001058,0,,unknown
RT-001059,0,,unknown
RT-001060,0,,unknown
RT-001061,1,24.0,tech_migration
RT-001062,1,21.0,unknown
RT-001063,0,,unknown
RT-001064,0,,unknown
RT-001065,0,,unknown
RT-001066,0,,unknown
RT-001067,0,,unknown
RT-001068,0,,unknown
RT-001069,0,,unknown
RT-001070,0,,unknown
RT-001071,0,,unknown
RT-001072,0,,unknown
RT-001073,0,,unknown
RT-001074,0,,unknown
RT-001075,1,19.0,unknown
RT-001076,0,,unknown
RT-001077,0,,unknown
RT-001078,0,,unknown
RT-001079,0,,unknown
RT-001080,0,,unknown
RT-001081,0,,unknown
RT-001082,0,,unknown
RT-001083,0,,unknown
RT-001084,0,,unknown
RT-001085,0,,unknown
RT-001086,0,,unknown
RT-001087,0,,unknown
RT-001088,0,,unknown
RT-001089,0,,unknown
RT-001090,0,,unknown
RT-001091,0,,unknown
RT-001092,0,,unknown
RT-001093,0,,unknown
RT-001094,0,,unknown
RT-001095,0,,unknown
RT-001096,0,,unknown
RT-001097,0,,unknown
RT-001098,0,,unknown
RT-001099,1,24.0,unknown
RT-001100,0,,unknown
RT-001101,0,,unknown
RT-001102,0,,unknown
RT-001103,0,,unknown
RT-001104,0,,unknown
RT-001105,0,,unknown
RT-001106,0,,unknown
RT-001107,0,,unknown
RT-001108,0,,unknown
RT-001109,1,20.0,tech_migration
RT-001110,0,,unknown
RT-001111,0,,unknown
RT-001112,0,,unknown
RT-001113,0,,unknown
RT-001114,0,,unknown
RT-001115,0,,unknown
RT-001116,0,,unknown
RT-001117,0,,unknown
RT-001118,0,,unknown
RT-001119,0,,unknown
RT-001120,0,,unknown
RT-001121,0,,unknown
RT-001122,1,24.0,competitor
RT-001123,1,24.0,price
RT-001124,0,,unknown
RT-001125,0,,unknown
RT-001126,0,,unknown
RT-001127,0,,unknown
RT-001128,0,,unknown
RT-001129,1,21.0,tech_migration
RT-001130,0,,unknown
RT-001131,1,24.0,tech_migration
RT-001132,0,,unknown
RT-001133,0,,unknown
RT-001134,0,,unknown
RT-001135,0,,unknown
RT-001136,0,,unknown
RT-001137,1,23.0,unknown
RT-001138,0,,unknown
RT-001139,0,,unknown
RT-001140,0,,unknown
RT-001141,0,,unknown
RT-001142,0,,unknown
RT-001143,0,,unknown
RT-001144,0,,unknown
RT-001145,0,,unknown
RT-001146,0,,unknown
RT-001147,0,,unknown
RT-001148,0,,unknown
RT-001149,0,,unknown
RT-001150,0,,unknown
RT-001151,0,,unknown
RT-001152,0,,unknown
RT-001153,0,,unknown
RT-001154,0,,unknown
RT-001155,0,,unknown
RT-001156,0,,unknown
RT-001157,0,,unknown
RT-001158,0,,unknown
RT-001159,0,,unknown
RT-001160,0,,unknown
RT-001161,0,,unknown
RT-001162,0,,unknown
RT-001163,0,,unknown
RT-001164,0,,unknown
RT-001165,0,,unknown
RT-001166,0,,unknown
RT-001167,0,,unknown
RT-001168,0,,unknown
RT-001169,0,,unknown
RT-001170,0,,unknown
RT-001171,1,24.0,unknown
RT-001172,0,,unknown
RT-001173,0,,unknown
RT-001174,0,,unknown
RT-001175,1,21.0,quality
RT-001176,0,,unknown
RT-001177,0,,unknown
RT-001178,0,,unknown
RT-001179,0,,unknown
RT-001180,0,,unknown
RT-001181,0,,unknown
RT-001182,0,,unknown
RT-001183,0,,unknown
RT-001184,0,,unknown
RT-001185,0,,unknown
RT-001186,1,19.0,competitor
RT-001187,0,,unknown
RT-001188,0,,unknown
RT-001189,0,,unknown
RT-001190,0,,unknown
RT-001191,0,,unknown
RT-001192,0,,unknown
RT-001193,0,,unknown
RT-001194,0,,unknown
RT-001195,1,21.0,price
RT-001196,0,,unknown
RT-001197,0,,unknown
RT-001198,0,,unknown
RT-001199,0,,unknown
RT-001200,0,,unknown
RT-001201,0,,unknown
RT-001202,0,,unknown
RT-001203,0,,unknown
RT-001204,1,24.0,quality
RT-001205,0,,unknown
RT-001206,0,,unknown
RT-001207,0,,unknown
RT-001208,0,,unknown
RT-001209,0,,unknown
RT-001210,0,,unknown
RT-001211,0,,unknown
RT-001212,1,24.0,unknown
RT-001213,0,,unknown
RT-001214,0,,unknown
RT-001215,0,,unknown
RT-001216,0,,unknown
RT-001217,0,,unknown
RT-001218,0,,unknown
RT-001219,0,,unknown
RT-001220,1,24.0,unknown
RT-001221,0,,unknown
RT-001222,1,24.0,price
RT-001223,0,,unknown
RT-001224,0,,unknown
RT-001225,0,,unknown
RT-001226,0,,unknown
RT-001227,0,,unknown
RT-001228,1,23.0,competitor
RT-001229,0,,unknown
RT-001230,0,,unknown
RT-001231,0,,unknown
RT-001232,0,,unknown
RT-001233,0,,unknown
RT-001234,0,,unknown
RT-001235,0,,unknown
RT-001236,0,,unknown
RT-001237,0,,unknown
RT-001238,0,,unknown
RT-001239,0,,unknown
RT-001240,0,,unknown
RT-001241,0,,unknown
RT-001242,0,,unknown
RT-001243,0,,unknown
RT-001244,0,,unknown
RT-001245,0,,unknown
RT-001246,0,,unknown
RT-001247,0,,unknown
RT-001248,0,,unknown
RT-001249,0,,unknown
RT-001250,0,,unknown
RT-001251,0,,unknown
RT-001252,0,,unknown
RT-001253,0,,unknown
RT-001254,0,,unknown
RT-001255,0,,unknown
RT-001256,0,,unknown
RT-001257,0,,unknown
RT-001258,1,21.0,unknown
RT-001259,0,,unknown
RT-001260,0,,unknown
RT-001261,0,,unknown
RT-001262,0,,unknown
RT-001263,0,,unknown
RT-001264,0,,unknown
RT-001265,0,,unknown
RT-001266,1,21.0,unknown
RT-001267,0,,unknown
RT-001268,0,,unknown
RT-001269,0,,unknown
RT-001270,0,,unknown
RT-001271,0,,unknown
RT-001272,0,,unknown
RT-001273,0,,unknown
RT-001274,0,,unknown
RT-001275,0,,unknown
RT-001276,0,,unknown
RT-001277,1,20.0,quality
RT-001278,0,,unknown
RT-001279,1,24.0,price
RT-001280,0,,unknown
RT-001281,0,,unknown
RT-001282,0,,unknown
RT-001283,0,,unknown
RT-001284,1,20.0,quality
RT-001285,0,,unknown
RT-001286,0,,unknown
RT-001287,0,,unknown
RT-001288,0,,unknown
RT-001289,0,,unknown
RT-001290,0,,unknown
RT-001291,0,,unknown
RT-001292,1,19.0,tech_migration
RT-001293,0,,unknown
RT-001294,0,,unknown
RT-001295,0,,unknown
RT-001296,0,,unknown
RT-001297,0,,unknown
RT-001298,0,,unknown
RT-001299,1,24.0,tech_migration
RT-001300,1,23.0,competitor
RT-001301,0,,unknown
RT-001302,0,,unknown
RT-001303,0,,unknown
RT-001304,0,,unknown
RT-001305,1,20.0,competitor
RT-001306,1,24.0,tech_migration
RT-001307,0,,unknown
RT-001308,0,,unknown
RT-001309,0,,unknown
RT-001310,0,,unknown
RT-001311,1,22.0,quality
RT-001312,1,19.0,tech_migration
RT-001313,0,,unknown
RT-001314,0,,unknown
RT-001315,0,,unknown
RT-001316,0,,unknown
RT-001317,0,,unknown
RT-001318,0,,unknown
RT-001319,0,,unknown
RT-001320,0,,unknown
RT-001321,0,,unknown
RT-001322,0,,unknown
RT-001323,0,,unknown
RT-001324,0,,unknown
RT-001325,0,,unknown
RT-001326,0,,unknown
RT-001327,0,,unknown
RT-001328,0,,unknown
RT-001329,1,23.0,quality
RT-001330,0,,unknown
RT-001331,0,,unknown
RT-001332,0,,unknown
RT-001333,0,,unknown
RT-001334,1,19.0,tech_migration
RT-001335,1,23.0,tech_migration
RT-001336,1,23.0,price
RT-001337,0,,unknown
RT-001338,0,,unknown
RT-001339,0,,unknown
RT-001340,0,,unknown
RT-001341,0,,unknown
RT-001342,0,,unknown
RT-001343,0,,unknown
RT-001344,0,,unknown
RT-001345,0,,unknown
RT-001346,0,,unknown
RT-001347,0,,unknown
RT-001348,0,,unknown
RT-001349,0,,unknown
RT-001350,1,19.0,unknown
RT-001351,0,,unknown
RT-001352,0,,unknown
RT-001353,0,,unknown
RT-001354,0,,unknown
RT-001355,1,22.0,price
RT-001356,0,,unknown
RT-001357,0,,unknown
RT-001358,0,,unknown
RT-001359,0,,unknown
RT-001360,1,23.0,unknown
RT-001361,0,,unknown
RT-001362,0,,unknown
RT-001363,0,,unknown
RT-001364,0,,unknown
RT-001365,0,,unknown
RT-001366,0,,unknown
RT-001367,0,,unknown
RT-001368,0,,unknown
RT-001369,0,,unknown
RT-001370,0,,unknown
RT-001371,0,,unknown
RT-001372,0,,unknown
RT-001373,0,,unknown
RT-001374,0,,unknown
RT-001375,1,20.0,tech_migration
RT-001376,0,,unknown
RT-001377,0,,unknown
RT-001378,0,,unknown
RT-001379,0,,unknown
RT-001380,0,,unknown
RT-001381,0,,unknown
RT-001382,0,,unknown
RT-001383,0,,unknown
RT-001384,1,24.0,tech_migration
RT-001385,0,,unknown
RT-001386,0,,unknown
RT-001387,0,,unknown
RT-001388,0,,unknown
RT-001389,0,,unknown
RT-001390,0,,unknown
RT-001391,0,,unknown
RT-001392,0,,unknown
RT-001393,1,19.0,unknown
RT-001394,0,,unknown
RT-001395,1,19.0,quality
RT-001396,0,,unknown
RT-001397,0,,unknown
RT-001398,0,,unknown
RT-001399,0,,unknown
RT-001400,0,,unknown
RT-001401,0,,unknown
RT-001402,0,,unknown
RT-001403,0,,unknown
RT-001404,1,24.0,unknown
RT-001405,0,,unknown
RT-001406,0,,unknown
RT-001407,0,,unknown
RT-001408,1,20.0,quality
RT-001409,0,,unknown
RT-001410,0,,unknown
RT-001411,1,20.0,price
RT-001412,0,,unknown
RT-001413,0,,unknown
RT-001414,0,,unknown
RT-001415,0,,unknown
RT-001416,0,,unknown
RT-001417,0,,unknown
RT-001418,0,,unknown
RT-001419,0,,unknown
RT-001420,1,24.0,tech_migration
RT-001421,0,,unknown
RT-001422,1,22.0,competitor
RT-001423,0,,unknown
RT-001424,0,,unknown
RT-001425,0,,unknown
RT-001426,0,,unknown
RT-001427,0,,unknown
RT-001428,0,,unknown
RT-001429,0,,unknown
RT-001430,0,,unknown
RT-001431,1,20.0,tech_migration
RT-001432,0,,unknown
RT-001433,0,,unknown
RT-001434,0,,unknown
RT-001435,0,,unknown
RT-001436,0,,unknown
RT-001437,0,,unknown
RT-001438,0,,unknown
RT-001439,0,,unknown
RT-001440,1,22.0,tech_migration
RT-001441,1,22.0,price
RT-001442,0,,unknown
RT-001443,0,,unknown
RT-001444,0,,unknown
RT-001445,0,,unknown
RT-001446,0,,unknown
RT-001447,0,,unknown
RT-001448,0,,unknown
RT-001449,0,,unknown
RT-001450,0,,unknown
RT-001451,0,,unknown
RT-001452,0,,unknown
RT-001453,0,,unknown
RT-001454,0,,unknown
RT-001455,0,,unknown
RT-001456,0,,unknown
RT-001457,0,,unknown
RT-001458,0,,unknown
RT-001459,0,,unknown
RT-001460,0,,unknown
RT-001461,0,,unknown
RT-001462,0,,unknown
RT-001463,0,,unknown
RT-001464,0,,unknown
RT-001465,0,,unknown
RT-001466,0,,unknown
RT-001467,0,,unknown
RT-001468,0,,unknown
RT-001469,0,,unknown
RT-001470,0,,unknown
RT-001471,0,,unknown
RT-001472,0,,unknown
RT-001473,0,,unknown
RT-001474,0,,unknown
RT-001475,0,,unknown
RT-001476,0,,unknown
RT-001477,0,,unknown
RT-001478,0,,unknown
RT-001479,0,,unknown
RT-001480,0,,unknown
RT-001481,1,24.0,unknown
RT-001482,0,,unknown
RT-001483,0,,unknown
RT-001484,0,,unknown
RT-001485,1,22.0,tech_migration
RT-001486,1,24.0,competitor
RT-001487,0,,unknown
RT-001488,0,,unknown
RT-001489,0,,unknown
RT-001490,0,,unknown
RT-001491,0,,unknown
RT-001492,0,,unknown
RT-001493,0,,unknown
RT-001494,0,,unknown
RT-001495,0,,unknown
RT-001496,0,,unknown
RT-001497,0,,unknown
RT-001498,0,,unknown
RT-001499,0,,unknown
RT-001500,0,,unknown
RT-001501,0,,unknown
RT-001502,0,,unknown
RT-001503,0,,unknown
RT-001504,0,,unknown
RT-001505,0,,unknown
RT-001506,0,,unknown
RT-001507,0,,unknown
RT-001508,0,,unknown
RT-001509,0,,unknown
RT-001510,0,,unknown
RT-001511,0,,unknown
RT-001512,0,,unknown
RT-001513,0,,unknown
RT-001514,0,,unknown
RT-001515,0,,unknown
RT-001516,0,,unknown
RT-001517,0,,unknown
RT-001518,1,22.0,tech_migration
RT-001519,0,,unknown
RT-001520,0,,unknown
RT-001521,0,,unknown
RT-001522,0,,unknown
RT-001523,0,,unknown
RT-001524,0,,unknown
RT-001525,0,,unknown
RT-001526,0,,unknown
RT-001527,0,,unknown
RT-001528,0,,unknown
RT-001529,0,,unknown
RT-001530,0,,unknown
RT-001531,0,,unknown
RT-001532,0,,unknown
RT-001533,0,,unknown
RT-001534,0,,unknown
RT-001535,0,,unknown
RT-001536,0,,unknown
RT-001537,0,,unknown
RT-001538,0,,unknown
RT-001539,0,,unknown
RT-001540,0,,unknown
RT-001541,0,,unknown
RT-001542,0,,unknown
RT-001543,0,,unknown
RT-001544,0,,unknown
RT-001545,0,,unknown
RT-001546,0,,unknown
RT-001547,0,,unknown
RT-001548,0,,unknown
RT-001549,0,,unknown
RT-001550,0,,unknown
RT-001551,0,,unknown
RT-001552,0,,unknown
RT-001553,0,,unknown
RT-001554,0,,unknown
RT-001555,0,,unknown
RT-001556,0,,unknown
RT-001557,0,,unknown
RT-001558,0,,unknown
RT-001559,0,,unknown
RT-001560,1,24.0,quality
RT-001561,0,,unknown
RT-001562,0,,unknown
RT-001563,1,21.0,unknown
RT-001564,0,,unknown
RT-001565,0,,unknown
RT-001566,0,,unknown
RT-001567,0,,unknown
RT-001568,0,,unknown
RT-001569,0,,unknown
RT-001570,0,,unknown
RT-001571,0,,unknown
RT-001572,0,,unknown
RT-001573,0,,unknown
RT-001574,0,,unknown
RT-001575,0,,unknown
RT-001576,0,,unknown
RT-001577,0,,unknown
RT-001578,0,,unknown
RT-001579,0,,unknown
RT-001580,0,,unknown
RT-001581,0,,unknown
RT-001582,0,,unknown
RT-001583,0,,unknown
RT-001584,1,22.0,unknown
RT-001585,0,,unknown
RT-001586,0,,unknown
RT-001587,0,,unknown
RT-001588,0,,unknown
RT-001589,0,,unknown
RT-001590,0,,unknown
RT-001591,0,,unknown
RT-001592,0,,unknown
RT-001593,0,,unknown
RT-001594,0,,unknown
RT-001595,0,,unknown
RT-001596,0,,unknown
RT-001597,0,,unknown
RT-001598,0,,unknown
RT-001599,0,,unknown
RT-001600,0,,unknown
RT-001601,1,24.0,price
RT-001602,0,,unknown
RT-001603,0,,unknown
RT-001604,0,,unknown
RT-001605,0,,unknown
RT-001606,0,,unknown
RT-001607,0,,unknown
RT-001608,0,,unknown
RT-001609,0,,unknown
RT-001610,0,,unknown
RT-001611,0,,unknown
RT-001612,0,,unknown
RT-001613,0,,unknown
RT-001614,0,,unknown
RT-001615,0,,unknown
RT-001616,1,23.0,quality
RT-001617,0,,unknown
RT-001618,0,,unknown
RT-001619,0,,unknown
RT-001620,0,,unknown
RT-001621,0,,unknown
RT-001622,0,,unknown
RT-001623,0,,unknown
RT-001624,0,,unknown
RT-001625,0,,unknown
RT-001626,0,,unknown
RT-001627,0,,unknown
RT-001628,0,,unknown
RT-001629,0,,unknown
RT-001630,0,,unknown
RT-001631,0,,unknown
RT-001632,0,,unknown
RT-001633,0,,unknown
RT-001634,0,,unknown
RT-001635,0,,unknown
RT-001636,0,,unknown
RT-001637,0,,unknown
RT-001638,0,,unknown
RT-001639,0,,unknown
RT-001640,0,,unknown
RT-001641,0,,unknown
RT-001642,0,,unknown
RT-001643,0,,unknown
RT-001644,1,19.0,unknown
RT-001645,0,,unknown
RT-001646,0,,unknown
RT-001647,0,,unknown
RT-001648,0,,unknown
RT-001649,0,,unknown
RT-001650,1,20.0,quality
RT-001651,0,,unknown
RT-001652,0,,unknown
RT-001653,0,,unknown
RT-001654,0,,unknown
RT-001655,0,,unknown
RT-001656,0,,unknown
RT-001657,0,,unknown
RT-001658,1,23.0,unknown
RT-001659,0,,unknown
RT-001660,0,,unknown
RT-001661,0,,unknown
RT-001662,0,,unknown
RT-001663,0,,unknown
RT-001664,0,,unknown
RT-001665,0,,unknown
RT-001666,0,,unknown
RT-001667,0,,unknown
RT-001668,0,,unknown
RT-001669,0,,unknown
RT-001670,0,,unknown
RT-001671,0,,unknown
RT-001672,0,,unknown
RT-001673,0,,unknown
RT-001674,0,,unknown
RT-001675,0,,unknown
RT-001676,0,,unknown
RT-001677,0,,unknown
RT-001678,0,,unknown
RT-001679,0,,unknown
RT-001680,0,,unknown
RT-001681,0,,unknown
RT-001682,0,,unknown
RT-001683,0,,unknown
RT-001684,0,,unknown
RT-001685,0,,unknown
RT-001686,0,,unknown
RT-001687,0,,unknown
RT-001688,0,,unknown
RT-001689,0,,unknown
RT-001690,0,,unknown
RT-001691,1,23.0,unknown
RT-001692,0,,unknown
RT-001693,0,,unknown
RT-001694,0,,unknown
RT-001695,0,,unknown
RT-001696,0,,unknown
RT-001697,1,22.0,price
RT-001698,0,,unknown
RT-001699,0,,unknown
RT-001700,0,,unknown
RT-001701,0,,unknown
RT-001702,0,,unknown
RT-001703,0,,unknown
RT-001704,0,,unknown
RT-001705,0,,unknown
RT-001706,0,,unknown
RT-001707,0,,unknown
RT-001708,1,19.0,unknown
RT-001709,0,,unknown
RT-001710,0,,unknown
RT-001711,0,,unknown
RT-001712,0,,unknown
RT-001713,0,,unknown
RT-001714,0,,unknown
RT-001715,0,,unknown
RT-001716,0,,unknown
RT-001717,0,,unknown
RT-001718,0,,unknown
RT-001719,0,,unknown
RT-001720,0,,unknown
RT-001721,0,,unknown
RT-001722,0,,unknown
RT-001723,0,,unknown
RT-001724,0,,unknown
RT-001725,1,21.0,quality
RT-001726,0,,unknown
RT-001727,0,,unknown
RT-001728,0,,unknown
RT-001729,0,,unknown
RT-001730,0,,unknown
RT-001731,0,,unknown
RT-001732,1,24.0,unknown
RT-001733,0,,unknown
RT-001734,0,,unknown
RT-001735,0,,unknown
RT-001736,0,,unknown
RT-001737,0,,unknown
RT-001738,0,,unknown
RT-001739,0,,unknown
RT-001740,0,,unknown
RT-001741,0,,unknown
RT-001742,0,,unknown
RT-001743,0,,unknown
RT-001744,0,,unknown
RT-001745,0,,unknown
RT-001746,0,,unknown
RT-001747,0,,unknown
RT-001748,0,,unknown
RT-001749,0,,unknown
RT-001750,1,21.0,price
RT-001751,0,,unknown
RT-001752,0,,unknown
RT-001753,0,,unknown
RT-001754,0,,unknown
RT-001755,0,,unknown
RT-001756,0,,unknown
RT-001757,0,,unknown
RT-001758,0,,unknown
RT-001759,0,,unknown
RT-001760,1,21.0,tech_migration
RT-001761,0,,unknown
RT-001762,0,,unknown
RT-001763,0,,unknown
RT-001764,0,,unknown
RT-001765,0,,unknown
RT-001766,0,,unknown
RT-001767,0,,unknown
RT-001768,0,,unknown
RT-001769,0,,unknown
RT-001770,0,,unknown
RT-001771,0,,unknown
RT-001772,0,,unknown
RT-001773,0,,unknown
RT-001774,1,19.0,unknown
RT-001775,0,,unknown
RT-001776,0,,unknown
RT-001777,0,,unknown
RT-001778,0,,unknown
RT-001779,0,,unknown
RT-001780,0,,unknown
RT-001781,0,,unknown
RT-001782,0,,unknown
RT-001783,0,,unknown
RT-001784,0,,unknown
RT-001785,1,24.0,unknown
RT-001786,0,,unknown
RT-001787,0,,unknown
RT-001788,0,,unknown
RT-001789,0,,unknown
RT-001790,0,,unknown
RT-001791,0,,unknown
RT-001792,0,,unknown
RT-001793,0,,unknown
RT-001794,1,23.0,quality
RT-001795,0,,unknown
RT-001796,0,,unknown
RT-001797,0,,unknown
RT-001798,1,22.0,price
RT-001799,0,,unknown
RT-001800,0,,unknown
RT-001801,0,,unknown
RT-001802,0,,unknown
RT-001803,0,,unknown
RT-001804,0,,unknown
RT-001805,0,,unknown
RT-001806,0,,unknown
RT-001807,0,,unknown
RT-001808,1,24.0,unknown
RT-001809,0,,unknown
RT-001810,0,,unknown
RT-001811,0,,unknown
RT-001812,1,20.0,unknown
RT-001813,0,,unknown
RT-001814,0,,unknown
RT-001815,0,,unknown
RT-001816,0,,unknown
RT-001817,0,,unknown
RT-001818,0,,unknown
RT-001819,0,,unknown
RT-001820,0,,unknown
RT-001821,0,,unknown
RT-001822,0,,unknown
RT-001823,0,,unknown
RT-001824,0,,unknown
RT-001825,0,,unknown
RT-001826,0,,unknown
RT-001827,0,,unknown
RT-001828,0,,unknown
RT-001829,0,,unknown
RT-001830,0,,unknown
RT-001831,0,,unknown
RT-001832,0,,unknown
RT-001833,0,,unknown
RT-001834,0,,unknown
RT-001835,0,,unknown
RT-001836,0,,unknown
RT-001837,0,,unknown
RT-001838,0,,unknown
RT-001839,0,,unknown
RT-001840,0,,unknown
RT-001841,0,,unknown
RT-001842,0,,unknown
RT-001843,0,,unknown
RT-001844,0,,unknown
RT-001845,0,,unknown
RT-001846,0,,unknown
RT-001847,0,,unknown
RT-001848,0,,unknown
RT-001849,0,,unknown
RT-001850,0,,unknown
RT-001851,0,,unknown
RT-001852,0,,unknown
RT-001853,0,,unknown
RT-001854,0,,unknown
RT-001855,1,21.0,quality
RT-001856,0,,unknown
RT-001857,0,,unknown
RT-001858,0,,unknown
RT-001859,0,,unknown
RT-001860,0,,unknown
RT-001861,0,,unknown
RT-001862,0,,unknown
RT-001863,0,,unknown
RT-001864,0,,unknown
RT-001865,1,24.0,price
RT-001866,0,,unknown
RT-001867,0,,unknown
RT-001868,0,,unknown
RT-001869,1,22.0,quality
RT-001870,0,,unknown
RT-001871,0,,unknown
RT-001872,0,,unknown
RT-001873,0,,unknown
RT-001874,1,20.0,tech_migration
RT-001875,0,,unknown
RT-001876,0,,unknown
RT-001877,0,,unknown
RT-001878,0,,unknown
RT-001879,0,,unknown
RT-001880,0,,unknown
RT-001881,0,,unknown
RT-001882,0,,unknown
RT-001883,0,,unknown
RT-001884,0,,unknown
RT-001885,0,,unknown
RT-001886,0,,unknown
RT-001887,0,,unknown
RT-001888,0,,unknown
RT-001889,0,,unknown
RT-001890,0,,unknown
RT-001891,0,,unknown
RT-001892,0,,unknown
RT-001893,0,,unknown
RT-001894,0,,unknown
RT-001895,0,,unknown
RT-001896,0,,unknown
RT-001897,0,,unknown
RT-001898,0,,unknown
RT-001899,0,,unknown
RT-001900,0,,unknown
RT-001901,0,,unknown
RT-001902,0,,unknown
RT-001903,0,,unknown
RT-001904,0,,unknown
RT-001905,0,,unknown
RT-001906,0,,unknown
RT-001907,0,,unknown
RT-001908,0,,unknown
RT-001909,0,,unknown
RT-001910,0,,unknown
RT-001911,0,,unknown
RT-001912,0,,unknown
RT-001913,0,,unknown
RT-001914,0,,unknown
RT-001915,0,,unknown
RT-001916,0,,unknown
RT-001917,0,,unknown
RT-001918,0,,unknown
RT-001919,0,,unknown
RT-001920,0,,unknown
RT-001921,0,,unknown
RT-001922,0,,unknown
RT-001923,0,,unknown
RT-001924,0,,unknown
RT-001925,0,,unknown
RT-001926,0,,unknown
RT-001927,0,,unknown
RT-001928,0,,unknown
RT-001929,0,,unknown
RT-001930,0,,unknown
RT-001931,0,,unknown
RT-001932,0,,unknown
RT-001933,0,,unknown
RT-001934,0,,unknown
RT-001935,0,,unknown
RT-001936,0,,unknown
RT-001937,0,,unknown
RT-001938,0,,unknown
RT-001939,0,,unknown
RT-001940,0,,unknown
RT-001941,0,,unknown
RT-001942,0,,unknown
RT-001943,0,,unknown
RT-001944,0,,unknown
RT-001945,0,,unknown
RT-001946,0,,unknown
RT-001947,0,,unknown
RT-001948,0,,unknown
RT-001949,0,,unknown
RT-001950,0,,unknown
RT-001951,0,,unknown
RT-001952,0,,unknown
RT-001953,0,,unknown
RT-001954,0,,unknown
RT-001955,0,,unknown
RT-001956,0,,unknown
RT-001957,0,,unknown
RT-001958,0,,unknown
RT-001959,0,,unknown
RT-001960,0,,unknown
RT-001961,0,,unknown
RT-001962,0,,unknown
RT-001963,0,,unknown
RT-001964,0,,unknown
RT-001965,0,,unknown
RT-001966,0,,unknown
RT-001967,1,24.0,competitor
RT-001968,1,24.0,unknown
RT-001969,0,,unknown
RT-001970,0,,unknown
RT-001971,0,,unknown
RT-001972,1,19.0,tech_migration
RT-001973,0,,unknown
RT-001974,1,24.0,competitor
RT-001975,0,,unknown
RT-001976,0,,unknown
RT-001977,0,,unknown
RT-001978,1,19.0,tech_migration
RT-001979,0,,unknown
RT-001980,0,,unknown
RT-001981,0,,unknown
RT-001982,0,,unknown
RT-001983,0,,unknown
RT-001984,0,,unknown
RT-001985,0,,unknown
RT-001986,0,,unknown
RT-001987,0,,unknown
RT-001988,0,,unknown
RT-001989,0,,unknown
RT-001990,1,24.0,unknown
RT-001991,0,,unknown
RT-001992,0,,unknown
RT-001993,0,,unknown
RT-001994,0,,unknown
RT-001995,0,,unknown
RT-001996,0,,unknown
RT-001997,0,,unknown
RT-001998,0,,unknown
RT-001999,0,,unknown
RT-002000,0,,unknown
RT-002001,0,,unknown
RT-002002,0,,unknown
RT-002003,0,,unknown
RT-002004,0,,unknown
RT-002005,0,,unknown
RT-002006,0,,unknown
RT-002007,0,,unknown
RT-002008,0,,unknown
RT-002009,0,,unknown
RT-002010,0,,unknown
RT-002011,0,,unknown
RT-002012,0,,unknown
RT-002013,0,,unknown
RT-002014,1,20.0,unknown
RT-002015,0,,unknown
RT-002016,0,,unknown
RT-002017,1,22.0,unknown
RT-002018,0,,unknown
RT-002019,0,,unknown
RT-002020,0,,unknown
RT-002021,0,,unknown
RT-002022,0,,unknown
RT-002023,0,,unknown
RT-002024,0,,unknown
RT-002025,0,,unknown
RT-002026,0,,unknown
RT-002027,0,,unknown
RT-002028,0,,unknown
RT-002029,0,,unknown
RT-002030,0,,unknown
RT-002031,0,,unknown
RT-002032,0,,unknown
RT-002033,0,,unknown
RT-002034,0,,unknown
RT-002035,0,,unknown
RT-002036,0,,unknown
RT-002037,0,,unknown
RT-002038,0,,unknown
RT-002039,0,,unknown
RT-002040,0,,unknown
RT-002041,0,,unknown
RT-002042,0,,unknown
RT-002043,0,,unknown
RT-002044,0,,unknown
RT-002045,0,,unknown
RT-002046,0,,unknown
RT-002047,0,,unknown
RT-002048,0,,unknown
RT-002049,1,20.0,quality
RT-002050,1,20.0,price
RT-002051,0,,unknown
RT-002052,0,,unknown
RT-002053,0,,unknown
RT-002054,0,,unknown
RT-002055,0,,unknown
RT-002056,1,20.0,quality
RT-002057,0,,unknown
RT-002058,0,,unknown
RT-002059,0,,unknown
RT-002060,0,,unknown
RT-002061,0,,unknown
RT-002062,0,,unknown
RT-002063,0,,unknown
RT-002064,0,,unknown
RT-002065,0,,unknown
RT-002066,0,,unknown
RT-002067,0,,unknown
RT-002068,0,,unknown
RT-002069,0,,unknown
RT-002070,0,,unknown
RT-002071,0,,unknown
RT-002072,0,,unknown
RT-002073,0,,unknown
RT-002074,0,,unknown
RT-002075,0,,unknown
RT-002076,0,,unknown
RT-002077,0,,unknown
RT-002078,0,,unknown
RT-002079,0,,unknown
RT-002080,1,19.0,quality
RT-002081,0,,unknown
RT-002082,0,,unknown
RT-002083,0,,unknown
RT-002084,0,,unknown
RT-002085,1,23.0,tech_migration
RT-002086,0,,unknown
RT-002087,0,,unknown
RT-002088,1,23.0,quality
RT-002089,0,,unknown
RT-002090,0,,unknown
RT-002091,0,,unknown
RT-002092,0,,unknown
RT-002093,1,22.0,tech_migration
RT-002094,0,,unknown
RT-002095,1,24.0,quality
RT-002096,0,,unknown
RT-002097,0,,unknown
RT-002098,0,,unknown
RT-002099,0,,unknown
RT-002100,0,,unknown
RT-002101,0,,unknown
RT-002102,0,,unknown
RT-002103,0,,unknown
RT-002104,0,,unknown
RT-002105,1,24.0,tech_migration
RT-002106,0,,unknown
RT-002107,1,21.0,tech_migration
RT-002108,0,,unknown
RT-002109,0,,unknown
RT-002110,0,,unknown
RT-002111,0,,unknown
RT-002112,0,,unknown
RT-002113,0,,unknown
RT-002114,0,,unknown
RT-002115,0,,unknown
RT-002116,0,,unknown
RT-002117,0,,unknown
RT-002118,0,,unknown
RT-002119,1,23.0,quality
RT-002120,0,,unknown
RT-002121,0,,unknown
RT-002122,0,,unknown
RT-002123,0,,unknown
RT-002124,0,,unknown
RT-002125,0,,unknown
RT-002126,0,,unknown
RT-002127,1,24.0,quality
RT-002128,0,,unknown
RT-002129,0,,unknown
RT-002130,0,,unknown
RT-002131,0,,unknown
RT-002132,1,24.0,unknown
RT-002133,0,,unknown
RT-002134,0,,unknown
RT-002135,0,,unknown
RT-002136,0,,unknown
RT-002137,0,,unknown
RT-002138,0,,unknown
RT-002139,1,23.0,price
RT-002140,1,24.0,unknown
RT-002141,0,,unknown
RT-002142,0,,unknown
RT-002143,0,,unknown
RT-002144,0,,unknown
RT-002145,0,,unknown
RT-002146,0,,unknown
RT-002147,0,,unknown
RT-002148,0,,unknown
RT-002149,0,,unknown
RT-002150,1,24.0,unknown
RT-002151,0,,unknown
RT-002152,0,,unknown
RT-002153,0,,unknown
RT-002154,0,,unknown
RT-002155,0,,unknown
RT-002156,0,,unknown
RT-002157,0,,unknown
RT-002158,0,,unknown
RT-002159,0,,unknown
RT-002160,0,,unknown
RT-002161,0,,unknown
RT-002162,0,,unknown
RT-002163,0,,unknown
RT-002164,0,,unknown
RT-002165,0,,unknown
RT-002166,0,,unknown
RT-002167,0,,unknown
RT-002168,0,,unknown
RT-002169,0,,unknown
RT-002170,0,,unknown
RT-002171,0,,unknown
RT-002172,0,,unknown
RT-002173,1,20.0,unknown
RT-002174,0,,unknown
RT-002175,0,,unknown
RT-002176,0,,unknown
RT-002177,0,,unknown
RT-002178,0,,unknown
RT-002179,0,,unknown
RT-002180,0,,unknown
RT-002181,0,,unknown
RT-002182,0,,unknown
RT-002183,0,,unknown
RT-002184,1,24.0,price
RT-002185,0,,unknown
RT-002186,0,,unknown
RT-002187,0,,unknown
RT-002188,0,,unknown
RT-002189,0,,unknown
RT-002190,0,,unknown
RT-002191,0,,unknown
RT-002192,0,,unknown
RT-002193,0,,unknown
RT-002194,0,,unknown
RT-002195,0,,unknown
RT-002196,0,,unknown
RT-002197,0,,unknown
RT-002198,0,,unknown
RT-002199,0,,unknown
RT-002200,0,,unknown
RT-002201,0,,unknown
RT-002202,0,,unknown
RT-002203,0,,unknown
RT-002204,0,,unknown
RT-002205,0,,unknown
RT-002206,0,,unknown
RT-002207,0,,unknown
RT-002208,0,,unknown
RT-002209,1,24.0,quality
RT-002210,0,,unknown
RT-002211,1,21.0,tech_migration
RT-002212,0,,unknown
RT-002213,0,,unknown
RT-002214,0,,unknown
RT-002215,0,,unknown
RT-002216,0,,unknown
RT-002217,0,,unknown
RT-002218,0,,unknown
RT-002219,0,,unknown
RT-002220,0,,unknown
RT-002221,0,,unknown
RT-002222,0,,unknown
RT-002223,0,,unknown
RT-002224,0,,unknown
RT-002225,0,,unknown
RT-002226,0,,unknown
RT-002227,0,,unknown
RT-002228,0,,unknown
RT-002229,0,,unknown
RT-002230,0,,unknown
RT-002231,0,,unknown
RT-002232,0,,unknown
RT-002233,0,,unknown
RT-002234,0,,unknown
RT-002235,0,,unknown
RT-002236,1,24.0,price
RT-002237,0,,unknown
RT-002238,0,,unknown
RT-002239,0,,unknown
RT-002240,0,,unknown
RT-002241,0,,unknown
RT-002242,0,,unknown
RT-002243,0,,unknown
RT-002244,0,,unknown
RT-002245,0,,unknown
RT-002246,0,,unknown
RT-002247,0,,unknown
RT-002248,0,,unknown
RT-002249,0,,unknown
RT-002250,0,,unknown
RT-002251,0,,unknown
RT-002252,0,,unknown
RT-002253,0,,unknown
RT-002254,0,,unknown
RT-002255,0,,unknown
RT-002256,0,,unknown
RT-002257,1,21.0,quality
RT-002258,0,,unknown
RT-002259,0,,unknown
RT-002260,0,,unknown
RT-002261,0,,unknown
RT-002262,0,,unknown
RT-002263,0,,unknown
RT-002264,0,,unknown
RT-002265,0,,unknown
RT-002266,0,,unknown
RT-002267,0,,unknown
RT-002268,0,,unknown
RT-002269,0,,unknown
RT-002270,1,19.0,unknown
RT-002271,0,,unknown
RT-002272,0,,unknown
RT-002273,0,,unknown
RT-002274,0,,unknown
RT-002275,0,,unknown
RT-002276,0,,unknown
RT-002277,0,,unknown
RT-002278,0,,unknown
RT-002279,0,,unknown
RT-002280,0,,unknown
RT-002281,0,,unknown
RT-002282,0,,unknown
RT-002283,0,,unknown
RT-002284,0,,unknown
RT-002285,0,,unknown
RT-002286,0,,unknown
RT-002287,0,,unknown
RT-002288,0,,unknown
RT-002289,0,,unknown
RT-002290,0,,unknown
RT-002291,0,,unknown
RT-002292,0,,unknown
RT-002293,0,,unknown
RT-002294,0,,unknown
RT-002295,0,,unknown
RT-002296,0,,unknown
RT-002297,0,,unknown
RT-002298,0,,unknown
RT-002299,1,23.0,price
RT-002300,0,,unknown
RT-002301,0,,unknown
RT-002302,1,19.0,tech_migration
RT-002303,0,,unknown
RT-002304,0,,unknown
RT-002305,0,,unknown
RT-002306,1,24.0,price
RT-002307,0,,unknown
RT-002308,0,,unknown
RT-002309,0,,unknown
RT-002310,0,,unknown
RT-002311,1,24.0,tech_migration
RT-002312,0,,unknown
RT-002313,0,,unknown
RT-002314,0,,unknown
RT-002315,0,,unknown
RT-002316,0,,unknown
RT-002317,0,,unknown
RT-002318,0,,unknown
RT-002319,0,,unknown
RT-002320,1,22.0,price
RT-002321,1,22.0,competitor
RT-002322,0,,unknown
RT-002323,0,,unknown
RT-002324,0,,unknown
RT-002325,0,,unknown
RT-002326,0,,unknown
RT-002327,0,,unknown
RT-002328,0,,unknown
RT-002329,0,,unknown
RT-002330,1,24.0,quality
RT-002331,0,,unknown
RT-002332,0,,unknown
RT-002333,0,,unknown
RT-002334,0,,unknown
RT-002335,0,,unknown
RT-002336,1,21.0,tech_migration
RT-002337,0,,unknown
RT-002338,0,,unknown
RT-002339,0,,unknown
RT-002340,0,,unknown
RT-002341,1,19.0,unknown
RT-002342,0,,unknown
RT-002343,0,,unknown
RT-002344,0,,unknown
RT-002345,1,21.0,unknown
RT-002346,0,,unknown
RT-002347,0,,unknown
RT-002348,0,,unknown
RT-002349,1,20.0,competitor
RT-002350,0,,unknown
RT-002351,0,,unknown
RT-002352,0,,unknown
RT-002353,0,,unknown
RT-002354,0,,unknown
RT-002355,0,,unknown
RT-002356,0,,unknown
RT-002357,0,,unknown
RT-002358,0,,unknown
RT-002359,0,,unknown
RT-002360,1,22.0,quality
RT-002361,0,,unknown
RT-002362,0,,unknown
RT-002363,0,,unknown
RT-002364,0,,unknown
RT-002365,0,,unknown
RT-002366,0,,unknown
RT-002367,0,,unknown
RT-002368,0,,unknown
RT-002369,0,,unknown
RT-002370,0,,unknown
RT-002371,0,,unknown
RT-002372,0,,unknown
RT-002373,0,,unknown
RT-002374,0,,unknown
RT-002375,0,,unknown
RT-002376,0,,unknown
RT-002377,0,,unknown
RT-002378,0,,unknown
RT-002379,0,,unknown
RT-002380,1,19.0,tech_migration
RT-002381,0,,unknown
RT-002382,0,,unknown
RT-002383,0,,unknown
RT-002384,0,,unknown
RT-002385,0,,unknown
RT-002386,0,,unknown
RT-002387,1,22.0,tech_migration
RT-002388,0,,unknown
RT-002389,0,,unknown
RT-002390,0,,unknown
RT-002391,0,,unknown
RT-002392,0,,unknown
RT-002393,0,,unknown
RT-002394,0,,unknown
RT-002395,0,,unknown
RT-002396,0,,unknown
RT-002397,0,,unknown
RT-002398,0,,unknown
RT-002399,0,,unknown
RT-002400,0,,unknown
RT-002401,0,,unknown
RT-002402,0,,unknown
RT-002403,0,,unknown
RT-002404,0,,unknown
RT-002405,0,,unknown
RT-002406,0,,unknown
RT-002407,0,,unknown
RT-002408,0,,unknown
RT-002409,0,,unknown
RT-002410,0,,unknown
RT-002411,0,,unknown
RT-002412,1,24.0,tech_migration
RT-002413,0,,unknown
RT-002414,0,,unknown
RT-002415,0,,unknown
RT-002416,0,,unknown
RT-002417,0,,unknown
RT-002418,0,,unknown
RT-002419,0,,unknown
RT-002420,0,,unknown
RT-002421,0,,unknown
RT-002422,0,,unknown
RT-002423,0,,unknown
RT-002424,0,,unknown
RT-002425,0,,unknown
RT-002426,0,,unknown
RT-002427,0,,unknown
RT-002428,0,,unknown
RT-002429,0,,unknown
RT-002430,0,,unknown
RT-002431,0,,unknown
RT-002432,0,,unknown
RT-002433,0,,unknown
RT-002434,0,,unknown
RT-002435,0,,unknown
RT-002436,0,,unknown
RT-002437,0,,unknown
RT-002438,1,24.0,tech_migration
RT-002439,0,,unknown
RT-002440,0,,unknown
RT-002441,1,23.0,tech_migration
RT-002442,0,,unknown
RT-002443,0,,unknown
RT-002444,0,,unknown
RT-002445,1,23.0,unknown
RT-002446,0,,unknown
RT-002447,0,,unknown
RT-002448,0,,unknown
RT-002449,0,,unknown
RT-002450,0,,unknown
RT-002451,0,,unknown
RT-002452,0,,unknown
RT-002453,0,,unknown
RT-002454,0,,unknown
RT-002455,0,,unknown
RT-002456,0,,unknown
RT-002457,0,,unknown
RT-002458,0,,unknown
RT-002459,0,,unknown
RT-002460,0,,unknown
RT-002461,0,,unknown
RT-002462,0,,unknown
RT-002463,0,,unknown
RT-002464,0,,unknown
RT-002465,0,,unknown
RT-002466,0,,unknown
RT-002467,0,,unknown
RT-002468,0,,unknown
RT-002469,0,,unknown
RT-002470,0,,unknown
RT-002471,0,,unknown
RT-002472,1,24.0,unknown
RT-002473,0,,unknown
RT-002474,0,,unknown
RT-002475,0,,unknown
RT-002476,0,,unknown
RT-002477,0,,unknown
RT-002478,0,,unknown
RT-002479,0,,unknown
RT-002480,0,,unknown
RT-002481,0,,unknown
RT-002482,0,,unknown
RT-002483,0,,unknown
RT-002484,0,,unknown
RT-002485,0,,unknown
RT-002486,0,,unknown
RT-002487,0,,unknown
RT-002488,0,,unknown
RT-002489,0,,unknown
RT-002490,1,21.0,quality
RT-002491,0,,unknown
RT-002492,0,,unknown
RT-002493,0,,unknown
RT-002494,0,,unknown
RT-002495,0,,unknown
RT-002496,0,,unknown
RT-002497,0,,unknown
RT-002498,0,,unknown
RT-002499,0,,unknown
RT-002500,0,,unknown
RT-002501,0,,unknown
RT-002502,0,,unknown
RT-002503,1,23.0,tech_migration
RT-002504,0,,unknown
RT-002505,0,,unknown
RT-002506,0,,unknown
RT-002507,0,,unknown
RT-002508,1,24.0,tech_migration
RT-002509,0,,unknown
RT-002510,0,,unknown
RT-002511,0,,unknown
RT-002512,0,,unknown
RT-002513,0,,unknown
RT-002514,0,,unknown
RT-002515,0,,unknown
RT-002516,0,,unknown
RT-002517,0,,unknown
RT-002518,0,,unknown
RT-002519,0,,unknown
RT-002520,0,,unknown
RT-002521,0,,unknown
RT-002522,0,,unknown
RT-002523,0,,unknown
RT-002524,0,,unknown
RT-002525,0,,unknown
RT-002526,0,,unknown
RT-002527,0,,unknown
RT-002528,0,,unknown
RT-002529,0,,unknown
RT-002530,0,,unknown
RT-002531,0,,unknown
RT-002532,0,,unknown
RT-002533,0,,unknown
RT-002534,0,,unknown
RT-002535,0,,unknown
RT-002536,0,,unknown
RT-002537,0,,unknown
RT-002538,0,,unknown
RT-002539,0,,unknown
RT-002540,0,,unknown
RT-002541,1,21.0,competitor
RT-002542,0,,unknown
RT-002543,0,,unknown
RT-002544,0,,unknown
RT-002545,0,,unknown
RT-002546,0,,unknown
RT-002547,0,,unknown
RT-002548,0,,unknown
RT-002549,0,,unknown
RT-002550,0,,unknown
RT-002551,0,,unknown
RT-002552,0,,unknown
RT-002553,0,,unknown
RT-002554,0,,unknown
RT-002555,0,,unknown
RT-002556,0,,unknown
RT-002557,0,,unknown
RT-002558,0,,unknown
RT-002559,0,,unknown
RT-002560,0,,unknown
RT-002561,0,,unknown
RT-002562,0,,unknown
RT-002563,0,,unknown
RT-002564,0,,unknown
RT-002565,0,,unknown
RT-002566,0,,unknown
RT-002567,0,,unknown
RT-002568,0,,unknown
RT-002569,0,,unknown
RT-002570,0,,unknown
RT-002571,0,,unknown
RT-002572,1,22.0,quality
RT-002573,0,,unknown
RT-002574,0,,unknown
RT-002575,0,,unknown
RT-002576,0,,unknown
RT-002577,0,,unknown
RT-002578,1,24.0,unknown
RT-002579,0,,unknown
RT-002580,1,23.0,tech_migration
RT-002581,0,,unknown
RT-002582,0,,unknown
RT-002583,0,,unknown
RT-002584,0,,unknown
RT-002585,0,,unknown
RT-002586,0,,unknown
RT-002587,1,23.0,quality
RT-002588,0,,unknown
RT-002589,0,,unknown
RT-002590,0,,unknown
RT-002591,0,,unknown
RT-002592,0,,unknown
RT-002593,0,,unknown
RT-002594,0,,unknown
RT-002595,0,,unknown
RT-002596,1,22.0,quality
RT-002597,0,,unknown
RT-002598,0,,unknown
RT-002599,0,,unknown
RT-002600,0,,unknown
RT-002601,0,,unknown
RT-002602,0,,unknown
RT-002603,0,,unknown
RT-002604,0,,unknown
RT-002605,0,,unknown
RT-002606,0,,unknown
RT-002607,0,,unknown
RT-002608,0,,unknown
RT-002609,0,,unknown
RT-002610,0,,unknown
RT-002611,1,24.0,competitor
RT-002612,0,,unknown
RT-002613,0,,unknown
RT-002614,0,,unknown
RT-002615,0,,unknown
RT-002616,0,,unknown
RT-002617,0,,unknown
RT-002618,0,,unknown
RT-002619,0,,unknown
RT-002620,0,,unknown
RT-002621,0,,unknown
RT-002622,0,,unknown
RT-002623,0,,unknown
RT-002624,0,,unknown
RT-002625,0,,unknown
RT-002626,0,,unknown
RT-002627,0,,unknown
RT-002628,0,,unknown
RT-002629,0,,unknown
RT-002630,0,,unknown
RT-002631,1,21.0,quality
RT-002632,0,,unknown
RT-002633,0,,unknown
RT-002634,1,24.0,tech_migration
RT-002635,0,,unknown
RT-002636,0,,unknown
RT-002637,0,,unknown
RT-002638,0,,unknown
RT-002639,0,,unknown
RT-002640,0,,unknown
RT-002641,0,,unknown
RT-002642,0,,unknown
RT-002643,0,,unknown
RT-002644,0,,unknown
RT-002645,0,,unknown
RT-002646,0,,unknown
RT-002647,0,,unknown
RT-002648,0,,unknown
RT-002649,0,,unknown
RT-002650,0,,unknown
RT-002651,0,,unknown
RT-002652,0,,unknown
RT-002653,0,,unknown
RT-002654,0,,unknown
RT-002655,0,,unknown
RT-002656,0,,unknown
RT-002657,0,,unknown
RT-002658,0,,unknown
RT-002659,0,,unknown
RT-002660,0,,unknown
RT-002661,0,,unknown
RT-002662,0,,unknown
RT-002663,0,,unknown
RT-002664,0,,unknown
RT-002665,0,,unknown
RT-002666,0,,unknown
RT-002667,0,,unknown
RT-002668,0,,unknown
RT-002669,0,,unknown
RT-002670,0,,unknown
RT-002671,0,,unknown
RT-002672,0,,unknown
RT-002673,0,,unknown
RT-002674,0,,unknown
RT-002675,0,,unknown
RT-002676,0,,unknown
RT-002677,0,,unknown
RT-002678,0,,unknown
RT-002679,0,,unknown
RT-002680,0,,unknown
RT-002681,0,,unknown
RT-002682,0,,unknown
RT-002683,0,,unknown
RT-002684,0,,unknown
RT-002685,0,,unknown
RT-002686,0,,unknown
RT-002687,0,,unknown
RT-002688,0,,unknown
RT-002689,0,,unknown
RT-002690,1,24.0,competitor
RT-002691,0,,unknown
RT-002692,0,,unknown
RT-002693,0,,unknown
RT-002694,0,,unknown
RT-002695,0,,unknown
RT-002696,0,,unknown
RT-002697,0,,unknown
RT-002698,0,,unknown
RT-002699,0,,unknown
RT-002700,1,23.0,unknown
RT-002701,0,,unknown
RT-002702,0,,unknown
RT-002703,0,,unknown
RT-002704,0,,unknown
RT-002705,0,,unknown
RT-002706,0,,unknown
RT-002707,0,,unknown
RT-002708,0,,unknown
RT-002709,1,24.0,competitor
RT-002710,0,,unknown
RT-002711,1,24.0,tech_migration
RT-002712,0,,unknown
RT-002713,0,,unknown
RT-002714,0,,unknown
RT-002715,0,,unknown
RT-002716,1,21.0,price
RT-002717,0,,unknown
RT-002718,0,,unknown
RT-002719,0,,unknown
RT-002720,0,,unknown
RT-002721,0,,unknown
RT-002722,0,,unknown
RT-002723,0,,unknown
RT-002724,0,,unknown
RT-002725,0,,unknown
RT-002726,0,,unknown
RT-002727,0,,unknown
RT-002728,0,,unknown
RT-002729,0,,unknown
RT-002730,0,,unknown
RT-002731,0,,unknown
RT-002732,0,,unknown
RT-002733,0,,unknown
RT-002734,0,,unknown
RT-002735,0,,unknown
RT-002736,0,,unknown
RT-002737,0,,unknown
RT-002738,0,,unknown
RT-002739,0,,unknown
RT-002740,1,20.0,tech_migration
RT-002741,0,,unknown
RT-002742,0,,unknown
RT-002743,0,,unknown
RT-002744,0,,unknown
RT-002745,0,,unknown
RT-002746,0,,unknown
RT-002747,0,,unknown
RT-002748,1,24.0,price
RT-002749,0,,unknown
RT-002750,0,,unknown
RT-002751,0,,unknown
RT-002752,0,,unknown
RT-002753,0,,unknown
RT-002754,0,,unknown
RT-002755,1,23.0,competitor
RT-002756,0,,unknown
RT-002757,0,,unknown
RT-002758,0,,unknown
RT-002759,0,,unknown
RT-002760,1,24.0,price
RT-002761,0,,unknown
RT-002762,0,,unknown
RT-002763,0,,unknown
RT-002764,1,23.0,unknown
RT-002765,0,,unknown
RT-002766,0,,unknown
RT-002767,0,,unknown
RT-002768,1,23.0,unknown
RT-002769,0,,unknown
RT-002770,0,,unknown
RT-002771,0,,unknown
RT-002772,0,,unknown
RT-002773,0,,unknown
RT-002774,0,,unknown
RT-002775,0,,unknown
RT-002776,0,,unknown
RT-002777,0,,unknown
RT-002778,0,,unknown
RT-002779,0,,unknown
RT-002780,0,,unknown
RT-002781,0,,unknown
RT-002782,0,,unknown
RT-002783,1,23.0,tech_migration
RT-002784,0,,unknown
RT-002785,0,,unknown
RT-002786,0,,unknown
RT-002787,0,,unknown
RT-002788,0,,unknown
RT-002789,0,,unknown
RT-002790,0,,unknown
RT-002791,1,21.0,unknown
RT-002792,0,,unknown
RT-002793,0,,unknown
RT-002794,0,,unknown
RT-002795,0,,unknown
RT-002796,1,22.0,tech_migration
RT-002797,0,,unknown
RT-002798,0,,unknown
RT-002799,0,,unknown
RT-002800,0,,unknown
RT-002801,0,,unknown
RT-002802,0,,unknown
RT-002803,0,,unknown
RT-002804,0,,unknown
RT-002805,0,,unknown
RT-002806,0,,unknown
RT-002807,0,,unknown
RT-002808,0,,unknown
RT-002809,0,,unknown
RT-002810,0,,unknown
RT-002811,0,,unknown
RT-002812,0,,unknown
RT-002813,0,,unknown
RT-002814,0,,unknown
RT-002815,0,,unknown
RT-002816,0,,unknown
RT-002817,0,,unknown
RT-002818,0,,unknown
RT-002819,1,20.0,unknown
RT-002820,0,,unknown
RT-002821,0,,unknown
RT-002822,0,,unknown
RT-002823,0,,unknown
RT-002824,0,,unknown
RT-002825,0,,unknown
RT-002826,1,24.0,tech_migration
RT-002827,0,,unknown
RT-002828,0,,unknown
RT-002829,0,,unknown
RT-002830,0,,unknown
RT-002831,0,,unknown
RT-002832,0,,unknown
RT-002833,0,,unknown
RT-002834,0,,unknown
RT-002835,0,,unknown
RT-002836,0,,unknown
RT-002837,0,,unknown
RT-002838,0,,unknown
RT-002839,0,,unknown
RT-002840,0,,unknown
RT-002841,0,,unknown
RT-002842,0,,unknown
RT-002843,0,,unknown
RT-002844,0,,unknown
RT-002845,0,,unknown
RT-002846,0,,unknown
RT-002847,0,,unknown
RT-002848,0,,unknown
RT-002849,0,,unknown
RT-002850,0,,unknown
RT-002851,0,,unknown
RT-002852,0,,unknown
RT-002853,0,,unknown
RT-002854,0,,unknown
RT-002855,0,,unknown
RT-002856,1,22.0,tech_migration
RT-002857,0,,unknown
RT-002858,0,,unknown
RT-002859,0,,unknown
RT-002860,0,,unknown
RT-002861,0,,unknown
RT-002862,0,,unknown
RT-002863,0,,unknown
RT-002864,0,,unknown
RT-002865,0,,unknown
RT-002866,0,,unknown
RT-002867,0,,unknown
RT-002868,0,,unknown
RT-002869,1,24.0,tech_migration
RT-002870,0,,unknown
RT-002871,0,,unknown
RT-002872,0,,unknown
RT-002873,0,,unknown
RT-002874,0,,unknown
RT-002875,0,,unknown
RT-002876,0,,unknown
RT-002877,0,,unknown
RT-002878,0,,unknown
RT-002879,0,,unknown
RT-002880,0,,unknown
RT-002881,0,,unknown
RT-002882,0,,unknown
RT-002883,0,,unknown
RT-002884,0,,unknown
RT-002885,0,,unknown
RT-002886,0,,unknown
RT-002887,1,21.0,competitor
RT-002888,0,,unknown
RT-002889,0,,unknown
RT-002890,0,,unknown
RT-002891,0,,unknown
RT-002892,0,,unknown
RT-002893,0,,unknown
RT-002894,0,,unknown
RT-002895,0,,unknown
RT-002896,1,21.0,price
RT-002897,1,24.0,tech_migration
RT-002898,0,,unknown
RT-002899,0,,unknown
RT-002900,0,,unknown
RT-002901,0,,unknown
RT-002902,0,,unknown
RT-002903,0,,unknown
RT-002904,0,,unknown
RT-002905,0,,unknown
RT-002906,1,22.0,unknown
RT-002907,0,,unknown
RT-002908,0,,unknown
RT-002909,0,,unknown
RT-002910,1,20.0,unknown
RT-002911,1,22.0,unknown
RT-002912,0,,unknown
RT-002913,1,21.0,price
RT-002914,0,,unknown
RT-002915,0,,unknown
RT-002916,0,,unknown
RT-002917,0,,unknown
RT-002918,0,,unknown
RT-002919,0,,unknown
RT-002920,1,21.0,tech_migration
RT-002921,0,,unknown
RT-002922,0,,unknown
RT-002923,0,,unknown
RT-002924,1,20.0,price
RT-002925,0,,unknown
RT-002926,0,,unknown
RT-002927,0,,unknown
RT-002928,0,,unknown
RT-002929,0,,unknown
RT-002930,0,,unknown
RT-002931,0,,unknown
RT-002932,0,,unknown
RT-002933,0,,unknown
RT-002934,0,,unknown
RT-002935,0,,unknown
RT-002936,0,,unknown
RT-002937,0,,unknown
RT-002938,0,,unknown
RT-002939,0,,unknown
RT-002940,0,,unknown
RT-002941,1,22.0,tech_migration
RT-002942,0,,unknown
RT-002943,0,,unknown
RT-002944,1,23.0,quality
RT-002945,0,,unknown
RT-002946,0,,unknown
RT-002947,0,,unknown
RT-002948,0,,unknown
RT-002949,0,,unknown
RT-002950,0,,unknown
RT-002951,0,,unknown
RT-002952,0,,unknown
RT-002953,0,,unknown
RT-002954,0,,unknown
RT-002955,0,,unknown
RT-002956,0,,unknown
RT-002957,1,19.0,quality
RT-002958,0,,unknown
RT-002959,0,,unknown
RT-002960,0,,unknown
RT-002961,0,,unknown
RT-002962,0,,unknown
RT-002963,0,,unknown
RT-002964,0,,unknown
RT-002965,0,,unknown
RT-002966,1,20.0,competitor
RT-002967,0,,unknown
RT-002968,0,,unknown
RT-002969,0,,unknown
RT-002970,0,,unknown
RT-002971,0,,unknown
RT-002972,0,,unknown
RT-002973,0,,unknown
RT-002974,0,,unknown
RT-002975,0,,unknown
RT-002976,0,,unknown
RT-002977,0,,unknown
RT-002978,0,,unknown
RT-002979,0,,unknown
RT-002980,0,,unknown
RT-002981,0,,unknown
RT-002982,0,,unknown
RT-002983,0,,unknown
RT-002984,0,,unknown
RT-002985,0,,unknown
RT-002986,0,,unknown
RT-002987,0,,unknown
RT-002988,0,,unknown
RT-002989,0,,unknown
RT-002990,1,21.0,tech_migration
RT-002991,0,,unknown
RT-002992,0,,unknown
RT-002993,0,,unknown
RT-002994,0,,unknown
RT-002995,0,,unknown
RT-002996,0,,unknown
RT-002997,0,,unknown
RT-002998,0,,unknown
RT-002999,0,,unknown
RT-003000,0,,unknown
RT-003001,0,,unknown
RT-003002,0,,unknown
RT-003003,0,,unknown
RT-003004,0,,unknown
RT-003005,1,22.0,price
RT-003006,0,,unknown
RT-003007,0,,unknown
RT-003008,0,,unknown
RT-003009,0,,unknown
RT-003010,0,,unknown
RT-003011,0,,unknown
RT-003012,0,,unknown
RT-003013,0,,unknown
RT-003014,0,,unknown
RT-003015,0,,unknown
RT-003016,0,,unknown
RT-003017,1,23.0,tech_migration
RT-003018,0,,unknown
RT-003019,0,,unknown
RT-003020,0,,unknown
RT-003021,0,,unknown
RT-003022,0,,unknown
RT-003023,0,,unknown
RT-003024,0,,unknown
RT-003025,0,,unknown
RT-003026,0,,unknown
RT-003027,0,,unknown
RT-003028,0,,unknown
RT-003029,0,,unknown
RT-003030,0,,unknown
RT-003031,0,,unknown
RT-003032,0,,unknown
RT-003033,0,,unknown
RT-003034,1,23.0,price
RT-003035,1,24.0,tech_migration
RT-003036,0,,unknown
RT-003037,0,,unknown
RT-003038,0,,unknown
RT-003039,0,,unknown
RT-003040,0,,unknown
RT-003041,0,,unknown
RT-003042,0,,unknown
RT-003043,0,,unknown
RT-003044,0,,unknown
RT-003045,0,,unknown
RT-003046,0,,unknown
RT-003047,0,,unknown
RT-003048,0,,unknown
RT-003049,0,,unknown
RT-003050,0,,unknown
RT-003051,0,,unknown
RT-003052,0,,unknown
RT-003053,0,,unknown
RT-003054,0,,unknown
RT-003055,0,,unknown
RT-003056,0,,unknown
RT-003057,0,,unknown
RT-003058,0,,unknown
RT-003059,0,,unknown
RT-003060,0,,unknown
RT-003061,0,,unknown
RT-003062,0,,unknown
RT-003063,0,,unknown
RT-003064,0,,unknown
RT-003065,0,,unknown
RT-003066,0,,unknown
RT-003067,0,,unknown
RT-003068,0,,unknown
RT-003069,0,,unknown
RT-003070,0,,unknown
RT-003071,0,,unknown
RT-003072,0,,unknown
RT-003073,0,,unknown
RT-003074,0,,unknown
RT-003075,0,,unknown
RT-003076,0,,unknown
RT-003077,0,,unknown
RT-003078,0,,unknown
RT-003079,0,,unknown
RT-003080,0,,unknown
RT-003081,0,,unknown
RT-003082,0,,unknown
RT-003083,0,,unknown
RT-003084,0,,unknown
RT-003085,0,,unknown
RT-003086,1,21.0,quality
RT-003087,0,,unknown
RT-003088,0,,unknown
RT-003089,0,,unknown
RT-003090,0,,unknown
RT-003091,0,,unknown
RT-003092,0,,unknown
RT-003093,0,,unknown
RT-003094,0,,unknown
RT-003095,0,,unknown
RT-003096,0,,unknown
RT-003097,0,,unknown
RT-003098,0,,unknown
RT-003099,0,,unknown
RT-003100,0,,unknown
RT-003101,0,,unknown
RT-003102,0,,unknown
RT-003103,0,,unknown
RT-003104,0,,unknown
RT-003105,0,,unknown
RT-003106,0,,unknown
RT-003107,0,,unknown
RT-003108,0,,unknown
RT-003109,0,,unknown
RT-003110,0,,unknown
RT-003111,0,,unknown
RT-003112,0,,unknown
RT-003113,0,,unknown
RT-003114,0,,unknown
RT-003115,0,,unknown
RT-003116,0,,unknown
RT-003117,0,,unknown
RT-003118,0,,unknown
RT-003119,0,,unknown
RT-003120,0,,unknown
RT-003121,0,,unknown
RT-003122,0,,unknown
RT-003123,0,,unknown
RT-003124,0,,unknown
RT-003125,0,,unknown
RT-003126,0,,unknown
RT-003127,0,,unknown
RT-003128,0,,unknown
RT-003129,0,,unknown
RT-003130,0,,unknown
RT-003131,0,,unknown
RT-003132,1,24.0,unknown
RT-003133,0,,unknown
RT-003134,0,,unknown
RT-003135,0,,unknown
RT-003136,0,,unknown
RT-003137,0,,unknown
RT-003138,0,,unknown
RT-003139,0,,unknown
RT-003140,0,,unknown
RT-003141,0,,unknown
RT-003142,0,,unknown
RT-003143,1,21.0,tech_migration
RT-003144,0,,unknown
RT-003145,0,,unknown
RT-003146,0,,unknown
RT-003147,0,,unknown
RT-003148,0,,unknown
RT-003149,1,24.0,competitor
RT-003150,0,,unknown
RT-003151,0,,unknown
RT-003152,0,,unknown
RT-003153,0,,unknown
RT-003154,0,,unknown
RT-003155,0,,unknown
RT-003156,0,,unknown
RT-003157,0,,unknown
RT-003158,0,,unknown
RT-003159,0,,unknown
RT-003160,0,,unknown
RT-003161,0,,unknown
RT-003162,0,,unknown
RT-003163,0,,unknown
RT-003164,0,,unknown
RT-003165,0,,unknown
RT-003166,0,,unknown
RT-003167,0,,unknown
RT-003168,0,,unknown
RT-003169,0,,unknown
RT-003170,0,,unknown
RT-003171,0,,unknown
RT-003172,0,,unknown
RT-003173,0,,unknown
RT-003174,0,,unknown
RT-003175,0,,unknown
RT-003176,0,,unknown
RT-003177,1,20.0,competitor
RT-003178,0,,unknown
RT-003179,0,,unknown
RT-003180,0,,unknown
RT-003181,0,,unknown
RT-003182,0,,unknown
RT-003183,0,,unknown
RT-003184,0,,unknown
RT-003185,0,,unknown
RT-003186,0,,unknown
RT-003187,0,,unknown
RT-003188,0,,unknown
RT-003189,0,,unknown
RT-003190,1,23.0,unknown
RT-003191,0,,unknown
RT-003192,0,,unknown
RT-003193,0,,unknown
RT-003194,0,,unknown
RT-003195,1,23.0,price
RT-003196,0,,unknown
RT-003197,0,,unknown
RT-003198,0,,unknown
RT-003199,1,20.0,unknown
RT-003200,0,,unknown
RT-003201,0,,unknown
RT-003202,0,,unknown
RT-003203,0,,unknown
RT-003204,0,,unknown
RT-003205,0,,unknown
RT-003206,0,,unknown
RT-003207,0,,unknown
RT-003208,0,,unknown
RT-003209,0,,unknown
RT-003210,0,,unknown
RT-003211,0,,unknown
RT-003212,0,,unknown
RT-003213,0,,unknown
RT-003214,0,,unknown
RT-003215,0,,unknown
RT-003216,0,,unknown
RT-003217,0,,unknown
RT-003218,0,,unknown
RT-003219,0,,unknown
RT-003220,0,,unknown
RT-003221,0,,unknown
RT-003222,0,,unknown
RT-003223,0,,unknown
RT-003224,0,,unknown
RT-003225,0,,unknown
RT-003226,0,,unknown
RT-003227,0,,unknown
RT-003228,0,,unknown
RT-003229,0,,unknown
RT-003230,0,,unknown
RT-003231,0,,unknown
RT-003232,0,,unknown
RT-003233,0,,unknown
RT-003234,0,,unknown
RT-003235,0,,unknown
RT-003236,0,,unknown
RT-003237,0,,unknown
RT-003238,0,,unknown
RT-003239,0,,unknown
RT-003240,0,,unknown
RT-003241,0,,unknown
RT-003242,0,,unknown
RT-003243,0,,unknown
RT-003244,0,,unknown
RT-003245,0,,unknown
RT-003246,0,,unknown
RT-003247,0,,unknown
RT-003248,0,,unknown
RT-003249,0,,unknown
RT-003250,0,,unknown
RT-003251,0,,unknown
RT-003252,0,,unknown
RT-003253,1,19.0,competitor
RT-003254,0,,unknown
RT-003255,0,,unknown
RT-003256,0,,unknown
RT-003257,0,,unknown
RT-003258,0,,unknown
RT-003259,0,,unknown
RT-003260,0,,unknown
RT-003261,0,,unknown
RT-003262,0,,unknown
RT-003263,0,,unknown
RT-003264,0,,unknown
RT-003265,0,,unknown
RT-003266,0,,unknown
RT-003267,0,,unknown
RT-003268,0,,unknown
RT-003269,0,,unknown
RT-003270,0,,unknown
RT-003271,0,,unknown
RT-003272,0,,unknown
RT-003273,0,,unknown
RT-003274,1,24.0,unknown
RT-003275,0,,unknown
RT-003276,1,24.0,unknown
RT-003277,0,,unknown
RT-003278,0,,unknown
RT-003279,0,,unknown
RT-003280,0,,unknown
RT-003281,0,,unknown
RT-003282,0,,unknown
RT-003283,0,,unknown
RT-003284,0,,unknown
RT-003285,0,,unknown
RT-003286,0,,unknown
RT-003287,0,,unknown
RT-003288,0,,unknown
RT-003289,0,,unknown
RT-003290,0,,unknown
RT-003291,0,,unknown
RT-003292,0,,unknown
RT-003293,0,,unknown
RT-003294,0,,unknown
RT-003295,0,,unknown
RT-003296,0,,unknown
RT-003297,0,,unknown
RT-003298,0,,unknown
RT-003299,0,,unknown
RT-003300,0,,unknown
RT-003301,0,,unknown
RT-003302,0,,unknown
RT-003303,1,19.0,price
RT-003304,0,,unknown
RT-003305,0,,unknown
RT-003306,0,,unknown
RT-003307,0,,unknown
RT-003308,0,,unknown
RT-003309,0,,unknown
RT-003310,0,,unknown
RT-003311,0,,unknown
RT-003312,0,,unknown
RT-003313,0,,unknown
RT-003314,0,,unknown
RT-003315,0,,unknown
RT-003316,0,,unknown
RT-003317,0,,unknown
RT-003318,0,,unknown
RT-003319,0,,unknown
RT-003320,0,,unknown
RT-003321,0,,unknown
RT-003322,0,,unknown
RT-003323,0,,unknown
RT-003324,0,,unknown
RT-003325,0,,unknown
RT-003326,0,,unknown
RT-003327,1,19.0,competitor
RT-003328,0,,unknown
RT-003329,0,,unknown
RT-003330,0,,unknown
RT-003331,0,,unknown
RT-003332,0,,unknown
RT-003333,0,,unknown
RT-003334,0,,unknown
RT-003335,0,,unknown
RT-003336,0,,unknown
RT-003337,0,,unknown
RT-003338,1,19.0,unknown
RT-003339,0,,unknown
RT-003340,1,24.0,unknown
RT-003341,0,,unknown
RT-003342,0,,unknown
RT-003343,0,,unknown
RT-003344,0,,unknown
RT-003345,0,,unknown
RT-003346,0,,unknown
RT-003347,0,,unknown
RT-003348,0,,unknown
RT-003349,0,,unknown
RT-003350,0,,unknown
RT-003351,0,,unknown
RT-003352,0,,unknown
RT-003353,0,,unknown
RT-003354,0,,unknown
RT-003355,0,,unknown
RT-003356,0,,unknown
RT-003357,0,,unknown
RT-003358,0,,unknown
RT-003359,0,,unknown
RT-003360,0,,unknown
RT-003361,0,,unknown
RT-003362,0,,unknown
RT-003363,0,,unknown
RT-003364,0,,unknown
RT-003365,0,,unknown
RT-003366,0,,unknown
RT-003367,0,,unknown
RT-003368,0,,unknown
RT-003369,0,,unknown
RT-003370,0,,unknown
RT-003371,0,,unknown
RT-003372,0,,unknown
RT-003373,0,,unknown
RT-003374,0,,unknown
RT-003375,0,,unknown
RT-003376,0,,unknown
RT-003377,0,,unknown
RT-003378,0,,unknown
RT-003379,0,,unknown
RT-003380,0,,unknown
RT-003381,0,,unknown
RT-003382,1,20.0,unknown
RT-003383,0,,unknown
RT-003384,1,21.0,tech_migration
RT-003385,1,24.0,competitor
RT-003386,0,,unknown
RT-003387,0,,unknown
RT-003388,0,,unknown
RT-003389,0,,unknown
RT-003390,0,,unknown
RT-003391,0,,unknown
RT-003392,0,,unknown
RT-003393,0,,unknown
RT-003394,0,,unknown
RT-003395,0,,unknown
RT-003396,0,,unknown
RT-003397,0,,unknown
RT-003398,0,,unknown
RT-003399,0,,unknown
RT-003400,0,,unknown
RT-003401,0,,unknown
RT-003402,1,24.0,unknown
RT-003403,0,,unknown
RT-003404,0,,unknown
RT-003405,0,,unknown
RT-003406,0,,unknown
RT-003407,0,,unknown
RT-003408,0,,unknown
RT-003409,0,,unknown
RT-003410,0,,unknown
RT-003411,0,,unknown
RT-003412,0,,unknown
RT-003413,0,,unknown
RT-003414,0,,unknown
RT-003415,0,,unknown
RT-003416,0,,unknown
RT-003417,0,,unknown
RT-003418,0,,unknown
RT-003419,0,,unknown
RT-003420,0,,unknown
RT-003421,0,,unknown
RT-003422,1,24.0,price
RT-003423,0,,unknown
RT-003424,0,,unknown
RT-003425,0,,unknown
RT-003426,0,,unknown
RT-003427,0,,unknown
RT-003428,0,,unknown
RT-003429,1,19.0,tech_migration
RT-003430,0,,unknown
RT-003431,0,,unknown
RT-003432,0,,unknown
RT-003433,1,22.0,tech_migration
RT-003434,0,,unknown
RT-003435,0,,unknown
RT-003436,0,,unknown
RT-003437,0,,unknown
RT-003438,0,,unknown
RT-003439,0,,unknown
RT-003440,0,,unknown
RT-003441,0,,unknown
RT-003442,0,,unknown
RT-003443,0,,unknown
RT-003444,1,24.0,quality
RT-003445,0,,unknown
RT-003446,0,,unknown
RT-003447,0,,unknown
RT-003448,0,,unknown
RT-003449,0,,unknown
RT-003450,0,,unknown
RT-003451,0,,unknown
RT-003452,0,,unknown
RT-003453,0,,unknown
RT-003454,0,,unknown
RT-003455,0,,unknown
RT-003456,0,,unknown
RT-003457,0,,unknown
RT-003458,0,,unknown
RT-003459,1,19.0,competitor
RT-003460,0,,unknown
RT-003461,1,21.0,price
RT-003462,0,,unknown
RT-003463,0,,unknown
RT-003464,1,24.0,price
RT-003465,0,,unknown
RT-003466,0,,unknown
RT-003467,0,,unknown
RT-003468,0,,unknown
RT-003469,1,24.0,unknown
RT-003470,0,,unknown
RT-003471,0,,unknown
RT-003472,0,,unknown
RT-003473,0,,unknown
RT-003474,0,,unknown
RT-003475,0,,unknown
RT-003476,0,,unknown
RT-003477,0,,unknown
RT-003478,0,,unknown
RT-003479,1,22.0,tech_migration
RT-003480,0,,unknown
RT-003481,0,,unknown
RT-003482,0,,unknown
RT-003483,0,,unknown
RT-003484,0,,unknown
RT-003485,1,23.0,price
RT-003486,0,,unknown
RT-003487,0,,unknown
RT-003488,0,,unknown
RT-003489,0,,unknown
RT-003490,0,,unknown
RT-003491,0,,unknown
RT-003492,0,,unknown
RT-003493,0,,unknown
RT-003494,1,24.0,price
RT-003495,0,,unknown
RT-003496,0,,unknown
RT-003497,0,,unknown
RT-003498,0,,unknown
RT-003499,0,,unknown
RT-003500,0,,unknown
RT-003501,0,,unknown
RT-003502,0,,unknown
RT-003503,0,,unknown
RT-003504,0,,unknown
RT-003505,0,,unknown
RT-003506,0,,unknown
RT-003507,0,,unknown
RT-003508,0,,unknown
RT-003509,0,,unknown
RT-003510,0,,unknown
RT-003511,0,,unknown
RT-003512,0,,unknown
RT-003513,0,,unknown
RT-003514,0,,unknown
RT-003515,0,,unknown
RT-003516,0,,unknown
RT-003517,0,,unknown
RT-003518,0,,unknown
RT-003519,0,,unknown
RT-003520,0,,unknown
RT-003521,0,,unknown
RT-003522,0,,unknown
RT-003523,0,,unknown
RT-003524,0,,unknown
RT-003525,0,,unknown
RT-003526,0,,unknown
RT-003527,0,,unknown
RT-003528,1,24.0,unknown
RT-003529,0,,unknown
RT-003530,0,,unknown
RT-003531,0,,unknown
RT-003532,0,,unknown
RT-003533,0,,unknown
RT-003534,0,,unknown
RT-003535,0,,unknown
RT-003536,0,,unknown
RT-003537,0,,unknown
RT-003538,0,,unknown
RT-003539,1,24.0,unknown
RT-003540,1,24.0,quality
RT-003541,0,,unknown
RT-003542,0,,unknown
RT-003543,0,,unknown
RT-003544,0,,unknown
RT-003545,0,,unknown
RT-003546,0,,unknown
RT-003547,0,,unknown
RT-003548,0,,unknown
RT-003549,0,,unknown
RT-003550,0,,unknown
RT-003551,0,,unknown
RT-003552,0,,unknown
RT-003553,0,,unknown
RT-003554,0,,unknown
RT-003555,1,22.0,competitor
RT-003556,0,,unknown
RT-003557,0,,unknown
RT-003558,0,,unknown
RT-003559,0,,unknown
RT-003560,0,,unknown
RT-003561,0,,unknown
RT-003562,0,,unknown
RT-003563,0,,unknown
RT-003564,0,,unknown
RT-003565,1,22.0,tech_migration
RT-003566,0,,unknown
RT-003567,0,,unknown
RT-003568,0,,unknown
RT-003569,0,,unknown
RT-003570,0,,unknown
RT-003571,0,,unknown
RT-003572,0,,unknown
RT-003573,0,,unknown
RT-003574,0,,unknown
RT-003575,0,,unknown
RT-003576,0,,unknown
RT-003577,0,,unknown
RT-003578,1,19.0,unknown
RT-003579,1,24.0,tech_migration
RT-003580,0,,unknown
RT-003581,1,20.0,unknown
RT-003582,0,,unknown
RT-003583,0,,unknown
RT-003584,0,,unknown
RT-003585,0,,unknown
RT-003586,0,,unknown
RT-003587,0,,unknown
RT-003588,0,,unknown
RT-003589,0,,unknown
RT-003590,1,19.0,price
RT-003591,0,,unknown
RT-003592,0,,unknown
RT-003593,0,,unknown
RT-003594,0,,unknown
RT-003595,0,,unknown
RT-003596,0,,unknown
RT-003597,0,,unknown
RT-003598,0,,unknown
RT-003599,1,19.0,tech_migration
RT-003600,1,20.0,price
RT-003601,0,,unknown
RT-003602,0,,unknown
RT-003603,0,,unknown
RT-003604,0,,unknown
RT-003605,1,22.0,tech_migration
RT-003606,0,,unknown
RT-003607,0,,unknown
RT-003608,0,,unknown
RT-003609,0,,unknown
RT-003610,0,,unknown
RT-003611,0,,unknown
RT-003612,0,,unknown
RT-003613,0,,unknown
RT-003614,0,,unknown
RT-003615,0,,unknown
RT-003616,0,,unknown
RT-003617,0,,unknown
RT-003618,0,,unknown
RT-003619,0,,unknown
RT-003620,0,,unknown
RT-003621,0,,unknown
RT-003622,0,,unknown
RT-003623,0,,unknown
RT-003624,0,,unknown
RT-003625,0,,unknown
RT-003626,0,,unknown
RT-003627,0,,unknown
RT-003628,0,,unknown
RT-003629,0,,unknown
RT-003630,0,,unknown
RT-003631,0,,unknown
RT-003632,0,,unknown
RT-003633,0,,unknown
RT-003634,0,,unknown
RT-003635,0,,unknown
RT-003636,0,,unknown
RT-003637,0,,unknown
RT-003638,0,,unknown
RT-003639,1,23.0,unknown
RT-003640,0,,unknown
RT-003641,0,,unknown
RT-003642,0,,unknown
RT-003643,0,,unknown
RT-003644,0,,unknown
RT-003645,0,,unknown
RT-003646,0,,unknown
RT-003647,1,23.0,quality
RT-003648,0,,unknown
RT-003649,0,,unknown
RT-003650,0,,unknown
RT-003651,0,,unknown
RT-003652,0,,unknown
RT-003653,0,,unknown
RT-003654,0,,unknown
RT-003655,1,19.0,quality
RT-003656,0,,unknown
RT-003657,0,,unknown
RT-003658,0,,unknown
RT-003659,0,,unknown
RT-003660,0,,unknown
RT-003661,0,,unknown
RT-003662,0,,unknown
RT-003663,0,,unknown
RT-003664,1,24.0,tech_migration
RT-003665,1,24.0,unknown
RT-003666,0,,unknown
RT-003667,0,,unknown
RT-003668,0,,unknown
RT-003669,0,,unknown
RT-003670,1,22.0,tech_migration
RT-003671,0,,unknown
RT-003672,0,,unknown
RT-003673,0,,unknown
RT-003674,0,,unknown
RT-003675,0,,unknown
RT-003676,0,,unknown
RT-003677,0,,unknown
RT-003678,0,,unknown
RT-003679,0,,unknown
RT-003680,0,,unknown
RT-003681,0,,unknown
RT-003682,1,20.0,price
RT-003683,0,,unknown
RT-003684,0,,unknown
RT-003685,0,,unknown
RT-003686,0,,unknown
RT-003687,0,,unknown
RT-003688,0,,unknown
RT-003689,1,19.0,price
RT-003690,0,,unknown
RT-003691,0,,unknown
RT-003692,1,20.0,competitor
RT-003693,0,,unknown
RT-003694,0,,unknown
RT-003695,0,,unknown
RT-003696,0,,unknown
RT-003697,0,,unknown
RT-003698,0,,unknown
RT-003699,0,,unknown
RT-003700,0,,unknown
RT-003701,0,,unknown
RT-003702,0,,unknown
RT-003703,0,,unknown
RT-003704,0,,unknown
RT-003705,0,,unknown
RT-003706,0,,unknown
RT-003707,0,,unknown
RT-003708,0,,unknown
RT-003709,0,,unknown
RT-003710,0,,unknown
RT-003711,1,19.0,unknown
RT-003712,0,,unknown
RT-003713,1,22.0,tech_migration
RT-003714,0,,unknown
RT-003715,0,,unknown
RT-003716,0,,unknown
RT-003717,0,,unknown
RT-003718,0,,unknown
RT-003719,0,,unknown
RT-003720,0,,unknown
RT-003721,0,,unknown
RT-003722,0,,unknown
RT-003723,0,,unknown
RT-003724,0,,unknown
RT-003725,0,,unknown
RT-003726,0,,unknown
RT-003727,0,,unknown
RT-003728,0,,unknown
RT-003729,0,,unknown
RT-003730,0,,unknown
RT-003731,1,24.0,tech_migration
RT-003732,0,,unknown
RT-003733,1,23.0,tech_migration
RT-003734,0,,unknown
RT-003735,0,,unknown
RT-003736,0,,unknown
RT-003737,0,,unknown
RT-003738,0,,unknown
RT-003739,1,22.0,tech_migration
RT-003740,0,,unknown
RT-003741,0,,unknown
RT-003742,0,,unknown
RT-003743,1,24.0,competitor
RT-003744,0,,unknown
RT-003745,0,,unknown
RT-003746,0,,unknown
RT-003747,0,,unknown
RT-003748,0,,unknown
RT-003749,0,,unknown
RT-003750,0,,unknown
RT-003751,0,,unknown
RT-003752,0,,unknown
RT-003753,0,,unknown
RT-003754,0,,unknown
RT-003755,0,,unknown
RT-003756,0,,unknown
RT-003757,0,,unknown
RT-003758,0,,unknown
RT-003759,0,,unknown
RT-003760,0,,unknown
RT-003761,0,,unknown
RT-003762,0,,unknown
RT-003763,0,,unknown
RT-003764,0,,unknown
RT-003765,0,,unknown
RT-003766,0,,unknown
RT-003767,0,,unknown
RT-003768,0,,unknown
RT-003769,0,,unknown
RT-003770,0,,unknown
RT-003771,1,24.0,tech_migration
RT-003772,0,,unknown
RT-003773,0,,unknown
RT-003774,0,,unknown
RT-003775,0,,unknown
RT-003776,0,,unknown
RT-003777,0,,unknown
RT-003778,0,,unknown
RT-003779,0,,unknown
RT-003780,0,,unknown
RT-003781,0,,unknown
RT-003782,0,,unknown
RT-003783,1,20.0,tech_migration
RT-003784,0,,unknown
RT-003785,0,,unknown
RT-003786,0,,unknown
RT-003787,1,23.0,tech_migration
RT-003788,0,,unknown
RT-003789,1,21.0,unknown
RT-003790,1,20.0,tech_migration
RT-003791,0,,unknown
RT-003792,0,,unknown
RT-003793,0,,unknown
RT-003794,0,,unknown
RT-003795,0,,unknown
RT-003796,1,23.0,tech_migration
RT-003797,0,,unknown
RT-003798,0,,unknown
RT-003799,0,,unknown
RT-003800,0,,unknown
RT-003801,1,24.0,unknown
RT-003802,0,,unknown
RT-003803,0,,unknown
RT-003804,0,,unknown
RT-003805,0,,unknown
RT-003806,0,,unknown
RT-003807,0,,unknown
RT-003808,0,,unknown
RT-003809,1,20.0,tech_migration
RT-003810,0,,unknown
RT-003811,0,,unknown
RT-003812,0,,unknown
RT-003813,0,,unknown
RT-003814,0,,unknown
RT-003815,1,19.0,quality
RT-003816,0,,unknown
RT-003817,0,,unknown
RT-003818,0,,unknown
RT-003819,0,,unknown
RT-003820,1,21.0,unknown
RT-003821,0,,unknown
RT-003822,0,,unknown
RT-003823,0,,unknown
RT-003824,0,,unknown
RT-003825,0,,unknown
RT-003826,0,,unknown
RT-003827,0,,unknown
RT-003828,0,,unknown
RT-003829,1,19.0,tech_migration
RT-003830,0,,unknown
RT-003831,0,,unknown
RT-003832,0,,unknown
RT-003833,0,,unknown
RT-003834,0,,unknown
RT-003835,0,,unknown
RT-003836,0,,unknown
RT-003837,0,,unknown
RT-003838,0,,unknown
RT-003839,1,24.0,tech_migration
RT-003840,0,,unknown
RT-003841,0,,unknown
RT-003842,0,,unknown
RT-003843,0,,unknown
RT-003844,0,,unknown
RT-003845,0,,unknown
RT-003846,0,,unknown
RT-003847,1,21.0,tech_migration
RT-003848,0,,unknown
RT-003849,0,,unknown
RT-003850,0,,unknown
RT-003851,0,,unknown
RT-003852,0,,unknown
RT-003853,0,,unknown
RT-003854,0,,unknown
RT-003855,0,,unknown
RT-003856,0,,unknown
RT-003857,0,,unknown
RT-003858,0,,unknown
RT-003859,0,,unknown
RT-003860,0,,unknown
RT-003861,0,,unknown
RT-003862,0,,unknown
RT-003863,0,,unknown
RT-003864,0,,unknown
RT-003865,0,,unknown
RT-003866,0,,unknown
RT-003867,0,,unknown
RT-003868,0,,unknown
RT-003869,0,,unknown
RT-003870,0,,unknown
RT-003871,0,,unknown
RT-003872,1,22.0,competitor
RT-003873,0,,unknown
RT-003874,0,,unknown
RT-003875,1,22.0,tech_migration
RT-003876,0,,unknown
RT-003877,0,,unknown
RT-003878,0,,unknown
RT-003879,0,,unknown
RT-003880,0,,unknown
RT-003881,0,,unknown
RT-003882,1,21.0,quality
RT-003883,0,,unknown
RT-003884,0,,unknown
RT-003885,0,,unknown
RT-003886,0,,unknown
RT-003887,0,,unknown
RT-003888,0,,unknown
RT-003889,1,24.0,tech_migration
RT-003890,0,,unknown
RT-003891,0,,unknown
RT-003892,0,,unknown
RT-003893,0,,unknown
RT-003894,0,,unknown
RT-003895,0,,unknown
RT-003896,0,,unknown
RT-003897,0,,unknown
RT-003898,0,,unknown
RT-003899,0,,unknown
RT-003900,0,,unknown
RT-003901,0,,unknown
RT-003902,0,,unknown
RT-003903,0,,unknown
RT-003904,0,,unknown
RT-003905,0,,unknown
RT-003906,0,,unknown
RT-003907,0,,unknown
RT-003908,0,,unknown
RT-003909,0,,unknown
RT-003910,0,,unknown
RT-003911,0,,unknown
RT-003912,0,,unknown
RT-003913,0,,unknown
RT-003914,0,,unknown
RT-003915,1,24.0,quality
RT-003916,0,,unknown
RT-003917,0,,unknown
RT-003918,0,,unknown
RT-003919,0,,unknown
RT-003920,0,,unknown
RT-003921,0,,unknown
RT-003922,0,,unknown
RT-003923,0,,unknown
RT-003924,0,,unknown
RT-003925,0,,unknown
RT-003926,0,,unknown
RT-003927,1,21.0,price
RT-003928,0,,unknown
RT-003929,0,,unknown
RT-003930,0,,unknown
RT-003931,0,,unknown
RT-003932,1,21.0,tech_migration
RT-003933,1,22.0,quality
RT-003934,0,,unknown
RT-003935,0,,unknown
RT-003936,1,24.0,competitor
RT-003937,0,,unknown
RT-003938,0,,unknown
RT-003939,0,,unknown
RT-003940,1,20.0,price
RT-003941,0,,unknown
RT-003942,0,,unknown
RT-003943,1,22.0,competitor
RT-003944,0,,unknown
RT-003945,0,,unknown
RT-003946,0,,unknown
RT-003947,0,,unknown
RT-003948,0,,unknown
RT-003949,0,,unknown
RT-003950,0,,unknown
RT-003951,0,,unknown
RT-003952,0,,unknown
RT-003953,0,,unknown
RT-003954,0,,unknown
RT-003955,0,,unknown
RT-003956,0,,unknown
RT-003957,0,,unknown
RT-003958,0,,unknown
RT-003959,0,,unknown
RT-003960,0,,unknown
RT-003961,0,,unknown
RT-003962,0,,unknown
RT-003963,0,,unknown
RT-003964,0,,unknown
RT-003965,1,24.0,unknown
RT-003966,0,,unknown
RT-003967,0,,unknown
RT-003968,0,,unknown
RT-003969,0,,unknown
RT-003970,0,,unknown
RT-003971,1,19.0,tech_migration
RT-003972,0,,unknown
RT-003973,0,,unknown
RT-003974,0,,unknown
RT-003975,0,,unknown
RT-003976,0,,unknown
RT-003977,0,,unknown
RT-003978,0,,unknown
RT-003979,0,,unknown
RT-003980,0,,unknown
RT-003981,0,,unknown
RT-003982,0,,unknown
RT-003983,0,,unknown
RT-003984,0,,unknown
RT-003985,0,,unknown
RT-003986,1,24.0,unknown
RT-003987,0,,unknown
RT-003988,0,,unknown
RT-003989,1,23.0,tech_migration
RT-003990,0,,unknown
RT-003991,1,24.0,tech_migration
RT-003992,0,,unknown
RT-003993,0,,unknown
RT-003994,0,,unknown
RT-003995,0,,unknown
RT-003996,0,,unknown
RT-003997,0,,unknown
RT-003998,1,21.0,unknown
RT-003999,0,,unknown
RT-004000,0,,unknown
RT-004001,0,,unknown
RT-004002,0,,unknown
RT-004003,0,,unknown
RT-004004,0,,unknown
RT-004005,0,,unknown
RT-004006,0,,unknown
RT-004007,0,,unknown
RT-004008,1,22.0,unknown
RT-004009,0,,unknown
RT-004010,0,,unknown
RT-004011,0,,unknown
RT-004012,0,,unknown
RT-004013,0,,unknown
RT-004014,0,,unknown
RT-004015,0,,unknown
RT-004016,0,,unknown
RT-004017,0,,unknown
RT-004018,0,,unknown
RT-004019,0,,unknown
RT-004020,0,,unknown
RT-004021,1,24.0,unknown
RT-004022,1,24.0,unknown
RT-004023,0,,unknown
RT-004024,0,,unknown
RT-004025,0,,unknown
RT-004026,1,24.0,tech_migration
RT-004027,0,,unknown
RT-004028,0,,unknown
RT-004029,0,,unknown
RT-004030,0,,unknown
RT-004031,0,,unknown
RT-004032,0,,unknown
RT-004033,0,,unknown
RT-004034,0,,unknown
RT-004035,0,,unknown
RT-004036,0,,unknown
RT-004037,0,,unknown
RT-004038,0,,unknown
RT-004039,0,,unknown
RT-004040,1,24.0,competitor
RT-004041,0,,unknown
RT-004042,0,,unknown
RT-004043,1,21.0,price
RT-004044,0,,unknown
RT-004045,0,,unknown
RT-004046,0,,unknown
RT-004047,0,,unknown
RT-004048,0,,unknown
RT-004049,0,,unknown
RT-004050,1,21.0,unknown
RT-004051,0,,unknown
RT-004052,0,,unknown
RT-004053,0,,unknown
RT-004054,0,,unknown
RT-004055,0,,unknown
RT-004056,0,,unknown
RT-004057,0,,unknown
RT-004058,0,,unknown
RT-004059,0,,unknown
RT-004060,0,,unknown
RT-004061,1,22.0,tech_migration
RT-004062,0,,unknown
RT-004063,0,,unknown
RT-004064,0,,unknown
RT-004065,0,,unknown
RT-004066,0,,unknown
RT-004067,0,,unknown
RT-004068,0,,unknown
RT-004069,0,,unknown
RT-004070,0,,unknown
RT-004071,0,,unknown
RT-004072,0,,unknown
RT-004073,0,,unknown
RT-004074,0,,unknown
RT-004075,0,,unknown
RT-004076,1,20.0,unknown
RT-004077,0,,unknown
RT-004078,0,,unknown
RT-004079,0,,unknown
RT-004080,0,,unknown
RT-004081,0,,unknown
RT-004082,0,,unknown
RT-004083,0,,unknown
RT-004084,0,,unknown
RT-004085,0,,unknown
RT-004086,0,,unknown
RT-004087,0,,unknown
RT-004088,1,22.0,price
RT-004089,0,,unknown
RT-004090,0,,unknown
RT-004091,0,,unknown
RT-004092,0,,unknown
RT-004093,0,,unknown
RT-004094,0,,unknown
RT-004095,0,,unknown
RT-004096,0,,unknown
RT-004097,0,,unknown
RT-004098,0,,unknown
RT-004099,0,,unknown
RT-004100,1,24.0,competitor
RT-004101,0,,unknown
RT-004102,0,,unknown
RT-004103,0,,unknown
RT-004104,0,,unknown
RT-004105,0,,unknown
RT-004106,0,,unknown
RT-004107,0,,unknown
RT-004108,0,,unknown
RT-004109,0,,unknown
RT-004110,0,,unknown
RT-004111,0,,unknown
RT-004112,0,,unknown
RT-004113,0,,unknown
RT-004114,0,,unknown
RT-004115,1,24.0,price
RT-004116,0,,unknown
RT-004117,0,,unknown
RT-004118,0,,unknown
RT-004119,0,,unknown
RT-004120,0,,unknown
RT-004121,0,,unknown
RT-004122,0,,unknown
RT-004123,0,,unknown
RT-004124,0,,unknown
RT-004125,1,22.0,tech_migration
RT-004126,0,,unknown
RT-004127,0,,unknown
RT-004128,0,,unknown
RT-004129,0,,unknown
RT-004130,0,,unknown
RT-004131,0,,unknown
RT-004132,0,,unknown
RT-004133,0,,unknown
RT-004134,0,,unknown
RT-004135,0,,unknown
RT-004136,0,,unknown
RT-004137,0,,unknown
RT-004138,0,,unknown
RT-004139,0,,unknown
RT-004140,0,,unknown
RT-004141,1,24.0,unknown
RT-004142,0,,unknown
RT-004143,0,,unknown
RT-004144,0,,unknown
RT-004145,0,,unknown
RT-004146,0,,unknown
RT-004147,0,,unknown
RT-004148,0,,unknown
RT-004149,0,,unknown
RT-004150,0,,unknown
RT-004151,0,,unknown
RT-004152,0,,unknown
RT-004153,0,,unknown
RT-004154,0,,unknown
RT-004155,0,,unknown
RT-004156,0,,unknown
RT-004157,0,,unknown
RT-004158,0,,unknown
RT-004159,0,,unknown
RT-004160,1,20.0,price
RT-004161,0,,unknown
RT-004162,0,,unknown
RT-004163,0,,unknown
RT-004164,0,,unknown
RT-004165,0,,unknown
RT-004166,0,,unknown
RT-004167,0,,unknown
RT-004168,0,,unknown
RT-004169,0,,unknown
RT-004170,0,,unknown
RT-004171,0,,unknown
RT-004172,0,,unknown
RT-004173,0,,unknown
RT-004174,0,,unknown
RT-004175,0,,unknown
RT-004176,0,,unknown
RT-004177,0,,unknown
RT-004178,1,19.0,tech_migration
RT-004179,0,,unknown
RT-004180,0,,unknown
RT-004181,0,,unknown
RT-004182,1,19.0,competitor
RT-004183,0,,unknown
RT-004184,0,,unknown
RT-004185,0,,unknown
RT-004186,0,,unknown
RT-004187,0,,unknown
RT-004188,0,,unknown
RT-004189,0,,unknown
RT-004190,0,,unknown
RT-004191,0,,unknown
RT-004192,1,20.0,tech_migration
RT-004193,0,,unknown
RT-004194,0,,unknown
RT-004195,0,,unknown
RT-004196,0,,unknown
RT-004197,0,,unknown
RT-004198,0,,unknown
RT-004199,0,,unknown
RT-004200,0,,unknown
RT-004201,0,,unknown
RT-004202,0,,unknown
RT-004203,0,,unknown
RT-004204,1,24.0,tech_migration
RT-004205,0,,unknown
RT-004206,0,,unknown
RT-004207,1,24.0,unknown
RT-004208,0,,unknown
RT-004209,0,,unknown
RT-004210,0,,unknown
RT-004211,0,,unknown
RT-004212,0,,unknown
RT-004213,0,,unknown
RT-004214,0,,unknown
RT-004215,1,22.0,tech_migration
RT-004216,0,,unknown
RT-004217,0,,unknown
RT-004218,0,,unknown
RT-004219,0,,unknown
RT-004220,0,,unknown
RT-004221,0,,unknown
RT-004222,0,,unknown
RT-004223,0,,unknown
RT-004224,0,,unknown
RT-004225,1,21.0,price
RT-004226,0,,unknown
RT-004227,0,,unknown
RT-004228,0,,unknown
RT-004229,0,,unknown
RT-004230,0,,unknown
RT-004231,0,,unknown
RT-004232,0,,unknown
RT-004233,0,,unknown
RT-004234,0,,unknown
RT-004235,1,23.0,unknown
RT-004236,0,,unknown
RT-004237,0,,unknown
RT-004238,0,,unknown
RT-004239,0,,unknown
RT-004240,0,,unknown
RT-004241,0,,unknown
RT-004242,0,,unknown
RT-004243,0,,unknown
RT-004244,0,,unknown
RT-004245,0,,unknown
RT-004246,0,,unknown
RT-004247,0,,unknown
RT-004248,0,,unknown
RT-004249,0,,unknown
RT-004250,0,,unknown
RT-004251,0,,unknown
RT-004252,0,,unknown
RT-004253,0,,unknown
RT-004254,0,,unknown
RT-004255,0,,unknown
RT-004256,0,,unknown
RT-004257,0,,unknown
RT-004258,0,,unknown
RT-004259,0,,unknown
RT-004260,0,,unknown
RT-004261,0,,unknown
RT-004262,0,,unknown
RT-004263,0,,unknown
RT-004264,0,,unknown
RT-004265,0,,unknown
RT-004266,0,,unknown
RT-004267,0,,unknown
RT-004268,0,,unknown
RT-004269,0,,unknown
RT-004270,0,,unknown
RT-004271,0,,unknown
RT-004272,0,,unknown
RT-004273,1,23.0,price
RT-004274,0,,unknown
RT-004275,0,,unknown
RT-004276,0,,unknown
RT-004277,0,,unknown
RT-004278,0,,unknown
RT-004279,0,,unknown
RT-004280,0,,unknown
RT-004281,0,,unknown
RT-004282,0,,unknown
RT-004283,0,,unknown
RT-004284,0,,unknown
RT-004285,1,20.0,unknown
RT-004286,0,,unknown
RT-004287,0,,unknown
RT-004288,0,,unknown
RT-004289,1,20.0,tech_migration
RT-004290,0,,unknown
RT-004291,0,,unknown
RT-004292,0,,unknown
RT-004293,0,,unknown
RT-004294,0,,unknown
RT-004295,1,22.0,competitor
RT-004296,1,19.0,price
RT-004297,0,,unknown
RT-004298,0,,unknown
RT-004299,0,,unknown
RT-004300,1,22.0,unknown
RT-004301,0,,unknown
RT-004302,0,,unknown
RT-004303,0,,unknown
RT-004304,0,,unknown
RT-004305,0,,unknown
RT-004306,0,,unknown
RT-004307,0,,unknown
RT-004308,0,,unknown
RT-004309,0,,unknown
RT-004310,0,,unknown
RT-004311,0,,unknown
RT-004312,0,,unknown
RT-004313,0,,unknown
RT-004314,0,,unknown
RT-004315,0,,unknown
RT-004316,0,,unknown
RT-004317,0,,unknown
RT-004318,0,,unknown
RT-004319,0,,unknown
RT-004320,0,,unknown
RT-004321,0,,unknown
RT-004322,0,,unknown
RT-004323,0,,unknown
RT-004324,0,,unknown
RT-004325,0,,unknown
RT-004326,0,,unknown
RT-004327,0,,unknown
RT-004328,0,,unknown
RT-004329,0,,unknown
RT-004330,0,,unknown
RT-004331,0,,unknown
RT-004332,1,24.0,tech_migration
RT-004333,0,,unknown
RT-004334,0,,unknown
RT-004335,1,24.0,unknown
RT-004336,0,,unknown
RT-004337,0,,unknown
RT-004338,0,,unknown
RT-004339,1,20.0,unknown
RT-004340,0,,unknown
RT-004341,0,,unknown
RT-004342,0,,unknown
RT-004343,0,,unknown
RT-004344,1,24.0,quality
RT-004345,0,,unknown
RT-004346,1,22.0,tech_migration
RT-004347,0,,unknown
RT-004348,0,,unknown
RT-004349,0,,unknown
RT-004350,0,,unknown
RT-004351,0,,unknown
RT-004352,0,,unknown
RT-004353,0,,unknown
RT-004354,0,,unknown
RT-004355,0,,unknown
RT-004356,1,20.0,price
RT-004357,0,,unknown
RT-004358,0,,unknown
RT-004359,0,,unknown
RT-004360,0,,unknown
RT-004361,0,,unknown
RT-004362,0,,unknown
RT-004363,0,,unknown
RT-004364,0,,unknown
RT-004365,0,,unknown
RT-004366,0,,unknown
RT-004367,0,,unknown
RT-004368,0,,unknown
RT-004369,0,,unknown
RT-004370,0,,unknown
RT-004371,0,,unknown
RT-004372,0,,unknown
RT-004373,0,,unknown
RT-004374,0,,unknown
RT-004375,0,,unknown
RT-004376,0,,unknown
RT-004377,1,24.0,unknown
RT-004378,1,20.0,unknown
RT-004379,0,,unknown
RT-004380,0,,unknown
RT-004381,0,,unknown
RT-004382,0,,unknown
RT-004383,0,,unknown
RT-004384,0,,unknown
RT-004385,0,,unknown
RT-004386,0,,unknown
RT-004387,0,,unknown
RT-004388,0,,unknown
RT-004389,0,,unknown
RT-004390,1,19.0,tech_migration
RT-004391,0,,unknown
RT-004392,0,,unknown
RT-004393,0,,unknown
RT-004394,0,,unknown
RT-004395,0,,unknown
RT-004396,0,,unknown
RT-004397,0,,unknown
RT-004398,0,,unknown
RT-004399,1,22.0,quality
RT-004400,0,,unknown
RT-004401,0,,unknown
RT-004402,1,24.0,competitor
RT-004403,1,24.0,competitor
RT-004404,0,,unknown
RT-004405,0,,unknown
RT-004406,0,,unknown
RT-004407,0,,unknown
RT-004408,0,,unknown
RT-004409,0,,unknown
RT-004410,1,24.0,unknown
RT-004411,0,,unknown
RT-004412,0,,unknown
RT-004413,0,,unknown
RT-004414,0,,unknown
RT-004415,0,,unknown
RT-004416,0,,unknown
RT-004417,0,,unknown
RT-004418,0,,unknown
RT-004419,0,,unknown
RT-004420,0,,unknown
RT-004421,0,,unknown
RT-004422,0,,unknown
RT-004423,0,,unknown
RT-004424,0,,unknown
RT-004425,0,,unknown
RT-004426,0,,unknown
RT-004427,0,,unknown
RT-004428,0,,unknown
RT-004429,0,,unknown
RT-004430,0,,unknown
RT-004431,0,,unknown
RT-004432,0,,unknown
RT-004433,0,,unknown
RT-004434,0,,unknown
RT-004435,0,,unknown
RT-004436,0,,unknown
RT-004437,0,,unknown
RT-004438,0,,unknown
RT-004439,0,,unknown
RT-004440,0,,unknown
RT-004441,0,,unknown
RT-004442,0,,unknown
RT-004443,1,23.0,unknown
RT-004444,0,,unknown
RT-004445,0,,unknown
RT-004446,0,,unknown
RT-004447,0,,unknown
RT-004448,0,,unknown
RT-004449,0,,unknown
RT-004450,0,,unknown
RT-004451,0,,unknown
RT-004452,0,,unknown
RT-004453,0,,unknown
RT-004454,0,,unknown
RT-004455,0,,unknown
RT-004456,0,,unknown
RT-004457,0,,unknown
RT-004458,0,,unknown
RT-004459,0,,unknown
RT-004460,0,,unknown
RT-004461,0,,unknown
RT-004462,0,,unknown
RT-004463,0,,unknown
RT-004464,0,,unknown
RT-004465,0,,unknown
RT-004466,0,,unknown
RT-004467,1,22.0,competitor
RT-004468,0,,unknown
RT-004469,1,21.0,tech_migration
RT-004470,0,,unknown
RT-004471,0,,unknown
RT-004472,0,,unknown
RT-004473,0,,unknown
RT-004474,0,,unknown
RT-004475,0,,unknown
RT-004476,0,,unknown
RT-004477,0,,unknown
RT-004478,0,,unknown
RT-004479,0,,unknown
RT-004480,0,,unknown
RT-004481,0,,unknown
RT-004482,0,,unknown
RT-004483,0,,unknown
RT-004484,0,,unknown
RT-004485,0,,unknown
RT-004486,0,,unknown
RT-004487,0,,unknown
RT-004488,0,,unknown
RT-004489,0,,unknown
RT-004490,1,21.0,unknown
RT-004491,0,,unknown
RT-004492,0,,unknown
RT-004493,1,20.0,tech_migration
RT-004494,0,,unknown
RT-004495,0,,unknown
RT-004496,0,,unknown
RT-004497,0,,unknown
RT-004498,0,,unknown
RT-004499,0,,unknown
RT-004500,1,22.0,tech_migration
RT-004501,0,,unknown
RT-004502,0,,unknown
RT-004503,0,,unknown
RT-004504,0,,unknown
RT-004505,0,,unknown
RT-004506,0,,unknown
RT-004507,0,,unknown
RT-004508,0,,unknown
RT-004509,0,,unknown
RT-004510,0,,unknown
RT-004511,0,,unknown
RT-004512,0,,unknown
RT-004513,0,,unknown
RT-004514,0,,unknown
RT-004515,1,23.0,unknown
RT-004516,0,,unknown
RT-004517,0,,unknown
RT-004518,0,,unknown
RT-004519,0,,unknown
RT-004520,0,,unknown
RT-004521,0,,unknown
RT-004522,0,,unknown
RT-004523,0,,unknown
RT-004524,0,,unknown
RT-004525,0,,unknown
RT-004526,0,,unknown
RT-004527,1,24.0,unknown
RT-004528,0,,unknown
RT-004529,0,,unknown
RT-004530,0,,unknown
RT-004531,0,,unknown
RT-004532,0,,unknown
RT-004533,0,,unknown
RT-004534,0,,unknown
RT-004535,0,,unknown
RT-004536,1,20.0,price
RT-004537,0,,unknown
RT-004538,0,,unknown
RT-004539,0,,unknown
RT-004540,0,,unknown
RT-004541,0,,unknown
RT-004542,0,,unknown
RT-004543,0,,unknown
RT-004544,0,,unknown
RT-004545,0,,unknown
RT-004546,0,,unknown
RT-004547,0,,unknown
RT-004548,0,,unknown
RT-004549,0,,unknown
RT-004550,0,,unknown
RT-004551,1,19.0,competitor
RT-004552,1,19.0,tech_migration
RT-004553,0,,unknown
RT-004554,0,,unknown
RT-004555,0,,unknown
RT-004556,1,24.0,competitor
RT-004557,0,,unknown
RT-004558,0,,unknown
RT-004559,0,,unknown
RT-004560,0,,unknown
RT-004561,0,,unknown
RT-004562,0,,unknown
RT-004563,0,,unknown
RT-004564,0,,unknown
RT-004565,0,,unknown
RT-004566,1,22.0,tech_migration
RT-004567,0,,unknown
RT-004568,1,22.0,unknown
RT-004569,1,24.0,competitor
RT-004570,0,,unknown
RT-004571,0,,unknown
RT-004572,0,,unknown
RT-004573,0,,unknown
RT-004574,0,,unknown
RT-004575,1,24.0,price
RT-004576,0,,unknown
RT-004577,0,,unknown
RT-004578,0,,unknown
RT-004579,1,24.0,unknown
RT-004580,1,24.0,competitor
RT-004581,0,,unknown
RT-004582,0,,unknown
RT-004583,0,,unknown
RT-004584,1,20.0,tech_migration
RT-004585,0,,unknown
RT-004586,0,,unknown
RT-004587,0,,unknown
RT-004588,1,19.0,unknown
RT-004589,0,,unknown
RT-004590,0,,unknown
RT-004591,1,24.0,unknown
RT-004592,0,,unknown
RT-004593,0,,unknown
RT-004594,0,,unknown
RT-004595,0,,unknown
RT-004596,0,,unknown
RT-004597,0,,unknown
RT-004598,0,,unknown
RT-004599,1,22.0,unknown
RT-004600,0,,unknown
RT-004601,0,,unknown
RT-004602,0,,unknown
RT-004603,1,19.0,tech_migration
RT-004604,1,24.0,tech_migration
RT-004605,0,,unknown
RT-004606,0,,unknown
RT-004607,0,,unknown
RT-004608,0,,unknown
RT-004609,0,,unknown
RT-004610,0,,unknown
RT-004611,0,,unknown
RT-004612,1,21.0,price
RT-004613,0,,unknown
RT-004614,0,,unknown
RT-004615,0,,unknown
RT-004616,0,,unknown
RT-004617,0,,unknown
RT-004618,0,,unknown
RT-004619,0,,unknown
RT-004620,0,,unknown
RT-004621,0,,unknown
RT-004622,0,,unknown
RT-004623,1,20.0,unknown
RT-004624,1,23.0,unknown
RT-004625,0,,unknown
RT-004626,0,,unknown
RT-004627,0,,unknown
RT-004628,0,,unknown
RT-004629,0,,unknown
RT-004630,0,,unknown
RT-004631,0,,unknown
RT-004632,0,,unknown
RT-004633,0,,unknown
RT-004634,0,,unknown
RT-004635,0,,unknown
RT-004636,0,,unknown
RT-004637,0,,unknown
RT-004638,0,,unknown
RT-004639,0,,unknown
RT-004640,0,,unknown
RT-004641,0,,unknown
RT-004642,0,,unknown
RT-004643,0,,unknown
RT-004644,0,,unknown
RT-004645,0,,unknown
RT-004646,1,24.0,tech_migration
RT-004647,0,,unknown
RT-004648,0,,unknown
RT-004649,0,,unknown
RT-004650,0,,unknown
RT-004651,0,,unknown
RT-004652,0,,unknown
RT-004653,0,,unknown
RT-004654,0,,unknown
RT-004655,0,,unknown
RT-004656,0,,unknown
RT-004657,0,,unknown
RT-004658,0,,unknown
RT-004659,0,,unknown
RT-004660,1,19.0,quality
RT-004661,0,,unknown
RT-004662,0,,unknown
RT-004663,0,,unknown
RT-004664,0,,unknown
RT-004665,0,,unknown
RT-004666,0,,unknown
RT-004667,0,,unknown
RT-004668,0,,unknown
RT-004669,0,,unknown
RT-004670,0,,unknown
RT-004671,0,,unknown
RT-004672,0,,unknown
RT-004673,0,,unknown
RT-004674,1,19.0,unknown
RT-004675,0,,unknown
RT-004676,0,,unknown
RT-004677,0,,unknown
RT-004678,0,,unknown
RT-004679,0,,unknown
RT-004680,0,,unknown
RT-004681,0,,unknown
RT-004682,0,,unknown
RT-004683,0,,unknown
RT-004684,1,24.0,tech_migration
RT-004685,1,19.0,tech_migration
RT-004686,0,,unknown
RT-004687,0,,unknown
RT-004688,0,,unknown
RT-004689,0,,unknown
RT-004690,0,,unknown
RT-004691,0,,unknown
RT-004692,0,,unknown
RT-004693,0,,unknown
RT-004694,0,,unknown
RT-004695,0,,unknown
RT-004696,0,,unknown
RT-004697,1,19.0,price
RT-004698,0,,unknown
RT-004699,1,24.0,competitor
RT-004700,0,,unknown
RT-004701,1,24.0,tech_migration
RT-004702,0,,unknown
RT-004703,0,,unknown
RT-004704,0,,unknown
RT-004705,0,,unknown
RT-004706,0,,unknown
RT-004707,0,,unknown
RT-004708,0,,unknown
RT-004709,0,,unknown
RT-004710,0,,unknown
RT-004711,0,,unknown
RT-004712,0,,unknown
RT-004713,0,,unknown
RT-004714,0,,unknown
RT-004715,0,,unknown
RT-004716,0,,unknown
RT-004717,0,,unknown
RT-004718,0,,unknown
RT-004719,0,,unknown
RT-004720,0,,unknown
RT-004721,0,,unknown
RT-004722,0,,unknown
RT-004723,0,,unknown
RT-004724,0,,unknown
RT-004725,0,,unknown
RT-004726,0,,unknown
RT-004727,0,,unknown
RT-004728,0,,unknown
RT-004729,0,,unknown
RT-004730,0,,unknown
RT-004731,0,,unknown
RT-004732,0,,unknown
RT-004733,0,,unknown
RT-004734,0,,unknown
RT-004735,1,21.0,unknown
RT-004736,0,,unknown
RT-004737,0,,unknown
RT-004738,0,,unknown
RT-004739,0,,unknown
RT-004740,0,,unknown
RT-004741,0,,unknown
RT-004742,1,23.0,unknown
RT-004743,0,,unknown
RT-004744,0,,unknown
RT-004745,0,,unknown
RT-004746,0,,unknown
RT-004747,0,,unknown
RT-004748,0,,unknown
RT-004749,0,,unknown
RT-004750,0,,unknown
RT-004751,0,,unknown
RT-004752,0,,unknown
RT-004753,0,,unknown
RT-004754,0,,unknown
RT-004755,0,,unknown
RT-004756,0,,unknown
RT-004757,0,,unknown
RT-004758,0,,unknown
RT-004759,0,,unknown
RT-004760,0,,unknown
RT-004761,0,,unknown
RT-004762,1,24.0,quality
RT-004763,0,,unknown
RT-004764,0,,unknown
RT-004765,1,19.0,price
RT-004766,0,,unknown
RT-004767,0,,unknown
RT-004768,0,,unknown
RT-004769,0,,unknown
RT-004770,0,,unknown
RT-004771,0,,unknown
RT-004772,0,,unknown
RT-004773,1,23.0,competitor
RT-004774,0,,unknown
RT-004775,0,,unknown
RT-004776,0,,unknown
RT-004777,0,,unknown
RT-004778,0,,unknown
RT-004779,0,,unknown
RT-004780,0,,unknown
RT-004781,1,24.0,price
RT-004782,0,,unknown
RT-004783,0,,unknown
RT-004784,0,,unknown
RT-004785,0,,unknown
RT-004786,0,,unknown
RT-004787,0,,unknown
RT-004788,0,,unknown
RT-004789,0,,unknown
RT-004790,0,,unknown
RT-004791,0,,unknown
RT-004792,0,,unknown
RT-004793,1,24.0,competitor
RT-004794,0,,unknown
RT-004795,0,,unknown
RT-004796,0,,unknown
RT-004797,0,,unknown
RT-004798,0,,unknown
RT-004799,0,,unknown
RT-004800,0,,unknown
RT-004801,0,,unknown
RT-004802,0,,unknown
RT-004803,0,,unknown
RT-004804,0,,unknown
RT-004805,0,,unknown
RT-004806,0,,unknown
RT-004807,0,,unknown
RT-004808,1,21.0,tech_migration
RT-004809,0,,unknown
RT-004810,0,,unknown
RT-004811,1,22.0,price
RT-004812,0,,unknown
RT-004813,0,,unknown
RT-004814,1,20.0,tech_migration
RT-004815,0,,unknown
RT-004816,0,,unknown
RT-004817,0,,unknown
RT-004818,0,,unknown
RT-004819,0,,unknown
RT-004820,0,,unknown
RT-004821,0,,unknown
RT-004822,0,,unknown
RT-004823,0,,unknown
RT-004824,0,,unknown
RT-004825,0,,unknown
RT-004826,0,,unknown
RT-004827,0,,unknown
RT-004828,0,,unknown
RT-004829,0,,unknown
RT-004830,0,,unknown
RT-004831,0,,unknown
RT-004832,0,,unknown
RT-004833,0,,unknown
RT-004834,0,,unknown
RT-004835,0,,unknown
RT-004836,1,21.0,price
RT-004837,0,,unknown
RT-004838,0,,unknown
RT-004839,0,,unknown
RT-004840,0,,unknown
RT-004841,0,,unknown
RT-004842,0,,unknown
RT-004843,0,,unknown
RT-004844,0,,unknown
RT-004845,0,,unknown
RT-004846,0,,unknown
RT-004847,0,,unknown
RT-004848,0,,unknown
RT-004849,0,,unknown
RT-004850,0,,unknown
RT-004851,0,,unknown
RT-004852,0,,unknown
RT-004853,0,,unknown
RT-004854,0,,unknown
RT-004855,0,,unknown
RT-004856,0,,unknown
RT-004857,0,,unknown
RT-004858,0,,unknown
RT-004859,0,,unknown
RT-004860,0,,unknown
RT-004861,0,,unknown
RT-004862,0,,unknown
RT-004863,0,,unknown
RT-004864,0,,unknown
RT-004865,1,22.0,tech_migration
RT-004866,0,,unknown
RT-004867,1,20.0,competitor
RT-004868,0,,unknown
RT-004869,0,,unknown
RT-004870,0,,unknown
RT-004871,0,,unknown
RT-004872,0,,unknown
RT-004873,0,,unknown
RT-004874,0,,unknown
RT-004875,0,,unknown
RT-004876,0,,unknown
RT-004877,0,,unknown
RT-004878,1,20.0,tech_migration
RT-004879,0,,unknown
RT-004880,0,,unknown
RT-004881,0,,unknown
RT-004882,0,,unknown
RT-004883,0,,unknown
RT-004884,0,,unknown
RT-004885,0,,unknown
RT-004886,0,,unknown
RT-004887,0,,unknown
RT-004888,0,,unknown
RT-004889,0,,unknown
RT-004890,1,19.0,tech_migration
RT-004891,0,,unknown
RT-004892,0,,unknown
RT-004893,0,,unknown
RT-004894,0,,unknown
RT-004895,0,,unknown
RT-004896,1,24.0,competitor
RT-004897,0,,unknown
RT-004898,1,24.0,price
RT-004899,0,,unknown
RT-004900,0,,unknown
RT-004901,0,,unknown
RT-004902,0,,unknown
RT-004903,0,,unknown
RT-004904,0,,unknown
RT-004905,0,,unknown
RT-004906,0,,unknown
RT-004907,0,,unknown
RT-004908,0,,unknown
RT-004909,0,,unknown
RT-004910,0,,unknown
RT-004911,0,,unknown
RT-004912,0,,unknown
RT-004913,0,,unknown
RT-004914,0,,unknown
RT-004915,0,,unknown
RT-004916,0,,unknown
RT-004917,0,,unknown
RT-004918,0,,unknown
RT-004919,0,,unknown
RT-004920,0,,unknown
RT-004921,0,,unknown
RT-004922,1,24.0,unknown
RT-004923,0,,unknown
RT-004924,0,,unknown
RT-004925,0,,unknown
RT-004926,0,,unknown
RT-004927,0,,unknown
RT-004928,0,,unknown
RT-004929,0,,unknown
RT-004930,0,,unknown
RT-004931,0,,unknown
RT-004932,0,,unknown
RT-004933,1,24.0,tech_migration
RT-004934,0,,unknown
RT-004935,0,,unknown
RT-004936,1,21.0,price
RT-004937,0,,unknown
RT-004938,0,,unknown
RT-004939,0,,unknown
RT-004940,0,,unknown
RT-004941,0,,unknown
RT-004942,0,,unknown
RT-004943,0,,unknown
RT-004944,0,,unknown
RT-004945,0,,unknown
RT-004946,0,,unknown
RT-004947,0,,unknown
RT-004948,0,,unknown
RT-004949,0,,unknown
RT-004950,0,,unknown
RT-004951,0,,unknown
RT-004952,0,,unknown
RT-004953,0,,unknown
RT-004954,0,,unknown
RT-004955,0,,unknown
RT-004956,0,,unknown
RT-004957,0,,unknown
RT-004958,0,,unknown
RT-004959,0,,unknown
RT-004960,0,,unknown
RT-004961,0,,unknown
RT-004962,0,,unknown
RT-004963,0,,unknown
RT-004964,0,,unknown
RT-004965,0,,unknown
RT-004966,0,,unknown
RT-004967,0,,unknown
RT-004968,0,,unknown
RT-004969,0,,unknown
RT-004970,1,21.0,tech_migration
RT-004971,0,,unknown
RT-004972,0,,unknown
RT-004973,0,,unknown
RT-004974,0,,unknown
RT-004975,0,,unknown
RT-004976,0,,unknown
RT-004977,0,,unknown
RT-004978,0,,unknown
RT-004979,0,,unknown
RT-004980,0,,unknown
RT-004981,1,24.0,unknown
RT-004982,0,,unknown
RT-004983,0,,unknown
RT-004984,0,,unknown
RT-004985,0,,unknown
RT-004986,0,,unknown
RT-004987,0,,unknown
RT-004988,0,,unknown
RT-004989,0,,unknown
RT-004990,0,,unknown
RT-004991,0,,unknown
RT-004992,0,,unknown
RT-004993,0,,unknown
RT-004994,0,,unknown
RT-004995,0,,unknown
RT-004996,0,,unknown
RT-004997,0,,unknown
RT-004998,0,,unknown
RT-004999,0,,unknown
RT-005000,0,,unknown
RT-005001,1,19.0,competitor
RT-005002,0,,unknown
RT-005003,0,,unknown
RT-005004,0,,unknown
RT-005005,1,19.0,price
RT-005006,0,,unknown
RT-005007,0,,unknown
RT-005008,0,,unknown
RT-005009,0,,unknown
RT-005010,0,,unknown
RT-005011,0,,unknown
RT-005012,0,,unknown
RT-005013,0,,unknown
RT-005014,0,,unknown
RT-005015,0,,unknown
RT-005016,0,,unknown
RT-005017,1,22.0,price
RT-005018,0,,unknown
RT-005019,0,,unknown
RT-005020,0,,unknown
RT-005021,0,,unknown
RT-005022,0,,unknown
RT-005023,0,,unknown
RT-005024,0,,unknown
RT-005025,0,,unknown
RT-005026,0,,unknown
RT-005027,1,24.0,price
RT-005028,0,,unknown
RT-005029,0,,unknown
RT-005030,0,,unknown
RT-005031,0,,unknown
RT-005032,0,,unknown
RT-005033,0,,unknown
RT-005034,0,,unknown
RT-005035,0,,unknown
RT-005036,0,,unknown
RT-005037,0,,unknown
RT-005038,1,21.0,unknown
RT-005039,0,,unknown
RT-005040,0,,unknown
RT-005041,0,,unknown
RT-005042,0,,unknown
RT-005043,0,,unknown
RT-005044,0,,unknown
RT-005045,0,,unknown
RT-005046,0,,unknown
RT-005047,0,,unknown
RT-005048,0,,unknown
RT-005049,0,,unknown
RT-005050,0,,unknown
RT-005051,0,,unknown
RT-005052,0,,unknown
RT-005053,0,,unknown
RT-005054,0,,unknown
RT-005055,0,,unknown
RT-005056,0,,unknown
RT-005057,0,,unknown
RT-005058,0,,unknown
RT-005059,0,,unknown
RT-005060,0,,unknown
RT-005061,0,,unknown
RT-005062,0,,unknown
RT-005063,0,,unknown
RT-005064,0,,unknown
RT-005065,0,,unknown
RT-005066,0,,unknown
RT-005067,0,,unknown
RT-005068,0,,unknown
RT-005069,0,,unknown
RT-005070,0,,unknown
RT-005071,0,,unknown
RT-005072,0,,unknown
RT-005073,1,24.0,price
RT-005074,0,,unknown
RT-005075,0,,unknown
RT-005076,0,,unknown
RT-005077,0,,unknown
RT-005078,0,,unknown
RT-005079,0,,unknown
RT-005080,0,,unknown
RT-005081,0,,unknown
RT-005082,0,,unknown
RT-005083,0,,unknown
RT-005084,0,,unknown
RT-005085,0,,unknown
RT-005086,1,24.0,price
RT-005087,1,24.0,price
RT-005088,1,23.0,competitor
RT-005089,0,,unknown
RT-005090,0,,unknown
RT-005091,0,,unknown
RT-005092,0,,unknown
RT-005093,0,,unknown
RT-005094,0,,unknown
RT-005095,0,,unknown
RT-005096,0,,unknown
RT-005097,0,,unknown
RT-005098,0,,unknown
RT-005099,0,,unknown
RT-005100,0,,unknown
RT-005101,0,,unknown
RT-005102,0,,unknown
RT-005103,0,,unknown
RT-005104,0,,unknown
RT-005105,1,20.0,unknown
RT-005106,1,24.0,price
RT-005107,0,,unknown
RT-005108,0,,unknown
RT-005109,0,,unknown
RT-005110,0,,unknown
RT-005111,0,,unknown
RT-005112,0,,unknown
RT-005113,0,,unknown
RT-005114,0,,unknown
RT-005115,0,,unknown
RT-005116,0,,unknown
RT-005117,0,,unknown
RT-005118,1,24.0,tech_migration
RT-005119,0,,unknown
RT-005120,0,,unknown
RT-005121,0,,unknown
RT-005122,1,19.0,unknown
RT-005123,0,,unknown
RT-005124,0,,unknown
RT-005125,0,,unknown
RT-005126,0,,unknown
RT-005127,0,,unknown
RT-005128,0,,unknown
RT-005129,0,,unknown
RT-005130,0,,unknown
RT-005131,0,,unknown
RT-005132,0,,unknown
RT-005133,0,,unknown
RT-005134,0,,unknown
RT-005135,0,,unknown
RT-005136,0,,unknown
RT-005137,0,,unknown
RT-005138,1,22.0,unknown
RT-005139,0,,unknown
RT-005140,0,,unknown
RT-005141,0,,unknown
RT-005142,0,,unknown
RT-005143,0,,unknown
RT-005144,0,,unknown
RT-005145,0,,unknown
RT-005146,0,,unknown
RT-005147,0,,unknown
RT-005148,0,,unknown
RT-005149,0,,unknown
RT-005150,0,,unknown
RT-005151,0,,unknown
RT-005152,0,,unknown
RT-005153,0,,unknown
RT-005154,0,,unknown
RT-005155,0,,unknown
RT-005156,0,,unknown
RT-005157,0,,unknown
RT-005158,0,,unknown
RT-005159,0,,unknown
RT-005160,0,,unknown
RT-005161,1,23.0,tech_migration
RT-005162,0,,unknown
RT-005163,0,,unknown
RT-005164,0,,unknown
RT-005165,0,,unknown
RT-005166,0,,unknown
RT-005167,1,24.0,competitor
RT-005168,0,,unknown
RT-005169,0,,unknown
RT-005170,0,,unknown
RT-005171,0,,unknown
RT-005172,0,,unknown
RT-005173,0,,unknown
RT-005174,0,,unknown
RT-005175,0,,unknown
RT-005176,0,,unknown
RT-005177,0,,unknown
RT-005178,0,,unknown
RT-005179,0,,unknown
RT-005180,0,,unknown
RT-005181,0,,unknown
RT-005182,0,,unknown
RT-005183,0,,unknown
RT-005184,0,,unknown
RT-005185,0,,unknown
RT-005186,0,,unknown
RT-005187,0,,unknown
RT-005188,0,,unknown
RT-005189,0,,unknown
RT-005190,0,,unknown
RT-005191,0,,unknown
RT-005192,0,,unknown
RT-005193,0,,unknown
RT-005194,0,,unknown
RT-005195,0,,unknown
RT-005196,0,,unknown
RT-005197,0,,unknown
RT-005198,0,,unknown
RT-005199,1,23.0,tech_migration
RT-005200,0,,unknown
RT-005201,0,,unknown
RT-005202,0,,unknown
RT-005203,0,,unknown
RT-005204,0,,unknown
RT-005205,0,,unknown
RT-005206,0,,unknown
RT-005207,0,,unknown
RT-005208,1,24.0,tech_migration
RT-005209,0,,unknown
RT-005210,0,,unknown
RT-005211,0,,unknown
RT-005212,0,,unknown
RT-005213,0,,unknown
RT-005214,1,24.0,unknown
RT-005215,0,,unknown
RT-005216,0,,unknown
RT-005217,0,,unknown
RT-005218,0,,unknown
RT-005219,0,,unknown
RT-005220,0,,unknown
RT-005221,0,,unknown
RT-005222,0,,unknown
RT-005223,1,23.0,unknown
RT-005224,0,,unknown
RT-005225,0,,unknown
RT-005226,0,,unknown
RT-005227,0,,unknown
RT-005228,0,,unknown
RT-005229,0,,unknown
RT-005230,0,,unknown
RT-005231,0,,unknown
RT-005232,0,,unknown
RT-005233,0,,unknown
RT-005234,0,,unknown
RT-005235,0,,unknown
RT-005236,1,22.0,unknown
RT-005237,0,,unknown
RT-005238,0,,unknown
RT-005239,0,,unknown
RT-005240,1,24.0,competitor
RT-005241,0,,unknown
RT-005242,0,,unknown
RT-005243,0,,unknown
RT-005244,1,20.0,unknown
RT-005245,0,,unknown
RT-005246,0,,unknown
RT-005247,0,,unknown
RT-005248,0,,unknown
RT-005249,0,,unknown
RT-005250,0,,unknown
RT-005251,0,,unknown
RT-005252,0,,unknown
RT-005253,0,,unknown
RT-005254,0,,unknown
RT-005255,0,,unknown
RT-005256,0,,unknown
RT-005257,0,,unknown
RT-005258,0,,unknown
RT-005259,0,,unknown
RT-005260,0,,unknown
RT-005261,0,,unknown
RT-005262,0,,unknown
RT-005263,0,,unknown
RT-005264,0,,unknown
RT-005265,0,,unknown
RT-005266,0,,unknown
RT-005267,0,,unknown
RT-005268,0,,unknown
RT-005269,0,,unknown
RT-005270,0,,unknown
RT-005271,1,23.0,tech_migration
RT-005272,0,,unknown
RT-005273,0,,unknown
RT-005274,0,,unknown
RT-005275,0,,unknown
RT-005276,0,,unknown
RT-005277,0,,unknown
RT-005278,0,,unknown
RT-005279,0,,unknown
RT-005280,0,,unknown
RT-005281,0,,unknown
RT-005282,0,,unknown
RT-005283,0,,unknown
RT-005284,0,,unknown
RT-005285,1,24.0,price
RT-005286,0,,unknown
RT-005287,0,,unknown
RT-005288,0,,unknown
RT-005289,0,,unknown
RT-005290,0,,unknown
RT-005291,0,,unknown
RT-005292,0,,unknown
RT-005293,0,,unknown
RT-005294,0,,unknown
RT-005295,1,20.0,price
RT-005296,0,,unknown
RT-005297,0,,unknown
RT-005298,0,,unknown
RT-005299,0,,unknown
RT-005300,0,,unknown
RT-005301,0,,unknown
RT-005302,1,21.0,unknown
RT-005303,0,,unknown
RT-005304,0,,unknown
RT-005305,0,,unknown
RT-005306,0,,unknown
RT-005307,1,20.0,tech_migration
RT-005308,0,,unknown
RT-005309,0,,unknown
RT-005310,0,,unknown
RT-005311,0,,unknown
RT-005312,0,,unknown
RT-005313,0,,unknown
RT-005314,0,,unknown
RT-005315,0,,unknown
RT-005316,0,,unknown
RT-005317,0,,unknown
RT-005318,0,,unknown
RT-005319,0,,unknown
RT-005320,0,,unknown
RT-005321,0,,unknown
RT-005322,0,,unknown
RT-005323,0,,unknown
RT-005324,0,,unknown
RT-005325,0,,unknown
RT-005326,0,,unknown
RT-005327,0,,unknown
RT-005328,0,,unknown
RT-005329,0,,unknown
RT-005330,0,,unknown
RT-005331,0,,unknown
RT-005332,0,,unknown
RT-005333,0,,unknown
RT-005334,1,19.0,price
RT-005335,0,,unknown
RT-005336,0,,unknown
RT-005337,1,21.0,tech_migration
RT-005338,0,,unknown
RT-005339,0,,unknown
RT-005340,1,21.0,unknown
RT-005341,0,,unknown
RT-005342,0,,unknown
RT-005343,0,,unknown
RT-005344,0,,unknown
RT-005345,0,,unknown
RT-005346,0,,unknown
RT-005347,0,,unknown
RT-005348,0,,unknown
RT-005349,0,,unknown
RT-005350,0,,unknown
RT-005351,0,,unknown
RT-005352,0,,unknown
RT-005353,0,,unknown
RT-005354,1,22.0,competitor
RT-005355,0,,unknown
RT-005356,1,24.0,tech_migration
RT-005357,0,,unknown
RT-005358,0,,unknown
RT-005359,0,,unknown
RT-005360,1,24.0,price
RT-005361,0,,unknown
RT-005362,0,,unknown
RT-005363,0,,unknown
RT-005364,0,,unknown
RT-005365,0,,unknown
RT-005366,0,,unknown
RT-005367,0,,unknown
RT-005368,0,,unknown
RT-005369,0,,unknown
RT-005370,0,,unknown
RT-005371,0,,unknown
RT-005372,0,,unknown
RT-005373,0,,unknown
RT-005374,0,,unknown
RT-005375,0,,unknown
RT-005376,0,,unknown
RT-005377,0,,unknown
RT-005378,0,,unknown
RT-005379,0,,unknown
RT-005380,1,20.0,quality
RT-005381,0,,unknown
RT-005382,0,,unknown
RT-005383,0,,unknown
RT-005384,0,,unknown
RT-005385,0,,unknown
RT-005386,0,,unknown
RT-005387,0,,unknown
RT-005388,0,,unknown
RT-005389,0,,unknown
RT-005390,1,23.0,tech_migration
RT-005391,0,,unknown
RT-005392,0,,unknown
RT-005393,0,,unknown
RT-005394,0,,unknown
RT-005395,0,,unknown
RT-005396,0,,unknown
RT-005397,0,,unknown
RT-005398,0,,unknown
RT-005399,1,19.0,price
RT-005400,0,,unknown
RT-005401,0,,unknown
RT-005402,0,,unknown
RT-005403,1,20.0,price
RT-005404,0,,unknown
RT-005405,0,,unknown
RT-005406,0,,unknown
RT-005407,0,,unknown
RT-005408,0,,unknown
RT-005409,0,,unknown
RT-005410,0,,unknown
RT-005411,0,,unknown
RT-005412,0,,unknown
RT-005413,0,,unknown
RT-005414,1,24.0,quality
RT-005415,0,,unknown
RT-005416,0,,unknown
RT-005417,0,,unknown
RT-005418,0,,unknown
RT-005419,0,,unknown
RT-005420,0,,unknown
RT-005421,0,,unknown
RT-005422,0,,unknown
RT-005423,0,,unknown
RT-005424,0,,unknown
RT-005425,0,,unknown
RT-005426,0,,unknown
RT-005427,0,,unknown
RT-005428,0,,unknown
RT-005429,0,,unknown
RT-005430,0,,unknown
RT-005431,0,,unknown
RT-005432,0,,unknown
RT-005433,0,,unknown
RT-005434,0,,unknown
RT-005435,0,,unknown
RT-005436,0,,unknown
RT-005437,0,,unknown
RT-005438,0,,unknown
RT-005439,0,,unknown
RT-005440,0,,unknown
RT-005441,0,,unknown
RT-005442,0,,unknown
RT-005443,0,,unknown
RT-005444,0,,unknown
RT-005445,0,,unknown
RT-005446,0,,unknown
RT-005447,0,,unknown
RT-005448,0,,unknown
RT-005449,0,,unknown
RT-005450,0,,unknown
RT-005451,0,,unknown
RT-005452,0,,unknown
RT-005453,1,24.0,competitor
RT-005454,0,,unknown
RT-005455,0,,unknown
RT-005456,1,20.0,unknown
RT-005457,1,21.0,competitor
RT-005458,0,,unknown
RT-005459,0,,unknown
RT-005460,0,,unknown
RT-005461,0,,unknown
RT-005462,0,,unknown
RT-005463,0,,unknown
RT-005464,1,22.0,competitor
RT-005465,0,,unknown
RT-005466,0,,unknown
RT-005467,0,,unknown
RT-005468,0,,unknown
RT-005469,0,,unknown
RT-005470,0,,unknown
RT-005471,0,,unknown
RT-005472,0,,unknown
RT-005473,0,,unknown
RT-005474,0,,unknown
RT-005475,0,,unknown
RT-005476,0,,unknown
RT-005477,0,,unknown
RT-005478,0,,unknown
RT-005479,0,,unknown
RT-005480,1,23.0,tech_migration
RT-005481,0,,unknown
RT-005482,1,19.0,competitor
RT-005483,0,,unknown
RT-005484,0,,unknown
RT-005485,0,,unknown
RT-005486,1,23.0,unknown
RT-005487,0,,unknown
RT-005488,0,,unknown
RT-005489,0,,unknown
RT-005490,0,,unknown
RT-005491,0,,unknown
RT-005492,0,,unknown
RT-005493,0,,unknown
RT-005494,0,,unknown
RT-005495,0,,unknown
RT-005496,0,,unknown
RT-005497,0,,unknown
RT-005498,0,,unknown
RT-005499,0,,unknown
RT-005500,0,,unknown
RT-005501,0,,unknown
RT-005502,0,,unknown
RT-005503,0,,unknown
RT-005504,0,,unknown
RT-005505,0,,unknown
RT-005506,0,,unknown
RT-005507,1,24.0,competitor
RT-005508,0,,unknown
RT-005509,0,,unknown
RT-005510,0,,unknown
RT-005511,0,,unknown
RT-005512,1,24.0,unknown
RT-005513,0,,unknown
RT-005514,0,,unknown
RT-005515,0,,unknown
RT-005516,0,,unknown
RT-005517,0,,unknown
RT-005518,0,,unknown
RT-005519,0,,unknown
RT-005520,0,,unknown
RT-005521,0,,unknown
RT-005522,0,,unknown
RT-005523,0,,unknown
RT-005524,1,24.0,tech_migration
RT-005525,0,,unknown
RT-005526,0,,unknown
RT-005527,0,,unknown
RT-005528,0,,unknown
RT-005529,1,24.0,tech_migration
RT-005530,0,,unknown
RT-005531,0,,unknown
RT-005532,0,,unknown
RT-005533,0,,unknown
RT-005534,0,,unknown
RT-005535,0,,unknown
RT-005536,0,,unknown
RT-005537,0,,unknown
RT-005538,0,,unknown
RT-005539,0,,unknown
RT-005540,0,,unknown
RT-005541,0,,unknown
RT-005542,0,,unknown
RT-005543,0,,unknown
RT-005544,1,24.0,price
RT-005545,0,,unknown
RT-005546,0,,unknown
RT-005547,1,23.0,tech_migration
RT-005548,0,,unknown
RT-005549,0,,unknown
RT-005550,1,24.0,unknown
RT-005551,0,,unknown
RT-005552,0,,unknown
RT-005553,0,,unknown
RT-005554,0,,unknown
RT-005555,0,,unknown
RT-005556,0,,unknown
RT-005557,0,,unknown
RT-005558,0,,unknown
RT-005559,0,,unknown
RT-005560,0,,unknown
RT-005561,1,24.0,tech_migration
RT-005562,0,,unknown
RT-005563,0,,unknown
RT-005564,0,,unknown
RT-005565,0,,unknown
RT-005566,0,,unknown
RT-005567,0,,unknown
RT-005568,0,,unknown
RT-005569,0,,unknown
RT-005570,0,,unknown
RT-005571,0,,unknown
RT-005572,0,,unknown
RT-005573,0,,unknown
RT-005574,0,,unknown
RT-005575,0,,unknown
RT-005576,0,,unknown
RT-005577,0,,unknown
RT-005578,0,,unknown
RT-005579,0,,unknown
RT-005580,0,,unknown
RT-005581,0,,unknown
RT-005582,0,,unknown
RT-005583,0,,unknown
RT-005584,0,,unknown
RT-005585,0,,unknown
RT-005586,0,,unknown
RT-005587,0,,unknown
RT-005588,0,,unknown
RT-005589,0,,unknown
RT-005590,0,,unknown
RT-005591,0,,unknown
RT-005592,0,,unknown
RT-005593,0,,unknown
RT-005594,1,24.0,price
RT-005595,0,,unknown
RT-005596,0,,unknown
RT-005597,0,,unknown
RT-005598,0,,unknown
RT-005599,1,22.0,tech_migration
RT-005600,0,,unknown
RT-005601,0,,unknown
RT-005602,0,,unknown
RT-005603,0,,unknown
RT-005604,1,23.0,quality
RT-005605,0,,unknown
RT-005606,0,,unknown
RT-005607,0,,unknown
RT-005608,0,,unknown
RT-005609,0,,unknown
RT-005610,0,,unknown
RT-005611,0,,unknown
RT-005612,0,,unknown
RT-005613,0,,unknown
RT-005614,0,,unknown
RT-005615,0,,unknown
RT-005616,0,,unknown
RT-005617,0,,unknown
RT-005618,0,,unknown
RT-005619,0,,unknown
RT-005620,0,,unknown
RT-005621,0,,unknown
RT-005622,0,,unknown
RT-005623,0,,unknown
RT-005624,0,,unknown
RT-005625,0,,unknown
RT-005626,0,,unknown
RT-005627,0,,unknown
RT-005628,0,,unknown
RT-005629,0,,unknown
RT-005630,0,,unknown
RT-005631,0,,unknown
RT-005632,0,,unknown
RT-005633,0,,unknown
RT-005634,0,,unknown
RT-005635,0,,unknown
RT-005636,0,,unknown
RT-005637,0,,unknown
RT-005638,0,,unknown
RT-005639,0,,unknown
RT-005640,0,,unknown
RT-005641,0,,unknown
RT-005642,0,,unknown
RT-005643,1,23.0,tech_migration
RT-005644,0,,unknown
RT-005645,0,,unknown
RT-005646,0,,unknown
RT-005647,0,,unknown
RT-005648,0,,unknown
RT-005649,0,,unknown
RT-005650,0,,unknown
RT-005651,0,,unknown
RT-005652,0,,unknown
RT-005653,0,,unknown
RT-005654,0,,unknown
RT-005655,0,,unknown
RT-005656,0,,unknown
RT-005657,0,,unknown
RT-005658,0,,unknown
RT-005659,0,,unknown
RT-005660,0,,unknown
RT-005661,0,,unknown
RT-005662,0,,unknown
RT-005663,0,,unknown
RT-005664,0,,unknown
RT-005665,0,,unknown
RT-005666,1,19.0,tech_migration
RT-005667,0,,unknown
RT-005668,1,24.0,price
RT-005669,0,,unknown
RT-005670,0,,unknown
RT-005671,1,19.0,price
RT-005672,0,,unknown
RT-005673,0,,unknown
RT-005674,0,,unknown
RT-005675,1,21.0,quality
RT-005676,0,,unknown
RT-005677,0,,unknown
RT-005678,0,,unknown
RT-005679,0,,unknown
RT-005680,0,,unknown
RT-005681,0,,unknown
RT-005682,1,23.0,competitor
RT-005683,0,,unknown
RT-005684,0,,unknown
RT-005685,0,,unknown
RT-005686,0,,unknown
RT-005687,0,,unknown
RT-005688,1,20.0,competitor
RT-005689,0,,unknown
RT-005690,0,,unknown
RT-005691,0,,unknown
RT-005692,0,,unknown
RT-005693,0,,unknown
RT-005694,1,24.0,quality
RT-005695,0,,unknown
RT-005696,0,,unknown
RT-005697,1,23.0,competitor
RT-005698,0,,unknown
RT-005699,0,,unknown
RT-005700,0,,unknown
RT-005701,0,,unknown
RT-005702,0,,unknown
RT-005703,0,,unknown
RT-005704,0,,unknown
RT-005705,0,,unknown
RT-005706,0,,unknown
RT-005707,0,,unknown
RT-005708,0,,unknown
RT-005709,0,,unknown
RT-005710,0,,unknown
RT-005711,0,,unknown
RT-005712,0,,unknown
RT-005713,0,,unknown
RT-005714,0,,unknown
RT-005715,0,,unknown
RT-005716,0,,unknown
RT-005717,0,,unknown
RT-005718,0,,unknown
RT-005719,0,,unknown
RT-005720,1,19.0,unknown
RT-005721,0,,unknown
RT-005722,0,,unknown
RT-005723,0,,unknown
RT-005724,0,,unknown
RT-005725,0,,unknown
RT-005726,0,,unknown
RT-005727,0,,unknown
RT-005728,0,,unknown
RT-005729,0,,unknown
RT-005730,0,,unknown
RT-005731,0,,unknown
RT-005732,0,,unknown
RT-005733,1,22.0,tech_migration
RT-005734,0,,unknown
RT-005735,0,,unknown
RT-005736,0,,unknown
RT-005737,0,,unknown
RT-005738,0,,unknown
RT-005739,0,,unknown
RT-005740,0,,unknown
RT-005741,0,,unknown
RT-005742,0,,unknown
RT-005743,0,,unknown
RT-005744,1,23.0,quality
RT-005745,0,,unknown
RT-005746,0,,unknown
RT-005747,0,,unknown
RT-005748,0,,unknown
RT-005749,0,,unknown
RT-005750,0,,unknown
RT-005751,0,,unknown
RT-005752,0,,unknown
RT-005753,0,,unknown
RT-005754,0,,unknown
RT-005755,0,,unknown
RT-005756,0,,unknown
RT-005757,0,,unknown
RT-005758,0,,unknown
RT-005759,0,,unknown
RT-005760,0,,unknown
RT-005761,0,,unknown
RT-005762,0,,unknown
RT-005763,0,,unknown
RT-005764,1,19.0,tech_migration
RT-005765,0,,unknown
RT-005766,0,,unknown
RT-005767,0,,unknown
RT-005768,0,,unknown
RT-005769,0,,unknown
RT-005770,0,,unknown
RT-005771,0,,unknown
RT-005772,0,,unknown
RT-005773,0,,unknown
RT-005774,1,24.0,unknown
RT-005775,0,,unknown
RT-005776,0,,unknown
RT-005777,0,,unknown
RT-005778,0,,unknown
RT-005779,0,,unknown
RT-005780,0,,unknown
RT-005781,0,,unknown
RT-005782,1,23.0,tech_migration
RT-005783,0,,unknown
RT-005784,0,,unknown
RT-005785,0,,unknown
RT-005786,0,,unknown
RT-005787,0,,unknown
RT-005788,1,20.0,price
RT-005789,0,,unknown
RT-005790,0,,unknown
RT-005791,0,,unknown
RT-005792,0,,unknown
RT-005793,0,,unknown
RT-005794,0,,unknown
RT-005795,0,,unknown
RT-005796,1,24.0,quality
RT-005797,0,,unknown
RT-005798,0,,unknown
RT-005799,0,,unknown
RT-005800,0,,unknown
RT-005801,0,,unknown
RT-005802,0,,unknown
RT-005803,0,,unknown
RT-005804,0,,unknown
RT-005805,0,,unknown
RT-005806,0,,unknown
RT-005807,0,,unknown
RT-005808,0,,unknown
RT-005809,1,23.0,unknown
RT-005810,0,,unknown
RT-005811,0,,unknown
RT-005812,1,24.0,unknown
RT-005813,0,,unknown
RT-005814,0,,unknown
RT-005815,0,,unknown
RT-005816,0,,unknown
RT-005817,0,,unknown
RT-005818,0,,unknown
RT-005819,0,,unknown
RT-005820,0,,unknown
RT-005821,0,,unknown
RT-005822,0,,unknown
RT-005823,0,,unknown
RT-005824,0,,unknown
RT-005825,0,,unknown
RT-005826,0,,unknown
RT-005827,0,,unknown
RT-005828,0,,unknown
RT-005829,0,,unknown
RT-005830,0,,unknown
RT-005831,0,,unknown
RT-005832,0,,unknown
RT-005833,1,20.0,price
RT-005834,0,,unknown
RT-005835,0,,unknown
RT-005836,0,,unknown
RT-005837,0,,unknown
RT-005838,0,,unknown
RT-005839,0,,unknown
RT-005840,1,20.0,quality
RT-005841,0,,unknown
RT-005842,0,,unknown
RT-005843,1,24.0,price
RT-005844,0,,unknown
RT-005845,0,,unknown
RT-005846,0,,unknown
RT-005847,0,,unknown
RT-005848,0,,unknown
RT-005849,0,,unknown
RT-005850,0,,unknown
RT-005851,0,,unknown
RT-005852,0,,unknown
RT-005853,0,,unknown
RT-005854,0,,unknown
RT-005855,0,,unknown
RT-005856,0,,unknown
RT-005857,0,,unknown
RT-005858,0,,unknown
RT-005859,0,,unknown
RT-005860,0,,unknown
RT-005861,0,,unknown
RT-005862,0,,unknown
RT-005863,0,,unknown
RT-005864,0,,unknown
RT-005865,0,,unknown
RT-005866,0,,unknown
RT-005867,0,,unknown
RT-005868,0,,unknown
RT-005869,0,,unknown
RT-005870,0,,unknown
RT-005871,0,,unknown
RT-005872,0,,unknown
RT-005873,0,,unknown
RT-005874,0,,unknown
RT-005875,0,,unknown
RT-005876,0,,unknown
RT-005877,0,,unknown
RT-005878,0,,unknown
RT-005879,0,,unknown
RT-005880,0,,unknown
RT-005881,0,,unknown
RT-005882,0,,unknown
RT-005883,0,,unknown
RT-005884,0,,unknown
RT-005885,0,,unknown
RT-005886,0,,unknown
RT-005887,0,,unknown
RT-005888,0,,unknown
RT-005889,0,,unknown
RT-005890,0,,unknown
RT-005891,1,22.0,tech_migration
RT-005892,0,,unknown
RT-005893,0,,unknown
RT-005894,0,,unknown
RT-005895,0,,unknown
RT-005896,0,,unknown
RT-005897,0,,unknown
RT-005898,0,,unknown
RT-005899,0,,unknown
RT-005900,0,,unknown
RT-005901,0,,unknown
RT-005902,1,24.0,unknown
RT-005903,0,,unknown
RT-005904,0,,unknown
RT-005905,0,,unknown
RT-005906,1,20.0,unknown
RT-005907,0,,unknown
RT-005908,0,,unknown
RT-005909,0,,unknown
RT-005910,0,,unknown
RT-005911,0,,unknown
RT-005912,0,,unknown
RT-005913,0,,unknown
RT-005914,0,,unknown
RT-005915,0,,unknown
RT-005916,0,,unknown
RT-005917,0,,unknown
RT-005918,0,,unknown
RT-005919,0,,unknown
RT-005920,0,,unknown
RT-005921,0,,unknown
RT-005922,1,21.0,unknown
RT-005923,0,,unknown
RT-005924,0,,unknown
RT-005925,0,,unknown
RT-005926,0,,unknown
RT-005927,0,,unknown
RT-005928,0,,unknown
RT-005929,0,,unknown
RT-005930,0,,unknown
RT-005931,0,,unknown
RT-005932,0,,unknown
RT-005933,0,,unknown
RT-005934,0,,unknown
RT-005935,0,,unknown
RT-005936,0,,unknown
RT-005937,0,,unknown
RT-005938,0,,unknown
RT-005939,0,,unknown
RT-005940,0,,unknown
RT-005941,0,,unknown
RT-005942,0,,unknown
RT-005943,0,,unknown
RT-005944,0,,unknown
RT-005945,0,,unknown
RT-005946,0,,unknown
RT-005947,0,,unknown
RT-005948,0,,unknown
RT-005949,0,,unknown
RT-005950,0,,unknown
RT-005951,0,,unknown
RT-005952,0,,unknown
RT-005953,0,,unknown
RT-005954,0,,unknown
RT-005955,0,,unknown
RT-005956,0,,unknown
RT-005957,0,,unknown
RT-005958,1,24.0,competitor
RT-005959,1,22.0,tech_migration
RT-005960,0,,unknown
RT-005961,0,,unknown
RT-005962,0,,unknown
RT-005963,0,,unknown
RT-005964,0,,unknown
RT-005965,0,,unknown
RT-005966,0,,unknown
RT-005967,0,,unknown
RT-005968,0,,unknown
RT-005969,0,,unknown
RT-005970,0,,unknown
RT-005971,0,,unknown
RT-005972,0,,unknown
RT-005973,1,24.0,quality
RT-005974,0,,unknown
RT-005975,1,20.0,tech_migration
RT-005976,0,,unknown
RT-005977,0,,unknown
RT-005978,0,,unknown
RT-005979,0,,unknown
RT-005980,0,,unknown
RT-005981,0,,unknown
RT-005982,0,,unknown
RT-005983,0,,unknown
RT-005984,0,,unknown
RT-005985,0,,unknown
RT-005986,1,24.0,quality
RT-005987,0,,unknown
RT-005988,0,,unknown
RT-005989,0,,unknown
RT-005990,0,,unknown
RT-005991,0,,unknown
RT-005992,0,,unknown
RT-005993,0,,unknown
RT-005994,0,,unknown
RT-005995,0,,unknown
RT-005996,0,,unknown
RT-005997,0,,unknown
RT-005998,0,,unknown
RT-005999,0,,unknown
RT-006000,0,,unknown
RT-006001,0,,unknown
RT-006002,0,,unknown
RT-006003,0,,unknown
RT-006004,0,,unknown
RT-006005,0,,unknown
RT-006006,0,,unknown
RT-006007,0,,unknown
RT-006008,0,,unknown
RT-006009,0,,unknown
RT-006010,0,,unknown
RT-006011,0,,unknown
RT-006012,0,,unknown
RT-006013,0,,unknown
RT-006014,0,,unknown
RT-006015,0,,unknown
RT-006016,0,,unknown
RT-006017,0,,unknown
RT-006018,0,,unknown
RT-006019,0,,unknown
RT-006020,0,,unknown
RT-006021,0,,unknown
RT-006022,0,,unknown
RT-006023,0,,unknown
RT-006024,0,,unknown
RT-006025,0,,unknown
RT-006026,1,23.0,unknown
RT-006027,0,,unknown
RT-006028,0,,unknown
RT-006029,0,,unknown
RT-006030,0,,unknown
RT-006031,0,,unknown
RT-006032,0,,unknown
RT-006033,0,,unknown
RT-006034,0,,unknown
RT-006035,1,24.0,tech_migration
RT-006036,0,,unknown
RT-006037,0,,unknown
RT-006038,1,19.0,competitor
RT-006039,0,,unknown
RT-006040,0,,unknown
RT-006041,0,,unknown
RT-006042,0,,unknown
RT-006043,0,,unknown
RT-006044,0,,unknown
RT-006045,0,,unknown
RT-006046,0,,unknown
RT-006047,0,,unknown
RT-006048,0,,unknown
RT-006049,1,24.0,price
RT-006050,0,,unknown
RT-006051,0,,unknown
RT-006052,0,,unknown
RT-006053,1,24.0,unknown
RT-006054,0,,unknown
RT-006055,0,,unknown
RT-006056,1,24.0,unknown
RT-006057,0,,unknown
RT-006058,0,,unknown
RT-006059,0,,unknown
RT-006060,0,,unknown
RT-006061,0,,unknown
RT-006062,0,,unknown
RT-006063,0,,unknown
RT-006064,0,,unknown
RT-006065,0,,unknown
RT-006066,0,,unknown
RT-006067,0,,unknown
RT-006068,0,,unknown
RT-006069,0,,unknown
RT-006070,0,,unknown
RT-006071,0,,unknown
RT-006072,0,,unknown
RT-006073,0,,unknown
RT-006074,0,,unknown
RT-006075,0,,unknown
RT-006076,0,,unknown
RT-006077,0,,unknown
RT-006078,0,,unknown
RT-006079,0,,unknown
RT-006080,0,,unknown
RT-006081,0,,unknown
RT-006082,0,,unknown
RT-006083,0,,unknown
RT-006084,1,22.0,unknown
RT-006085,0,,unknown
RT-006086,0,,unknown
RT-006087,1,19.0,price
RT-006088,0,,unknown
RT-006089,0,,unknown
RT-006090,0,,unknown
RT-006091,0,,unknown
RT-006092,0,,unknown
RT-006093,0,,unknown
RT-006094,0,,unknown
RT-006095,0,,unknown
RT-006096,0,,unknown
RT-006097,0,,unknown
RT-006098,0,,unknown
RT-006099,0,,unknown
RT-006100,0,,unknown
RT-006101,0,,unknown
RT-006102,1,24.0,competitor
RT-006103,1,19.0,price
RT-006104,0,,unknown
RT-006105,0,,unknown
RT-006106,0,,unknown
RT-006107,1,20.0,tech_migration
RT-006108,1,20.0,unknown
RT-006109,0,,unknown
RT-006110,0,,unknown
RT-006111,0,,unknown
RT-006112,0,,unknown
RT-006113,0,,unknown
RT-006114,0,,unknown
RT-006115,1,19.0,unknown
RT-006116,0,,unknown
RT-006117,0,,unknown
RT-006118,0,,unknown
RT-006119,0,,unknown
RT-006120,0,,unknown
RT-006121,0,,unknown
RT-006122,0,,unknown
RT-006123,0,,unknown
RT-006124,0,,unknown
RT-006125,0,,unknown
RT-006126,0,,unknown
RT-006127,0,,unknown
RT-006128,0,,unknown
RT-006129,1,24.0,price
RT-006130,0,,unknown
RT-006131,0,,unknown
RT-006132,0,,unknown
RT-006133,1,20.0,tech_migration
RT-006134,0,,unknown
RT-006135,0,,unknown
RT-006136,0,,unknown
RT-006137,0,,unknown
RT-006138,0,,unknown
RT-006139,0,,unknown
RT-006140,0,,unknown
RT-006141,0,,unknown
RT-006142,0,,unknown
RT-006143,0,,unknown
RT-006144,0,,unknown
RT-006145,0,,unknown
RT-006146,0,,unknown
RT-006147,0,,unknown
RT-006148,0,,unknown
RT-006149,1,22.0,unknown
RT-006150,0,,unknown
RT-006151,0,,unknown
RT-006152,0,,unknown
RT-006153,0,,unknown
RT-006154,0,,unknown
RT-006155,0,,unknown
RT-006156,0,,unknown
RT-006157,0,,unknown
RT-006158,0,,unknown
RT-006159,1,19.0,price
RT-006160,0,,unknown
RT-006161,0,,unknown
RT-006162,0,,unknown
RT-006163,0,,unknown
RT-006164,0,,unknown
RT-006165,0,,unknown
RT-006166,0,,unknown
RT-006167,0,,unknown
RT-006168,0,,unknown
RT-006169,0,,unknown
RT-006170,0,,unknown
RT-006171,0,,unknown
RT-006172,0,,unknown
RT-006173,0,,unknown
RT-006174,0,,unknown
RT-006175,0,,unknown
RT-006176,0,,unknown
RT-006177,0,,unknown
RT-006178,0,,unknown
RT-006179,0,,unknown
RT-006180,0,,unknown
RT-006181,0,,unknown
RT-006182,0,,unknown
RT-006183,1,23.0,competitor
RT-006184,0,,unknown
RT-006185,0,,unknown
RT-006186,0,,unknown
RT-006187,0,,unknown
RT-006188,0,,unknown
RT-006189,0,,unknown
RT-006190,0,,unknown
RT-006191,0,,unknown
RT-006192,0,,unknown
RT-006193,0,,unknown
RT-006194,0,,unknown
RT-006195,0,,unknown
RT-006196,0,,unknown
RT-006197,0,,unknown
RT-006198,0,,unknown
RT-006199,0,,unknown
RT-006200,0,,unknown
RT-006201,0,,unknown
RT-006202,0,,unknown
RT-006203,0,,unknown
RT-006204,0,,unknown
RT-006205,0,,unknown
RT-006206,0,,unknown
RT-006207,0,,unknown
RT-006208,1,23.0,price
RT-006209,0,,unknown
RT-006210,0,,unknown
RT-006211,1,24.0,competitor
RT-006212,0,,unknown
RT-006213,0,,unknown
RT-006214,0,,unknown
RT-006215,0,,unknown
RT-006216,0,,unknown
RT-006217,0,,unknown
RT-006218,0,,unknown
RT-006219,0,,unknown
RT-006220,0,,unknown
RT-006221,0,,unknown
RT-006222,0,,unknown
RT-006223,0,,unknown
RT-006224,0,,unknown
RT-006225,0,,unknown
RT-006226,0,,unknown
RT-006227,0,,unknown
RT-006228,0,,unknown
RT-006229,1,24.0,unknown
RT-006230,0,,unknown
RT-006231,0,,unknown
RT-006232,0,,unknown
RT-006233,0,,unknown
RT-006234,0,,unknown
RT-006235,1,24.0,unknown
RT-006236,0,,unknown
RT-006237,1,22.0,price
RT-006238,0,,unknown
RT-006239,0,,unknown
RT-006240,0,,unknown
RT-006241,0,,unknown
RT-006242,0,,unknown
RT-006243,0,,unknown
RT-006244,0,,unknown
RT-006245,0,,unknown
RT-006246,0,,unknown
RT-006247,0,,unknown
RT-006248,0,,unknown
RT-006249,0,,unknown
RT-006250,0,,unknown
RT-006251,0,,unknown
RT-006252,0,,unknown
RT-006253,0,,unknown
RT-006254,0,,unknown
RT-006255,0,,unknown
RT-006256,0,,unknown
RT-006257,0,,unknown
RT-006258,0,,unknown
RT-006259,0,,unknown
RT-006260,0,,unknown
RT-006261,0,,unknown
RT-006262,0,,unknown
RT-006263,0,,unknown
RT-006264,0,,unknown
RT-006265,0,,unknown
RT-006266,0,,unknown
RT-006267,0,,unknown
RT-006268,1,19.0,quality
RT-006269,0,,unknown
RT-006270,0,,unknown
RT-006271,0,,unknown
RT-006272,0,,unknown
RT-006273,0,,unknown
RT-006274,0,,unknown
RT-006275,0,,unknown
RT-006276,0,,unknown
RT-006277,0,,unknown
RT-006278,0,,unknown
RT-006279,0,,unknown
RT-006280,0,,unknown
RT-006281,1,19.0,tech_migration
RT-006282,0,,unknown
RT-006283,0,,unknown
RT-006284,0,,unknown
RT-006285,0,,unknown
RT-006286,0,,unknown
RT-006287,0,,unknown
RT-006288,0,,unknown
RT-006289,0,,unknown
RT-006290,0,,unknown
RT-006291,0,,unknown
RT-006292,0,,unknown
RT-006293,0,,unknown
RT-006294,0,,unknown
RT-006295,0,,unknown
RT-006296,0,,unknown
RT-006297,0,,unknown
RT-006298,0,,unknown
RT-006299,0,,unknown
RT-006300,1,21.0,tech_migration
RT-006301,0,,unknown
RT-006302,0,,unknown
RT-006303,0,,unknown
RT-006304,0,,unknown
RT-006305,0,,unknown
RT-006306,0,,unknown
RT-006307,0,,unknown
RT-006308,0,,unknown
RT-006309,0,,unknown
RT-006310,0,,unknown
RT-006311,1,22.0,quality
RT-006312,0,,unknown
RT-006313,0,,unknown
RT-006314,0,,unknown
RT-006315,0,,unknown
RT-006316,0,,unknown
RT-006317,0,,unknown
RT-006318,0,,unknown
RT-006319,0,,unknown
RT-006320,0,,unknown
RT-006321,0,,unknown
RT-006322,0,,unknown
RT-006323,0,,unknown
RT-006324,0,,unknown
RT-006325,0,,unknown
RT-006326,0,,unknown
RT-006327,0,,unknown
RT-006328,0,,unknown
RT-006329,0,,unknown
RT-006330,1,19.0,quality
RT-006331,0,,unknown
RT-006332,0,,unknown
RT-006333,0,,unknown
RT-006334,0,,unknown
RT-006335,0,,unknown
RT-006336,0,,unknown
RT-006337,0,,unknown
RT-006338,0,,unknown
RT-006339,0,,unknown
RT-006340,0,,unknown
RT-006341,1,22.0,price
RT-006342,0,,unknown
RT-006343,0,,unknown
RT-006344,0,,unknown
RT-006345,0,,unknown
RT-006346,0,,unknown
RT-006347,0,,unknown
RT-006348,0,,unknown
RT-006349,0,,unknown
RT-006350,0,,unknown
RT-006351,0,,unknown
RT-006352,1,21.0,unknown
RT-006353,0,,unknown
RT-006354,0,,unknown
RT-006355,0,,unknown
RT-006356,0,,unknown
RT-006357,0,,unknown
RT-006358,0,,unknown
RT-006359,0,,unknown
RT-006360,0,,unknown
RT-006361,0,,unknown
RT-006362,1,24.0,competitor
RT-006363,0,,unknown
RT-006364,0,,unknown
RT-006365,0,,unknown
RT-006366,0,,unknown
RT-006367,0,,unknown
RT-006368,0,,unknown
RT-006369,1,19.0,tech_migration
RT-006370,0,,unknown
RT-006371,0,,unknown
RT-006372,1,23.0,quality
RT-006373,0,,unknown
RT-006374,0,,unknown
RT-006375,1,23.0,price
RT-006376,0,,unknown
RT-006377,0,,unknown
RT-006378,0,,unknown
RT-006379,0,,unknown
RT-006380,0,,unknown
RT-006381,0,,unknown
RT-006382,0,,unknown
RT-006383,0,,unknown
RT-006384,0,,unknown
RT-006385,0,,unknown
RT-006386,0,,unknown
RT-006387,0,,unknown
RT-006388,0,,unknown
RT-006389,0,,unknown
RT-006390,0,,unknown
RT-006391,1,19.0,price
RT-006392,0,,unknown
RT-006393,0,,unknown
RT-006394,0,,unknown
RT-006395,1,19.0,tech_migration
RT-006396,0,,unknown
RT-006397,0,,unknown
RT-006398,0,,unknown
RT-006399,0,,unknown
RT-006400,0,,unknown
RT-006401,0,,unknown
RT-006402,0,,unknown
RT-006403,0,,unknown
RT-006404,0,,unknown
RT-006405,0,,unknown
RT-006406,0,,unknown
RT-006407,0,,unknown
RT-006408,0,,unknown
RT-006409,0,,unknown
RT-006410,0,,unknown
RT-006411,0,,unknown
RT-006412,0,,unknown
RT-006413,0,,unknown
RT-006414,0,,unknown
RT-006415,0,,unknown
RT-006416,0,,unknown
RT-006417,0,,unknown
RT-006418,0,,unknown
RT-006419,0,,unknown
RT-006420,0,,unknown
RT-006421,0,,unknown
RT-006422,0,,unknown
RT-006423,0,,unknown
RT-006424,0,,unknown
RT-006425,0,,unknown
RT-006426,0,,unknown
RT-006427,0,,unknown
RT-006428,0,,unknown
RT-006429,0,,unknown
RT-006430,0,,unknown
RT-006431,0,,unknown
RT-006432,1,20.0,unknown
RT-006433,0,,unknown
RT-006434,0,,unknown
RT-006435,0,,unknown
RT-006436,0,,unknown
RT-006437,0,,unknown
RT-006438,0,,unknown
RT-006439,0,,unknown
RT-006440,0,,unknown
RT-006441,0,,unknown
RT-006442,0,,unknown
RT-006443,1,24.0,price
RT-006444,0,,unknown
RT-006445,0,,unknown
RT-006446,0,,unknown
RT-006447,0,,unknown
RT-006448,0,,unknown
RT-006449,0,,unknown
RT-006450,0,,unknown
RT-006451,0,,unknown
RT-006452,0,,unknown
RT-006453,0,,unknown
RT-006454,0,,unknown
RT-006455,0,,unknown
RT-006456,0,,unknown
RT-006457,0,,unknown
RT-006458,0,,unknown
RT-006459,0,,unknown
RT-006460,0,,unknown
RT-006461,0,,unknown
RT-006462,0,,unknown
RT-006463,1,19.0,tech_migration
RT-006464,0,,unknown
RT-006465,1,20.0,unknown
RT-006466,0,,unknown
RT-006467,0,,unknown
RT-006468,0,,unknown
RT-006469,0,,unknown
RT-006470,0,,unknown
RT-006471,1,24.0,quality
RT-006472,0,,unknown
RT-006473,0,,unknown
RT-006474,0,,unknown
RT-006475,0,,unknown
RT-006476,0,,unknown
RT-006477,1,21.0,unknown
RT-006478,0,,unknown
RT-006479,0,,unknown
RT-006480,0,,unknown
RT-006481,1,23.0,competitor
RT-006482,0,,unknown
RT-006483,0,,unknown
RT-006484,0,,unknown
RT-006485,0,,unknown
RT-006486,0,,unknown
RT-006487,0,,unknown
RT-006488,1,20.0,price
RT-006489,0,,unknown
RT-006490,0,,unknown
RT-006491,0,,unknown
RT-006492,0,,unknown
RT-006493,0,,unknown
RT-006494,0,,unknown
RT-006495,0,,unknown
RT-006496,0,,unknown
RT-006497,0,,unknown
RT-006498,0,,unknown
RT-006499,0,,unknown
RT-006500,0,,unknown
RT-006501,0,,unknown
RT-006502,0,,unknown
RT-006503,0,,unknown
RT-006504,0,,unknown
RT-006505,0,,unknown
RT-006506,0,,unknown
RT-006507,0,,unknown
RT-006508,0,,unknown
RT-006509,0,,unknown
RT-006510,0,,unknown
RT-006511,0,,unknown
RT-006512,0,,unknown
RT-006513,0,,unknown
RT-006514,0,,unknown
RT-006515,0,,unknown
RT-006516,0,,unknown
RT-006517,0,,unknown
RT-006518,0,,unknown
RT-006519,0,,unknown
RT-006520,1,19.0,price
RT-006521,0,,unknown
RT-006522,0,,unknown
RT-006523,0,,unknown
RT-006524,1,24.0,price
RT-006525,0,,unknown
RT-006526,0,,unknown
RT-006527,0,,unknown
RT-006528,0,,unknown
RT-006529,0,,unknown
RT-006530,0,,unknown
RT-006531,0,,unknown
RT-006532,0,,unknown
RT-006533,0,,unknown
RT-006534,0,,unknown
RT-006535,0,,unknown
RT-006536,0,,unknown
RT-006537,0,,unknown
RT-006538,0,,unknown
RT-006539,0,,unknown
RT-006540,0,,unknown
RT-006541,0,,unknown
RT-006542,0,,unknown
RT-006543,0,,unknown
RT-006544,0,,unknown
RT-006545,0,,unknown
RT-006546,0,,unknown
RT-006547,0,,unknown
RT-006548,0,,unknown
RT-006549,0,,unknown
RT-006550,0,,unknown
RT-006551,0,,unknown
RT-006552,1,21.0,quality
RT-006553,0,,unknown
RT-006554,0,,unknown
RT-006555,0,,unknown
RT-006556,0,,unknown
RT-006557,0,,unknown
RT-006558,0,,unknown
RT-006559,0,,unknown
RT-006560,0,,unknown
RT-006561,0,,unknown
RT-006562,0,,unknown
RT-006563,0,,unknown
RT-006564,0,,unknown
RT-006565,0,,unknown
RT-006566,0,,unknown
RT-006567,0,,unknown
RT-006568,0,,unknown
RT-006569,0,,unknown
RT-006570,0,,unknown
RT-006571,0,,unknown
RT-006572,0,,unknown
RT-006573,0,,unknown
RT-006574,0,,unknown
RT-006575,0,,unknown
RT-006576,0,,unknown
RT-006577,0,,unknown
RT-006578,0,,unknown
RT-006579,0,,unknown
RT-006580,0,,unknown
RT-006581,0,,unknown
RT-006582,0,,unknown
RT-006583,0,,unknown
RT-006584,0,,unknown
RT-006585,0,,unknown
RT-006586,0,,unknown
RT-006587,0,,unknown
RT-006588,0,,unknown
RT-006589,0,,unknown
RT-006590,0,,unknown
RT-006591,0,,unknown
RT-006592,0,,unknown
RT-006593,0,,unknown
RT-006594,0,,unknown
RT-006595,0,,unknown
RT-006596,0,,unknown
RT-006597,0,,unknown
RT-006598,0,,unknown
RT-006599,0,,unknown
RT-006600,0,,unknown
RT-006601,0,,unknown
RT-006602,0,,unknown
RT-006603,1,21.0,unknown
RT-006604,0,,unknown
RT-006605,0,,unknown
RT-006606,0,,unknown
RT-006607,0,,unknown
RT-006608,0,,unknown
RT-006609,0,,unknown
RT-006610,0,,unknown
RT-006611,0,,unknown
RT-006612,0,,unknown
RT-006613,0,,unknown
RT-006614,0,,unknown
RT-006615,0,,unknown
RT-006616,0,,unknown
RT-006617,0,,unknown
RT-006618,0,,unknown
RT-006619,0,,unknown
RT-006620,1,21.0,price
RT-006621,0,,unknown
RT-006622,0,,unknown
RT-006623,0,,unknown
RT-006624,0,,unknown
RT-006625,0,,unknown
RT-006626,0,,unknown
RT-006627,0,,unknown
RT-006628,0,,unknown
RT-006629,0,,unknown
RT-006630,0,,unknown
RT-006631,0,,unknown
RT-006632,0,,unknown
RT-006633,0,,unknown
RT-006634,1,22.0,tech_migration
RT-006635,0,,unknown
RT-006636,0,,unknown
RT-006637,0,,unknown
RT-006638,0,,unknown
RT-006639,0,,unknown
RT-006640,0,,unknown
RT-006641,0,,unknown
RT-006642,1,22.0,unknown
RT-006643,0,,unknown
RT-006644,0,,unknown
RT-006645,0,,unknown
RT-006646,0,,unknown
RT-006647,0,,unknown
RT-006648,0,,unknown
RT-006649,0,,unknown
RT-006650,0,,unknown
RT-006651,0,,unknown
RT-006652,0,,unknown
RT-006653,0,,unknown
RT-006654,0,,unknown
RT-006655,0,,unknown
RT-006656,0,,unknown
RT-006657,0,,unknown
RT-006658,0,,unknown
RT-006659,1,20.0,tech_migration
RT-006660,1,20.0,price
RT-006661,0,,unknown
RT-006662,0,,unknown
RT-006663,0,,unknown
RT-006664,0,,unknown
RT-006665,0,,unknown
RT-006666,0,,unknown
RT-006667,0,,unknown
RT-006668,0,,unknown
RT-006669,0,,unknown
RT-006670,0,,unknown
RT-006671,0,,unknown
RT-006672,0,,unknown
RT-006673,0,,unknown
RT-006674,0,,unknown
RT-006675,0,,unknown
RT-006676,1,21.0,unknown
RT-006677,0,,unknown
RT-006678,0,,unknown
RT-006679,1,24.0,unknown
RT-006680,0,,unknown
RT-006681,0,,unknown
RT-006682,0,,unknown
RT-006683,0,,unknown
RT-006684,0,,unknown
RT-006685,0,,unknown
RT-006686,0,,unknown
RT-006687,0,,unknown
RT-006688,0,,unknown
RT-006689,0,,unknown
RT-006690,0,,unknown
RT-006691,0,,unknown
RT-006692,0,,unknown
RT-006693,0,,unknown
RT-006694,0,,unknown
RT-006695,0,,unknown
RT-006696,0,,unknown
RT-006697,0,,unknown
RT-006698,0,,unknown
RT-006699,1,21.0,tech_migration
RT-006700,0,,unknown
RT-006701,0,,unknown
RT-006702,0,,unknown
RT-006703,0,,unknown
RT-006704,0,,unknown
RT-006705,0,,unknown
RT-006706,0,,unknown
RT-006707,0,,unknown
RT-006708,0,,unknown
RT-006709,0,,unknown
RT-006710,0,,unknown
RT-006711,0,,unknown
RT-006712,0,,unknown
RT-006713,1,19.0,competitor
RT-006714,0,,unknown
RT-006715,0,,unknown
RT-006716,0,,unknown
RT-006717,0,,unknown
RT-006718,0,,unknown
RT-006719,1,22.0,quality
RT-006720,0,,unknown
RT-006721,0,,unknown
RT-006722,0,,unknown
RT-006723,0,,unknown
RT-006724,0,,unknown
RT-006725,0,,unknown
RT-006726,1,24.0,unknown
RT-006727,1,19.0,competitor
RT-006728,0,,unknown
RT-006729,0,,unknown
RT-006730,0,,unknown
RT-006731,0,,unknown
RT-006732,1,24.0,unknown
RT-006733,0,,unknown
RT-006734,0,,unknown
RT-006735,0,,unknown
RT-006736,0,,unknown
RT-006737,0,,unknown
RT-006738,0,,unknown
RT-006739,0,,unknown
RT-006740,0,,unknown
RT-006741,0,,unknown
RT-006742,0,,unknown
RT-006743,0,,unknown
RT-006744,0,,unknown
RT-006745,0,,unknown
RT-006746,0,,unknown
RT-006747,0,,unknown
RT-006748,0,,unknown
RT-006749,0,,unknown
RT-006750,0,,unknown
RT-006751,0,,unknown
RT-006752,0,,unknown
RT-006753,0,,unknown
RT-006754,0,,unknown
RT-006755,0,,unknown
RT-006756,0,,unknown
RT-006757,0,,unknown
RT-006758,0,,unknown
RT-006759,1,20.0,price
RT-006760,0,,unknown
RT-006761,0,,unknown
RT-006762,0,,unknown
RT-006763,0,,unknown
RT-006764,0,,unknown
RT-006765,0,,unknown
RT-006766,0,,unknown
RT-006767,0,,unknown
RT-006768,0,,unknown
RT-006769,0,,unknown
RT-006770,0,,unknown
RT-006771,0,,unknown
RT-006772,0,,unknown
RT-006773,0,,unknown
RT-006774,0,,unknown
RT-006775,0,,unknown
RT-006776,0,,unknown
RT-006777,0,,unknown
RT-006778,1,19.0,competitor
RT-006779,0,,unknown
RT-006780,0,,unknown
RT-006781,0,,unknown
RT-006782,0,,unknown
RT-006783,0,,unknown
RT-006784,0,,unknown
RT-006785,0,,unknown
RT-006786,0,,unknown
RT-006787,0,,unknown
RT-006788,0,,unknown
RT-006789,0,,unknown
RT-006790,0,,unknown
RT-006791,0,,unknown
RT-006792,0,,unknown
RT-006793,1,24.0,quality
RT-006794,0,,unknown
RT-006795,0,,unknown
RT-006796,0,,unknown
RT-006797,0,,unknown
RT-006798,0,,unknown
RT-006799,0,,unknown
RT-006800,0,,unknown
RT-006801,0,,unknown
RT-006802,0,,unknown
RT-006803,0,,unknown
RT-006804,0,,unknown
RT-006805,0,,unknown
RT-006806,0,,unknown
RT-006807,0,,unknown
RT-006808,0,,unknown
RT-006809,0,,unknown
RT-006810,0,,unknown
RT-006811,0,,unknown
RT-006812,0,,unknown
RT-006813,0,,unknown
RT-006814,0,,unknown
RT-006815,0,,unknown
RT-006816,0,,unknown
RT-006817,0,,unknown
RT-006818,0,,unknown
RT-006819,0,,unknown
RT-006820,0,,unknown
RT-006821,1,23.0,quality
RT-006822,0,,unknown
RT-006823,0,,unknown
RT-006824,0,,unknown
RT-006825,0,,unknown
RT-006826,0,,unknown
RT-006827,0,,unknown
RT-006828,0,,unknown
RT-006829,1,24.0,tech_migration
RT-006830,0,,unknown
RT-006831,0,,unknown
RT-006832,0,,unknown
RT-006833,0,,unknown
RT-006834,0,,unknown
RT-006835,0,,unknown
RT-006836,0,,unknown
RT-006837,0,,unknown
RT-006838,0,,unknown
RT-006839,0,,unknown
RT-006840,1,20.0,price
RT-006841,0,,unknown
RT-006842,0,,unknown
RT-006843,0,,unknown
RT-006844,0,,unknown
RT-006845,0,,unknown
RT-006846,0,,unknown
RT-006847,1,23.0,unknown
RT-006848,0,,unknown
RT-006849,0,,unknown
RT-006850,1,21.0,tech_migration
RT-006851,0,,unknown
RT-006852,0,,unknown
RT-006853,0,,unknown
RT-006854,0,,unknown
RT-006855,0,,unknown
RT-006856,0,,unknown
RT-006857,0,,unknown
RT-006858,0,,unknown
RT-006859,0,,unknown
RT-006860,1,24.0,unknown
RT-006861,0,,unknown
RT-006862,0,,unknown
RT-006863,0,,unknown
RT-006864,0,,unknown
RT-006865,0,,unknown
RT-006866,0,,unknown
RT-006867,1,24.0,price
RT-006868,0,,unknown
RT-006869,0,,unknown
RT-006870,0,,unknown
RT-006871,0,,unknown
RT-006872,0,,unknown
RT-006873,0,,unknown
RT-006874,0,,unknown
RT-006875,0,,unknown
RT-006876,0,,unknown
RT-006877,0,,unknown
RT-006878,0,,unknown
RT-006879,0,,unknown
RT-006880,0,,unknown
RT-006881,0,,unknown
RT-006882,1,22.0,tech_migration
RT-006883,0,,unknown
RT-006884,0,,unknown
RT-006885,0,,unknown
RT-006886,1,24.0,tech_migration
RT-006887,0,,unknown
RT-006888,0,,unknown
RT-006889,0,,unknown
RT-006890,0,,unknown
RT-006891,0,,unknown
RT-006892,0,,unknown
RT-006893,0,,unknown
RT-006894,0,,unknown
RT-006895,0,,unknown
RT-006896,0,,unknown
RT-006897,0,,unknown
RT-006898,0,,unknown
RT-006899,0,,unknown
RT-006900,0,,unknown
RT-006901,1,24.0,price
RT-006902,0,,unknown
RT-006903,0,,unknown
RT-006904,1,21.0,price
RT-006905,0,,unknown
RT-006906,0,,unknown
RT-006907,0,,unknown
RT-006908,0,,unknown
RT-006909,0,,unknown
RT-006910,0,,unknown
RT-006911,0,,unknown
RT-006912,0,,unknown
RT-006913,0,,unknown
RT-006914,0,,unknown
RT-006915,0,,unknown
RT-006916,0,,unknown
RT-006917,0,,unknown
RT-006918,0,,unknown
RT-006919,0,,unknown
RT-006920,0,,unknown
RT-006921,1,19.0,tech_migration
RT-006922,0,,unknown
RT-006923,0,,unknown
RT-006924,0,,unknown
RT-006925,0,,unknown
RT-006926,0,,unknown
RT-006927,0,,unknown
RT-006928,0,,unknown
RT-006929,0,,unknown
RT-006930,0,,unknown
RT-006931,0,,unknown
RT-006932,1,21.0,price
RT-006933,0,,unknown
RT-006934,0,,unknown
RT-006935,0,,unknown
RT-006936,0,,unknown
RT-006937,0,,unknown
RT-006938,0,,unknown
RT-006939,0,,unknown
RT-006940,0,,unknown
RT-006941,0,,unknown
RT-006942,0,,unknown
RT-006943,0,,unknown
RT-006944,0,,unknown
RT-006945,0,,unknown
RT-006946,0,,unknown
RT-006947,0,,unknown
RT-006948,0,,unknown
RT-006949,0,,unknown
RT-006950,0,,unknown
RT-006951,0,,unknown
RT-006952,0,,unknown
RT-006953,1,22.0,unknown
RT-006954,0,,unknown
RT-006955,0,,unknown
RT-006956,0,,unknown
RT-006957,0,,unknown
RT-006958,0,,unknown
RT-006959,0,,unknown
RT-006960,1,19.0,quality
RT-006961,0,,unknown
RT-006962,0,,unknown
RT-006963,1,20.0,tech_migration
RT-006964,0,,unknown
RT-006965,0,,unknown
RT-006966,0,,unknown
RT-006967,0,,unknown
RT-006968,0,,unknown
RT-006969,0,,unknown
RT-006970,0,,unknown
RT-006971,0,,unknown
RT-006972,0,,unknown
RT-006973,0,,unknown
RT-006974,0,,unknown
RT-006975,0,,unknown
RT-006976,0,,unknown
RT-006977,0,,unknown
RT-006978,0,,unknown
RT-006979,0,,unknown
RT-006980,0,,unknown
RT-006981,1,24.0,tech_migration
RT-006982,0,,unknown
RT-006983,0,,unknown
RT-006984,0,,unknown
RT-006985,0,,unknown
RT-006986,0,,unknown
RT-006987,0,,unknown
RT-006988,0,,unknown
RT-006989,1,24.0,unknown
RT-006990,0,,unknown
RT-006991,0,,unknown
RT-006992,0,,unknown
RT-006993,0,,unknown
RT-006994,0,,unknown
RT-006995,0,,unknown
RT-006996,0,,unknown
RT-006997,0,,unknown
RT-006998,0,,unknown
RT-006999,1,20.0,competitor
RT-007000,0,,unknown
RT-007001,0,,unknown
RT-007002,0,,unknown
RT-007003,0,,unknown
RT-007004,0,,unknown
RT-007005,0,,unknown
RT-007006,0,,unknown
RT-007007,0,,unknown
RT-007008,0,,unknown
RT-007009,0,,unknown
RT-007010,0,,unknown
RT-007011,0,,unknown
RT-007012,0,,unknown
RT-007013,0,,unknown
RT-007014,0,,unknown
RT-007015,0,,unknown
RT-007016,1,24.0,tech_migration
RT-007017,0,,unknown
RT-007018,1,22.0,competitor
RT-007019,0,,unknown
RT-007020,0,,unknown
RT-007021,0,,unknown
RT-007022,0,,unknown
RT-007023,0,,unknown
RT-007024,0,,unknown
RT-007025,0,,unknown
RT-007026,0,,unknown
RT-007027,0,,unknown
RT-007028,0,,unknown
RT-007029,0,,unknown
RT-007030,0,,unknown
RT-007031,0,,unknown
RT-007032,0,,unknown
RT-007033,0,,unknown
RT-007034,0,,unknown
RT-007035,0,,unknown
RT-007036,0,,unknown
RT-007037,0,,unknown
RT-007038,0,,unknown
RT-007039,0,,unknown
RT-007040,1,21.0,tech_migration
RT-007041,0,,unknown
RT-007042,0,,unknown
RT-007043,0,,unknown
RT-007044,0,,unknown
RT-007045,0,,unknown
RT-007046,0,,unknown
RT-007047,0,,unknown
RT-007048,0,,unknown
RT-007049,0,,unknown
RT-007050,0,,unknown
RT-007051,1,23.0,tech_migration
RT-007052,0,,unknown
RT-007053,0,,unknown
RT-007054,0,,unknown
RT-007055,1,20.0,price
RT-007056,0,,unknown
RT-007057,0,,unknown
RT-007058,1,19.0,unknown
RT-007059,0,,unknown
RT-007060,0,,unknown
RT-007061,0,,unknown
RT-007062,0,,unknown
RT-007063,0,,unknown
RT-007064,0,,unknown
RT-007065,0,,unknown
RT-007066,0,,unknown
RT-007067,0,,unknown
RT-007068,0,,unknown
RT-007069,0,,unknown
RT-007070,0,,unknown
RT-007071,0,,unknown
RT-007072,0,,unknown
RT-007073,0,,unknown
RT-007074,0,,unknown
RT-007075,0,,unknown
RT-007076,0,,unknown
RT-007077,0,,unknown
RT-007078,0,,unknown
RT-007079,0,,unknown
RT-007080,0,,unknown
RT-007081,0,,unknown
RT-007082,0,,unknown
RT-007083,0,,unknown
RT-007084,0,,unknown
RT-007085,0,,unknown
RT-007086,0,,unknown
RT-007087,0,,unknown
RT-007088,0,,unknown
RT-007089,0,,unknown
RT-007090,0,,unknown
RT-007091,0,,unknown
RT-007092,0,,unknown
RT-007093,1,19.0,unknown
RT-007094,0,,unknown
RT-007095,0,,unknown
RT-007096,0,,unknown
RT-007097,1,21.0,quality
RT-007098,0,,unknown
RT-007099,0,,unknown
RT-007100,0,,unknown
RT-007101,0,,unknown
RT-007102,0,,unknown
RT-007103,0,,unknown
RT-007104,0,,unknown
RT-007105,1,22.0,quality
RT-007106,0,,unknown
RT-007107,0,,unknown
RT-007108,0,,unknown
RT-007109,0,,unknown
RT-007110,1,23.0,competitor
RT-007111,0,,unknown
RT-007112,1,22.0,unknown
RT-007113,1,19.0,tech_migration
RT-007114,0,,unknown
RT-007115,0,,unknown
RT-007116,0,,unknown
RT-007117,0,,unknown
RT-007118,0,,unknown
RT-007119,0,,unknown
RT-007120,0,,unknown
RT-007121,0,,unknown
RT-007122,0,,unknown
RT-007123,1,24.0,tech_migration
RT-007124,0,,unknown
RT-007125,0,,unknown
RT-007126,0,,unknown
RT-007127,0,,unknown
RT-007128,0,,unknown
RT-007129,0,,unknown
RT-007130,0,,unknown
RT-007131,1,23.0,price
RT-007132,0,,unknown
RT-007133,0,,unknown
RT-007134,0,,unknown
RT-007135,0,,unknown
RT-007136,0,,unknown
RT-007137,0,,unknown
RT-007138,0,,unknown
RT-007139,0,,unknown
RT-007140,0,,unknown
RT-007141,0,,unknown
RT-007142,0,,unknown
RT-007143,1,20.0,tech_migration
RT-007144,0,,unknown
RT-007145,0,,unknown
RT-007146,0,,unknown
RT-007147,0,,unknown
RT-007148,0,,unknown
RT-007149,1,23.0,tech_migration
RT-007150,0,,unknown
RT-007151,0,,unknown
RT-007152,0,,unknown
RT-007153,0,,unknown
RT-007154,0,,unknown
RT-007155,0,,unknown
RT-007156,0,,unknown
RT-007157,0,,unknown
RT-007158,0,,unknown
RT-007159,0,,unknown
RT-007160,1,22.0,competitor
RT-007161,0,,unknown
RT-007162,0,,unknown
RT-007163,0,,unknown
RT-007164,0,,unknown
RT-007165,1,23.0,tech_migration
RT-007166,0,,unknown
RT-007167,0,,unknown
RT-007168,0,,unknown
RT-007169,0,,unknown
RT-007170,0,,unknown
RT-007171,0,,unknown
RT-007172,0,,unknown
RT-007173,0,,unknown
RT-007174,0,,unknown
RT-007175,0,,unknown
RT-007176,0,,unknown
RT-007177,0,,unknown
RT-007178,0,,unknown
RT-007179,0,,unknown
RT-007180,1,24.0,quality
RT-007181,0,,unknown
RT-007182,0,,unknown
RT-007183,0,,unknown
RT-007184,0,,unknown
RT-007185,0,,unknown
RT-007186,0,,unknown
RT-007187,0,,unknown
RT-007188,0,,unknown
RT-007189,0,,unknown
RT-007190,0,,unknown
RT-007191,0,,unknown
RT-007192,0,,unknown
RT-007193,0,,unknown
RT-007194,0,,unknown
RT-007195,0,,unknown
RT-007196,0,,unknown
RT-007197,0,,unknown
RT-007198,0,,unknown
RT-007199,0,,unknown
RT-007200,0,,unknown
RT-007201,0,,unknown
RT-007202,0,,unknown
RT-007203,0,,unknown
RT-007204,0,,unknown
RT-007205,0,,unknown
RT-007206,0,,unknown
RT-007207,0,,unknown
RT-007208,0,,unknown
RT-007209,0,,unknown
RT-007210,0,,unknown
RT-007211,0,,unknown
RT-007212,0,,unknown
RT-007213,0,,unknown
RT-007214,0,,unknown
RT-007215,0,,unknown
RT-007216,0,,unknown
RT-007217,1,24.0,tech_migration
RT-007218,0,,unknown
RT-007219,0,,unknown
RT-007220,0,,unknown
RT-007221,0,,unknown
RT-007222,0,,unknown
RT-007223,0,,unknown
RT-007224,0,,unknown
RT-007225,0,,unknown
RT-007226,0,,unknown
RT-007227,0,,unknown
RT-007228,0,,unknown
RT-007229,0,,unknown
RT-007230,0,,unknown
RT-007231,0,,unknown
RT-007232,0,,unknown
RT-007233,1,24.0,price
RT-007234,0,,unknown
RT-007235,0,,unknown
RT-007236,0,,unknown
RT-007237,0,,unknown
RT-007238,0,,unknown
RT-007239,0,,unknown
RT-007240,0,,unknown
RT-007241,0,,unknown
RT-007242,0,,unknown
RT-007243,0,,unknown
RT-007244,0,,unknown
RT-007245,0,,unknown
RT-007246,0,,unknown
RT-007247,0,,unknown
RT-007248,0,,unknown
RT-007249,1,21.0,competitor
RT-007250,0,,unknown
RT-007251,0,,unknown
RT-007252,0,,unknown
RT-007253,0,,unknown
RT-007254,0,,unknown
RT-007255,0,,unknown
RT-007256,0,,unknown
RT-007257,0,,unknown
RT-007258,0,,unknown
RT-007259,1,23.0,tech_migration
RT-007260,0,,unknown
RT-007261,0,,unknown
RT-007262,0,,unknown
RT-007263,0,,unknown
RT-007264,0,,unknown
RT-007265,0,,unknown
RT-007266,0,,unknown
RT-007267,0,,unknown
RT-007268,0,,unknown
RT-007269,0,,unknown
RT-007270,0,,unknown
RT-007271,0,,unknown
RT-007272,0,,unknown
RT-007273,0,,unknown
RT-007274,0,,unknown
RT-007275,0,,unknown
RT-007276,0,,unknown
RT-007277,0,,unknown
RT-007278,0,,unknown
RT-007279,0,,unknown
RT-007280,0,,unknown
RT-007281,1,19.0,tech_migration
RT-007282,0,,unknown
RT-007283,0,,unknown
RT-007284,0,,unknown
RT-007285,1,23.0,tech_migration
RT-007286,0,,unknown
RT-007287,0,,unknown
RT-007288,0,,unknown
RT-007289,1,20.0,tech_migration
RT-007290,0,,unknown
RT-007291,1,24.0,unknown
RT-007292,0,,unknown
RT-007293,0,,unknown
RT-007294,1,21.0,competitor
RT-007295,0,,unknown
RT-007296,0,,unknown
RT-007297,0,,unknown
RT-007298,0,,unknown
RT-007299,0,,unknown
RT-007300,0,,unknown
RT-007301,0,,unknown
RT-007302,0,,unknown
RT-007303,0,,unknown
RT-007304,0,,unknown
RT-007305,0,,unknown
RT-007306,0,,unknown
RT-007307,0,,unknown
RT-007308,0,,unknown
RT-007309,0,,unknown
RT-007310,0,,unknown
RT-007311,0,,unknown
RT-007312,1,24.0,price
RT-007313,0,,unknown
RT-007314,0,,unknown
RT-007315,0,,unknown
RT-007316,1,24.0,unknown
RT-007317,0,,unknown
RT-007318,0,,unknown
RT-007319,0,,unknown
RT-007320,0,,unknown
RT-007321,0,,unknown
RT-007322,0,,unknown
RT-007323,0,,unknown
RT-007324,0,,unknown
RT-007325,0,,unknown
RT-007326,0,,unknown
RT-007327,1,24.0,tech_migration
RT-007328,0,,unknown
RT-007329,0,,unknown
RT-007330,0,,unknown
RT-007331,0,,unknown
RT-007332,0,,unknown
RT-007333,0,,unknown
RT-007334,0,,unknown
RT-007335,0,,unknown
RT-007336,0,,unknown
RT-007337,0,,unknown
RT-007338,0,,unknown
RT-007339,0,,unknown
RT-007340,0,,unknown
RT-007341,0,,unknown
RT-007342,0,,unknown
RT-007343,0,,unknown
RT-007344,0,,unknown
RT-007345,0,,unknown
RT-007346,0,,unknown
RT-007347,0,,unknown
RT-007348,0,,unknown
RT-007349,0,,unknown
RT-007350,0,,unknown
RT-007351,0,,unknown
RT-007352,0,,unknown
RT-007353,0,,unknown
RT-007354,0,,unknown
RT-007355,0,,unknown
RT-007356,0,,unknown
RT-007357,0,,unknown
RT-007358,0,,unknown
RT-007359,0,,unknown
RT-007360,0,,unknown
RT-007361,1,22.0,unknown
RT-007362,0,,unknown
RT-007363,0,,unknown
RT-007364,0,,unknown
RT-007365,0,,unknown
RT-007366,0,,unknown
RT-007367,0,,unknown
RT-007368,1,22.0,unknown
RT-007369,0,,unknown
RT-007370,0,,unknown
RT-007371,0,,unknown
RT-007372,0,,unknown
RT-007373,0,,unknown
RT-007374,0,,unknown
RT-007375,0,,unknown
RT-007376,1,20.0,quality
RT-007377,0,,unknown
RT-007378,1,21.0,tech_migration
RT-007379,0,,unknown
RT-007380,0,,unknown
RT-007381,0,,unknown
RT-007382,1,24.0,price
RT-007383,0,,unknown
RT-007384,0,,unknown
RT-007385,0,,unknown
RT-007386,0,,unknown
RT-007387,0,,unknown
RT-007388,0,,unknown
RT-007389,0,,unknown
RT-007390,0,,unknown
RT-007391,0,,unknown
RT-007392,0,,unknown
RT-007393,0,,unknown
RT-007394,0,,unknown
RT-007395,0,,unknown
RT-007396,0,,unknown
RT-007397,0,,unknown
RT-007398,0,,unknown
RT-007399,0,,unknown
RT-007400,0,,unknown
RT-007401,0,,unknown
RT-007402,0,,unknown
RT-007403,0,,unknown
RT-007404,0,,unknown
RT-007405,0,,unknown
RT-007406,0,,unknown
RT-007407,1,23.0,tech_migration
RT-007408,0,,unknown
RT-007409,0,,unknown
RT-007410,0,,unknown
RT-007411,0,,unknown
RT-007412,0,,unknown
RT-007413,0,,unknown
RT-007414,0,,unknown
RT-007415,0,,unknown
RT-007416,0,,unknown
RT-007417,0,,unknown
RT-007418,0,,unknown
RT-007419,0,,unknown
RT-007420,0,,unknown
RT-007421,0,,unknown
RT-007422,0,,unknown
RT-007423,0,,unknown
RT-007424,0,,unknown
RT-007425,0,,unknown
RT-007426,0,,unknown
RT-007427,0,,unknown
RT-007428,0,,unknown
RT-007429,0,,unknown
RT-007430,0,,unknown
RT-007431,0,,unknown
RT-007432,0,,unknown
RT-007433,0,,unknown
RT-007434,0,,unknown
RT-007435,0,,unknown
RT-007436,0,,unknown
RT-007437,0,,unknown
RT-007438,0,,unknown
RT-007439,0,,unknown
RT-007440,0,,unknown
RT-007441,0,,unknown
RT-007442,0,,unknown
RT-007443,1,20.0,tech_migration
RT-007444,0,,unknown
RT-007445,0,,unknown
RT-007446,0,,unknown
RT-007447,0,,unknown
RT-007448,0,,unknown
RT-007449,0,,unknown
RT-007450,0,,unknown
RT-007451,0,,unknown
RT-007452,0,,unknown
RT-007453,0,,unknown
RT-007454,0,,unknown
RT-007455,1,24.0,tech_migration
RT-007456,0,,unknown
RT-007457,0,,unknown
RT-007458,0,,unknown
RT-007459,0,,unknown
RT-007460,0,,unknown
RT-007461,0,,unknown
RT-007462,0,,unknown
RT-007463,0,,unknown
RT-007464,0,,unknown
RT-007465,0,,unknown
RT-007466,0,,unknown
RT-007467,0,,unknown
RT-007468,1,20.0,quality
RT-007469,0,,unknown
RT-007470,0,,unknown
RT-007471,0,,unknown
RT-007472,0,,unknown
RT-007473,0,,unknown
RT-007474,0,,unknown
RT-007475,1,19.0,quality
RT-007476,1,20.0,unknown
RT-007477,0,,unknown
RT-007478,0,,unknown
RT-007479,0,,unknown
RT-007480,0,,unknown
RT-007481,0,,unknown
RT-007482,0,,unknown
RT-007483,0,,unknown
RT-007484,0,,unknown
RT-007485,0,,unknown
RT-007486,0,,unknown
RT-007487,0,,unknown
RT-007488,0,,unknown
RT-007489,0,,unknown
RT-007490,1,23.0,unknown
RT-007491,0,,unknown
RT-007492,0,,unknown
RT-007493,0,,unknown
RT-007494,0,,unknown
RT-007495,0,,unknown
RT-007496,0,,unknown
RT-007497,0,,unknown
RT-007498,0,,unknown
RT-007499,0,,unknown
RT-007500,0,,unknown
RT-007501,1,24.0,competitor
RT-007502,1,24.0,quality
RT-007503,0,,unknown
RT-007504,0,,unknown
RT-007505,0,,unknown
RT-007506,0,,unknown
RT-007507,0,,unknown
RT-007508,0,,unknown
RT-007509,0,,unknown
RT-007510,0,,unknown
RT-007511,0,,unknown
RT-007512,0,,unknown
RT-007513,0,,unknown
RT-007514,0,,unknown
RT-007515,0,,unknown
RT-007516,0,,unknown
RT-007517,0,,unknown
RT-007518,0,,unknown
RT-007519,0,,unknown
RT-007520,0,,unknown
RT-007521,1,24.0,competitor
RT-007522,0,,unknown
RT-007523,0,,unknown
RT-007524,0,,unknown
RT-007525,0,,unknown
RT-007526,0,,unknown
RT-007527,0,,unknown
RT-007528,0,,unknown
RT-007529,0,,unknown
RT-007530,0,,unknown
RT-007531,0,,unknown
RT-007532,0,,unknown
RT-007533,0,,unknown
RT-007534,0,,unknown
RT-007535,0,,unknown
RT-007536,0,,unknown
RT-007537,0,,unknown
RT-007538,0,,unknown
RT-007539,0,,unknown
RT-007540,0,,unknown
RT-007541,0,,unknown
RT-007542,0,,unknown
RT-007543,0,,unknown
RT-007544,0,,unknown
RT-007545,0,,unknown
RT-007546,0,,unknown
RT-007547,0,,unknown
RT-007548,0,,unknown
RT-007549,0,,unknown
RT-007550,0,,unknown
RT-007551,0,,unknown
RT-007552,1,20.0,tech_migration
RT-007553,0,,unknown
RT-007554,0,,unknown
RT-007555,0,,unknown
RT-007556,0,,unknown
RT-007557,0,,unknown
RT-007558,0,,unknown
RT-007559,0,,unknown
RT-007560,0,,unknown
RT-007561,0,,unknown
RT-007562,0,,unknown
RT-007563,0,,unknown
RT-007564,0,,unknown
RT-007565,0,,unknown
RT-007566,0,,unknown
RT-007567,0,,unknown
RT-007568,0,,unknown
RT-007569,0,,unknown
RT-007570,0,,unknown
RT-007571,0,,unknown
RT-007572,1,24.0,tech_migration
RT-007573,0,,unknown
RT-007574,0,,unknown
RT-007575,0,,unknown
RT-007576,0,,unknown
RT-007577,0,,unknown
RT-007578,0,,unknown
RT-007579,0,,unknown
RT-007580,0,,unknown
RT-007581,0,,unknown
RT-007582,0,,unknown
RT-007583,0,,unknown
RT-007584,0,,unknown
RT-007585,0,,unknown
RT-007586,1,22.0,price
RT-007587,1,24.0,unknown
RT-007588,0,,unknown
RT-007589,0,,unknown
RT-007590,0,,unknown
RT-007591,0,,unknown
RT-007592,1,22.0,quality
RT-007593,0,,unknown
RT-007594,0,,unknown
RT-007595,0,,unknown
RT-007596,0,,unknown
RT-007597,1,23.0,unknown
RT-007598,0,,unknown
RT-007599,0,,unknown
RT-007600,0,,unknown
RT-007601,0,,unknown
RT-007602,1,21.0,tech_migration
RT-007603,0,,unknown
RT-007604,0,,unknown
RT-007605,0,,unknown
RT-007606,0,,unknown
RT-007607,0,,unknown
RT-007608,0,,unknown
RT-007609,0,,unknown
RT-007610,0,,unknown
RT-007611,0,,unknown
RT-007612,0,,unknown
RT-007613,0,,unknown
RT-007614,0,,unknown
RT-007615,0,,unknown
RT-007616,0,,unknown
RT-007617,0,,unknown
RT-007618,0,,unknown
RT-007619,0,,unknown
RT-007620,0,,unknown
RT-007621,0,,unknown
RT-007622,1,24.0,tech_migration
RT-007623,1,20.0,unknown
RT-007624,0,,unknown
RT-007625,0,,unknown
RT-007626,0,,unknown
RT-007627,0,,unknown
RT-007628,0,,unknown
RT-007629,0,,unknown
RT-007630,0,,unknown
RT-007631,0,,unknown
RT-007632,0,,unknown
RT-007633,0,,unknown
RT-007634,0,,unknown
RT-007635,0,,unknown
RT-007636,0,,unknown
RT-007637,1,24.0,unknown
RT-007638,0,,unknown
RT-007639,0,,unknown
RT-007640,0,,unknown
RT-007641,0,,unknown
RT-007642,0,,unknown
RT-007643,0,,unknown
RT-007644,0,,unknown
RT-007645,0,,unknown
RT-007646,0,,unknown
RT-007647,0,,unknown
RT-007648,1,24.0,quality
RT-007649,0,,unknown
RT-007650,0,,unknown
RT-007651,1,24.0,quality
RT-007652,0,,unknown
RT-007653,0,,unknown
RT-007654,0,,unknown
RT-007655,0,,unknown
RT-007656,0,,unknown
RT-007657,0,,unknown
RT-007658,0,,unknown
RT-007659,0,,unknown
RT-007660,0,,unknown
RT-007661,0,,unknown
RT-007662,0,,unknown
RT-007663,0,,unknown
RT-007664,0,,unknown
RT-007665,0,,unknown
RT-007666,0,,unknown
RT-007667,0,,unknown
RT-007668,0,,unknown
RT-007669,0,,unknown
RT-007670,0,,unknown
RT-007671,0,,unknown
RT-007672,0,,unknown
RT-007673,0,,unknown
RT-007674,0,,unknown
RT-007675,0,,unknown
RT-007676,0,,unknown
RT-007677,0,,unknown
RT-007678,0,,unknown
RT-007679,0,,unknown
RT-007680,1,23.0,tech_migration
RT-007681,0,,unknown
RT-007682,0,,unknown
RT-007683,1,21.0,quality
RT-007684,0,,unknown
RT-007685,0,,unknown
RT-007686,0,,unknown
RT-007687,1,21.0,price
RT-007688,0,,unknown
RT-007689,0,,unknown
RT-007690,0,,unknown
RT-007691,1,24.0,competitor
RT-007692,0,,unknown
RT-007693,0,,unknown
RT-007694,1,22.0,competitor
RT-007695,0,,unknown
RT-007696,0,,unknown
RT-007697,0,,unknown
RT-007698,0,,unknown
RT-007699,0,,unknown
RT-007700,0,,unknown
RT-007701,0,,unknown
RT-007702,0,,unknown
RT-007703,0,,unknown
RT-007704,0,,unknown
RT-007705,0,,unknown
RT-007706,0,,unknown
RT-007707,0,,unknown
RT-007708,0,,unknown
RT-007709,0,,unknown
RT-007710,1,24.0,price
RT-007711,0,,unknown
RT-007712,0,,unknown
RT-007713,0,,unknown
RT-007714,0,,unknown
RT-007715,0,,unknown
RT-007716,0,,unknown
RT-007717,0,,unknown
RT-007718,0,,unknown
RT-007719,0,,unknown
RT-007720,0,,unknown
RT-007721,1,24.0,quality
RT-007722,0,,unknown
RT-007723,1,24.0,quality
RT-007724,0,,unknown
RT-007725,0,,unknown
RT-007726,0,,unknown
RT-007727,0,,unknown
RT-007728,0,,unknown
RT-007729,0,,unknown
RT-007730,0,,unknown
RT-007731,0,,unknown
RT-007732,1,20.0,unknown
RT-007733,0,,unknown
RT-007734,0,,unknown
RT-007735,1,23.0,price
RT-007736,0,,unknown
RT-007737,0,,unknown
RT-007738,0,,unknown
RT-007739,0,,unknown
RT-007740,0,,unknown
RT-007741,0,,unknown
RT-007742,0,,unknown
RT-007743,0,,unknown
RT-007744,0,,unknown
RT-007745,0,,unknown
RT-007746,0,,unknown
RT-007747,0,,unknown
RT-007748,0,,unknown
RT-007749,0,,unknown
RT-007750,0,,unknown
RT-007751,0,,unknown
RT-007752,1,23.0,unknown
RT-007753,0,,unknown
RT-007754,0,,unknown
RT-007755,0,,unknown
RT-007756,0,,unknown
RT-007757,0,,unknown
RT-007758,0,,unknown
RT-007759,1,23.0,competitor
RT-007760,0,,unknown
RT-007761,0,,unknown
RT-007762,1,21.0,tech_migration
RT-007763,0,,unknown
RT-007764,0,,unknown
RT-007765,0,,unknown
RT-007766,0,,unknown
RT-007767,0,,unknown
RT-007768,0,,unknown
RT-007769,1,23.0,tech_migration
RT-007770,0,,unknown
RT-007771,0,,unknown
RT-007772,0,,unknown
RT-007773,0,,unknown
RT-007774,0,,unknown
RT-007775,0,,unknown
RT-007776,0,,unknown
RT-007777,0,,unknown
RT-007778,0,,unknown
RT-007779,0,,unknown
RT-007780,0,,unknown
RT-007781,0,,unknown
RT-007782,0,,unknown
RT-007783,0,,unknown
RT-007784,0,,unknown
RT-007785,0,,unknown
RT-007786,0,,unknown
RT-007787,0,,unknown
RT-007788,0,,unknown
RT-007789,0,,unknown
RT-007790,0,,unknown
RT-007791,1,20.0,tech_migration
RT-007792,0,,unknown
RT-007793,0,,unknown
RT-007794,0,,unknown
RT-007795,0,,unknown
RT-007796,0,,unknown
RT-007797,1,21.0,competitor
RT-007798,0,,unknown
RT-007799,0,,unknown
RT-007800,0,,unknown
RT-007801,0,,unknown
RT-007802,1,19.0,competitor
RT-007803,0,,unknown
RT-007804,0,,unknown
RT-007805,0,,unknown
RT-007806,0,,unknown
RT-007807,0,,unknown
RT-007808,0,,unknown
RT-007809,1,21.0,tech_migration
RT-007810,0,,unknown
RT-007811,1,19.0,quality
RT-007812,0,,unknown
RT-007813,0,,unknown
RT-007814,0,,unknown
RT-007815,1,20.0,tech_migration
RT-007816,0,,unknown
RT-007817,0,,unknown
RT-007818,0,,unknown
RT-007819,0,,unknown
RT-007820,0,,unknown
RT-007821,0,,unknown
RT-007822,0,,unknown
RT-007823,0,,unknown
RT-007824,0,,unknown
RT-007825,0,,unknown
RT-007826,0,,unknown
RT-007827,1,19.0,unknown
RT-007828,0,,unknown
RT-007829,0,,unknown
RT-007830,0,,unknown
RT-007831,1,24.0,tech_migration
RT-007832,0,,unknown
RT-007833,0,,unknown
RT-007834,0,,unknown
RT-007835,0,,unknown
RT-007836,0,,unknown
RT-007837,1,24.0,price
RT-007838,0,,unknown
RT-007839,0,,unknown
RT-007840,0,,unknown
RT-007841,0,,unknown
RT-007842,0,,unknown
RT-007843,0,,unknown
RT-007844,0,,unknown
RT-007845,0,,unknown
RT-007846,0,,unknown
RT-007847,0,,unknown
RT-007848,0,,unknown
RT-007849,0,,unknown
RT-007850,0,,unknown
RT-007851,0,,unknown
RT-007852,0,,unknown
RT-007853,0,,unknown
RT-007854,0,,unknown
RT-007855,0,,unknown
RT-007856,1,21.0,unknown
RT-007857,0,,unknown
RT-007858,0,,unknown
RT-007859,0,,unknown
RT-007860,0,,unknown
RT-007861,0,,unknown
RT-007862,0,,unknown
RT-007863,0,,unknown
RT-007864,0,,unknown
RT-007865,0,,unknown
RT-007866,0,,unknown
RT-007867,0,,unknown
RT-007868,0,,unknown
RT-007869,1,24.0,price
RT-007870,0,,unknown
RT-007871,0,,unknown
RT-007872,0,,unknown
RT-007873,0,,unknown
RT-007874,0,,unknown
RT-007875,0,,unknown
RT-007876,0,,unknown
RT-007877,0,,unknown
RT-007878,1,20.0,tech_migration
RT-007879,0,,unknown
RT-007880,0,,unknown
RT-007881,0,,unknown
RT-007882,1,20.0,unknown
RT-007883,0,,unknown
RT-007884,0,,unknown
RT-007885,0,,unknown
RT-007886,0,,unknown
RT-007887,0,,unknown
RT-007888,0,,unknown
RT-007889,0,,unknown
RT-007890,1,24.0,price
RT-007891,0,,unknown
RT-007892,0,,unknown
RT-007893,0,,unknown
RT-007894,0,,unknown
RT-007895,0,,unknown
RT-007896,0,,unknown
RT-007897,0,,unknown
RT-007898,0,,unknown
RT-007899,0,,unknown
RT-007900,0,,unknown
RT-007901,0,,unknown
RT-007902,0,,unknown
RT-007903,1,20.0,tech_migration
RT-007904,0,,unknown
RT-007905,0,,unknown
RT-007906,0,,unknown
RT-007907,0,,unknown
RT-007908,0,,unknown
RT-007909,0,,unknown
RT-007910,0,,unknown
RT-007911,1,24.0,tech_migration
RT-007912,0,,unknown
RT-007913,0,,unknown
RT-007914,0,,unknown
RT-007915,1,24.0,price
RT-007916,0,,unknown
RT-007917,0,,unknown
RT-007918,0,,unknown
RT-007919,0,,unknown
RT-007920,0,,unknown
RT-007921,0,,unknown
RT-007922,0,,unknown
RT-007923,0,,unknown
RT-007924,0,,unknown
RT-007925,0,,unknown
RT-007926,0,,unknown
RT-007927,0,,unknown
RT-007928,0,,unknown
RT-007929,0,,unknown
RT-007930,0,,unknown
RT-007931,0,,unknown
RT-007932,1,24.0,tech_migration
RT-007933,0,,unknown
RT-007934,0,,unknown
RT-007935,0,,unknown
RT-007936,0,,unknown
RT-007937,1,24.0,quality
RT-007938,0,,unknown
RT-007939,0,,unknown
RT-007940,0,,unknown
RT-007941,0,,unknown
RT-007942,0,,unknown
RT-007943,0,,unknown
RT-007944,0,,unknown
RT-007945,0,,unknown
RT-007946,0,,unknown
RT-007947,0,,unknown
RT-007948,0,,unknown
RT-007949,0,,unknown
RT-007950,0,,unknown
RT-007951,0,,unknown
RT-007952,0,,unknown
RT-007953,1,24.0,competitor
RT-007954,0,,unknown
RT-007955,0,,unknown
RT-007956,0,,unknown
RT-007957,0,,unknown
RT-007958,0,,unknown
RT-007959,0,,unknown
RT-007960,0,,unknown
RT-007961,0,,unknown
RT-007962,0,,unknown
RT-007963,0,,unknown
RT-007964,1,24.0,price
RT-007965,0,,unknown
RT-007966,0,,unknown
RT-007967,0,,unknown
RT-007968,0,,unknown
RT-007969,0,,unknown
RT-007970,0,,unknown
RT-007971,1,24.0,unknown
RT-007972,0,,unknown
RT-007973,0,,unknown
RT-007974,0,,unknown
RT-007975,0,,unknown
RT-007976,0,,unknown
RT-007977,0,,unknown
RT-007978,0,,unknown
RT-007979,0,,unknown
RT-007980,0,,unknown
RT-007981,0,,unknown
RT-007982,0,,unknown
RT-007983,0,,unknown
RT-007984,0,,unknown
RT-007985,0,,unknown
RT-007986,0,,unknown
RT-007987,0,,unknown
RT-007988,0,,unknown
RT-007989,0,,unknown
RT-007990,0,,unknown
RT-007991,0,,unknown
RT-007992,0,,unknown
RT-007993,0,,unknown
RT-007994,0,,unknown
RT-007995,0,,unknown
RT-007996,0,,unknown
RT-007997,0,,unknown
RT-007998,0,,unknown
RT-007999,0,,unknown
RT-008000,0,,unknown
RT-008001,0,,unknown
RT-008002,0,,unknown
RT-008003,0,,unknown
RT-008004,0,,unknown
RT-008005,0,,unknown
RT-008006,1,19.0,tech_migration
RT-008007,1,22.0,quality
RT-008008,0,,unknown
RT-008009,0,,unknown
RT-008010,1,21.0,quality
RT-008011,0,,unknown
RT-008012,0,,unknown
RT-008013,0,,unknown
RT-008014,0,,unknown
RT-008015,1,22.0,price
RT-008016,0,,unknown
RT-008017,0,,unknown
RT-008018,0,,unknown
RT-008019,0,,unknown
RT-008020,0,,unknown
RT-008021,0,,unknown
RT-008022,0,,unknown
RT-008023,0,,unknown
RT-008024,0,,unknown
RT-008025,0,,unknown
RT-008026,0,,unknown
RT-008027,0,,unknown
RT-008028,0,,unknown
RT-008029,0,,unknown
RT-008030,0,,unknown
RT-008031,0,,unknown
RT-008032,0,,unknown
RT-008033,1,19.0,tech_migration
RT-008034,0,,unknown
RT-008035,0,,unknown
RT-008036,0,,unknown
RT-008037,0,,unknown
RT-008038,0,,unknown
RT-008039,0,,unknown
RT-008040,0,,unknown
RT-008041,0,,unknown
RT-008042,0,,unknown
RT-008043,0,,unknown
RT-008044,0,,unknown
RT-008045,0,,unknown
RT-008046,0,,unknown
RT-008047,0,,unknown
RT-008048,0,,unknown
RT-008049,0,,unknown
RT-008050,0,,unknown
RT-008051,1,21.0,price
RT-008052,0,,unknown
RT-008053,0,,unknown
RT-008054,1,24.0,competitor
RT-008055,1,19.0,tech_migration
RT-008056,0,,unknown
RT-008057,1,21.0,competitor
RT-008058,0,,unknown
RT-008059,0,,unknown
RT-008060,0,,unknown
RT-008061,0,,unknown
RT-008062,0,,unknown
RT-008063,1,24.0,price
RT-008064,0,,unknown
RT-008065,0,,unknown
RT-008066,0,,unknown
RT-008067,0,,unknown
RT-008068,0,,unknown
RT-008069,0,,unknown
RT-008070,0,,unknown
RT-008071,1,23.0,quality
RT-008072,0,,unknown
RT-008073,0,,unknown
RT-008074,0,,unknown
RT-008075,0,,unknown
RT-008076,0,,unknown
RT-008077,0,,unknown
RT-008078,0,,unknown
RT-008079,0,,unknown
RT-008080,0,,unknown
RT-008081,0,,unknown
RT-008082,0,,unknown
RT-008083,0,,unknown
RT-008084,0,,unknown
RT-008085,1,21.0,unknown
RT-008086,1,24.0,price
RT-008087,0,,unknown
RT-008088,0,,unknown
RT-008089,0,,unknown
RT-008090,1,19.0,competitor
RT-008091,0,,unknown
RT-008092,0,,unknown
RT-008093,0,,unknown
RT-008094,0,,unknown
RT-008095,0,,unknown
RT-008096,0,,unknown
RT-008097,0,,unknown
RT-008098,1,20.0,quality
RT-008099,0,,unknown
RT-008100,0,,unknown
RT-008101,0,,unknown
RT-008102,1,23.0,quality
RT-008103,0,,unknown
RT-008104,0,,unknown
RT-008105,0,,unknown
RT-008106,1,22.0,unknown
RT-008107,0,,unknown
RT-008108,0,,unknown
RT-008109,0,,unknown
RT-008110,0,,unknown
RT-008111,0,,unknown
RT-008112,0,,unknown
RT-008113,0,,unknown
RT-008114,0,,unknown
RT-008115,0,,unknown
RT-008116,0,,unknown
RT-008117,0,,unknown
RT-008118,0,,unknown
RT-008119,0,,unknown
RT-008120,0,,unknown
RT-008121,0,,unknown
RT-008122,0,,unknown
RT-008123,0,,unknown
RT-008124,1,23.0,unknown
RT-008125,1,19.0,tech_migration
RT-008126,0,,unknown
RT-008127,1,24.0,unknown
RT-008128,0,,unknown
RT-008129,0,,unknown
RT-008130,0,,unknown
RT-008131,0,,unknown
RT-008132,1,20.0,price
RT-008133,1,20.0,quality
RT-008134,0,,unknown
RT-008135,0,,unknown
RT-008136,0,,unknown
RT-008137,0,,unknown
RT-008138,0,,unknown
RT-008139,0,,unknown
RT-008140,0,,unknown
RT-008141,1,19.0,price
RT-008142,0,,unknown
RT-008143,0,,unknown
RT-008144,0,,unknown
RT-008145,0,,unknown
RT-008146,0,,unknown
RT-008147,0,,unknown
RT-008148,0,,unknown
RT-008149,0,,unknown
RT-008150,0,,unknown
RT-008151,0,,unknown
RT-008152,0,,unknown
RT-008153,0,,unknown
RT-008154,0,,unknown
RT-008155,0,,unknown
RT-008156,0,,unknown
RT-008157,0,,unknown
RT-008158,0,,unknown
RT-008159,0,,unknown
RT-008160,0,,unknown
RT-008161,0,,unknown
RT-008162,0,,unknown
RT-008163,0,,unknown
RT-008164,0,,unknown
RT-008165,0,,unknown
RT-008166,0,,unknown
RT-008167,0,,unknown
RT-008168,0,,unknown
RT-008169,0,,unknown
RT-008170,0,,unknown
RT-008171,0,,unknown
RT-008172,1,22.0,unknown
RT-008173,0,,unknown
RT-008174,0,,unknown
RT-008175,0,,unknown
RT-008176,0,,unknown
RT-008177,0,,unknown
RT-008178,0,,unknown
RT-008179,0,,unknown
RT-008180,0,,unknown
RT-008181,0,,unknown
RT-008182,0,,unknown
RT-008183,0,,unknown
RT-008184,0,,unknown
RT-008185,0,,unknown
RT-008186,1,24.0,tech_migration
RT-008187,0,,unknown
RT-008188,0,,unknown
RT-008189,0,,unknown
RT-008190,0,,unknown
RT-008191,1,24.0,price
RT-008192,1,24.0,quality
RT-008193,0,,unknown
RT-008194,0,,unknown
RT-008195,0,,unknown
RT-008196,0,,unknown
RT-008197,0,,unknown
RT-008198,0,,unknown
RT-008199,0,,unknown
RT-008200,0,,unknown
RT-008201,0,,unknown
RT-008202,0,,unknown
RT-008203,0,,unknown
RT-008204,1,24.0,tech_migration
RT-008205,0,,unknown
RT-008206,0,,unknown
RT-008207,0,,unknown
RT-008208,0,,unknown
RT-008209,0,,unknown
RT-008210,0,,unknown
RT-008211,0,,unknown
RT-008212,0,,unknown
RT-008213,0,,unknown
RT-008214,0,,unknown
RT-008215,0,,unknown
RT-008216,0,,unknown
RT-008217,0,,unknown
RT-008218,0,,unknown
RT-008219,0,,unknown
RT-008220,1,21.0,unknown
RT-008221,0,,unknown
RT-008222,0,,unknown
RT-008223,0,,unknown
RT-008224,0,,unknown
RT-008225,0,,unknown
RT-008226,0,,unknown
RT-008227,0,,unknown
RT-008228,0,,unknown
RT-008229,1,20.0,tech_migration
RT-008230,0,,unknown
RT-008231,0,,unknown
RT-008232,0,,unknown
RT-008233,0,,unknown
RT-008234,0,,unknown
RT-008235,0,,unknown
RT-008236,0,,unknown
RT-008237,0,,unknown
RT-008238,0,,unknown
RT-008239,0,,unknown
RT-008240,1,24.0,price
RT-008241,0,,unknown
RT-008242,0,,unknown
RT-008243,1,24.0,tech_migration
RT-008244,0,,unknown
RT-008245,0,,unknown
RT-008246,0,,unknown
RT-008247,0,,unknown
RT-008248,0,,unknown
RT-008249,0,,unknown
RT-008250,0,,unknown
RT-008251,0,,unknown
RT-008252,0,,unknown
RT-008253,0,,unknown
RT-008254,0,,unknown
RT-008255,0,,unknown
RT-008256,0,,unknown
RT-008257,0,,unknown
RT-008258,0,,unknown
RT-008259,0,,unknown
RT-008260,0,,unknown
RT-008261,0,,unknown
RT-008262,0,,unknown
RT-008263,0,,unknown
RT-008264,1,19.0,tech_migration
RT-008265,0,,unknown
RT-008266,0,,unknown
RT-008267,1,22.0,tech_migration
RT-008268,0,,unknown
RT-008269,0,,unknown
RT-008270,0,,unknown
RT-008271,0,,unknown
RT-008272,0,,unknown
RT-008273,0,,unknown
RT-008274,0,,unknown
RT-008275,0,,unknown
RT-008276,0,,unknown
RT-008277,0,,unknown
RT-008278,0,,unknown
RT-008279,0,,unknown
RT-008280,0,,unknown
RT-008281,0,,unknown
RT-008282,0,,unknown
RT-008283,0,,unknown
RT-008284,0,,unknown
RT-008285,0,,unknown
RT-008286,0,,unknown
RT-008287,0,,unknown
RT-008288,0,,unknown
RT-008289,0,,unknown
RT-008290,0,,unknown
RT-008291,1,21.0,tech_migration
RT-008292,0,,unknown
RT-008293,0,,unknown
RT-008294,0,,unknown
RT-008295,0,,unknown
RT-008296,0,,unknown
RT-008297,1,19.0,quality
RT-008298,1,19.0,price
RT-008299,0,,unknown
RT-008300,0,,unknown
RT-008301,0,,unknown
RT-008302,0,,unknown
RT-008303,0,,unknown
RT-008304,0,,unknown
RT-008305,0,,unknown
RT-008306,0,,unknown
RT-008307,0,,unknown
RT-008308,0,,unknown
RT-008309,0,,unknown
RT-008310,0,,unknown
RT-008311,0,,unknown
RT-008312,0,,unknown
RT-008313,0,,unknown
RT-008314,0,,unknown
RT-008315,0,,unknown
RT-008316,0,,unknown
RT-008317,0,,unknown
RT-008318,0,,unknown
RT-008319,0,,unknown
RT-008320,0,,unknown
RT-008321,0,,unknown
RT-008322,0,,unknown
RT-008323,0,,unknown
RT-008324,1,22.0,tech_migration
RT-008325,1,19.0,quality
RT-008326,0,,unknown
RT-008327,0,,unknown
RT-008328,0,,unknown
RT-008329,0,,unknown
RT-008330,0,,unknown
RT-008331,0,,unknown
RT-008332,0,,unknown
RT-008333,0,,unknown
RT-008334,0,,unknown
RT-008335,0,,unknown
RT-008336,0,,unknown
RT-008337,0,,unknown
RT-008338,1,24.0,unknown
RT-008339,0,,unknown
RT-008340,0,,unknown
RT-008341,0,,unknown
RT-008342,0,,unknown
RT-008343,0,,unknown
RT-008344,0,,unknown
RT-008345,0,,unknown
RT-008346,1,24.0,competitor
RT-008347,0,,unknown
RT-008348,0,,unknown
RT-008349,0,,unknown
RT-008350,0,,unknown
RT-008351,0,,unknown
RT-008352,0,,unknown
RT-008353,0,,unknown
RT-008354,0,,unknown
RT-008355,0,,unknown
RT-008356,0,,unknown
RT-008357,0,,unknown
RT-008358,0,,unknown
RT-008359,0,,unknown
RT-008360,0,,unknown
RT-008361,0,,unknown
RT-008362,0,,unknown
RT-008363,0,,unknown
RT-008364,0,,unknown
RT-008365,0,,unknown
RT-008366,1,21.0,tech_migration
RT-008367,0,,unknown
RT-008368,0,,unknown
RT-008369,0,,unknown
RT-008370,0,,unknown
RT-008371,0,,unknown
RT-008372,0,,unknown
RT-008373,0,,unknown
RT-008374,0,,unknown
RT-008375,0,,unknown
RT-008376,1,19.0,unknown
RT-008377,0,,unknown
RT-008378,0,,unknown
RT-008379,0,,unknown
RT-008380,0,,unknown
RT-008381,0,,unknown
RT-008382,1,23.0,unknown
RT-008383,0,,unknown
RT-008384,0,,unknown
RT-008385,0,,unknown
RT-008386,0,,unknown
RT-008387,0,,unknown
RT-008388,0,,unknown
RT-008389,0,,unknown
RT-008390,0,,unknown
RT-008391,0,,unknown
RT-008392,0,,unknown
RT-008393,0,,unknown
RT-008394,0,,unknown
RT-008395,0,,unknown
RT-008396,0,,unknown
RT-008397,0,,unknown
RT-008398,0,,unknown
RT-008399,0,,unknown
RT-008400,0,,unknown
RT-008401,0,,unknown
RT-008402,0,,unknown
RT-008403,0,,unknown
RT-008404,1,20.0,unknown
RT-008405,0,,unknown
RT-008406,0,,unknown
RT-008407,0,,unknown
RT-008408,0,,unknown
RT-008409,0,,unknown
RT-008410,0,,unknown
RT-008411,0,,unknown
RT-008412,0,,unknown
RT-008413,0,,unknown
RT-008414,0,,unknown
RT-008415,0,,unknown
RT-008416,0,,unknown
RT-008417,1,24.0,tech_migration
RT-008418,0,,unknown
RT-008419,0,,unknown
RT-008420,0,,unknown
RT-008421,0,,unknown
RT-008422,0,,unknown
RT-008423,0,,unknown
RT-008424,0,,unknown
RT-008425,0,,unknown
RT-008426,0,,unknown
RT-008427,0,,unknown
RT-008428,0,,unknown
RT-008429,0,,unknown
RT-008430,0,,unknown
RT-008431,0,,unknown
RT-008432,0,,unknown
RT-008433,0,,unknown
RT-008434,1,24.0,tech_migration
RT-008435,0,,unknown
RT-008436,0,,unknown
RT-008437,0,,unknown
RT-008438,0,,unknown
RT-008439,0,,unknown
RT-008440,0,,unknown
RT-008441,0,,unknown
RT-008442,0,,unknown
RT-008443,1,22.0,unknown
RT-008444,0,,unknown
RT-008445,0,,unknown
RT-008446,0,,unknown
RT-008447,0,,unknown
RT-008448,1,23.0,tech_migration
RT-008449,0,,unknown
RT-008450,0,,unknown
RT-008451,0,,unknown
RT-008452,0,,unknown
RT-008453,0,,unknown
RT-008454,0,,unknown
RT-008455,0,,unknown
RT-008456,0,,unknown
RT-008457,0,,unknown
RT-008458,0,,unknown
RT-008459,0,,unknown
RT-008460,0,,unknown
RT-008461,0,,unknown
RT-008462,0,,unknown
RT-008463,0,,unknown
RT-008464,0,,unknown
RT-008465,0,,unknown
RT-008466,0,,unknown
RT-008467,0,,unknown
RT-008468,0,,unknown
RT-008469,0,,unknown
RT-008470,0,,unknown
RT-008471,1,24.0,unknown
RT-008472,0,,unknown
RT-008473,1,24.0,unknown
RT-008474,1,21.0,unknown
RT-008475,0,,unknown
RT-008476,0,,unknown
RT-008477,0,,unknown
RT-008478,0,,unknown
RT-008479,0,,unknown
RT-008480,0,,unknown
RT-008481,0,,unknown
RT-008482,0,,unknown
RT-008483,0,,unknown
RT-008484,0,,unknown
RT-008485,0,,unknown
RT-008486,0,,unknown
RT-008487,0,,unknown
RT-008488,0,,unknown
RT-008489,0,,unknown
RT-008490,0,,unknown
RT-008491,0,,unknown
RT-008492,0,,unknown
RT-008493,0,,unknown
RT-008494,0,,unknown
RT-008495,1,24.0,price
RT-008496,0,,unknown
RT-008497,0,,unknown
RT-008498,0,,unknown
RT-008499,0,,unknown
RT-008500,0,,unknown
RT-008501,0,,unknown
RT-008502,0,,unknown
RT-008503,0,,unknown
RT-008504,1,23.0,competitor
RT-008505,0,,unknown
RT-008506,1,21.0,price
RT-008507,0,,unknown
RT-008508,0,,unknown
RT-008509,1,24.0,tech_migration
RT-008510,0,,unknown
RT-008511,0,,unknown
RT-008512,0,,unknown
RT-008513,0,,unknown
RT-008514,0,,unknown
RT-008515,0,,unknown
RT-008516,0,,unknown
RT-008517,0,,unknown
RT-008518,0,,unknown
RT-008519,0,,unknown
RT-008520,0,,unknown
RT-008521,1,24.0,price
RT-008522,0,,unknown
RT-008523,0,,unknown
RT-008524,0,,unknown
RT-008525,0,,unknown
RT-008526,0,,unknown
RT-008527,0,,unknown
RT-008528,0,,unknown
RT-008529,0,,unknown
RT-008530,0,,unknown
RT-008531,0,,unknown
RT-008532,0,,unknown
RT-008533,0,,unknown
RT-008534,0,,unknown
RT-008535,0,,unknown
RT-008536,0,,unknown
RT-008537,0,,unknown
RT-008538,0,,unknown
RT-008539,0,,unknown
RT-008540,0,,unknown
RT-008541,0,,unknown
RT-008542,0,,unknown
RT-008543,0,,unknown
RT-008544,0,,unknown
RT-008545,0,,unknown
RT-008546,0,,unknown
RT-008547,0,,unknown
RT-008548,0,,unknown
RT-008549,1,24.0,tech_migration
RT-008550,0,,unknown
RT-008551,0,,unknown
RT-008552,0,,unknown
RT-008553,0,,unknown
RT-008554,0,,unknown
RT-008555,0,,unknown
RT-008556,0,,unknown
RT-008557,0,,unknown
RT-008558,0,,unknown
RT-008559,0,,unknown
RT-008560,1,20.0,competitor
RT-008561,0,,unknown
RT-008562,0,,unknown
RT-008563,0,,unknown
RT-008564,0,,unknown
RT-008565,0,,unknown
RT-008566,0,,unknown
RT-008567,0,,unknown
RT-008568,0,,unknown
RT-008569,0,,unknown
RT-008570,0,,unknown
RT-008571,0,,unknown
RT-008572,1,20.0,tech_migration
RT-008573,0,,unknown
RT-008574,0,,unknown
RT-008575,0,,unknown
RT-008576,0,,unknown
RT-008577,0,,unknown
RT-008578,0,,unknown
RT-008579,0,,unknown
RT-008580,0,,unknown
RT-008581,0,,unknown
RT-008582,0,,unknown
RT-008583,0,,unknown
RT-008584,0,,unknown
RT-008585,0,,unknown
RT-008586,0,,unknown
RT-008587,0,,unknown
RT-008588,0,,unknown
RT-008589,0,,unknown
RT-008590,0,,unknown
RT-008591,1,21.0,competitor
RT-008592,0,,unknown
RT-008593,0,,unknown
RT-008594,0,,unknown
RT-008595,0,,unknown
RT-008596,0,,unknown
RT-008597,0,,unknown
RT-008598,0,,unknown
RT-008599,0,,unknown
RT-008600,0,,unknown
RT-008601,0,,unknown
RT-008602,0,,unknown
RT-008603,1,19.0,unknown
RT-008604,0,,unknown
RT-008605,1,23.0,price
RT-008606,0,,unknown
RT-008607,0,,unknown
RT-008608,0,,unknown
RT-008609,1,23.0,price
RT-008610,0,,unknown
RT-008611,0,,unknown
RT-008612,0,,unknown
RT-008613,0,,unknown
RT-008614,0,,unknown
RT-008615,0,,unknown
RT-008616,0,,unknown
RT-008617,0,,unknown
RT-008618,0,,unknown
RT-008619,1,20.0,quality
RT-008620,0,,unknown
RT-008621,0,,unknown
RT-008622,0,,unknown
RT-008623,0,,unknown
RT-008624,0,,unknown
RT-008625,0,,unknown
RT-008626,0,,unknown
RT-008627,0,,unknown
RT-008628,0,,unknown
RT-008629,0,,unknown
RT-008630,0,,unknown
RT-008631,0,,unknown
RT-008632,0,,unknown
RT-008633,0,,unknown
RT-008634,0,,unknown
RT-008635,0,,unknown
RT-008636,0,,unknown
RT-008637,0,,unknown
RT-008638,0,,unknown
RT-008639,0,,unknown
RT-008640,0,,unknown
RT-008641,0,,unknown
RT-008642,1,23.0,tech_migration
RT-008643,0,,unknown
RT-008644,0,,unknown
RT-008645,0,,unknown
RT-008646,0,,unknown
RT-008647,0,,unknown
RT-008648,0,,unknown
RT-008649,1,21.0,quality
RT-008650,0,,unknown
RT-008651,0,,unknown
RT-008652,0,,unknown
RT-008653,0,,unknown
RT-008654,0,,unknown
RT-008655,0,,unknown
RT-008656,0,,unknown
RT-008657,0,,unknown
RT-008658,0,,unknown
RT-008659,0,,unknown
RT-008660,0,,unknown
RT-008661,0,,unknown
RT-008662,0,,unknown
RT-008663,0,,unknown
RT-008664,0,,unknown
RT-008665,0,,unknown
RT-008666,0,,unknown
RT-008667,0,,unknown
RT-008668,0,,unknown
RT-008669,0,,unknown
RT-008670,0,,unknown
RT-008671,1,24.0,unknown
RT-008672,0,,unknown
RT-008673,0,,unknown
RT-008674,0,,unknown
RT-008675,0,,unknown
RT-008676,0,,unknown
RT-008677,0,,unknown
RT-008678,0,,unknown
RT-008679,0,,unknown
RT-008680,0,,unknown
RT-008681,0,,unknown
RT-008682,0,,unknown
RT-008683,0,,unknown
RT-008684,0,,unknown
RT-008685,0,,unknown
RT-008686,0,,unknown
RT-008687,0,,unknown
RT-008688,0,,unknown
RT-008689,0,,unknown
RT-008690,1,20.0,competitor
RT-008691,0,,unknown
RT-008692,0,,unknown
RT-008693,1,20.0,price
RT-008694,0,,unknown
RT-008695,0,,unknown
RT-008696,0,,unknown
RT-008697,0,,unknown
RT-008698,0,,unknown
RT-008699,0,,unknown
RT-008700,0,,unknown
RT-008701,0,,unknown
RT-008702,0,,unknown
RT-008703,1,24.0,unknown
RT-008704,0,,unknown
RT-008705,0,,unknown
RT-008706,0,,unknown
RT-008707,0,,unknown
RT-008708,1,19.0,unknown
RT-008709,0,,unknown
RT-008710,0,,unknown
RT-008711,0,,unknown
RT-008712,0,,unknown
RT-008713,0,,unknown
RT-008714,0,,unknown
RT-008715,0,,unknown
RT-008716,0,,unknown
RT-008717,0,,unknown
RT-008718,0,,unknown
RT-008719,0,,unknown
RT-008720,0,,unknown
RT-008721,0,,unknown
RT-008722,0,,unknown
RT-008723,0,,unknown
RT-008724,0,,unknown
RT-008725,0,,unknown
RT-008726,1,19.0,tech_migration
RT-008727,1,23.0,tech_migration
RT-008728,0,,unknown
RT-008729,0,,unknown
RT-008730,0,,unknown
RT-008731,0,,unknown
RT-008732,0,,unknown
RT-008733,0,,unknown
RT-008734,0,,unknown
RT-008735,0,,unknown
RT-008736,0,,unknown
RT-008737,0,,unknown
RT-008738,0,,unknown
RT-008739,0,,unknown
RT-008740,0,,unknown
RT-008741,0,,unknown
RT-008742,0,,unknown
RT-008743,0,,unknown
RT-008744,0,,unknown
RT-008745,0,,unknown
RT-008746,0,,unknown
RT-008747,0,,unknown
RT-008748,0,,unknown
RT-008749,0,,unknown
RT-008750,0,,unknown
RT-008751,0,,unknown
RT-008752,0,,unknown
RT-008753,0,,unknown
RT-008754,0,,unknown
RT-008755,0,,unknown
RT-008756,0,,unknown
RT-008757,1,24.0,unknown
RT-008758,1,24.0,unknown
RT-008759,0,,unknown
RT-008760,1,19.0,competitor
RT-008761,1,24.0,price
RT-008762,1,24.0,price
RT-008763,0,,unknown
RT-008764,1,24.0,tech_migration
RT-008765,0,,unknown
RT-008766,0,,unknown
RT-008767,0,,unknown
RT-008768,0,,unknown
RT-008769,0,,unknown
RT-008770,0,,unknown
RT-008771,0,,unknown
RT-008772,0,,unknown
RT-008773,0,,unknown
RT-008774,0,,unknown
RT-008775,0,,unknown
RT-008776,0,,unknown
RT-008777,0,,unknown
RT-008778,0,,unknown
RT-008779,0,,unknown
RT-008780,0,,unknown
RT-008781,0,,unknown
RT-008782,0,,unknown
RT-008783,0,,unknown
RT-008784,0,,unknown
RT-008785,0,,unknown
RT-008786,0,,unknown
RT-008787,0,,unknown
RT-008788,1,24.0,quality
RT-008789,0,,unknown
RT-008790,0,,unknown
RT-008791,1,20.0,quality
RT-008792,0,,unknown
RT-008793,0,,unknown
RT-008794,1,20.0,tech_migration
RT-008795,0,,unknown
RT-008796,0,,unknown
RT-008797,0,,unknown
RT-008798,0,,unknown
RT-008799,0,,unknown
RT-008800,0,,unknown
RT-008801,0,,unknown
RT-008802,0,,unknown
RT-008803,0,,unknown
RT-008804,0,,unknown
RT-008805,0,,unknown
RT-008806,0,,unknown
RT-008807,1,19.0,unknown
RT-008808,0,,unknown
RT-008809,1,24.0,competitor
RT-008810,0,,unknown
RT-008811,0,,unknown
RT-008812,0,,unknown
RT-008813,0,,unknown
RT-008814,1,19.0,tech_migration
RT-008815,0,,unknown
RT-008816,0,,unknown
RT-008817,0,,unknown
RT-008818,0,,unknown
RT-008819,1,23.0,unknown
RT-008820,0,,unknown
RT-008821,0,,unknown
RT-008822,0,,unknown
RT-008823,0,,unknown
RT-008824,0,,unknown
RT-008825,0,,unknown
RT-008826,0,,unknown
RT-008827,0,,unknown
RT-008828,0,,unknown
RT-008829,0,,unknown
RT-008830,0,,unknown
RT-008831,0,,unknown
RT-008832,0,,unknown
RT-008833,0,,unknown
RT-008834,0,,unknown
RT-008835,0,,unknown
RT-008836,0,,unknown
RT-008837,0,,unknown
RT-008838,0,,unknown
RT-008839,0,,unknown
RT-008840,0,,unknown
RT-008841,0,,unknown
RT-008842,0,,unknown
RT-008843,0,,unknown
RT-008844,0,,unknown
RT-008845,0,,unknown
RT-008846,0,,unknown
RT-008847,0,,unknown
RT-008848,0,,unknown
RT-008849,0,,unknown
RT-008850,1,22.0,tech_migration
RT-008851,0,,unknown
RT-008852,0,,unknown
RT-008853,0,,unknown
RT-008854,0,,unknown
RT-008855,0,,unknown
RT-008856,0,,unknown
RT-008857,1,24.0,competitor
RT-008858,0,,unknown
RT-008859,0,,unknown
RT-008860,0,,unknown
RT-008861,0,,unknown
RT-008862,0,,unknown
RT-008863,0,,unknown
RT-008864,1,19.0,tech_migration
RT-008865,0,,unknown
RT-008866,0,,unknown
RT-008867,0,,unknown
RT-008868,0,,unknown
RT-008869,0,,unknown
RT-008870,0,,unknown
RT-008871,0,,unknown
RT-008872,0,,unknown
RT-008873,0,,unknown
RT-008874,0,,unknown
RT-008875,0,,unknown
RT-008876,0,,unknown
RT-008877,0,,unknown
RT-008878,0,,unknown
RT-008879,0,,unknown
RT-008880,1,24.0,quality
RT-008881,1,20.0,tech_migration
RT-008882,0,,unknown
RT-008883,0,,unknown
RT-008884,0,,unknown
RT-008885,0,,unknown
RT-008886,0,,unknown
RT-008887,0,,unknown
RT-008888,0,,unknown
RT-008889,0,,unknown
RT-008890,1,23.0,price
RT-008891,0,,unknown
RT-008892,0,,unknown
RT-008893,0,,unknown
RT-008894,0,,unknown
RT-008895,0,,unknown
RT-008896,1,19.0,price
RT-008897,0,,unknown
RT-008898,0,,unknown
RT-008899,0,,unknown
RT-008900,0,,unknown
RT-008901,0,,unknown
RT-008902,0,,unknown
RT-008903,0,,unknown
RT-008904,0,,unknown
RT-008905,0,,unknown
RT-008906,0,,unknown
RT-008907,0,,unknown
RT-008908,0,,unknown
RT-008909,0,,unknown
RT-008910,0,,unknown
RT-008911,0,,unknown
RT-008912,0,,unknown
RT-008913,0,,unknown
RT-008914,0,,unknown
RT-008915,0,,unknown
RT-008916,0,,unknown
RT-008917,0,,unknown
RT-008918,0,,unknown
RT-008919,0,,unknown
RT-008920,0,,unknown
RT-008921,0,,unknown
RT-008922,0,,unknown
RT-008923,0,,unknown
RT-008924,0,,unknown
RT-008925,0,,unknown
RT-008926,0,,unknown
RT-008927,0,,unknown
RT-008928,0,,unknown
RT-008929,0,,unknown
RT-008930,0,,unknown
RT-008931,0,,unknown
RT-008932,0,,unknown
RT-008933,0,,unknown
RT-008934,0,,unknown
RT-008935,0,,unknown
RT-008936,0,,unknown
RT-008937,0,,unknown
RT-008938,0,,unknown
RT-008939,0,,unknown
RT-008940,0,,unknown
RT-008941,0,,unknown
RT-008942,0,,unknown
RT-008943,0,,unknown
RT-008944,0,,unknown
RT-008945,0,,unknown
RT-008946,0,,unknown
RT-008947,0,,unknown
RT-008948,0,,unknown
RT-008949,0,,unknown
RT-008950,0,,unknown
RT-008951,0,,unknown
RT-008952,1,24.0,competitor
RT-008953,0,,unknown
RT-008954,0,,unknown
RT-008955,0,,unknown
RT-008956,0,,unknown
RT-008957,0,,unknown
RT-008958,1,19.0,competitor
RT-008959,0,,unknown
RT-008960,0,,unknown
RT-008961,1,23.0,unknown
RT-008962,0,,unknown
RT-008963,0,,unknown
RT-008964,0,,unknown
RT-008965,0,,unknown
RT-008966,1,24.0,unknown
RT-008967,0,,unknown
RT-008968,0,,unknown
RT-008969,0,,unknown
RT-008970,0,,unknown
RT-008971,0,,unknown
RT-008972,0,,unknown
RT-008973,0,,unknown
RT-008974,0,,unknown
RT-008975,0,,unknown
RT-008976,1,24.0,unknown
RT-008977,0,,unknown
RT-008978,0,,unknown
RT-008979,0,,unknown
RT-008980,0,,unknown
RT-008981,0,,unknown
RT-008982,0,,unknown
RT-008983,0,,unknown
RT-008984,0,,unknown
RT-008985,1,23.0,price
RT-008986,0,,unknown
RT-008987,0,,unknown
RT-008988,0,,unknown
RT-008989,0,,unknown
RT-008990,0,,unknown
RT-008991,1,24.0,unknown
RT-008992,0,,unknown
RT-008993,0,,unknown
RT-008994,0,,unknown
RT-008995,0,,unknown
RT-008996,0,,unknown
RT-008997,0,,unknown
RT-008998,0,,unknown
RT-008999,0,,unknown
RT-009000,0,,unknown
RT-009001,0,,unknown
RT-009002,0,,unknown
RT-009003,0,,unknown
RT-009004,0,,unknown
RT-009005,0,,unknown
RT-009006,0,,unknown
RT-009007,0,,unknown
RT-009008,0,,unknown
RT-009009,0,,unknown
RT-009010,0,,unknown
RT-009011,0,,unknown
RT-009012,0,,unknown
RT-009013,0,,unknown
RT-009014,0,,unknown
RT-009015,1,24.0,tech_migration
RT-009016,0,,unknown
RT-009017,0,,unknown
RT-009018,1,24.0,competitor
RT-009019,0,,unknown
RT-009020,0,,unknown
RT-009021,0,,unknown
RT-009022,1,22.0,tech_migration
RT-009023,0,,unknown
RT-009024,0,,unknown
RT-009025,0,,unknown
RT-009026,0,,unknown
RT-009027,0,,unknown
RT-009028,1,20.0,unknown
RT-009029,0,,unknown
RT-009030,0,,unknown
RT-009031,0,,unknown
RT-009032,0,,unknown
RT-009033,0,,unknown
RT-009034,1,23.0,unknown
RT-009035,0,,unknown
RT-009036,0,,unknown
RT-009037,0,,unknown
RT-009038,0,,unknown
RT-009039,0,,unknown
RT-009040,0,,unknown
RT-009041,0,,unknown
RT-009042,0,,unknown
RT-009043,0,,unknown
RT-009044,0,,unknown
RT-009045,0,,unknown
RT-009046,0,,unknown
RT-009047,0,,unknown
RT-009048,0,,unknown
RT-009049,0,,unknown
RT-009050,0,,unknown
RT-009051,0,,unknown
RT-009052,0,,unknown
RT-009053,0,,unknown
RT-009054,0,,unknown
RT-009055,0,,unknown
RT-009056,0,,unknown
RT-009057,0,,unknown
RT-009058,0,,unknown
RT-009059,0,,unknown
RT-009060,0,,unknown
RT-009061,1,20.0,quality
RT-009062,0,,unknown
RT-009063,0,,unknown
RT-009064,0,,unknown
RT-009065,0,,unknown
RT-009066,1,19.0,tech_migration
RT-009067,0,,unknown
RT-009068,0,,unknown
RT-009069,0,,unknown
RT-009070,0,,unknown
RT-009071,0,,unknown
RT-009072,0,,unknown
RT-009073,1,23.0,tech_migration
RT-009074,0,,unknown
RT-009075,0,,unknown
RT-009076,0,,unknown
RT-009077,0,,unknown
RT-009078,0,,unknown
RT-009079,0,,unknown
RT-009080,0,,unknown
RT-009081,0,,unknown
RT-009082,1,20.0,unknown
RT-009083,0,,unknown
RT-009084,0,,unknown
RT-009085,0,,unknown
RT-009086,0,,unknown
RT-009087,0,,unknown
RT-009088,0,,unknown
RT-009089,0,,unknown
RT-009090,0,,unknown
RT-009091,0,,unknown
RT-009092,0,,unknown
RT-009093,0,,unknown
RT-009094,0,,unknown
RT-009095,1,24.0,competitor
RT-009096,0,,unknown
RT-009097,1,21.0,unknown
RT-009098,0,,unknown
RT-009099,1,24.0,tech_migration
RT-009100,0,,unknown
RT-009101,0,,unknown
RT-009102,0,,unknown
RT-009103,1,19.0,quality
RT-009104,0,,unknown
RT-009105,1,22.0,price
RT-009106,0,,unknown
RT-009107,0,,unknown
RT-009108,0,,unknown
RT-009109,0,,unknown
RT-009110,0,,unknown
RT-009111,0,,unknown
RT-009112,0,,unknown
RT-009113,0,,unknown
RT-009114,0,,unknown
RT-009115,0,,unknown
RT-009116,0,,unknown
RT-009117,1,24.0,quality
RT-009118,0,,unknown
RT-009119,1,24.0,tech_migration
RT-009120,0,,unknown
RT-009121,0,,unknown
RT-009122,0,,unknown
RT-009123,0,,unknown
RT-009124,0,,unknown
RT-009125,0,,unknown
RT-009126,0,,unknown
RT-009127,0,,unknown
RT-009128,0,,unknown
RT-009129,0,,unknown
RT-009130,0,,unknown
RT-009131,0,,unknown
RT-009132,0,,unknown
RT-009133,0,,unknown
RT-009134,1,23.0,tech_migration
RT-009135,0,,unknown
RT-009136,0,,unknown
RT-009137,0,,unknown
RT-009138,0,,unknown
RT-009139,0,,unknown
RT-009140,0,,unknown
RT-009141,0,,unknown
RT-009142,0,,unknown
RT-009143,0,,unknown
RT-009144,1,24.0,unknown
RT-009145,0,,unknown
RT-009146,0,,unknown
RT-009147,0,,unknown
RT-009148,0,,unknown
RT-009149,0,,unknown
RT-009150,0,,unknown
RT-009151,0,,unknown
RT-009152,0,,unknown
RT-009153,0,,unknown
RT-009154,0,,unknown
RT-009155,0,,unknown
RT-009156,0,,unknown
RT-009157,0,,unknown
RT-009158,0,,unknown
RT-009159,0,,unknown
RT-009160,0,,unknown
RT-009161,0,,unknown
RT-009162,0,,unknown
RT-009163,0,,unknown
RT-009164,0,,unknown
RT-009165,0,,unknown
RT-009166,0,,unknown
RT-009167,0,,unknown
RT-009168,0,,unknown
RT-009169,0,,unknown
RT-009170,0,,unknown
RT-009171,0,,unknown
RT-009172,0,,unknown
RT-009173,0,,unknown
RT-009174,0,,unknown
RT-009175,0,,unknown
RT-009176,0,,unknown
RT-009177,0,,unknown
RT-009178,0,,unknown
RT-009179,0,,unknown
RT-009180,1,19.0,unknown
RT-009181,0,,unknown
RT-009182,1,20.0,unknown
RT-009183,0,,unknown
RT-009184,0,,unknown
RT-009185,1,19.0,price
RT-009186,0,,unknown
RT-009187,0,,unknown
RT-009188,0,,unknown
RT-009189,0,,unknown
RT-009190,0,,unknown
RT-009191,0,,unknown
RT-009192,0,,unknown
RT-009193,0,,unknown
RT-009194,0,,unknown
RT-009195,0,,unknown
RT-009196,0,,unknown
RT-009197,0,,unknown
RT-009198,0,,unknown
RT-009199,0,,unknown
RT-009200,0,,unknown
RT-009201,0,,unknown
RT-009202,0,,unknown
RT-009203,0,,unknown
RT-009204,0,,unknown
RT-009205,0,,unknown
RT-009206,0,,unknown
RT-009207,0,,unknown
RT-009208,1,20.0,competitor
RT-009209,0,,unknown
RT-009210,0,,unknown
RT-009211,0,,unknown
RT-009212,0,,unknown
RT-009213,0,,unknown
RT-009214,0,,unknown
RT-009215,1,22.0,quality
RT-009216,1,23.0,competitor
RT-009217,0,,unknown
RT-009218,0,,unknown
RT-009219,0,,unknown
RT-009220,0,,unknown
RT-009221,0,,unknown
RT-009222,0,,unknown
RT-009223,1,22.0,unknown
RT-009224,0,,unknown
RT-009225,0,,unknown
RT-009226,1,21.0,unknown
RT-009227,0,,unknown
RT-009228,0,,unknown
RT-009229,0,,unknown
RT-009230,0,,unknown
RT-009231,0,,unknown
RT-009232,0,,unknown
RT-009233,0,,unknown
RT-009234,0,,unknown
RT-009235,0,,unknown
RT-009236,0,,unknown
RT-009237,0,,unknown
RT-009238,0,,unknown
RT-009239,0,,unknown
RT-009240,0,,unknown
RT-009241,0,,unknown
RT-009242,0,,unknown
RT-009243,0,,unknown
RT-009244,0,,unknown
RT-009245,0,,unknown
RT-009246,0,,unknown
RT-009247,0,,unknown
RT-009248,1,24.0,price
RT-009249,1,24.0,tech_migration
RT-009250,0,,unknown
RT-009251,1,21.0,quality
RT-009252,1,24.0,competitor
RT-009253,0,,unknown
RT-009254,0,,unknown
RT-009255,0,,unknown
RT-009256,0,,unknown
RT-009257,0,,unknown
RT-009258,0,,unknown
RT-009259,0,,unknown
RT-009260,0,,unknown
RT-009261,0,,unknown
RT-009262,0,,unknown
RT-009263,0,,unknown
RT-009264,0,,unknown
RT-009265,1,20.0,unknown
RT-009266,0,,unknown
RT-009267,0,,unknown
RT-009268,0,,unknown
RT-009269,0,,unknown
RT-009270,0,,unknown
RT-009271,0,,unknown
RT-009272,0,,unknown
RT-009273,0,,unknown
RT-009274,0,,unknown
RT-009275,1,21.0,price
RT-009276,0,,unknown
RT-009277,0,,unknown
RT-009278,0,,unknown
RT-009279,0,,unknown
RT-009280,0,,unknown
RT-009281,0,,unknown
RT-009282,0,,unknown
RT-009283,0,,unknown
RT-009284,0,,unknown
RT-009285,0,,unknown
RT-009286,0,,unknown
RT-009287,0,,unknown
RT-009288,0,,unknown
RT-009289,0,,unknown
RT-009290,0,,unknown
RT-009291,0,,unknown
RT-009292,0,,unknown
RT-009293,0,,unknown
RT-009294,0,,unknown
RT-009295,0,,unknown
RT-009296,0,,unknown
RT-009297,0,,unknown
RT-009298,0,,unknown
RT-009299,0,,unknown
RT-009300,0,,unknown
RT-009301,0,,unknown
RT-009302,1,22.0,unknown
RT-009303,0,,unknown
RT-009304,0,,unknown
RT-009305,0,,unknown
RT-009306,0,,unknown
RT-009307,0,,unknown
RT-009308,1,24.0,tech_migration
RT-009309,0,,unknown
RT-009310,0,,unknown
RT-009311,1,23.0,price
RT-009312,0,,unknown
RT-009313,0,,unknown
RT-009314,0,,unknown
RT-009315,0,,unknown
RT-009316,0,,unknown
RT-009317,0,,unknown
RT-009318,1,22.0,competitor
RT-009319,0,,unknown
RT-009320,0,,unknown
RT-009321,0,,unknown
RT-009322,0,,unknown
RT-009323,0,,unknown
RT-009324,0,,unknown
RT-009325,0,,unknown
RT-009326,0,,unknown
RT-009327,0,,unknown
RT-009328,0,,unknown
RT-009329,0,,unknown
RT-009330,0,,unknown
RT-009331,0,,unknown
RT-009332,0,,unknown
RT-009333,0,,unknown
RT-009334,0,,unknown
RT-009335,1,24.0,competitor
RT-009336,1,23.0,quality
RT-009337,0,,unknown
RT-009338,0,,unknown
RT-009339,0,,unknown
RT-009340,0,,unknown
RT-009341,0,,unknown
RT-009342,0,,unknown
RT-009343,0,,unknown
RT-009344,0,,unknown
RT-009345,0,,unknown
RT-009346,0,,unknown
RT-009347,0,,unknown
RT-009348,0,,unknown
RT-009349,0,,unknown
RT-009350,0,,unknown
RT-009351,0,,unknown
RT-009352,0,,unknown
RT-009353,0,,unknown
RT-009354,0,,unknown
RT-009355,0,,unknown
RT-009356,0,,unknown
RT-009357,0,,unknown
RT-009358,0,,unknown
RT-009359,0,,unknown
RT-009360,1,24.0,competitor
RT-009361,0,,unknown
RT-009362,0,,unknown
RT-009363,0,,unknown
RT-009364,0,,unknown
RT-009365,1,20.0,unknown
RT-009366,0,,unknown
RT-009367,0,,unknown
RT-009368,0,,unknown
RT-009369,0,,unknown
RT-009370,0,,unknown
RT-009371,0,,unknown
RT-009372,0,,unknown
RT-009373,0,,unknown
RT-009374,0,,unknown
RT-009375,0,,unknown
RT-009376,0,,unknown
RT-009377,1,24.0,tech_migration
RT-009378,0,,unknown
RT-009379,0,,unknown
RT-009380,0,,unknown
RT-009381,0,,unknown
RT-009382,0,,unknown
RT-009383,0,,unknown
RT-009384,0,,unknown
RT-009385,0,,unknown
RT-009386,0,,unknown
RT-009387,0,,unknown
RT-009388,0,,unknown
RT-009389,0,,unknown
RT-009390,0,,unknown
RT-009391,0,,unknown
RT-009392,0,,unknown
RT-009393,0,,unknown
RT-009394,0,,unknown
RT-009395,0,,unknown
RT-009396,0,,unknown
RT-009397,0,,unknown
RT-009398,1,21.0,unknown
RT-009399,0,,unknown
RT-009400,0,,unknown
RT-009401,0,,unknown
RT-009402,0,,unknown
RT-009403,0,,unknown
RT-009404,0,,unknown
RT-009405,0,,unknown
RT-009406,0,,unknown
RT-009407,0,,unknown
RT-009408,0,,unknown
RT-009409,0,,unknown
RT-009410,0,,unknown
RT-009411,0,,unknown
RT-009412,0,,unknown
RT-009413,0,,unknown
RT-009414,0,,unknown
RT-009415,0,,unknown
RT-009416,0,,unknown
RT-009417,0,,unknown
RT-009418,0,,unknown
RT-009419,1,22.0,unknown
RT-009420,0,,unknown
RT-009421,0,,unknown
RT-009422,0,,unknown
RT-009423,0,,unknown
RT-009424,0,,unknown
RT-009425,0,,unknown
RT-009426,0,,unknown
RT-009427,0,,unknown
RT-009428,0,,unknown
RT-009429,0,,unknown
RT-009430,0,,unknown
RT-009431,0,,unknown
RT-009432,1,24.0,unknown
RT-009433,0,,unknown
RT-009434,0,,unknown
RT-009435,0,,unknown
RT-009436,0,,unknown
RT-009437,0,,unknown
RT-009438,0,,unknown
RT-009439,0,,unknown
RT-009440,0,,unknown
RT-009441,1,24.0,tech_migration
RT-009442,0,,unknown
RT-009443,0,,unknown
RT-009444,0,,unknown
RT-009445,0,,unknown
RT-009446,0,,unknown
RT-009447,0,,unknown
RT-009448,0,,unknown
RT-009449,1,20.0,competitor
RT-009450,0,,unknown
RT-009451,0,,unknown
RT-009452,0,,unknown
RT-009453,0,,unknown
RT-009454,0,,unknown
RT-009455,1,24.0,price
RT-009456,1,21.0,price
RT-009457,0,,unknown
RT-009458,0,,unknown
RT-009459,0,,unknown
RT-009460,1,21.0,tech_migration
RT-009461,0,,unknown
RT-009462,0,,unknown
RT-009463,0,,unknown
RT-009464,0,,unknown
RT-009465,1,24.0,tech_migration
RT-009466,0,,unknown
RT-009467,1,20.0,price
RT-009468,0,,unknown
RT-009469,0,,unknown
RT-009470,0,,unknown
RT-009471,0,,unknown
RT-009472,1,24.0,price
RT-009473,0,,unknown
RT-009474,0,,unknown
RT-009475,0,,unknown
RT-009476,1,22.0,tech_migration
RT-009477,0,,unknown
RT-009478,0,,unknown
RT-009479,0,,unknown
RT-009480,0,,unknown
RT-009481,0,,unknown
RT-009482,0,,unknown
RT-009483,1,24.0,tech_migration
RT-009484,1,24.0,price
RT-009485,0,,unknown
RT-009486,0,,unknown
RT-009487,0,,unknown
RT-009488,0,,unknown
RT-009489,0,,unknown
RT-009490,1,24.0,unknown
RT-009491,0,,unknown
RT-009492,1,24.0,tech_migration
RT-009493,0,,unknown
RT-009494,0,,unknown
RT-009495,0,,unknown
RT-009496,0,,unknown
RT-009497,0,,unknown
RT-009498,0,,unknown
RT-009499,0,,unknown
RT-009500,0,,unknown
RT-009501,0,,unknown
RT-009502,0,,unknown
RT-009503,0,,unknown
RT-009504,0,,unknown
RT-009505,0,,unknown
RT-009506,0,,unknown
RT-009507,0,,unknown
RT-009508,0,,unknown
RT-009509,0,,unknown
RT-009510,0,,unknown
RT-009511,0,,unknown
RT-009512,0,,unknown
RT-009513,0,,unknown
RT-009514,1,21.0,unknown
RT-009515,0,,unknown
RT-009516,0,,unknown
RT-009517,0,,unknown
RT-009518,0,,unknown
RT-009519,0,,unknown
RT-009520,0,,unknown
RT-009521,0,,unknown
RT-009522,0,,unknown
RT-009523,0,,unknown
RT-009524,0,,unknown
RT-009525,0,,unknown
RT-009526,0,,unknown
RT-009527,0,,unknown
RT-009528,0,,unknown
RT-009529,0,,unknown
RT-009530,0,,unknown
RT-009531,0,,unknown
RT-009532,1,23.0,tech_migration
RT-009533,1,24.0,tech_migration
RT-009534,0,,unknown
RT-009535,0,,unknown
RT-009536,0,,unknown
RT-009537,0,,unknown
RT-009538,0,,unknown
RT-009539,0,,unknown
RT-009540,0,,unknown
RT-009541,1,19.0,tech_migration
RT-009542,0,,unknown
RT-009543,0,,unknown
RT-009544,0,,unknown
RT-009545,0,,unknown
RT-009546,0,,unknown
RT-009547,0,,unknown
RT-009548,0,,unknown
RT-009549,0,,unknown
RT-009550,0,,unknown
RT-009551,0,,unknown
RT-009552,0,,unknown
RT-009553,0,,unknown
RT-009554,0,,unknown
RT-009555,0,,unknown
RT-009556,0,,unknown
RT-009557,0,,unknown
RT-009558,0,,unknown
RT-009559,0,,unknown
RT-009560,0,,unknown
RT-009561,0,,unknown
RT-009562,0,,unknown
RT-009563,0,,unknown
RT-009564,0,,unknown
RT-009565,0,,unknown
RT-009566,0,,unknown
RT-009567,0,,unknown
RT-009568,0,,unknown
RT-009569,0,,unknown
RT-009570,0,,unknown
RT-009571,0,,unknown
RT-009572,0,,unknown
RT-009573,0,,unknown
RT-009574,0,,unknown
RT-009575,0,,unknown
RT-009576,0,,unknown
RT-009577,0,,unknown
RT-009578,0,,unknown
RT-009579,0,,unknown
RT-009580,1,23.0,quality
RT-009581,0,,unknown
RT-009582,0,,unknown
RT-009583,0,,unknown
RT-009584,0,,unknown
RT-009585,0,,unknown
RT-009586,0,,unknown
RT-009587,1,23.0,quality
RT-009588,0,,unknown
RT-009589,0,,unknown
RT-009590,0,,unknown
RT-009591,0,,unknown
RT-009592,1,22.0,competitor
RT-009593,0,,unknown
RT-009594,0,,unknown
RT-009595,0,,unknown
RT-009596,0,,unknown
RT-009597,0,,unknown
RT-009598,0,,unknown
RT-009599,0,,unknown
RT-009600,0,,unknown
RT-009601,0,,unknown
RT-009602,1,20.0,competitor
RT-009603,1,22.0,unknown
RT-009604,0,,unknown
RT-009605,0,,unknown
RT-009606,0,,unknown
RT-009607,0,,unknown
RT-009608,0,,unknown
RT-009609,0,,unknown
RT-009610,0,,unknown
RT-009611,0,,unknown
RT-009612,0,,unknown
RT-009613,0,,unknown
RT-009614,0,,unknown
RT-009615,0,,unknown
RT-009616,0,,unknown
RT-009617,0,,unknown
RT-009618,0,,unknown
RT-009619,0,,unknown
RT-009620,0,,unknown
RT-009621,0,,unknown
RT-009622,0,,unknown
RT-009623,0,,unknown
RT-009624,1,19.0,quality
RT-009625,0,,unknown
RT-009626,0,,unknown
RT-009627,0,,unknown
RT-009628,0,,unknown
RT-009629,0,,unknown
RT-009630,1,24.0,tech_migration
RT-009631,0,,unknown
RT-009632,0,,unknown
RT-009633,0,,unknown
RT-009634,0,,unknown
RT-009635,0,,unknown
RT-009636,0,,unknown
RT-009637,0,,unknown
RT-009638,0,,unknown
RT-009639,1,23.0,quality
RT-009640,0,,unknown
RT-009641,0,,unknown
RT-009642,0,,unknown
RT-009643,0,,unknown
RT-009644,0,,unknown
RT-009645,0,,unknown
RT-009646,0,,unknown
RT-009647,0,,unknown
RT-009648,0,,unknown
RT-009649,0,,unknown
RT-009650,0,,unknown
RT-009651,0,,unknown
RT-009652,0,,unknown
RT-009653,0,,unknown
RT-009654,0,,unknown
RT-009655,0,,unknown
RT-009656,1,23.0,price
RT-009657,0,,unknown
RT-009658,0,,unknown
RT-009659,0,,unknown
RT-009660,1,22.0,unknown
RT-009661,0,,unknown
RT-009662,0,,unknown
RT-009663,0,,unknown
RT-009664,1,20.0,price
RT-009665,0,,unknown
RT-009666,1,24.0,tech_migration
RT-009667,0,,unknown
RT-009668,0,,unknown
RT-009669,0,,unknown
RT-009670,0,,unknown
RT-009671,0,,unknown
RT-009672,0,,unknown
RT-009673,0,,unknown
RT-009674,0,,unknown
RT-009675,1,24.0,quality
RT-009676,0,,unknown
RT-009677,0,,unknown
RT-009678,0,,unknown
RT-009679,0,,unknown
RT-009680,0,,unknown
RT-009681,0,,unknown
RT-009682,0,,unknown
RT-009683,0,,unknown
RT-009684,0,,unknown
RT-009685,0,,unknown
RT-009686,0,,unknown
RT-009687,0,,unknown
RT-009688,0,,unknown
RT-009689,0,,unknown
RT-009690,0,,unknown
RT-009691,0,,unknown
RT-009692,0,,unknown
RT-009693,0,,unknown
RT-009694,0,,unknown
RT-009695,0,,unknown
RT-009696,0,,unknown
RT-009697,0,,unknown
RT-009698,0,,unknown
RT-009699,0,,unknown
RT-009700,0,,unknown
RT-009701,0,,unknown
RT-009702,0,,unknown
RT-009703,0,,unknown
RT-009704,0,,unknown
RT-009705,0,,unknown
RT-009706,0,,unknown
RT-009707,0,,unknown
RT-009708,0,,unknown
RT-009709,0,,unknown
RT-009710,0,,unknown
RT-009711,0,,unknown
RT-009712,1,19.0,unknown
RT-009713,0,,unknown
RT-009714,1,19.0,tech_migration
RT-009715,0,,unknown
RT-009716,0,,unknown
RT-009717,0,,unknown
RT-009718,0,,unknown
RT-009719,0,,unknown
RT-009720,0,,unknown
RT-009721,0,,unknown
RT-009722,0,,unknown
RT-009723,0,,unknown
RT-009724,0,,unknown
RT-009725,0,,unknown
RT-009726,0,,unknown
RT-009727,0,,unknown
RT-009728,0,,unknown
RT-009729,0,,unknown
RT-009730,1,22.0,tech_migration
RT-009731,0,,unknown
RT-009732,0,,unknown
RT-009733,0,,unknown
RT-009734,0,,unknown
RT-009735,0,,unknown
RT-009736,0,,unknown
RT-009737,0,,unknown
RT-009738,1,19.0,quality
RT-009739,0,,unknown
RT-009740,0,,unknown
RT-009741,0,,unknown
RT-009742,0,,unknown
RT-009743,0,,unknown
RT-009744,0,,unknown
RT-009745,0,,unknown
RT-009746,0,,unknown
RT-009747,0,,unknown
RT-009748,0,,unknown
RT-009749,0,,unknown
RT-009750,0,,unknown
RT-009751,0,,unknown
RT-009752,0,,unknown
RT-009753,0,,unknown
RT-009754,0,,unknown
RT-009755,0,,unknown
RT-009756,0,,unknown
RT-009757,0,,unknown
RT-009758,0,,unknown
RT-009759,0,,unknown
RT-009760,0,,unknown
RT-009761,0,,unknown
RT-009762,0,,unknown
RT-009763,0,,unknown
RT-009764,0,,unknown
RT-009765,0,,unknown
RT-009766,0,,unknown
RT-009767,1,19.0,quality
RT-009768,1,24.0,price
RT-009769,0,,unknown
RT-009770,0,,unknown
RT-009771,1,19.0,price
RT-009772,0,,unknown
RT-009773,0,,unknown
RT-009774,0,,unknown
RT-009775,0,,unknown
RT-009776,0,,unknown
RT-009777,0,,unknown
RT-009778,1,21.0,unknown
RT-009779,0,,unknown
RT-009780,0,,unknown
RT-009781,0,,unknown
RT-009782,0,,unknown
RT-009783,0,,unknown
RT-009784,0,,unknown
RT-009785,0,,unknown
RT-009786,1,24.0,quality
RT-009787,0,,unknown
RT-009788,0,,unknown
RT-009789,0,,unknown
RT-009790,0,,unknown
RT-009791,0,,unknown
RT-009792,0,,unknown
RT-009793,0,,unknown
RT-009794,0,,unknown
RT-009795,1,19.0,quality
RT-009796,0,,unknown
RT-009797,0,,unknown
RT-009798,0,,unknown
RT-009799,0,,unknown
RT-009800,0,,unknown
RT-009801,0,,unknown
RT-009802,0,,unknown
RT-009803,0,,unknown
RT-009804,1,22.0,tech_migration
RT-009805,0,,unknown
RT-009806,1,22.0,unknown
RT-009807,0,,unknown
RT-009808,0,,unknown
RT-009809,0,,unknown
RT-009810,0,,unknown
RT-009811,0,,unknown
RT-009812,1,19.0,unknown
RT-009813,0,,unknown
RT-009814,0,,unknown
RT-009815,0,,unknown
RT-009816,0,,unknown
RT-009817,0,,unknown
RT-009818,0,,unknown
RT-009819,1,20.0,unknown
RT-009820,1,24.0,unknown
RT-009821,0,,unknown
RT-009822,0,,unknown
RT-009823,0,,unknown
RT-009824,0,,unknown
RT-009825,0,,unknown
RT-009826,0,,unknown
RT-009827,0,,unknown
RT-009828,1,20.0,competitor
RT-009829,0,,unknown
RT-009830,0,,unknown
RT-009831,0,,unknown
RT-009832,0,,unknown
RT-009833,1,23.0,tech_migration
RT-009834,0,,unknown
RT-009835,0,,unknown
RT-009836,0,,unknown
RT-009837,0,,unknown
RT-009838,0,,unknown
RT-009839,0,,unknown
RT-009840,0,,unknown
RT-009841,0,,unknown
RT-009842,0,,unknown
RT-009843,0,,unknown
RT-009844,0,,unknown
RT-009845,0,,unknown
RT-009846,0,,unknown
RT-009847,1,21.0,quality
RT-009848,0,,unknown
RT-009849,0,,unknown
RT-009850,0,,unknown
RT-009851,0,,unknown
RT-009852,0,,unknown
RT-009853,0,,unknown
RT-009854,0,,unknown
RT-009855,0,,unknown
RT-009856,1,23.0,unknown
RT-009857,0,,unknown
RT-009858,0,,unknown
RT-009859,1,22.0,price
RT-009860,0,,unknown
RT-009861,0,,unknown
RT-009862,0,,unknown
RT-009863,0,,unknown
RT-009864,0,,unknown
RT-009865,0,,unknown
RT-009866,0,,unknown
RT-009867,0,,unknown
RT-009868,0,,unknown
RT-009869,0,,unknown
RT-009870,0,,unknown
RT-009871,0,,unknown
RT-009872,0,,unknown
RT-009873,0,,unknown
RT-009874,0,,unknown
RT-009875,0,,unknown
RT-009876,0,,unknown
RT-009877,0,,unknown
RT-009878,0,,unknown
RT-009879,0,,unknown
RT-009880,0,,unknown
RT-009881,0,,unknown
RT-009882,0,,unknown
RT-009883,0,,unknown
RT-009884,0,,unknown
RT-009885,0,,unknown
RT-009886,0,,unknown
RT-009887,0,,unknown
RT-009888,0,,unknown
RT-009889,1,20.0,unknown
RT-009890,0,,unknown
RT-009891,0,,unknown
RT-009892,1,24.0,unknown
RT-009893,0,,unknown
RT-009894,0,,unknown
RT-009895,0,,unknown
RT-009896,0,,unknown
RT-009897,1,23.0,tech_migration
RT-009898,0,,unknown
RT-009899,0,,unknown
RT-009900,0,,unknown
RT-009901,0,,unknown
RT-009902,0,,unknown
RT-009903,0,,unknown
RT-009904,0,,unknown
RT-009905,1,23.0,quality
RT-009906,0,,unknown
RT-009907,0,,unknown
RT-009908,0,,unknown
RT-009909,0,,unknown
RT-009910,1,24.0,quality
RT-009911,0,,unknown
RT-009912,0,,unknown
RT-009913,0,,unknown
RT-009914,0,,unknown
RT-009915,0,,unknown
RT-009916,0,,unknown
RT-009917,0,,unknown
RT-009918,0,,unknown
RT-009919,0,,unknown
RT-009920,0,,unknown
RT-009921,0,,unknown
RT-009922,0,,unknown
RT-009923,0,,unknown
RT-009924,0,,unknown
RT-009925,1,23.0,quality
RT-009926,0,,unknown
RT-009927,0,,unknown
RT-009928,0,,unknown
RT-009929,0,,unknown
RT-009930,0,,unknown
RT-009931,0,,unknown
RT-009932,0,,unknown
RT-009933,0,,unknown
RT-009934,0,,unknown
RT-009935,0,,unknown
RT-009936,0,,unknown
RT-009937,0,,unknown
RT-009938,0,,unknown
RT-009939,0,,unknown
RT-009940,0,,unknown
RT-009941,0,,unknown
RT-009942,0,,unknown
RT-009943,0,,unknown
RT-009944,0,,unknown
RT-009945,0,,unknown
RT-009946,0,,unknown
RT-009947,1,19.0,unknown
RT-009948,0,,unknown
RT-009949,0,,unknown
RT-009950,0,,unknown
RT-009951,0,,unknown
RT-009952,0,,unknown
RT-009953,0,,unknown
RT-009954,0,,unknown
RT-009955,0,,unknown
RT-009956,0,,unknown
RT-009957,0,,unknown
RT-009958,0,,unknown
RT-009959,0,,unknown
RT-009960,0,,unknown
RT-009961,0,,unknown
RT-009962,0,,unknown
RT-009963,0,,unknown
RT-009964,1,23.0,tech_migration
RT-009965,0,,unknown
RT-009966,0,,unknown
RT-009967,0,,unknown
RT-009968,0,,unknown
RT-009969,0,,unknown
RT-009970,0,,unknown
RT-009971,0,,unknown
RT-009972,0,,unknown
RT-009973,0,,unknown
RT-009974,0,,unknown
RT-009975,0,,unknown
RT-009976,0,,unknown
RT-009977,0,,unknown
RT-009978,0,,unknown
RT-009979,0,,unknown
RT-009980,0,,unknown
RT-009981,0,,unknown
RT-009982,0,,unknown
RT-009983,1,21.0,tech_migration
RT-009984,1,23.0,tech_migration
RT-009985,0,,unknown
RT-009986,0,,unknown
RT-009987,0,,unknown
RT-009988,0,,unknown
RT-009989,1,22.0,quality
RT-009990,0,,unknown
RT-009991,0,,unknown
RT-009992,0,,unknown
RT-009993,0,,unknown
RT-009994,0,,unknown
RT-009995,0,,unknown
RT-009996,0,,unknown
RT-009997,0,,unknown
RT-009998,0,,unknown
RT-009999,0,,unknown
RT-010000,0,,unknown
RT-010001,1,22.0,tech_migration
RT-010002,0,,unknown
RT-010003,0,,unknown
RT-010004,0,,unknown
RT-010005,0,,unknown
RT-010006,0,,unknown
RT-010007,0,,unknown
RT-010008,1,20.0,tech_migration
RT-010009,0,,unknown
RT-010010,0,,unknown
RT-010011,0,,unknown
RT-010012,0,,unknown
RT-010013,0,,unknown
RT-010014,0,,unknown
RT-010015,0,,unknown
RT-010016,0,,unknown
RT-010017,1,24.0,tech_migration
RT-010018,0,,unknown
RT-010019,0,,unknown
RT-010020,0,,unknown
RT-010021,0,,unknown
RT-010022,0,,unknown
RT-010023,0,,unknown
RT-010024,0,,unknown
RT-010025,1,24.0,quality
RT-010026,0,,unknown
RT-010027,1,24.0,tech_migration
RT-010028,0,,unknown
RT-010029,0,,unknown
RT-010030,1,24.0,tech_migration
RT-010031,0,,unknown
RT-010032,0,,unknown
RT-010033,0,,unknown
RT-010034,0,,unknown
RT-010035,1,24.0,tech_migration
RT-010036,0,,unknown
RT-010037,0,,unknown
RT-010038,0,,unknown
RT-010039,0,,unknown
RT-010040,0,,unknown
RT-010041,0,,unknown
RT-010042,0,,unknown
RT-010043,0,,unknown
RT-010044,0,,unknown
RT-010045,0,,unknown
RT-010046,0,,unknown
RT-010047,1,24.0,tech_migration
RT-010048,0,,unknown
RT-010049,0,,unknown
RT-010050,0,,unknown
RT-010051,0,,unknown
RT-010052,0,,unknown
RT-010053,0,,unknown
RT-010054,0,,unknown
RT-010055,0,,unknown
RT-010056,0,,unknown
RT-010057,0,,unknown
RT-010058,0,,unknown
RT-010059,1,20.0,tech_migration
RT-010060,0,,unknown
RT-010061,0,,unknown
RT-010062,0,,unknown
RT-010063,0,,unknown
RT-010064,0,,unknown
RT-010065,0,,unknown
RT-010066,0,,unknown
RT-010067,0,,unknown
RT-010068,0,,unknown
RT-010069,0,,unknown
RT-010070,0,,unknown
RT-010071,0,,unknown
RT-010072,0,,unknown
RT-010073,0,,unknown
RT-010074,0,,unknown
RT-010075,0,,unknown
RT-010076,0,,unknown
RT-010077,0,,unknown
RT-010078,0,,unknown
RT-010079,0,,unknown
RT-010080,0,,unknown
RT-010081,0,,unknown
RT-010082,0,,unknown
RT-010083,0,,unknown
RT-010084,0,,unknown
RT-010085,0,,unknown
RT-010086,0,,unknown
RT-010087,0,,unknown
RT-010088,0,,unknown
RT-010089,0,,unknown
RT-010090,0,,unknown
RT-010091,0,,unknown
RT-010092,0,,unknown
RT-010093,0,,unknown
RT-010094,1,24.0,tech_migration
RT-010095,0,,unknown
RT-010096,0,,unknown
RT-010097,0,,unknown
RT-010098,0,,unknown
RT-010099,0,,unknown
RT-010100,0,,unknown
RT-010101,0,,unknown
RT-010102,0,,unknown
RT-010103,0,,unknown
RT-010104,0,,unknown
RT-010105,0,,unknown
RT-010106,1,24.0,price
RT-010107,0,,unknown
RT-010108,0,,unknown
RT-010109,0,,unknown
RT-010110,0,,unknown
RT-010111,0,,unknown
RT-010112,0,,unknown
RT-010113,0,,unknown
RT-010114,0,,unknown
RT-010115,0,,unknown
RT-010116,0,,unknown
RT-010117,0,,unknown
RT-010118,0,,unknown
RT-010119,0,,unknown
RT-010120,0,,unknown
RT-010121,0,,unknown
RT-010122,0,,unknown
RT-010123,0,,unknown
RT-010124,0,,unknown
RT-010125,0,,unknown
RT-010126,0,,unknown
RT-010127,0,,unknown
RT-010128,0,,unknown
RT-010129,0,,unknown
RT-010130,0,,unknown
RT-010131,0,,unknown
RT-010132,0,,unknown
RT-010133,0,,unknown
RT-010134,0,,unknown
RT-010135,0,,unknown
RT-010136,0,,unknown
RT-010137,0,,unknown
RT-010138,0,,unknown
RT-010139,0,,unknown
RT-010140,0,,unknown
RT-010141,0,,unknown
RT-010142,0,,unknown
RT-010143,0,,unknown
RT-010144,0,,unknown
RT-010145,0,,unknown
RT-010146,0,,unknown
RT-010147,0,,unknown
RT-010148,0,,unknown
RT-010149,0,,unknown
RT-010150,0,,unknown
RT-010151,0,,unknown
RT-010152,0,,unknown
RT-010153,0,,unknown
RT-010154,0,,unknown
RT-010155,0,,unknown
RT-010156,0,,unknown
RT-010157,1,19.0,unknown
RT-010158,0,,unknown
RT-010159,0,,unknown
RT-010160,0,,unknown
RT-010161,0,,unknown
RT-010162,0,,unknown
RT-010163,0,,unknown
RT-010164,0,,unknown
RT-010165,0,,unknown
RT-010166,0,,unknown
RT-010167,0,,unknown
RT-010168,0,,unknown
RT-010169,0,,unknown
RT-010170,0,,unknown
RT-010171,0,,unknown
RT-010172,0,,unknown
RT-010173,0,,unknown
RT-010174,0,,unknown
RT-010175,0,,unknown
RT-010176,0,,unknown
RT-010177,0,,unknown
RT-010178,0,,unknown
RT-010179,0,,unknown
RT-010180,0,,unknown
RT-010181,0,,unknown
RT-010182,0,,unknown
RT-010183,0,,unknown
RT-010184,0,,unknown
RT-010185,0,,unknown
RT-010186,0,,unknown
RT-010187,1,21.0,tech_migration
RT-010188,0,,unknown
RT-010189,0,,unknown
RT-010190,0,,unknown
RT-010191,0,,unknown
RT-010192,0,,unknown
RT-010193,0,,unknown
RT-010194,0,,unknown
RT-010195,0,,unknown
RT-010196,0,,unknown
RT-010197,0,,unknown
RT-010198,0,,unknown
RT-010199,0,,unknown
RT-010200,0,,unknown
RT-010201,0,,unknown
RT-010202,0,,unknown
RT-010203,0,,unknown
RT-010204,0,,unknown
RT-010205,0,,unknown
RT-010206,0,,unknown
RT-010207,0,,unknown
RT-010208,0,,unknown
RT-010209,0,,unknown
RT-010210,0,,unknown
RT-010211,0,,unknown
RT-010212,1,24.0,competitor
RT-010213,0,,unknown
RT-010214,0,,unknown
RT-010215,0,,unknown
RT-010216,0,,unknown
RT-010217,0,,unknown
RT-010218,0,,unknown
RT-010219,0,,unknown
RT-010220,0,,unknown
RT-010221,0,,unknown
RT-010222,0,,unknown
RT-010223,1,23.0,tech_migration
RT-010224,0,,unknown
RT-010225,0,,unknown
RT-010226,0,,unknown
RT-010227,0,,unknown
RT-010228,0,,unknown
RT-010229,0,,unknown
RT-010230,0,,unknown
RT-010231,0,,unknown
RT-010232,0,,unknown
RT-010233,0,,unknown
RT-010234,0,,unknown
RT-010235,0,,unknown
RT-010236,0,,unknown
RT-010237,0,,unknown
RT-010238,0,,unknown
RT-010239,0,,unknown
RT-010240,0,,unknown
RT-010241,0,,unknown
RT-010242,0,,unknown
RT-010243,0,,unknown
RT-010244,0,,unknown
RT-010245,0,,unknown
RT-010246,0,,unknown
RT-010247,0,,unknown
RT-010248,1,24.0,price
RT-010249,0,,unknown
RT-010250,0,,unknown
RT-010251,0,,unknown
RT-010252,0,,unknown
RT-010253,0,,unknown
RT-010254,0,,unknown
RT-010255,0,,unknown
RT-010256,1,23.0,unknown
RT-010257,0,,unknown
RT-010258,0,,unknown
RT-010259,0,,unknown
RT-010260,0,,unknown
RT-010261,0,,unknown
RT-010262,1,24.0,tech_migration
RT-010263,0,,unknown
RT-010264,0,,unknown
RT-010265,0,,unknown
RT-010266,0,,unknown
RT-010267,1,21.0,competitor
RT-010268,0,,unknown
RT-010269,0,,unknown
RT-010270,0,,unknown
RT-010271,0,,unknown
RT-010272,0,,unknown
RT-010273,0,,unknown
RT-010274,0,,unknown
RT-010275,0,,unknown
RT-010276,0,,unknown
RT-010277,0,,unknown
RT-010278,0,,unknown
RT-010279,0,,unknown
RT-010280,0,,unknown
RT-010281,0,,unknown
RT-010282,0,,unknown
RT-010283,0,,unknown
RT-010284,1,20.0,tech_migration
RT-010285,0,,unknown
RT-010286,0,,unknown
RT-010287,0,,unknown
RT-010288,0,,unknown
RT-010289,0,,unknown
RT-010290,0,,unknown
RT-010291,0,,unknown
RT-010292,0,,unknown
RT-010293,0,,unknown
RT-010294,0,,unknown
RT-010295,0,,unknown
RT-010296,0,,unknown
RT-010297,0,,unknown
RT-010298,0,,unknown
RT-010299,0,,unknown
RT-010300,0,,unknown
RT-010301,0,,unknown
RT-010302,0,,unknown
RT-010303,0,,unknown
RT-010304,0,,unknown
RT-010305,0,,unknown
RT-010306,0,,unknown
RT-010307,0,,unknown
RT-010308,0,,unknown
RT-010309,0,,unknown
RT-010310,0,,unknown
RT-010311,0,,unknown
RT-010312,0,,unknown
RT-010313,0,,unknown
RT-010314,0,,unknown
RT-010315,0,,unknown
RT-010316,0,,unknown
RT-010317,0,,unknown
RT-010318,0,,unknown
RT-010319,0,,unknown
RT-010320,0,,unknown
RT-010321,0,,unknown
RT-010322,1,24.0,competitor
RT-010323,1,24.0,competitor
RT-010324,1,20.0,quality
RT-010325,0,,unknown
RT-010326,0,,unknown
RT-010327,0,,unknown
RT-010328,0,,unknown
RT-010329,0,,unknown
RT-010330,0,,unknown
RT-010331,0,,unknown
RT-010332,0,,unknown
RT-010333,0,,unknown
RT-010334,0,,unknown
RT-010335,0,,unknown
RT-010336,0,,unknown
RT-010337,0,,unknown
RT-010338,0,,unknown
RT-010339,0,,unknown
RT-010340,0,,unknown
RT-010341,0,,unknown
RT-010342,0,,unknown
RT-010343,0,,unknown
RT-010344,1,19.0,tech_migration
RT-010345,0,,unknown
RT-010346,0,,unknown
RT-010347,0,,unknown
RT-010348,0,,unknown
RT-010349,0,,unknown
RT-010350,0,,unknown
RT-010351,0,,unknown
RT-010352,0,,unknown
RT-010353,0,,unknown
RT-010354,0,,unknown
RT-010355,0,,unknown
RT-010356,0,,unknown
RT-010357,0,,unknown
RT-010358,1,24.0,quality
RT-010359,0,,unknown
RT-010360,0,,unknown
RT-010361,0,,unknown
RT-010362,0,,unknown
RT-010363,0,,unknown
RT-010364,0,,unknown
RT-010365,0,,unknown
RT-010366,0,,unknown
RT-010367,0,,unknown
RT-010368,0,,unknown
RT-010369,0,,unknown
RT-010370,0,,unknown
RT-010371,0,,unknown
RT-010372,0,,unknown
RT-010373,1,23.0,unknown
RT-010374,0,,unknown
RT-010375,0,,unknown
RT-010376,0,,unknown
RT-010377,0,,unknown
RT-010378,0,,unknown
RT-010379,0,,unknown
RT-010380,0,,unknown
RT-010381,0,,unknown
RT-010382,0,,unknown
RT-010383,1,23.0,unknown
RT-010384,0,,unknown
RT-010385,0,,unknown
RT-010386,0,,unknown
RT-010387,1,24.0,quality
RT-010388,0,,unknown
RT-010389,0,,unknown
RT-010390,0,,unknown
RT-010391,0,,unknown
RT-010392,0,,unknown
RT-010393,0,,unknown
RT-010394,0,,unknown
RT-010395,0,,unknown
RT-010396,0,,unknown
RT-010397,0,,unknown
RT-010398,0,,unknown
RT-010399,0,,unknown
RT-010400,0,,unknown
RT-010401,0,,unknown
RT-010402,0,,unknown
RT-010403,0,,unknown
RT-010404,0,,unknown
RT-010405,0,,unknown
RT-010406,0,,unknown
RT-010407,0,,unknown
RT-010408,0,,unknown
RT-010409,0,,unknown
RT-010410,0,,unknown
RT-010411,1,22.0,unknown
RT-010412,0,,unknown
RT-010413,0,,unknown
RT-010414,0,,unknown
RT-010415,0,,unknown
RT-010416,0,,unknown
RT-010417,0,,unknown
RT-010418,0,,unknown
RT-010419,0,,unknown
RT-010420,1,22.0,tech_migration
RT-010421,0,,unknown
RT-010422,0,,unknown
RT-010423,0,,unknown
RT-010424,0,,unknown
RT-010425,0,,unknown
RT-010426,0,,unknown
RT-010427,0,,unknown
RT-010428,0,,unknown
RT-010429,0,,unknown
RT-010430,0,,unknown
RT-010431,1,21.0,price
RT-010432,0,,unknown
RT-010433,0,,unknown
RT-010434,0,,unknown
RT-010435,0,,unknown
RT-010436,0,,unknown
RT-010437,0,,unknown
RT-010438,0,,unknown
RT-010439,0,,unknown
RT-010440,0,,unknown
RT-010441,0,,unknown
RT-010442,0,,unknown
RT-010443,1,21.0,tech_migration
RT-010444,0,,unknown
RT-010445,0,,unknown
RT-010446,0,,unknown
RT-010447,0,,unknown
RT-010448,0,,unknown
RT-010449,0,,unknown
RT-010450,0,,unknown
RT-010451,0,,unknown
RT-010452,0,,unknown
RT-010453,0,,unknown
RT-010454,0,,unknown
RT-010455,0,,unknown
RT-010456,0,,unknown
RT-010457,0,,unknown
RT-010458,0,,unknown
RT-010459,0,,unknown
RT-010460,1,24.0,competitor
RT-010461,0,,unknown
RT-010462,0,,unknown
RT-010463,0,,unknown
RT-010464,0,,unknown
RT-010465,0,,unknown
RT-010466,0,,unknown
RT-010467,0,,unknown
RT-010468,0,,unknown
RT-010469,0,,unknown
RT-010470,0,,unknown
RT-010471,0,,unknown
RT-010472,1,21.0,price
RT-010473,0,,unknown
RT-010474,0,,unknown
RT-010475,0,,unknown
RT-010476,0,,unknown
RT-010477,0,,unknown
RT-010478,0,,unknown
RT-010479,0,,unknown
RT-010480,0,,unknown
RT-010481,0,,unknown
RT-010482,0,,unknown
RT-010483,0,,unknown
RT-010484,0,,unknown
RT-010485,0,,unknown
RT-010486,0,,unknown
RT-010487,0,,unknown
RT-010488,1,21.0,quality
RT-010489,1,19.0,tech_migration
RT-010490,0,,unknown
RT-010491,0,,unknown
RT-010492,0,,unknown
RT-010493,0,,unknown
RT-010494,0,,unknown
RT-010495,0,,unknown
RT-010496,0,,unknown
RT-010497,0,,unknown
RT-010498,0,,unknown
RT-010499,0,,unknown
RT-010500,0,,unknown
RT-010501,0,,unknown
RT-010502,0,,unknown
RT-010503,0,,unknown
RT-010504,0,,unknown
RT-010505,0,,unknown
RT-010506,0,,unknown
RT-010507,1,22.0,competitor
RT-010508,0,,unknown
RT-010509,0,,unknown
RT-010510,0,,unknown
RT-010511,0,,unknown
RT-010512,1,23.0,tech_migration
RT-010513,0,,unknown
RT-010514,0,,unknown
RT-010515,0,,unknown
RT-010516,0,,unknown
RT-010517,0,,unknown
RT-010518,0,,unknown
RT-010519,1,22.0,unknown
RT-010520,0,,unknown
RT-010521,0,,unknown
RT-010522,0,,unknown
RT-010523,0,,unknown
RT-010524,1,21.0,price
RT-010525,0,,unknown
RT-010526,0,,unknown
RT-010527,1,24.0,tech_migration
RT-010528,0,,unknown
RT-010529,0,,unknown
RT-010530,0,,unknown
RT-010531,0,,unknown
RT-010532,0,,unknown
RT-010533,0,,unknown
RT-010534,1,19.0,tech_migration
RT-010535,0,,unknown
RT-010536,0,,unknown
RT-010537,1,24.0,unknown
RT-010538,0,,unknown
RT-010539,1,19.0,unknown
RT-010540,0,,unknown
RT-010541,1,24.0,tech_migration
RT-010542,0,,unknown
RT-010543,0,,unknown
RT-010544,0,,unknown
RT-010545,0,,unknown
RT-010546,0,,unknown
RT-010547,1,24.0,tech_migration
RT-010548,0,,unknown
RT-010549,0,,unknown
RT-010550,0,,unknown
RT-010551,0,,unknown
RT-010552,1,19.0,quality
RT-010553,1,19.0,tech_migration
RT-010554,0,,unknown
RT-010555,0,,unknown
RT-010556,0,,unknown
RT-010557,0,,unknown
RT-010558,0,,unknown
RT-010559,0,,unknown
RT-010560,0,,unknown
RT-010561,0,,unknown
RT-010562,0,,unknown
RT-010563,0,,unknown
RT-010564,0,,unknown
RT-010565,0,,unknown
RT-010566,0,,unknown
RT-010567,0,,unknown
RT-010568,0,,unknown
RT-010569,0,,unknown
RT-010570,1,19.0,tech_migration
RT-010571,1,24.0,competitor
RT-010572,0,,unknown
RT-010573,0,,unknown
RT-010574,0,,unknown
RT-010575,0,,unknown
RT-010576,0,,unknown
RT-010577,0,,unknown
RT-010578,0,,unknown
RT-010579,0,,unknown
RT-010580,1,24.0,competitor
RT-010581,0,,unknown
RT-010582,0,,unknown
RT-010583,0,,unknown
RT-010584,0,,unknown
RT-010585,0,,unknown
RT-010586,0,,unknown
RT-010587,0,,unknown
RT-010588,0,,unknown
RT-010589,0,,unknown
RT-010590,0,,unknown
RT-010591,0,,unknown
RT-010592,0,,unknown
RT-010593,0,,unknown
RT-010594,0,,unknown
RT-010595,0,,unknown
RT-010596,1,24.0,unknown
RT-010597,0,,unknown
RT-010598,0,,unknown
RT-010599,0,,unknown
RT-010600,0,,unknown
RT-010601,0,,unknown
RT-010602,0,,unknown
RT-010603,0,,unknown
RT-010604,0,,unknown
RT-010605,0,,unknown
RT-010606,0,,unknown
RT-010607,1,23.0,price
RT-010608,0,,unknown
RT-010609,0,,unknown
RT-010610,0,,unknown
RT-010611,0,,unknown
RT-010612,0,,unknown
RT-010613,0,,unknown
RT-010614,0,,unknown
RT-010615,0,,unknown
RT-010616,1,20.0,quality
RT-010617,0,,unknown
RT-010618,0,,unknown
RT-010619,0,,unknown
RT-010620,0,,unknown
RT-010621,0,,unknown
RT-010622,0,,unknown
RT-010623,0,,unknown
RT-010624,0,,unknown
RT-010625,0,,unknown
RT-010626,0,,unknown
RT-010627,0,,unknown
RT-010628,0,,unknown
RT-010629,0,,unknown
RT-010630,0,,unknown
RT-010631,0,,unknown
RT-010632,0,,unknown
RT-010633,0,,unknown
RT-010634,0,,unknown
RT-010635,0,,unknown
RT-010636,0,,unknown
RT-010637,0,,unknown
RT-010638,0,,unknown
RT-010639,0,,unknown
RT-010640,0,,unknown
RT-010641,0,,unknown
RT-010642,0,,unknown
RT-010643,0,,unknown
RT-010644,0,,unknown
RT-010645,0,,unknown
RT-010646,0,,unknown
RT-010647,0,,unknown
RT-010648,0,,unknown
RT-010649,0,,unknown
RT-010650,1,19.0,unknown
RT-010651,0,,unknown
RT-010652,0,,unknown
RT-010653,0,,unknown
RT-010654,0,,unknown
RT-010655,0,,unknown
RT-010656,0,,unknown
RT-010657,0,,unknown
RT-010658,0,,unknown
RT-010659,1,19.0,price
RT-010660,0,,unknown
RT-010661,0,,unknown
RT-010662,1,24.0,quality
RT-010663,0,,unknown
RT-010664,0,,unknown
RT-010665,0,,unknown
RT-010666,0,,unknown
RT-010667,0,,unknown
RT-010668,0,,unknown
RT-010669,0,,unknown
RT-010670,0,,unknown
RT-010671,0,,unknown
RT-010672,0,,unknown
RT-010673,0,,unknown
RT-010674,0,,unknown
RT-010675,0,,unknown
RT-010676,0,,unknown
RT-010677,0,,unknown
RT-010678,0,,unknown
RT-010679,0,,unknown
RT-010680,0,,unknown
RT-010681,0,,unknown
RT-010682,0,,unknown
RT-010683,0,,unknown
RT-010684,0,,unknown
RT-010685,0,,unknown
RT-010686,0,,unknown
RT-010687,1,24.0,unknown
RT-010688,0,,unknown
RT-010689,0,,unknown
RT-010690,1,21.0,tech_migration
RT-010691,1,23.0,competitor
RT-010692,0,,unknown
RT-010693,0,,unknown
RT-010694,0,,unknown
RT-010695,0,,unknown
RT-010696,0,,unknown
RT-010697,0,,unknown
RT-010698,0,,unknown
RT-010699,0,,unknown
RT-010700,0,,unknown
RT-010701,0,,unknown
RT-010702,0,,unknown
RT-010703,0,,unknown
RT-010704,0,,unknown
RT-010705,0,,unknown
RT-010706,0,,unknown
RT-010707,0,,unknown
RT-010708,0,,unknown
RT-010709,0,,unknown
RT-010710,1,22.0,unknown
RT-010711,1,19.0,quality
RT-010712,0,,unknown
RT-010713,0,,unknown
RT-010714,0,,unknown
RT-010715,0,,unknown
RT-010716,0,,unknown
RT-010717,0,,unknown
RT-010718,0,,unknown
RT-010719,0,,unknown
RT-010720,1,24.0,quality
RT-010721,0,,unknown
RT-010722,0,,unknown
RT-010723,0,,unknown
RT-010724,0,,unknown
RT-010725,0,,unknown
RT-010726,0,,unknown
RT-010727,0,,unknown
RT-010728,0,,unknown
RT-010729,0,,unknown
RT-010730,0,,unknown
RT-010731,0,,unknown
RT-010732,0,,unknown
RT-010733,0,,unknown
RT-010734,0,,unknown
RT-010735,0,,unknown
RT-010736,0,,unknown
RT-010737,0,,unknown
RT-010738,0,,unknown
RT-010739,0,,unknown
RT-010740,0,,unknown
RT-010741,0,,unknown
RT-010742,1,24.0,tech_migration
RT-010743,0,,unknown
RT-010744,1,24.0,unknown
RT-010745,0,,unknown
RT-010746,0,,unknown
RT-010747,1,24.0,unknown
RT-010748,0,,unknown
RT-010749,0,,unknown
RT-010750,0,,unknown
RT-010751,0,,unknown
RT-010752,0,,unknown
RT-010753,1,23.0,tech_migration
RT-010754,0,,unknown
RT-010755,0,,unknown
RT-010756,0,,unknown
RT-010757,0,,unknown
RT-010758,0,,unknown
RT-010759,0,,unknown
RT-010760,0,,unknown
RT-010761,0,,unknown
RT-010762,0,,unknown
RT-010763,0,,unknown
RT-010764,1,24.0,quality
RT-010765,0,,unknown
RT-010766,0,,unknown
RT-010767,0,,unknown
RT-010768,0,,unknown
RT-010769,1,20.0,competitor
RT-010770,0,,unknown
RT-010771,0,,unknown
RT-010772,0,,unknown
RT-010773,0,,unknown
RT-010774,0,,unknown
RT-010775,0,,unknown
RT-010776,0,,unknown
RT-010777,0,,unknown
RT-010778,0,,unknown
RT-010779,1,20.0,price
RT-010780,0,,unknown
RT-010781,0,,unknown
RT-010782,0,,unknown
RT-010783,0,,unknown
RT-010784,0,,unknown
RT-010785,1,24.0,tech_migration
RT-010786,0,,unknown
RT-010787,0,,unknown
RT-010788,0,,unknown
RT-010789,0,,unknown
RT-010790,0,,unknown
RT-010791,0,,unknown
RT-010792,0,,unknown
RT-010793,0,,unknown
RT-010794,0,,unknown
RT-010795,0,,unknown
RT-010796,0,,unknown
RT-010797,0,,unknown
RT-010798,0,,unknown
RT-010799,0,,unknown
RT-010800,0,,unknown
RT-010801,0,,unknown
RT-010802,0,,unknown
RT-010803,0,,unknown
RT-010804,0,,unknown
RT-010805,0,,unknown
RT-010806,0,,unknown
RT-010807,0,,unknown
RT-010808,0,,unknown
RT-010809,0,,unknown
RT-010810,0,,unknown
RT-010811,0,,unknown
RT-010812,0,,unknown
RT-010813,0,,unknown
RT-010814,0,,unknown
RT-010815,0,,unknown
RT-010816,0,,unknown
RT-010817,0,,unknown
RT-010818,0,,unknown
RT-010819,0,,unknown
RT-010820,0,,unknown
RT-010821,0,,unknown
RT-010822,0,,unknown
RT-010823,0,,unknown
RT-010824,0,,unknown
RT-010825,0,,unknown
RT-010826,0,,unknown
RT-010827,0,,unknown
RT-010828,0,,unknown
RT-010829,0,,unknown
RT-010830,0,,unknown
RT-010831,0,,unknown
RT-010832,0,,unknown
RT-010833,0,,unknown
RT-010834,0,,unknown
RT-010835,0,,unknown
RT-010836,0,,unknown
RT-010837,0,,unknown
RT-010838,0,,unknown
RT-010839,0,,unknown
RT-010840,0,,unknown
RT-010841,1,19.0,tech_migration
RT-010842,0,,unknown
RT-010843,0,,unknown
RT-010844,0,,unknown
RT-010845,0,,unknown
RT-010846,0,,unknown
RT-010847,0,,unknown
RT-010848,0,,unknown
RT-010849,0,,unknown
RT-010850,1,22.0,unknown
RT-010851,0,,unknown
RT-010852,0,,unknown
RT-010853,0,,unknown
RT-010854,0,,unknown
RT-010855,0,,unknown
RT-010856,0,,unknown
RT-010857,1,21.0,tech_migration
RT-010858,0,,unknown
RT-010859,0,,unknown
RT-010860,0,,unknown
RT-010861,0,,unknown
RT-010862,0,,unknown
RT-010863,0,,unknown
RT-010864,0,,unknown
RT-010865,1,22.0,competitor
RT-010866,0,,unknown
RT-010867,0,,unknown
RT-010868,0,,unknown
RT-010869,0,,unknown
RT-010870,0,,unknown
RT-010871,0,,unknown
RT-010872,0,,unknown
RT-010873,0,,unknown
RT-010874,0,,unknown
RT-010875,1,24.0,tech_migration
RT-010876,0,,unknown
RT-010877,0,,unknown
RT-010878,0,,unknown
RT-010879,1,24.0,unknown
RT-010880,1,24.0,unknown
RT-010881,0,,unknown
RT-010882,0,,unknown
RT-010883,0,,unknown
RT-010884,0,,unknown
RT-010885,0,,unknown
RT-010886,0,,unknown
RT-010887,0,,unknown
RT-010888,0,,unknown
RT-010889,0,,unknown
RT-010890,1,22.0,competitor
RT-010891,0,,unknown
RT-010892,1,24.0,unknown
RT-010893,0,,unknown
RT-010894,0,,unknown
RT-010895,0,,unknown
RT-010896,1,24.0,tech_migration
RT-010897,0,,unknown
RT-010898,0,,unknown
RT-010899,0,,unknown
RT-010900,0,,unknown
RT-010901,0,,unknown
RT-010902,0,,unknown
RT-010903,0,,unknown
RT-010904,0,,unknown
RT-010905,0,,unknown
RT-010906,0,,unknown
RT-010907,0,,unknown
RT-010908,0,,unknown
RT-010909,0,,unknown
RT-010910,0,,unknown
RT-010911,0,,unknown
RT-010912,0,,unknown
RT-010913,0,,unknown
RT-010914,0,,unknown
RT-010915,0,,unknown
RT-010916,1,22.0,tech_migration
RT-010917,0,,unknown
RT-010918,0,,unknown
RT-010919,0,,unknown
RT-010920,1,24.0,unknown
RT-010921,0,,unknown
RT-010922,0,,unknown
RT-010923,0,,unknown
RT-010924,0,,unknown
RT-010925,0,,unknown
RT-010926,0,,unknown
RT-010927,0,,unknown
RT-010928,0,,unknown
RT-010929,0,,unknown
RT-010930,0,,unknown
RT-010931,0,,unknown
RT-010932,0,,unknown
RT-010933,0,,unknown
RT-010934,0,,unknown
RT-010935,0,,unknown
RT-010936,1,20.0,competitor
RT-010937,0,,unknown
RT-010938,0,,unknown
RT-010939,0,,unknown
RT-010940,0,,unknown
RT-010941,1,24.0,unknown
RT-010942,1,20.0,tech_migration
RT-010943,0,,unknown
RT-010944,0,,unknown
RT-010945,0,,unknown
RT-010946,0,,unknown
RT-010947,0,,unknown
RT-010948,0,,unknown
RT-010949,0,,unknown
RT-010950,0,,unknown
RT-010951,0,,unknown
RT-010952,0,,unknown
RT-010953,0,,unknown
RT-010954,0,,unknown
RT-010955,0,,unknown
RT-010956,0,,unknown
RT-010957,0,,unknown
RT-010958,0,,unknown
RT-010959,0,,unknown
RT-010960,0,,unknown
RT-010961,0,,unknown
RT-010962,0,,unknown
RT-010963,0,,unknown
RT-010964,0,,unknown
RT-010965,0,,unknown
RT-010966,0,,unknown
RT-010967,0,,unknown
RT-010968,1,22.0,tech_migration
RT-010969,0,,unknown
RT-010970,0,,unknown
RT-010971,0,,unknown
RT-010972,0,,unknown
RT-010973,0,,unknown
RT-010974,0,,unknown
RT-010975,0,,unknown
RT-010976,0,,unknown
RT-010977,0,,unknown
RT-010978,0,,unknown
RT-010979,0,,unknown
RT-010980,0,,unknown
RT-010981,0,,unknown
RT-010982,0,,unknown
RT-010983,0,,unknown
RT-010984,0,,unknown
RT-010985,0,,unknown
RT-010986,0,,unknown
RT-010987,0,,unknown
RT-010988,0,,unknown
RT-010989,0,,unknown
RT-010990,0,,unknown
RT-010991,0,,unknown
RT-010992,0,,unknown
RT-010993,0,,unknown
RT-010994,0,,unknown
RT-010995,0,,unknown
RT-010996,0,,unknown
RT-010997,0,,unknown
RT-010998,0,,unknown
RT-010999,0,,unknown
RT-011000,0,,unknown
RT-011001,0,,unknown
RT-011002,0,,unknown
RT-011003,0,,unknown
RT-011004,0,,unknown
RT-011005,0,,unknown
RT-011006,0,,unknown
RT-011007,0,,unknown
RT-011008,0,,unknown
RT-011009,0,,unknown
RT-011010,0,,unknown
RT-011011,0,,unknown
RT-011012,1,24.0,unknown
RT-011013,0,,unknown
RT-011014,0,,unknown
RT-011015,0,,unknown
RT-011016,0,,unknown
RT-011017,0,,unknown
RT-011018,0,,unknown
RT-011019,0,,unknown
RT-011020,0,,unknown
RT-011021,0,,unknown
RT-011022,0,,unknown
RT-011023,1,23.0,tech_migration
RT-011024,0,,unknown
RT-011025,0,,unknown
RT-011026,0,,unknown
RT-011027,0,,unknown
RT-011028,0,,unknown
RT-011029,0,,unknown
RT-011030,0,,unknown
RT-011031,0,,unknown
RT-011032,0,,unknown
RT-011033,0,,unknown
RT-011034,0,,unknown
RT-011035,0,,unknown
RT-011036,0,,unknown
RT-011037,0,,unknown
RT-011038,0,,unknown
RT-011039,0,,unknown
RT-011040,1,24.0,unknown
RT-011041,1,24.0,tech_migration
RT-011042,0,,unknown
RT-011043,0,,unknown
RT-011044,0,,unknown
RT-011045,0,,unknown
RT-011046,0,,unknown
RT-011047,0,,unknown
RT-011048,0,,unknown
RT-011049,0,,unknown
RT-011050,1,19.0,unknown
RT-011051,0,,unknown
RT-011052,0,,unknown
RT-011053,0,,unknown
RT-011054,0,,unknown
RT-011055,0,,unknown
RT-011056,0,,unknown
RT-011057,0,,unknown
RT-011058,0,,unknown
RT-011059,0,,unknown
RT-011060,0,,unknown
RT-011061,1,24.0,unknown
RT-011062,0,,unknown
RT-011063,1,19.0,competitor
RT-011064,0,,unknown
RT-011065,0,,unknown
RT-011066,0,,unknown
RT-011067,0,,unknown
RT-011068,0,,unknown
RT-011069,0,,unknown
RT-011070,0,,unknown
RT-011071,1,24.0,tech_migration
RT-011072,0,,unknown
RT-011073,0,,unknown
RT-011074,0,,unknown
RT-011075,0,,unknown
RT-011076,0,,unknown
RT-011077,0,,unknown
RT-011078,0,,unknown
RT-011079,0,,unknown
RT-011080,0,,unknown
RT-011081,0,,unknown
RT-011082,0,,unknown
RT-011083,0,,unknown
RT-011084,0,,unknown
RT-011085,1,22.0,quality
RT-011086,0,,unknown
RT-011087,0,,unknown
RT-011088,0,,unknown
RT-011089,0,,unknown
RT-011090,0,,unknown
RT-011091,0,,unknown
RT-011092,0,,unknown
RT-011093,0,,unknown
RT-011094,0,,unknown
RT-011095,0,,unknown
RT-011096,0,,unknown
RT-011097,0,,unknown
RT-011098,0,,unknown
RT-011099,0,,unknown
RT-011100,0,,unknown
RT-011101,0,,unknown
RT-011102,1,19.0,price
RT-011103,0,,unknown
RT-011104,0,,unknown
RT-011105,0,,unknown
RT-011106,0,,unknown
RT-011107,0,,unknown
RT-011108,0,,unknown
RT-011109,0,,unknown
RT-011110,0,,unknown
RT-011111,0,,unknown
RT-011112,0,,unknown
RT-011113,0,,unknown
RT-011114,0,,unknown
RT-011115,0,,unknown
RT-011116,0,,unknown
RT-011117,0,,unknown
RT-011118,0,,unknown
RT-011119,0,,unknown
RT-011120,1,24.0,tech_migration
RT-011121,0,,unknown
RT-011122,0,,unknown
RT-011123,0,,unknown
RT-011124,0,,unknown
RT-011125,0,,unknown
RT-011126,0,,unknown
RT-011127,0,,unknown
RT-011128,0,,unknown
RT-011129,0,,unknown
RT-011130,0,,unknown
RT-011131,0,,unknown
RT-011132,0,,unknown
RT-011133,0,,unknown
RT-011134,0,,unknown
RT-011135,0,,unknown
RT-011136,0,,unknown
RT-011137,0,,unknown
RT-011138,0,,unknown
RT-011139,0,,unknown
RT-011140,0,,unknown
RT-011141,0,,unknown
RT-011142,0,,unknown
RT-011143,0,,unknown
RT-011144,0,,unknown
RT-011145,0,,unknown
RT-011146,0,,unknown
RT-011147,0,,unknown
RT-011148,1,24.0,unknown
RT-011149,0,,unknown
RT-011150,0,,unknown
RT-011151,0,,unknown
RT-011152,0,,unknown
RT-011153,0,,unknown
RT-011154,0,,unknown
RT-011155,0,,unknown
RT-011156,1,20.0,competitor
RT-011157,0,,unknown
RT-011158,0,,unknown
RT-011159,0,,unknown
RT-011160,0,,unknown
RT-011161,0,,unknown
RT-011162,0,,unknown
RT-011163,1,24.0,quality
RT-011164,1,23.0,tech_migration
RT-011165,0,,unknown
RT-011166,0,,unknown
RT-011167,0,,unknown
RT-011168,1,20.0,unknown
RT-011169,0,,unknown
RT-011170,0,,unknown
RT-011171,0,,unknown
RT-011172,0,,unknown
RT-011173,0,,unknown
RT-011174,0,,unknown
RT-011175,0,,unknown
RT-011176,0,,unknown
RT-011177,0,,unknown
RT-011178,0,,unknown
RT-011179,0,,unknown
RT-011180,0,,unknown
RT-011181,0,,unknown
RT-011182,0,,unknown
RT-011183,0,,unknown
RT-011184,0,,unknown
RT-011185,0,,unknown
RT-011186,0,,unknown
RT-011187,1,20.0,tech_migration
RT-011188,0,,unknown
RT-011189,1,20.0,price
RT-011190,0,,unknown
RT-011191,0,,unknown
RT-011192,0,,unknown
RT-011193,0,,unknown
RT-011194,0,,unknown
RT-011195,0,,unknown
RT-011196,0,,unknown
RT-011197,0,,unknown
RT-011198,0,,unknown
RT-011199,0,,unknown
RT-011200,0,,unknown
RT-011201,0,,unknown
RT-011202,0,,unknown
RT-011203,0,,unknown
RT-011204,0,,unknown
RT-011205,0,,unknown
RT-011206,0,,unknown
RT-011207,0,,unknown
RT-011208,0,,unknown
RT-011209,0,,unknown
RT-011210,0,,unknown
RT-011211,0,,unknown
RT-011212,0,,unknown
RT-011213,0,,unknown
RT-011214,0,,unknown
RT-011215,0,,unknown
RT-011216,0,,unknown
RT-011217,0,,unknown
RT-011218,0,,unknown
RT-011219,0,,unknown
RT-011220,0,,unknown
RT-011221,0,,unknown
RT-011222,0,,unknown
RT-011223,0,,unknown
RT-011224,0,,unknown
RT-011225,0,,unknown
RT-011226,0,,unknown
RT-011227,1,24.0,quality
RT-011228,0,,unknown
RT-011229,0,,unknown
RT-011230,0,,unknown
RT-011231,0,,unknown
RT-011232,0,,unknown
RT-011233,0,,unknown
RT-011234,1,23.0,unknown
RT-011235,1,19.0,tech_migration
RT-011236,1,20.0,tech_migration
RT-011237,0,,unknown
RT-011238,0,,unknown
RT-011239,0,,unknown
RT-011240,0,,unknown
RT-011241,0,,unknown
RT-011242,0,,unknown
RT-011243,0,,unknown
RT-011244,0,,unknown
RT-011245,0,,unknown
RT-011246,0,,unknown
RT-011247,0,,unknown
RT-011248,0,,unknown
RT-011249,0,,unknown
RT-011250,0,,unknown
RT-011251,0,,unknown
RT-011252,0,,unknown
RT-011253,0,,unknown
RT-011254,0,,unknown
RT-011255,0,,unknown
RT-011256,0,,unknown
RT-011257,1,19.0,competitor
RT-011258,0,,unknown
RT-011259,0,,unknown
RT-011260,0,,unknown
RT-011261,0,,unknown
RT-011262,0,,unknown
RT-011263,0,,unknown
RT-011264,0,,unknown
RT-011265,0,,unknown
RT-011266,0,,unknown
RT-011267,0,,unknown
RT-011268,0,,unknown
RT-011269,0,,unknown
RT-011270,0,,unknown
RT-011271,0,,unknown
RT-011272,0,,unknown
RT-011273,0,,unknown
RT-011274,0,,unknown
RT-011275,0,,unknown
RT-011276,0,,unknown
RT-011277,0,,unknown
RT-011278,0,,unknown
RT-011279,0,,unknown
RT-011280,0,,unknown
RT-011281,0,,unknown
RT-011282,0,,unknown
RT-011283,0,,unknown
RT-011284,1,20.0,competitor
RT-011285,0,,unknown
RT-011286,0,,unknown
RT-011287,0,,unknown
RT-011288,0,,unknown
RT-011289,0,,unknown
RT-011290,0,,unknown
RT-011291,0,,unknown
RT-011292,0,,unknown
RT-011293,0,,unknown
RT-011294,0,,unknown
RT-011295,0,,unknown
RT-011296,0,,unknown
RT-011297,0,,unknown
RT-011298,0,,unknown
RT-011299,0,,unknown
RT-011300,0,,unknown
RT-011301,0,,unknown
RT-011302,0,,unknown
RT-011303,0,,unknown
RT-011304,1,19.0,unknown
RT-011305,0,,unknown
RT-011306,0,,unknown
RT-011307,0,,unknown
RT-011308,0,,unknown
RT-011309,0,,unknown
RT-011310,0,,unknown
RT-011311,0,,unknown
RT-011312,0,,unknown
RT-011313,0,,unknown
RT-011314,0,,unknown
RT-011315,0,,unknown
RT-011316,0,,unknown
RT-011317,0,,unknown
RT-011318,0,,unknown
RT-011319,0,,unknown
RT-011320,0,,unknown
RT-011321,1,24.0,competitor
RT-011322,0,,unknown
RT-011323,0,,unknown
RT-011324,0,,unknown
RT-011325,0,,unknown
RT-011326,0,,unknown
RT-011327,0,,unknown
RT-011328,0,,unknown
RT-011329,0,,unknown
RT-011330,0,,unknown
RT-011331,0,,unknown
RT-011332,0,,unknown
RT-011333,0,,unknown
RT-011334,0,,unknown
RT-011335,0,,unknown
RT-011336,0,,unknown
RT-011337,0,,unknown
RT-011338,0,,unknown
RT-011339,0,,unknown
RT-011340,0,,unknown
RT-011341,0,,unknown
RT-011342,0,,unknown
RT-011343,0,,unknown
RT-011344,0,,unknown
RT-011345,0,,unknown
RT-011346,0,,unknown
RT-011347,0,,unknown
RT-011348,0,,unknown
RT-011349,0,,unknown
RT-011350,0,,unknown
RT-011351,0,,unknown
RT-011352,0,,unknown
RT-011353,0,,unknown
RT-011354,0,,unknown
RT-011355,0,,unknown
RT-011356,0,,unknown
RT-011357,0,,unknown
RT-011358,1,22.0,tech_migration
RT-011359,0,,unknown
RT-011360,0,,unknown
RT-011361,0,,unknown
RT-011362,0,,unknown
RT-011363,0,,unknown
RT-011364,0,,unknown
RT-011365,0,,unknown
RT-011366,0,,unknown
RT-011367,0,,unknown
RT-011368,0,,unknown
RT-011369,0,,unknown
RT-011370,0,,unknown
RT-011371,0,,unknown
RT-011372,0,,unknown
RT-011373,0,,unknown
RT-011374,0,,unknown
RT-011375,0,,unknown
RT-011376,0,,unknown
RT-011377,0,,unknown
RT-011378,0,,unknown
RT-011379,0,,unknown
RT-011380,0,,unknown
RT-011381,0,,unknown
RT-011382,0,,unknown
RT-011383,0,,unknown
RT-011384,0,,unknown
RT-011385,0,,unknown
RT-011386,0,,unknown
RT-011387,1,24.0,unknown
RT-011388,0,,unknown
RT-011389,0,,unknown
RT-011390,0,,unknown
RT-011391,0,,unknown
RT-011392,0,,unknown
RT-011393,0,,unknown
RT-011394,0,,unknown
RT-011395,0,,unknown
RT-011396,0,,unknown
RT-011397,0,,unknown
RT-011398,0,,unknown
RT-011399,0,,unknown
RT-011400,0,,unknown
RT-011401,0,,unknown
RT-011402,1,24.0,quality
RT-011403,0,,unknown
RT-011404,1,20.0,unknown
RT-011405,0,,unknown
RT-011406,0,,unknown
RT-011407,0,,unknown
RT-011408,0,,unknown
RT-011409,1,22.0,unknown
RT-011410,0,,unknown
RT-011411,0,,unknown
RT-011412,0,,unknown
RT-011413,0,,unknown
RT-011414,0,,unknown
RT-011415,0,,unknown
RT-011416,0,,unknown
RT-011417,0,,unknown
RT-011418,0,,unknown
RT-011419,0,,unknown
RT-011420,1,21.0,tech_migration
RT-011421,0,,unknown
RT-011422,0,,unknown
RT-011423,0,,unknown
RT-011424,0,,unknown
RT-011425,0,,unknown
RT-011426,0,,unknown
RT-011427,0,,unknown
RT-011428,0,,unknown
RT-011429,1,21.0,quality
RT-011430,0,,unknown
RT-011431,0,,unknown
RT-011432,0,,unknown
RT-011433,0,,unknown
RT-011434,0,,unknown
RT-011435,0,,unknown
RT-011436,0,,unknown
RT-011437,0,,unknown
RT-011438,0,,unknown
RT-011439,0,,unknown
RT-011440,0,,unknown
RT-011441,0,,unknown
RT-011442,0,,unknown
RT-011443,0,,unknown
RT-011444,0,,unknown
RT-011445,0,,unknown
RT-011446,0,,unknown
RT-011447,0,,unknown
RT-011448,0,,unknown
RT-011449,0,,unknown
RT-011450,0,,unknown
RT-011451,0,,unknown
RT-011452,0,,unknown
RT-011453,0,,unknown
RT-011454,1,20.0,competitor
RT-011455,0,,unknown
RT-011456,0,,unknown
RT-011457,0,,unknown
RT-011458,0,,unknown
RT-011459,0,,unknown
RT-011460,0,,unknown
RT-011461,0,,unknown
RT-011462,0,,unknown
RT-011463,0,,unknown
RT-011464,0,,unknown
RT-011465,0,,unknown
RT-011466,0,,unknown
RT-011467,0,,unknown
RT-011468,0,,unknown
RT-011469,1,24.0,competitor
RT-011470,0,,unknown
RT-011471,0,,unknown
RT-011472,0,,unknown
RT-011473,0,,unknown
RT-011474,0,,unknown
RT-011475,0,,unknown
RT-011476,0,,unknown
RT-011477,0,,unknown
RT-011478,0,,unknown
RT-011479,0,,unknown
RT-011480,0,,unknown
RT-011481,0,,unknown
RT-011482,0,,unknown
RT-011483,0,,unknown
RT-011484,0,,unknown
RT-011485,0,,unknown
RT-011486,0,,unknown
RT-011487,0,,unknown
RT-011488,0,,unknown
RT-011489,0,,unknown
RT-011490,1,19.0,tech_migration
RT-011491,0,,unknown
RT-011492,0,,unknown
RT-011493,0,,unknown
RT-011494,0,,unknown
RT-011495,0,,unknown
RT-011496,0,,unknown
RT-011497,0,,unknown
RT-011498,1,21.0,tech_migration
RT-011499,0,,unknown
RT-011500,0,,unknown
RT-011501,0,,unknown
RT-011502,0,,unknown
RT-011503,0,,unknown
RT-011504,0,,unknown
RT-011505,0,,unknown
RT-011506,0,,unknown
RT-011507,0,,unknown
RT-011508,1,23.0,unknown
RT-011509,0,,unknown
RT-011510,0,,unknown
RT-011511,0,,unknown
RT-011512,0,,unknown
RT-011513,0,,unknown
RT-011514,0,,unknown
RT-011515,0,,unknown
RT-011516,0,,unknown
RT-011517,0,,unknown
RT-011518,0,,unknown
RT-011519,0,,unknown
RT-011520,0,,unknown
RT-011521,0,,unknown
RT-011522,0,,unknown
RT-011523,0,,unknown
RT-011524,0,,unknown
RT-011525,0,,unknown
RT-011526,0,,unknown
RT-011527,0,,unknown
RT-011528,0,,unknown
RT-011529,0,,unknown
RT-011530,0,,unknown
RT-011531,0,,unknown
RT-011532,1,24.0,price
RT-011533,0,,unknown
RT-011534,0,,unknown
RT-011535,0,,unknown
RT-011536,1,20.0,quality
RT-011537,0,,unknown
RT-011538,0,,unknown
RT-011539,0,,unknown
RT-011540,0,,unknown
RT-011541,0,,unknown
RT-011542,0,,unknown
RT-011543,0,,unknown
RT-011544,0,,unknown
RT-011545,1,24.0,price
RT-011546,0,,unknown
RT-011547,0,,unknown
RT-011548,0,,unknown
RT-011549,0,,unknown
RT-011550,0,,unknown
RT-011551,0,,unknown
RT-011552,0,,unknown
RT-011553,0,,unknown
RT-011554,0,,unknown
RT-011555,0,,unknown
RT-011556,0,,unknown
RT-011557,0,,unknown
RT-011558,0,,unknown
RT-011559,0,,unknown
RT-011560,0,,unknown
RT-011561,0,,unknown
RT-011562,0,,unknown
RT-011563,0,,unknown
RT-011564,0,,unknown
RT-011565,0,,unknown
RT-011566,0,,unknown
RT-011567,1,24.0,price
RT-011568,0,,unknown
RT-011569,0,,unknown
RT-011570,0,,unknown
RT-011571,0,,unknown
RT-011572,0,,unknown
RT-011573,1,21.0,quality
RT-011574,0,,unknown
RT-011575,0,,unknown
RT-011576,0,,unknown
RT-011577,0,,unknown
RT-011578,0,,unknown
RT-011579,0,,unknown
RT-011580,0,,unknown
RT-011581,0,,unknown
RT-011582,0,,unknown
RT-011583,0,,unknown
RT-011584,0,,unknown
RT-011585,0,,unknown
RT-011586,0,,unknown
RT-011587,0,,unknown
RT-011588,0,,unknown
RT-011589,0,,unknown
RT-011590,0,,unknown
RT-011591,0,,unknown
RT-011592,0,,unknown
RT-011593,0,,unknown
RT-011594,0,,unknown
RT-011595,0,,unknown
RT-011596,0,,unknown
RT-011597,0,,unknown
RT-011598,0,,unknown
RT-011599,0,,unknown
RT-011600,0,,unknown
RT-011601,0,,unknown
RT-011602,0,,unknown
RT-011603,0,,unknown
RT-011604,0,,unknown
RT-011605,0,,unknown
RT-011606,0,,unknown
RT-011607,0,,unknown
RT-011608,0,,unknown
RT-011609,1,24.0,unknown
RT-011610,0,,unknown
RT-011611,1,19.0,unknown
RT-011612,0,,unknown
RT-011613,0,,unknown
RT-011614,0,,unknown
RT-011615,0,,unknown
RT-011616,0,,unknown
RT-011617,0,,unknown
RT-011618,0,,unknown
RT-011619,0,,unknown
RT-011620,1,22.0,price
RT-011621,0,,unknown
RT-011622,0,,unknown
RT-011623,0,,unknown
RT-011624,0,,unknown
RT-011625,0,,unknown
RT-011626,0,,unknown
RT-011627,0,,unknown
RT-011628,0,,unknown
RT-011629,0,,unknown
RT-011630,0,,unknown
RT-011631,0,,unknown
RT-011632,0,,unknown
RT-011633,0,,unknown
RT-011634,0,,unknown
RT-011635,0,,unknown
RT-011636,0,,unknown
RT-011637,0,,unknown
RT-011638,0,,unknown
RT-011639,0,,unknown
RT-011640,0,,unknown
RT-011641,0,,unknown
RT-011642,0,,unknown
RT-011643,0,,unknown
RT-011644,0,,unknown
RT-011645,0,,unknown
RT-011646,0,,unknown
RT-011647,1,20.0,unknown
RT-011648,0,,unknown
RT-011649,0,,unknown
RT-011650,0,,unknown
RT-011651,0,,unknown
RT-011652,0,,unknown
RT-011653,0,,unknown
RT-011654,1,23.0,quality
RT-011655,0,,unknown
RT-011656,0,,unknown
RT-011657,0,,unknown
RT-011658,0,,unknown
RT-011659,0,,unknown
RT-011660,0,,unknown
RT-011661,0,,unknown
RT-011662,0,,unknown
RT-011663,1,20.0,competitor
RT-011664,0,,unknown
RT-011665,0,,unknown
RT-011666,0,,unknown
RT-011667,0,,unknown
RT-011668,0,,unknown
RT-011669,1,21.0,quality
RT-011670,0,,unknown
RT-011671,0,,unknown
RT-011672,0,,unknown
RT-011673,0,,unknown
RT-011674,0,,unknown
RT-011675,0,,unknown
RT-011676,1,21.0,quality
RT-011677,0,,unknown
RT-011678,0,,unknown
RT-011679,0,,unknown
RT-011680,0,,unknown
RT-011681,0,,unknown
RT-011682,0,,unknown
RT-011683,0,,unknown
RT-011684,1,24.0,tech_migration
RT-011685,1,21.0,unknown
RT-011686,0,,unknown
RT-011687,0,,unknown
RT-011688,1,20.0,quality
RT-011689,0,,unknown
RT-011690,0,,unknown
RT-011691,0,,unknown
RT-011692,0,,unknown
RT-011693,0,,unknown
RT-011694,0,,unknown
RT-011695,0,,unknown
RT-011696,0,,unknown
RT-011697,0,,unknown
RT-011698,0,,unknown
RT-011699,0,,unknown
RT-011700,0,,unknown
RT-011701,0,,unknown
RT-011702,1,24.0,unknown
RT-011703,0,,unknown
RT-011704,0,,unknown
RT-011705,0,,unknown
RT-011706,1,19.0,price
RT-011707,0,,unknown
RT-011708,0,,unknown
RT-011709,0,,unknown
RT-011710,0,,unknown
RT-011711,0,,unknown
RT-011712,0,,unknown
RT-011713,0,,unknown
RT-011714,0,,unknown
RT-011715,0,,unknown
RT-011716,1,24.0,competitor
RT-011717,0,,unknown
RT-011718,0,,unknown
RT-011719,0,,unknown
RT-011720,0,,unknown
RT-011721,0,,unknown
RT-011722,0,,unknown
RT-011723,1,19.0,tech_migration
RT-011724,0,,unknown
RT-011725,0,,unknown
RT-011726,0,,unknown
RT-011727,0,,unknown
RT-011728,0,,unknown
RT-011729,0,,unknown
RT-011730,0,,unknown
RT-011731,0,,unknown
RT-011732,0,,unknown
RT-011733,0,,unknown
RT-011734,0,,unknown
RT-011735,0,,unknown
RT-011736,0,,unknown
RT-011737,0,,unknown
RT-011738,0,,unknown
RT-011739,0,,unknown
RT-011740,0,,unknown
RT-011741,1,24.0,unknown
RT-011742,0,,unknown
RT-011743,1,20.0,tech_migration
RT-011744,0,,unknown
RT-011745,0,,unknown
RT-011746,0,,unknown
RT-011747,0,,unknown
RT-011748,0,,unknown
RT-011749,0,,unknown
RT-011750,0,,unknown
RT-011751,0,,unknown
RT-011752,1,24.0,unknown
RT-011753,0,,unknown
RT-011754,0,,unknown
RT-011755,0,,unknown
RT-011756,0,,unknown
RT-011757,0,,unknown
RT-011758,0,,unknown
RT-011759,0,,unknown
RT-011760,0,,unknown
RT-011761,0,,unknown
RT-011762,0,,unknown
RT-011763,0,,unknown
RT-011764,0,,unknown
RT-011765,0,,unknown
RT-011766,0,,unknown
RT-011767,0,,unknown
RT-011768,1,24.0,quality
RT-011769,0,,unknown
RT-011770,0,,unknown
RT-011771,0,,unknown
RT-011772,0,,unknown
RT-011773,0,,unknown
RT-011774,0,,unknown
RT-011775,0,,unknown
RT-011776,0,,unknown
RT-011777,0,,unknown
RT-011778,0,,unknown
RT-011779,0,,unknown
RT-011780,0,,unknown
RT-011781,0,,unknown
RT-011782,1,24.0,unknown
RT-011783,0,,unknown
RT-011784,0,,unknown
RT-011785,0,,unknown
RT-011786,0,,unknown
RT-011787,0,,unknown
RT-011788,0,,unknown
RT-011789,0,,unknown
RT-011790,0,,unknown
RT-011791,1,20.0,tech_migration
RT-011792,0,,unknown
RT-011793,0,,unknown
RT-011794,1,24.0,unknown
RT-011795,1,23.0,quality
RT-011796,0,,unknown
RT-011797,0,,unknown
RT-011798,0,,unknown
RT-011799,1,20.0,unknown
RT-011800,0,,unknown
RT-011801,0,,unknown
RT-011802,0,,unknown
RT-011803,0,,unknown
RT-011804,0,,unknown
RT-011805,0,,unknown
RT-011806,1,24.0,price
RT-011807,0,,unknown
RT-011808,0,,unknown
RT-011809,0,,unknown
RT-011810,0,,unknown
RT-011811,0,,unknown
RT-011812,0,,unknown
RT-011813,0,,unknown
RT-011814,0,,unknown
RT-011815,0,,unknown
RT-011816,1,22.0,tech_migration
RT-011817,0,,unknown
RT-011818,0,,unknown
RT-011819,0,,unknown
RT-011820,0,,unknown
RT-011821,1,22.0,quality
RT-011822,0,,unknown
RT-011823,0,,unknown
RT-011824,0,,unknown
RT-011825,0,,unknown
RT-011826,0,,unknown
RT-011827,0,,unknown
RT-011828,0,,unknown
RT-011829,0,,unknown
RT-011830,0,,unknown
RT-011831,0,,unknown
RT-011832,0,,unknown
RT-011833,0,,unknown
RT-011834,0,,unknown
RT-011835,0,,unknown
RT-011836,0,,unknown
RT-011837,1,24.0,price
RT-011838,0,,unknown
RT-011839,0,,unknown
RT-011840,0,,unknown
RT-011841,1,24.0,unknown
RT-011842,0,,unknown
RT-011843,0,,unknown
RT-011844,0,,unknown
RT-011845,0,,unknown
RT-011846,0,,unknown
RT-011847,0,,unknown
RT-011848,0,,unknown
RT-011849,1,24.0,competitor
RT-011850,0,,unknown
RT-011851,0,,unknown
RT-011852,0,,unknown
RT-011853,0,,unknown
RT-011854,0,,unknown
RT-011855,0,,unknown
RT-011856,0,,unknown
RT-011857,0,,unknown
RT-011858,0,,unknown
RT-011859,0,,unknown
RT-011860,0,,unknown
RT-011861,0,,unknown
RT-011862,1,20.0,tech_migration
RT-011863,0,,unknown
RT-011864,0,,unknown
RT-011865,0,,unknown
RT-011866,0,,unknown
RT-011867,0,,unknown
RT-011868,0,,unknown
RT-011869,0,,unknown
RT-011870,0,,unknown
RT-011871,0,,unknown
RT-011872,0,,unknown
RT-011873,0,,unknown
RT-011874,0,,unknown
RT-011875,0,,unknown
RT-011876,1,21.0,price
RT-011877,0,,unknown
RT-011878,0,,unknown
RT-011879,0,,unknown
RT-011880,0,,unknown
RT-011881,0,,unknown
RT-011882,0,,unknown
RT-011883,0,,unknown
RT-011884,0,,unknown
RT-011885,0,,unknown
RT-011886,0,,unknown
RT-011887,0,,unknown
RT-011888,0,,unknown
RT-011889,0,,unknown
RT-011890,0,,unknown
RT-011891,0,,unknown
RT-011892,0,,unknown
RT-011893,0,,unknown
RT-011894,0,,unknown
RT-011895,0,,unknown
RT-011896,0,,unknown
RT-011897,0,,unknown
RT-011898,0,,unknown
RT-011899,0,,unknown
RT-011900,0,,unknown
RT-011901,0,,unknown
RT-011902,0,,unknown
RT-011903,0,,unknown
RT-011904,0,,unknown
RT-011905,0,,unknown
RT-011906,0,,unknown
RT-011907,0,,unknown
RT-011908,0,,unknown
RT-011909,0,,unknown
RT-011910,0,,unknown
RT-011911,0,,unknown
RT-011912,0,,unknown
RT-011913,1,19.0,tech_migration
RT-011914,0,,unknown
RT-011915,0,,unknown
RT-011916,0,,unknown
RT-011917,0,,unknown
RT-011918,0,,unknown
RT-011919,0,,unknown
RT-011920,0,,unknown
RT-011921,0,,unknown
RT-011922,0,,unknown
RT-011923,0,,unknown
RT-011924,0,,unknown
RT-011925,0,,unknown
RT-011926,0,,unknown
RT-011927,0,,unknown
RT-011928,0,,unknown
RT-011929,0,,unknown
RT-011930,0,,unknown
RT-011931,1,21.0,tech_migration
RT-011932,0,,unknown
RT-011933,0,,unknown
RT-011934,0,,unknown
RT-011935,0,,unknown
RT-011936,0,,unknown
RT-011937,1,19.0,unknown
RT-011938,1,20.0,tech_migration
RT-011939,0,,unknown
RT-011940,0,,unknown
RT-011941,0,,unknown
RT-011942,0,,unknown
RT-011943,0,,unknown
RT-011944,0,,unknown
RT-011945,0,,unknown
RT-011946,0,,unknown
RT-011947,0,,unknown
RT-011948,0,,unknown
RT-011949,0,,unknown
RT-011950,0,,unknown
RT-011951,0,,unknown
RT-011952,0,,unknown
RT-011953,0,,unknown
RT-011954,0,,unknown
RT-011955,0,,unknown
RT-011956,0,,unknown
RT-011957,1,19.0,tech_migration
RT-011958,0,,unknown
RT-011959,0,,unknown
RT-011960,0,,unknown
RT-011961,0,,unknown
RT-011962,0,,unknown
RT-011963,0,,unknown
RT-011964,0,,unknown
RT-011965,0,,unknown
RT-011966,0,,unknown
RT-011967,0,,unknown
RT-011968,0,,unknown
RT-011969,0,,unknown
RT-011970,0,,unknown
RT-011971,0,,unknown
RT-011972,0,,unknown
RT-011973,0,,unknown
RT-011974,0,,unknown
RT-011975,0,,unknown
RT-011976,0,,unknown
RT-011977,0,,unknown
RT-011978,0,,unknown
RT-011979,1,22.0,competitor
RT-011980,0,,unknown
RT-011981,1,23.0,unknown
RT-011982,0,,unknown
RT-011983,0,,unknown
RT-011984,0,,unknown
RT-011985,0,,unknown
RT-011986,1,22.0,unknown
RT-011987,0,,unknown
RT-011988,0,,unknown
RT-011989,0,,unknown
RT-011990,0,,unknown
RT-011991,0,,unknown
RT-011992,1,24.0,price
RT-011993,0,,unknown
RT-011994,0,,unknown
RT-011995,0,,unknown
RT-011996,0,,unknown
RT-011997,0,,unknown
RT-011998,0,,unknown
RT-011999,1,23.0,price
RT-012000,0,,unknown
RT-012001,0,,unknown
RT-012002,0,,unknown
RT-012003,1,21.0,quality
RT-012004,0,,unknown
RT-012005,0,,unknown
RT-012006,0,,unknown
RT-012007,1,24.0,quality
RT-012008,0,,unknown
RT-012009,1,21.0,price
RT-012010,0,,unknown
RT-012011,1,21.0,tech_migration
RT-012012,0,,unknown
RT-012013,0,,unknown
RT-012014,0,,unknown
RT-012015,0,,unknown
RT-012016,0,,unknown
RT-012017,0,,unknown
RT-012018,0,,unknown
RT-012019,0,,unknown
RT-012020,0,,unknown
RT-012021,1,19.0,unknown
RT-012022,0,,unknown
RT-012023,0,,unknown
RT-012024,1,21.0,price
RT-012025,0,,unknown
RT-012026,1,24.0,price
RT-012027,0,,unknown
RT-012028,0,,unknown
RT-012029,0,,unknown
RT-012030,0,,unknown
RT-012031,0,,unknown
RT-012032,0,,unknown
RT-012033,0,,unknown
RT-012034,0,,unknown
RT-012035,0,,unknown
RT-012036,0,,unknown
RT-012037,0,,unknown
RT-012038,0,,unknown
RT-012039,0,,unknown
RT-012040,1,24.0,unknown
RT-012041,0,,unknown
RT-012042,0,,unknown
RT-012043,1,24.0,tech_migration
RT-012044,0,,unknown
RT-012045,0,,unknown
RT-012046,0,,unknown
RT-012047,0,,unknown
RT-012048,0,,unknown
RT-012049,0,,unknown
RT-012050,0,,unknown
RT-012051,0,,unknown
RT-012052,0,,unknown
RT-012053,0,,unknown
RT-012054,0,,unknown
RT-012055,0,,unknown
RT-012056,0,,unknown
RT-012057,0,,unknown
RT-012058,0,,unknown
RT-012059,0,,unknown
RT-012060,0,,unknown
RT-012061,0,,unknown
RT-012062,0,,unknown
RT-012063,0,,unknown
RT-012064,0,,unknown
RT-012065,0,,unknown
RT-012066,0,,unknown
RT-012067,0,,unknown
RT-012068,0,,unknown
RT-012069,0,,unknown
RT-012070,0,,unknown
RT-012071,0,,unknown
RT-012072,0,,unknown
RT-012073,0,,unknown
RT-012074,0,,unknown
RT-012075,0,,unknown
RT-012076,0,,unknown
RT-012077,0,,unknown
RT-012078,0,,unknown
RT-012079,0,,unknown
RT-012080,1,23.0,unknown
RT-012081,0,,unknown
RT-012082,0,,unknown
RT-012083,0,,unknown
RT-012084,0,,unknown
RT-012085,1,24.0,unknown
RT-012086,0,,unknown
RT-012087,0,,unknown
RT-012088,0,,unknown
RT-012089,0,,unknown
RT-012090,0,,unknown
RT-012091,0,,unknown
RT-012092,0,,unknown
RT-012093,0,,unknown
RT-012094,0,,unknown
RT-012095,1,19.0,price
RT-012096,0,,unknown
RT-012097,0,,unknown
RT-012098,0,,unknown
RT-012099,0,,unknown
RT-012100,0,,unknown
RT-012101,0,,unknown
RT-012102,0,,unknown
RT-012103,0,,unknown
RT-012104,0,,unknown
RT-012105,1,23.0,tech_migration
RT-012106,0,,unknown
RT-012107,0,,unknown
RT-012108,0,,unknown
RT-012109,1,24.0,competitor
RT-012110,0,,unknown
RT-012111,0,,unknown
RT-012112,0,,unknown
RT-012113,0,,unknown
RT-012114,0,,unknown
RT-012115,0,,unknown
RT-012116,0,,unknown
RT-012117,0,,unknown
RT-012118,0,,unknown
RT-012119,0,,unknown
RT-012120,0,,unknown
RT-012121,0,,unknown
RT-012122,0,,unknown
RT-012123,0,,unknown
RT-012124,0,,unknown
RT-012125,1,23.0,tech_migration
RT-012126,0,,unknown
RT-012127,0,,unknown
RT-012128,0,,unknown
RT-012129,0,,unknown
RT-012130,0,,unknown
RT-012131,0,,unknown
RT-012132,0,,unknown
RT-012133,0,,unknown
RT-012134,0,,unknown
RT-012135,0,,unknown
RT-012136,0,,unknown
RT-012137,0,,unknown
RT-012138,0,,unknown
RT-012139,0,,unknown
RT-012140,0,,unknown
RT-012141,0,,unknown
RT-012142,0,,unknown
RT-012143,0,,unknown
RT-012144,0,,unknown
RT-012145,0,,unknown
RT-012146,0,,unknown
RT-012147,0,,unknown
RT-012148,0,,unknown
RT-012149,0,,unknown
RT-012150,0,,unknown
RT-012151,0,,unknown
RT-012152,0,,unknown
RT-012153,0,,unknown
RT-012154,0,,unknown
RT-012155,0,,unknown
RT-012156,0,,unknown
RT-012157,0,,unknown
RT-012158,0,,unknown
RT-012159,0,,unknown
RT-012160,1,22.0,tech_migration
RT-012161,0,,unknown
RT-012162,0,,unknown
RT-012163,0,,unknown
RT-012164,0,,unknown
RT-012165,0,,unknown
RT-012166,0,,unknown
RT-012167,0,,unknown
RT-012168,0,,unknown
RT-012169,0,,unknown
RT-012170,0,,unknown
RT-012171,0,,unknown
RT-012172,0,,unknown
RT-012173,0,,unknown
RT-012174,0,,unknown
RT-012175,0,,unknown
RT-012176,1,24.0,unknown
RT-012177,0,,unknown
RT-012178,0,,unknown
RT-012179,0,,unknown
RT-012180,0,,unknown
RT-012181,0,,unknown
RT-012182,0,,unknown
RT-012183,0,,unknown
RT-012184,0,,unknown
RT-012185,0,,unknown
RT-012186,0,,unknown
RT-012187,1,22.0,price
RT-012188,0,,unknown
RT-012189,0,,unknown
RT-012190,0,,unknown
RT-012191,0,,unknown
RT-012192,1,22.0,quality
RT-012193,0,,unknown
RT-012194,0,,unknown
RT-012195,0,,unknown
RT-012196,0,,unknown
RT-012197,0,,unknown
RT-012198,0,,unknown
RT-012199,0,,unknown
RT-012200,1,24.0,price
RT-012201,0,,unknown
RT-012202,0,,unknown
RT-012203,0,,unknown
RT-012204,0,,unknown
RT-012205,0,,unknown
RT-012206,0,,unknown
RT-012207,1,19.0,price
RT-012208,0,,unknown
RT-012209,0,,unknown
RT-012210,1,19.0,price
RT-012211,0,,unknown
RT-012212,0,,unknown
RT-012213,0,,unknown
RT-012214,0,,unknown
RT-012215,0,,unknown
RT-012216,1,22.0,price
RT-012217,0,,unknown
RT-012218,0,,unknown
RT-012219,0,,unknown
RT-012220,0,,unknown
RT-012221,0,,unknown
RT-012222,0,,unknown
RT-012223,0,,unknown
RT-012224,0,,unknown
RT-012225,0,,unknown
RT-012226,0,,unknown
RT-012227,0,,unknown
RT-012228,0,,unknown
RT-012229,0,,unknown
RT-012230,0,,unknown
RT-012231,0,,unknown
RT-012232,0,,unknown
RT-012233,0,,unknown
RT-012234,0,,unknown
RT-012235,0,,unknown
RT-012236,0,,unknown
RT-012237,1,24.0,tech_migration
RT-012238,0,,unknown
RT-012239,0,,unknown
RT-012240,0,,unknown
RT-012241,0,,unknown
RT-012242,1,19.0,quality
RT-012243,0,,unknown
RT-012244,0,,unknown
RT-012245,0,,unknown
RT-012246,0,,unknown
RT-012247,0,,unknown
RT-012248,0,,unknown
RT-012249,0,,unknown
RT-012250,0,,unknown
RT-012251,0,,unknown
RT-012252,0,,unknown
RT-012253,0,,unknown
RT-012254,0,,unknown
RT-012255,0,,unknown
RT-012256,0,,unknown
RT-012257,0,,unknown
RT-012258,0,,unknown
RT-012259,0,,unknown
RT-012260,0,,unknown
RT-012261,0,,unknown
RT-012262,0,,unknown
RT-012263,0,,unknown
RT-012264,0,,unknown
RT-012265,0,,unknown
RT-012266,0,,unknown
RT-012267,0,,unknown
RT-012268,0,,unknown
RT-012269,0,,unknown
RT-012270,0,,unknown
RT-012271,0,,unknown
RT-012272,0,,unknown
RT-012273,0,,unknown
RT-012274,0,,unknown
RT-012275,0,,unknown
RT-012276,0,,unknown
RT-012277,0,,unknown
RT-012278,0,,unknown
RT-012279,0,,unknown
RT-012280,0,,unknown
RT-012281,1,24.0,unknown
RT-012282,1,20.0,tech_migration
RT-012283,0,,unknown
RT-012284,0,,unknown
RT-012285,0,,unknown
RT-012286,0,,unknown
RT-012287,0,,unknown
RT-012288,0,,unknown
RT-012289,1,24.0,tech_migration
RT-012290,0,,unknown
RT-012291,0,,unknown
RT-012292,0,,unknown
RT-012293,0,,unknown
RT-012294,0,,unknown
RT-012295,0,,unknown
RT-012296,0,,unknown
RT-012297,0,,unknown
RT-012298,1,22.0,competitor
RT-012299,0,,unknown
RT-012300,0,,unknown
RT-012301,0,,unknown
RT-012302,0,,unknown
RT-012303,0,,unknown
RT-012304,0,,unknown
RT-012305,0,,unknown
RT-012306,0,,unknown
RT-012307,0,,unknown
RT-012308,0,,unknown
RT-012309,0,,unknown
RT-012310,0,,unknown
RT-012311,0,,unknown
RT-012312,0,,unknown
RT-012313,0,,unknown
RT-012314,0,,unknown
RT-012315,0,,unknown
RT-012316,0,,unknown
RT-012317,1,19.0,unknown
RT-012318,0,,unknown
RT-012319,0,,unknown
RT-012320,0,,unknown
RT-012321,0,,unknown
RT-012322,0,,unknown
RT-012323,0,,unknown
RT-012324,0,,unknown
RT-012325,0,,unknown
RT-012326,0,,unknown
RT-012327,0,,unknown
RT-012328,0,,unknown
RT-012329,0,,unknown
RT-012330,0,,unknown
RT-012331,0,,unknown
RT-012332,0,,unknown
RT-012333,1,20.0,tech_migration
RT-012334,0,,unknown
RT-012335,0,,unknown
RT-012336,0,,unknown
RT-012337,0,,unknown
RT-012338,0,,unknown
RT-012339,0,,unknown
RT-012340,0,,unknown
RT-012341,0,,unknown
RT-012342,0,,unknown
RT-012343,0,,unknown
RT-012344,0,,unknown
RT-012345,1,19.0,unknown
RT-012346,0,,unknown
RT-012347,0,,unknown
RT-012348,1,24.0,price
RT-012349,0,,unknown
RT-012350,0,,unknown
RT-012351,0,,unknown
RT-012352,0,,unknown
RT-012353,0,,unknown
RT-012354,0,,unknown
RT-012355,0,,unknown
RT-012356,0,,unknown
RT-012357,0,,unknown
RT-012358,1,24.0,quality
RT-012359,0,,unknown
RT-012360,0,,unknown
RT-012361,0,,unknown
RT-012362,0,,unknown
RT-012363,0,,unknown
RT-012364,0,,unknown
RT-012365,0,,unknown
RT-012366,0,,unknown
RT-012367,0,,unknown
RT-012368,0,,unknown
RT-012369,0,,unknown
RT-012370,0,,unknown
RT-012371,0,,unknown
RT-012372,0,,unknown
RT-012373,0,,unknown
RT-012374,0,,unknown
RT-012375,0,,unknown
RT-012376,0,,unknown
RT-012377,0,,unknown
RT-012378,0,,unknown
RT-012379,0,,unknown
RT-012380,0,,unknown
RT-012381,0,,unknown
RT-012382,0,,unknown
RT-012383,0,,unknown
RT-012384,0,,unknown
RT-012385,0,,unknown
RT-012386,0,,unknown
RT-012387,0,,unknown
RT-012388,0,,unknown
RT-012389,0,,unknown
RT-012390,0,,unknown
RT-012391,1,23.0,price
RT-012392,0,,unknown
RT-012393,0,,unknown
RT-012394,0,,unknown
RT-012395,0,,unknown
RT-012396,0,,unknown
RT-012397,0,,unknown
RT-012398,0,,unknown
RT-012399,0,,unknown
RT-012400,0,,unknown
RT-012401,0,,unknown
RT-012402,0,,unknown
RT-012403,0,,unknown
RT-012404,0,,unknown
RT-012405,0,,unknown
RT-012406,0,,unknown
RT-012407,0,,unknown
RT-012408,0,,unknown
RT-012409,0,,unknown
RT-012410,0,,unknown
RT-012411,0,,unknown
RT-012412,0,,unknown
RT-012413,0,,unknown
RT-012414,0,,unknown
RT-012415,0,,unknown
RT-012416,0,,unknown
RT-012417,1,24.0,unknown
RT-012418,0,,unknown
RT-012419,0,,unknown
RT-012420,0,,unknown
RT-012421,0,,unknown
RT-012422,0,,unknown
RT-012423,0,,unknown
RT-012424,0,,unknown
RT-012425,0,,unknown
RT-012426,0,,unknown
RT-012427,0,,unknown
RT-012428,0,,unknown
RT-012429,0,,unknown
RT-012430,0,,unknown
RT-012431,0,,unknown
RT-012432,0,,unknown
RT-012433,0,,unknown
RT-012434,0,,unknown
RT-012435,0,,unknown
RT-012436,0,,unknown
RT-012437,0,,unknown
RT-012438,0,,unknown
RT-012439,0,,unknown
RT-012440,0,,unknown
RT-012441,0,,unknown
RT-012442,0,,unknown
RT-012443,0,,unknown
RT-012444,0,,unknown
RT-012445,0,,unknown
RT-012446,0,,unknown
RT-012447,0,,unknown
RT-012448,1,22.0,tech_migration
RT-012449,0,,unknown
RT-012450,0,,unknown
RT-012451,0,,unknown
RT-012452,1,19.0,unknown
RT-012453,0,,unknown
RT-012454,0,,unknown
RT-012455,0,,unknown
RT-012456,0,,unknown
RT-012457,0,,unknown
RT-012458,0,,unknown
RT-012459,1,20.0,tech_migration
RT-012460,0,,unknown
RT-012461,0,,unknown
RT-012462,0,,unknown
RT-012463,0,,unknown
RT-012464,0,,unknown
RT-012465,0,,unknown
RT-012466,0,,unknown
RT-012467,0,,unknown
RT-012468,0,,unknown
RT-012469,0,,unknown
RT-012470,0,,unknown
RT-012471,0,,unknown
RT-012472,0,,unknown
RT-012473,0,,unknown
RT-012474,0,,unknown
RT-012475,0,,unknown
RT-012476,0,,unknown
RT-012477,0,,unknown
RT-012478,0,,unknown
RT-012479,0,,unknown
RT-012480,0,,unknown
RT-012481,0,,unknown
RT-012482,0,,unknown
RT-012483,0,,unknown
RT-012484,0,,unknown
RT-012485,0,,unknown
RT-012486,0,,unknown
RT-012487,0,,unknown
RT-012488,0,,unknown
RT-012489,0,,unknown
RT-012490,0,,unknown
RT-012491,0,,unknown
RT-012492,0,,unknown
RT-012493,0,,unknown
RT-012494,0,,unknown
RT-012495,0,,unknown
RT-012496,0,,unknown
RT-012497,0,,unknown
RT-012498,0,,unknown
RT-012499,0,,unknown
RT-012500,0,,unknown
RT-012501,0,,unknown
RT-012502,0,,unknown
RT-012503,0,,unknown
RT-012504,0,,unknown
RT-012505,0,,unknown
RT-012506,0,,unknown
RT-012507,0,,unknown
RT-012508,0,,unknown
RT-012509,0,,unknown
RT-012510,0,,unknown
RT-012511,0,,unknown
RT-012512,0,,unknown
RT-012513,0,,unknown
RT-012514,0,,unknown
RT-012515,1,21.0,competitor
RT-012516,0,,unknown
RT-012517,0,,unknown
RT-012518,0,,unknown
RT-012519,0,,unknown
RT-012520,0,,unknown
RT-012521,0,,unknown
RT-012522,0,,unknown
RT-012523,0,,unknown
RT-012524,0,,unknown
RT-012525,0,,unknown
RT-012526,0,,unknown
RT-012527,0,,unknown
RT-012528,0,,unknown
RT-012529,1,20.0,tech_migration
RT-012530,0,,unknown
RT-012531,0,,unknown
RT-012532,0,,unknown
RT-012533,0,,unknown
RT-012534,0,,unknown
RT-012535,0,,unknown
RT-012536,0,,unknown
RT-012537,0,,unknown
RT-012538,1,21.0,unknown
RT-012539,0,,unknown
RT-012540,0,,unknown
RT-012541,0,,unknown
RT-012542,0,,unknown
RT-012543,0,,unknown
RT-012544,0,,unknown
RT-012545,0,,unknown
RT-012546,0,,unknown
RT-012547,1,22.0,competitor
RT-012548,0,,unknown
RT-012549,0,,unknown
RT-012550,0,,unknown
RT-012551,0,,unknown
RT-012552,0,,unknown
RT-012553,0,,unknown
RT-012554,0,,unknown
RT-012555,0,,unknown
RT-012556,0,,unknown
RT-012557,0,,unknown
RT-012558,0,,unknown
RT-012559,0,,unknown
RT-012560,1,22.0,unknown
RT-012561,0,,unknown
RT-012562,0,,unknown
RT-012563,0,,unknown
RT-012564,0,,unknown
RT-012565,0,,unknown
RT-012566,0,,unknown
RT-012567,0,,unknown
RT-012568,0,,unknown
RT-012569,0,,unknown
RT-012570,0,,unknown
RT-012571,0,,unknown
RT-012572,1,24.0,unknown
RT-012573,0,,unknown
RT-012574,0,,unknown
RT-012575,0,,unknown
RT-012576,0,,unknown
RT-012577,0,,unknown
RT-012578,1,19.0,tech_migration
RT-012579,0,,unknown
RT-012580,0,,unknown
RT-012581,0,,unknown
RT-012582,0,,unknown
RT-012583,0,,unknown
RT-012584,0,,unknown
RT-012585,0,,unknown
RT-012586,0,,unknown
RT-012587,0,,unknown
RT-012588,1,24.0,unknown
RT-012589,0,,unknown
RT-012590,0,,unknown
RT-012591,0,,unknown
RT-012592,0,,unknown
RT-012593,0,,unknown
RT-012594,0,,unknown
RT-012595,0,,unknown
RT-012596,1,24.0,tech_migration
RT-012597,0,,unknown
RT-012598,0,,unknown
RT-012599,0,,unknown
RT-012600,0,,unknown
RT-012601,0,,unknown
RT-012602,0,,unknown
RT-012603,0,,unknown
RT-012604,0,,unknown
RT-012605,0,,unknown
RT-012606,0,,unknown
RT-012607,1,24.0,tech_migration
RT-012608,0,,unknown
RT-012609,0,,unknown
RT-012610,0,,unknown
RT-012611,0,,unknown
RT-012612,0,,unknown
RT-012613,0,,unknown
RT-012614,0,,unknown
RT-012615,0,,unknown
RT-012616,1,19.0,unknown
RT-012617,0,,unknown
RT-012618,0,,unknown
RT-012619,0,,unknown
RT-012620,0,,unknown
RT-012621,0,,unknown
RT-012622,0,,unknown
RT-012623,0,,unknown
RT-012624,0,,unknown
RT-012625,0,,unknown
RT-012626,0,,unknown
RT-012627,0,,unknown
RT-012628,0,,unknown
RT-012629,0,,unknown
RT-012630,0,,unknown
RT-012631,0,,unknown
RT-012632,0,,unknown
RT-012633,0,,unknown
RT-012634,0,,unknown
RT-012635,0,,unknown
RT-012636,1,21.0,competitor
RT-012637,0,,unknown
RT-012638,0,,unknown
RT-012639,0,,unknown
RT-012640,0,,unknown
RT-012641,0,,unknown
RT-012642,0,,unknown
RT-012643,0,,unknown
RT-012644,1,24.0,unknown
RT-012645,0,,unknown
RT-012646,0,,unknown
RT-012647,0,,unknown
RT-012648,0,,unknown
RT-012649,0,,unknown
RT-012650,0,,unknown
RT-012651,0,,unknown
RT-012652,0,,unknown
RT-012653,0,,unknown
RT-012654,0,,unknown
RT-012655,0,,unknown
RT-012656,0,,unknown
RT-012657,0,,unknown
RT-012658,0,,unknown
RT-012659,1,20.0,tech_migration
RT-012660,0,,unknown
RT-012661,0,,unknown
RT-012662,0,,unknown
RT-012663,0,,unknown
RT-012664,0,,unknown
RT-012665,0,,unknown
RT-012666,0,,unknown
RT-012667,0,,unknown
RT-012668,0,,unknown
RT-012669,0,,unknown
RT-012670,0,,unknown
RT-012671,0,,unknown
RT-012672,0,,unknown
RT-012673,0,,unknown
RT-012674,0,,unknown
RT-012675,0,,unknown
RT-012676,0,,unknown
RT-012677,0,,unknown
RT-012678,0,,unknown
RT-012679,0,,unknown
RT-012680,0,,unknown
RT-012681,0,,unknown
RT-012682,1,24.0,unknown
RT-012683,0,,unknown
RT-012684,1,20.0,price
RT-012685,0,,unknown
RT-012686,1,20.0,price
RT-012687,0,,unknown
RT-012688,1,24.0,price
RT-012689,0,,unknown
RT-012690,0,,unknown
RT-012691,0,,unknown
RT-012692,0,,unknown
RT-012693,0,,unknown
RT-012694,1,21.0,price
RT-012695,0,,unknown
RT-012696,0,,unknown
RT-012697,0,,unknown
RT-012698,0,,unknown
RT-012699,0,,unknown
RT-012700,0,,unknown
RT-012701,0,,unknown
RT-012702,0,,unknown
RT-012703,1,24.0,tech_migration
RT-012704,0,,unknown
RT-012705,0,,unknown
RT-012706,0,,unknown
RT-012707,0,,unknown
RT-012708,1,23.0,competitor
RT-012709,0,,unknown
RT-012710,0,,unknown
RT-012711,0,,unknown
RT-012712,0,,unknown
RT-012713,1,24.0,unknown
RT-012714,0,,unknown
RT-012715,0,,unknown
RT-012716,0,,unknown
RT-012717,0,,unknown
RT-012718,0,,unknown
RT-012719,0,,unknown
RT-012720,0,,unknown
RT-012721,0,,unknown
RT-012722,0,,unknown
RT-012723,0,,unknown
RT-012724,1,20.0,tech_migration
RT-012725,1,20.0,competitor
RT-012726,0,,unknown
RT-012727,0,,unknown
RT-012728,0,,unknown
RT-012729,0,,unknown
RT-012730,0,,unknown
RT-012731,0,,unknown
RT-012732,0,,unknown
RT-012733,0,,unknown
RT-012734,0,,unknown
RT-012735,0,,unknown
RT-012736,0,,unknown
RT-012737,0,,unknown
RT-012738,0,,unknown
RT-012739,0,,unknown
RT-012740,1,24.0,tech_migration
RT-012741,0,,unknown
RT-012742,0,,unknown
RT-012743,0,,unknown
RT-012744,0,,unknown
RT-012745,0,,unknown
RT-012746,0,,unknown
RT-012747,0,,unknown
RT-012748,0,,unknown
RT-012749,0,,unknown
RT-012750,0,,unknown
RT-012751,0,,unknown
RT-012752,0,,unknown
RT-012753,0,,unknown
RT-012754,0,,unknown
RT-012755,0,,unknown
RT-012756,0,,unknown
RT-012757,0,,unknown
RT-012758,0,,unknown
RT-012759,0,,unknown
RT-012760,0,,unknown
RT-012761,1,19.0,quality
RT-012762,0,,unknown
RT-012763,0,,unknown
RT-012764,0,,unknown
RT-012765,0,,unknown
RT-012766,0,,unknown
RT-012767,0,,unknown
RT-012768,0,,unknown
RT-012769,0,,unknown
RT-012770,0,,unknown
RT-012771,0,,unknown
RT-012772,0,,unknown
RT-012773,0,,unknown
RT-012774,0,,unknown
RT-012775,0,,unknown
RT-012776,0,,unknown
RT-012777,0,,unknown
RT-012778,1,22.0,quality
RT-012779,0,,unknown
RT-012780,0,,unknown
RT-012781,0,,unknown
RT-012782,0,,unknown
RT-012783,0,,unknown
RT-012784,0,,unknown
RT-012785,0,,unknown
RT-012786,0,,unknown
RT-012787,1,24.0,unknown
RT-012788,0,,unknown
RT-012789,0,,unknown
RT-012790,0,,unknown
RT-012791,0,,unknown
RT-012792,0,,unknown
RT-012793,0,,unknown
RT-012794,0,,unknown
RT-012795,0,,unknown
RT-012796,0,,unknown
RT-012797,0,,unknown
RT-012798,0,,unknown
RT-012799,0,,unknown
RT-012800,0,,unknown
RT-012801,0,,unknown
RT-012802,0,,unknown
RT-012803,0,,unknown
RT-012804,1,24.0,competitor
RT-012805,1,19.0,tech_migration
RT-012806,0,,unknown
RT-012807,0,,unknown
RT-012808,0,,unknown
RT-012809,0,,unknown
RT-012810,0,,unknown
RT-012811,0,,unknown
RT-012812,0,,unknown
RT-012813,0,,unknown
RT-012814,0,,unknown
RT-012815,0,,unknown
RT-012816,0,,unknown
RT-012817,0,,unknown
RT-012818,0,,unknown
RT-012819,0,,unknown
RT-012820,0,,unknown
RT-012821,0,,unknown
RT-012822,0,,unknown
RT-012823,1,23.0,price
RT-012824,0,,unknown
RT-012825,0,,unknown
RT-012826,0,,unknown
RT-012827,0,,unknown
RT-012828,1,22.0,unknown
RT-012829,0,,unknown
RT-012830,0,,unknown
RT-012831,0,,unknown
RT-012832,0,,unknown
RT-012833,0,,unknown
RT-012834,0,,unknown
RT-012835,0,,unknown
RT-012836,0,,unknown
RT-012837,0,,unknown
RT-012838,0,,unknown
RT-012839,0,,unknown
RT-012840,1,24.0,tech_migration
RT-012841,0,,unknown
RT-012842,0,,unknown
RT-012843,0,,unknown
RT-012844,0,,unknown
RT-012845,0,,unknown
RT-012846,0,,unknown
RT-012847,0,,unknown
RT-012848,0,,unknown
RT-012849,0,,unknown
RT-012850,0,,unknown
RT-012851,0,,unknown
RT-012852,0,,unknown
RT-012853,0,,unknown
RT-012854,1,22.0,price
RT-012855,0,,unknown
RT-012856,0,,unknown
RT-012857,0,,unknown
RT-012858,0,,unknown
RT-012859,0,,unknown
RT-012860,0,,unknown
RT-012861,1,19.0,unknown
RT-012862,0,,unknown
RT-012863,0,,unknown
RT-012864,0,,unknown
RT-012865,0,,unknown
RT-012866,0,,unknown
RT-012867,0,,unknown
RT-012868,0,,unknown
RT-012869,0,,unknown
RT-012870,0,,unknown
RT-012871,0,,unknown
RT-012872,0,,unknown
RT-012873,0,,unknown
RT-012874,0,,unknown
RT-012875,0,,unknown
RT-012876,0,,unknown
RT-012877,0,,unknown
RT-012878,0,,unknown
RT-012879,0,,unknown
RT-012880,0,,unknown
RT-012881,0,,unknown
RT-012882,0,,unknown
RT-012883,0,,unknown
RT-012884,0,,unknown
RT-012885,0,,unknown
RT-012886,0,,unknown
RT-012887,0,,unknown
RT-012888,0,,unknown
RT-012889,0,,unknown
RT-012890,0,,unknown
RT-012891,1,24.0,unknown
RT-012892,1,24.0,quality
RT-012893,0,,unknown
RT-012894,0,,unknown
RT-012895,0,,unknown
RT-012896,0,,unknown
RT-012897,0,,unknown
RT-012898,0,,unknown
RT-012899,1,24.0,competitor
RT-012900,0,,unknown
RT-012901,0,,unknown
RT-012902,0,,unknown
RT-012903,1,24.0,competitor
RT-012904,0,,unknown
RT-012905,0,,unknown
RT-012906,0,,unknown
RT-012907,0,,unknown
RT-012908,0,,unknown
RT-012909,0,,unknown
RT-012910,0,,unknown
RT-012911,0,,unknown
RT-012912,0,,unknown
RT-012913,0,,unknown
RT-012914,0,,unknown
RT-012915,0,,unknown
RT-012916,0,,unknown
RT-012917,0,,unknown
RT-012918,0,,unknown
RT-012919,0,,unknown
RT-012920,0,,unknown
RT-012921,0,,unknown
RT-012922,1,23.0,tech_migration
RT-012923,0,,unknown
RT-012924,0,,unknown
RT-012925,0,,unknown
RT-012926,0,,unknown
RT-012927,0,,unknown
RT-012928,0,,unknown
RT-012929,0,,unknown
RT-012930,0,,unknown
RT-012931,1,21.0,tech_migration
RT-012932,0,,unknown
RT-012933,0,,unknown
RT-012934,1,24.0,tech_migration
RT-012935,1,23.0,tech_migration
RT-012936,0,,unknown
RT-012937,0,,unknown
RT-012938,0,,unknown
RT-012939,0,,unknown
RT-012940,0,,unknown
RT-012941,0,,unknown
RT-012942,0,,unknown
RT-012943,1,21.0,tech_migration
RT-012944,0,,unknown
RT-012945,0,,unknown
RT-012946,0,,unknown
RT-012947,0,,unknown
RT-012948,0,,unknown
RT-012949,0,,unknown
RT-012950,0,,unknown
RT-012951,0,,unknown
RT-012952,0,,unknown
RT-012953,0,,unknown
RT-012954,0,,unknown
RT-012955,0,,unknown
RT-012956,0,,unknown
RT-012957,0,,unknown
RT-012958,0,,unknown
RT-012959,0,,unknown
RT-012960,1,24.0,price
RT-012961,0,,unknown
RT-012962,0,,unknown
RT-012963,0,,unknown
RT-012964,0,,unknown
RT-012965,0,,unknown
RT-012966,0,,unknown
RT-012967,0,,unknown
RT-012968,0,,unknown
RT-012969,0,,unknown
RT-012970,0,,unknown
RT-012971,0,,unknown
RT-012972,0,,unknown
RT-012973,0,,unknown
RT-012974,0,,unknown
RT-012975,0,,unknown
RT-012976,0,,unknown
RT-012977,0,,unknown
RT-012978,0,,unknown
RT-012979,0,,unknown
RT-012980,0,,unknown
RT-012981,0,,unknown
RT-012982,0,,unknown
RT-012983,0,,unknown
RT-012984,0,,unknown
RT-012985,0,,unknown
RT-012986,0,,unknown
RT-012987,0,,unknown
RT-012988,0,,unknown
RT-012989,0,,unknown
RT-012990,0,,unknown
RT-012991,0,,unknown
RT-012992,0,,unknown
RT-012993,0,,unknown
RT-012994,0,,unknown
RT-012995,0,,unknown
RT-012996,0,,unknown
RT-012997,0,,unknown
RT-012998,0,,unknown
RT-012999,0,,unknown
RT-013000,0,,unknown
RT-013001,0,,unknown
RT-013002,0,,unknown
RT-013003,0,,unknown
RT-013004,0,,unknown
RT-013005,0,,unknown
RT-013006,0,,unknown
RT-013007,0,,unknown
RT-013008,1,24.0,price
RT-013009,0,,unknown
RT-013010,0,,unknown
RT-013011,0,,unknown
RT-013012,0,,unknown
RT-013013,0,,unknown
RT-013014,1,21.0,competitor
RT-013015,0,,unknown
RT-013016,0,,unknown
RT-013017,0,,unknown
RT-013018,0,,unknown
RT-013019,0,,unknown
RT-013020,0,,unknown
RT-013021,0,,unknown
RT-013022,0,,unknown
RT-013023,0,,unknown
RT-013024,0,,unknown
RT-013025,0,,unknown
RT-013026,0,,unknown
RT-013027,0,,unknown
RT-013028,0,,unknown
RT-013029,0,,unknown
RT-013030,0,,unknown
RT-013031,0,,unknown
RT-013032,0,,unknown
RT-013033,0,,unknown
RT-013034,0,,unknown
RT-013035,0,,unknown
RT-013036,0,,unknown
RT-013037,0,,unknown
RT-013038,1,20.0,tech_migration
RT-013039,0,,unknown
RT-013040,0,,unknown
RT-013041,0,,unknown
RT-013042,0,,unknown
RT-013043,0,,unknown
RT-013044,1,19.0,tech_migration
RT-013045,0,,unknown
RT-013046,0,,unknown
RT-013047,0,,unknown
RT-013048,0,,unknown
RT-013049,0,,unknown
RT-013050,0,,unknown
RT-013051,0,,unknown
RT-013052,0,,unknown
RT-013053,0,,unknown
RT-013054,0,,unknown
RT-013055,0,,unknown
RT-013056,0,,unknown
RT-013057,0,,unknown
RT-013058,0,,unknown
RT-013059,0,,unknown
RT-013060,1,24.0,tech_migration
RT-013061,0,,unknown
RT-013062,1,23.0,tech_migration
RT-013063,0,,unknown
RT-013064,0,,unknown
RT-013065,0,,unknown
RT-013066,0,,unknown
RT-013067,0,,unknown
RT-013068,0,,unknown
RT-013069,0,,unknown
RT-013070,0,,unknown
RT-013071,0,,unknown
RT-013072,0,,unknown
RT-013073,0,,unknown
RT-013074,0,,unknown
RT-013075,0,,unknown
RT-013076,0,,unknown
RT-013077,0,,unknown
RT-013078,0,,unknown
RT-013079,0,,unknown
RT-013080,0,,unknown
RT-013081,0,,unknown
RT-013082,0,,unknown
RT-013083,0,,unknown
RT-013084,0,,unknown
RT-013085,0,,unknown
RT-013086,0,,unknown
RT-013087,0,,unknown
RT-013088,0,,unknown
RT-013089,0,,unknown
RT-013090,0,,unknown
RT-013091,0,,unknown
RT-013092,1,20.0,unknown
RT-013093,0,,unknown
RT-013094,0,,unknown
RT-013095,0,,unknown
RT-013096,0,,unknown
RT-013097,0,,unknown
RT-013098,0,,unknown
RT-013099,0,,unknown
RT-013100,0,,unknown
RT-013101,0,,unknown
RT-013102,0,,unknown
RT-013103,0,,unknown
RT-013104,0,,unknown
RT-013105,0,,unknown
RT-013106,0,,unknown
RT-013107,1,24.0,unknown
RT-013108,0,,unknown
RT-013109,0,,unknown
RT-013110,0,,unknown
RT-013111,0,,unknown
RT-013112,0,,unknown
RT-013113,0,,unknown
RT-013114,0,,unknown
RT-013115,0,,unknown
RT-013116,0,,unknown
RT-013117,0,,unknown
RT-013118,0,,unknown
RT-013119,0,,unknown
RT-013120,0,,unknown
RT-013121,0,,unknown
RT-013122,0,,unknown
RT-013123,0,,unknown
RT-013124,0,,unknown
RT-013125,0,,unknown
RT-013126,0,,unknown
RT-013127,0,,unknown
RT-013128,0,,unknown
RT-013129,0,,unknown
RT-013130,0,,unknown
RT-013131,0,,unknown
RT-013132,0,,unknown
RT-013133,1,19.0,unknown
RT-013134,0,,unknown
RT-013135,0,,unknown
RT-013136,1,24.0,tech_migration
RT-013137,0,,unknown
RT-013138,0,,unknown
RT-013139,0,,unknown
RT-013140,0,,unknown
RT-013141,0,,unknown
RT-013142,0,,unknown
RT-013143,0,,unknown
RT-013144,0,,unknown
RT-013145,0,,unknown
RT-013146,0,,unknown
RT-013147,0,,unknown
RT-013148,1,21.0,quality
RT-013149,0,,unknown
RT-013150,0,,unknown
RT-013151,0,,unknown
RT-013152,0,,unknown
RT-013153,0,,unknown
RT-013154,1,23.0,competitor
RT-013155,0,,unknown
RT-013156,0,,unknown
RT-013157,0,,unknown
RT-013158,0,,unknown
RT-013159,0,,unknown
RT-013160,0,,unknown
RT-013161,0,,unknown
RT-013162,0,,unknown
RT-013163,0,,unknown
RT-013164,0,,unknown
RT-013165,0,,unknown
RT-013166,0,,unknown
RT-013167,0,,unknown
RT-013168,0,,unknown
RT-013169,0,,unknown
RT-013170,0,,unknown
RT-013171,0,,unknown
RT-013172,0,,unknown
RT-013173,1,21.0,unknown
RT-013174,0,,unknown
RT-013175,0,,unknown
RT-013176,0,,unknown
RT-013177,1,24.0,price
RT-013178,0,,unknown
RT-013179,0,,unknown
RT-013180,0,,unknown
RT-013181,0,,unknown
RT-013182,1,22.0,tech_migration
RT-013183,0,,unknown
RT-013184,0,,unknown
RT-013185,0,,unknown
RT-013186,0,,unknown
RT-013187,0,,unknown
RT-013188,0,,unknown
RT-013189,0,,unknown
RT-013190,0,,unknown
RT-013191,0,,unknown
RT-013192,0,,unknown
RT-013193,0,,unknown
RT-013194,1,23.0,competitor
RT-013195,0,,unknown
RT-013196,0,,unknown
RT-013197,0,,unknown
RT-013198,0,,unknown
RT-013199,0,,unknown
RT-013200,0,,unknown
RT-013201,0,,unknown
RT-013202,0,,unknown
RT-013203,0,,unknown
RT-013204,0,,unknown
RT-013205,0,,unknown
RT-013206,0,,unknown
RT-013207,0,,unknown
RT-013208,0,,unknown
RT-013209,0,,unknown
RT-013210,0,,unknown
RT-013211,0,,unknown
RT-013212,0,,unknown
RT-013213,0,,unknown
RT-013214,0,,unknown
RT-013215,0,,unknown
RT-013216,0,,unknown
RT-013217,0,,unknown
RT-013218,0,,unknown
RT-013219,0,,unknown
RT-013220,1,23.0,price
RT-013221,0,,unknown
RT-013222,0,,unknown
RT-013223,1,24.0,tech_migration
RT-013224,0,,unknown
RT-013225,0,,unknown
RT-013226,0,,unknown
RT-013227,0,,unknown
RT-013228,0,,unknown
RT-013229,0,,unknown
RT-013230,0,,unknown
RT-013231,0,,unknown
RT-013232,0,,unknown
RT-013233,0,,unknown
RT-013234,1,23.0,tech_migration
RT-013235,0,,unknown
RT-013236,0,,unknown
RT-013237,0,,unknown
RT-013238,0,,unknown
RT-013239,0,,unknown
RT-013240,0,,unknown
RT-013241,0,,unknown
RT-013242,0,,unknown
RT-013243,0,,unknown
RT-013244,0,,unknown
RT-013245,0,,unknown
RT-013246,0,,unknown
RT-013247,0,,unknown
RT-013248,0,,unknown
RT-013249,1,24.0,competitor
RT-013250,0,,unknown
RT-013251,0,,unknown
RT-013252,0,,unknown
RT-013253,0,,unknown
RT-013254,0,,unknown
RT-013255,0,,unknown
RT-013256,0,,unknown
RT-013257,0,,unknown
RT-013258,0,,unknown
RT-013259,0,,unknown
RT-013260,0,,unknown
RT-013261,0,,unknown
RT-013262,0,,unknown
RT-013263,0,,unknown
RT-013264,0,,unknown
RT-013265,1,22.0,quality
RT-013266,0,,unknown
RT-013267,0,,unknown
RT-013268,0,,unknown
RT-013269,0,,unknown
RT-013270,0,,unknown
RT-013271,0,,unknown
RT-013272,0,,unknown
RT-013273,0,,unknown
RT-013274,0,,unknown
RT-013275,0,,unknown
RT-013276,0,,unknown
RT-013277,0,,unknown
RT-013278,0,,unknown
RT-013279,0,,unknown
RT-013280,0,,unknown
RT-013281,0,,unknown
RT-013282,0,,unknown
RT-013283,1,21.0,tech_migration
RT-013284,0,,unknown
RT-013285,1,23.0,tech_migration
RT-013286,0,,unknown
RT-013287,0,,unknown
RT-013288,0,,unknown
RT-013289,0,,unknown
RT-013290,1,23.0,tech_migration
RT-013291,0,,unknown
RT-013292,0,,unknown
RT-013293,0,,unknown
RT-013294,0,,unknown
RT-013295,0,,unknown
RT-013296,0,,unknown
RT-013297,0,,unknown
RT-013298,0,,unknown
RT-013299,1,22.0,quality
RT-013300,0,,unknown
RT-013301,0,,unknown
RT-013302,0,,unknown
RT-013303,0,,unknown
RT-013304,0,,unknown
RT-013305,1,21.0,tech_migration
RT-013306,0,,unknown
RT-013307,1,20.0,tech_migration
RT-013308,0,,unknown
RT-013309,0,,unknown
RT-013310,0,,unknown
RT-013311,0,,unknown
RT-013312,0,,unknown
RT-013313,0,,unknown
RT-013314,0,,unknown
RT-013315,0,,unknown
RT-013316,0,,unknown
RT-013317,0,,unknown
RT-013318,0,,unknown
RT-013319,0,,unknown
RT-013320,0,,unknown
RT-013321,0,,unknown
RT-013322,0,,unknown
RT-013323,1,20.0,tech_migration
RT-013324,0,,unknown
RT-013325,0,,unknown
RT-013326,0,,unknown
RT-013327,0,,unknown
RT-013328,0,,unknown
RT-013329,1,24.0,price
RT-013330,0,,unknown
RT-013331,1,24.0,price
RT-013332,0,,unknown
RT-013333,1,24.0,unknown
RT-013334,0,,unknown
RT-013335,0,,unknown
RT-013336,0,,unknown
RT-013337,0,,unknown
RT-013338,0,,unknown
RT-013339,0,,unknown
RT-013340,0,,unknown
RT-013341,0,,unknown
RT-013342,0,,unknown
RT-013343,0,,unknown
RT-013344,0,,unknown
RT-013345,0,,unknown
RT-013346,0,,unknown
RT-013347,0,,unknown
RT-013348,0,,unknown
RT-013349,0,,unknown
RT-013350,0,,unknown
RT-013351,0,,unknown
RT-013352,0,,unknown
RT-013353,0,,unknown
RT-013354,0,,unknown
RT-013355,0,,unknown
RT-013356,1,22.0,tech_migration
RT-013357,0,,unknown
RT-013358,0,,unknown
RT-013359,0,,unknown
RT-013360,0,,unknown
RT-013361,0,,unknown
RT-013362,0,,unknown
RT-013363,0,,unknown
RT-013364,0,,unknown
RT-013365,0,,unknown
RT-013366,0,,unknown
RT-013367,0,,unknown
RT-013368,0,,unknown
RT-013369,0,,unknown
RT-013370,0,,unknown
RT-013371,0,,unknown
RT-013372,0,,unknown
RT-013373,0,,unknown
RT-013374,0,,unknown
RT-013375,0,,unknown
RT-013376,0,,unknown
RT-013377,0,,unknown
RT-013378,0,,unknown
RT-013379,0,,unknown
RT-013380,0,,unknown
RT-013381,0,,unknown
RT-013382,0,,unknown
RT-013383,0,,unknown
RT-013384,0,,unknown
RT-013385,0,,unknown
RT-013386,0,,unknown
RT-013387,0,,unknown
RT-013388,0,,unknown
RT-013389,0,,unknown
RT-013390,0,,unknown
RT-013391,0,,unknown
RT-013392,1,21.0,price
RT-013393,0,,unknown
RT-013394,0,,unknown
RT-013395,0,,unknown
RT-013396,0,,unknown
RT-013397,1,21.0,price
RT-013398,0,,unknown
RT-013399,0,,unknown
RT-013400,0,,unknown
RT-013401,1,24.0,price
RT-013402,0,,unknown
RT-013403,0,,unknown
RT-013404,0,,unknown
RT-013405,0,,unknown
RT-013406,0,,unknown
RT-013407,0,,unknown
RT-013408,0,,unknown
RT-013409,0,,unknown
RT-013410,0,,unknown
RT-013411,0,,unknown
RT-013412,0,,unknown
RT-013413,0,,unknown
RT-013414,0,,unknown
RT-013415,0,,unknown
RT-013416,0,,unknown
RT-013417,0,,unknown
RT-013418,0,,unknown
RT-013419,0,,unknown
RT-013420,0,,unknown
RT-013421,0,,unknown
RT-013422,0,,unknown
RT-013423,0,,unknown
RT-013424,0,,unknown
RT-013425,0,,unknown
RT-013426,0,,unknown
RT-013427,0,,unknown
RT-013428,0,,unknown
RT-013429,0,,unknown
RT-013430,1,24.0,tech_migration
RT-013431,0,,unknown
RT-013432,0,,unknown
RT-013433,0,,unknown
RT-013434,0,,unknown
RT-013435,0,,unknown
RT-013436,0,,unknown
RT-013437,0,,unknown
RT-013438,0,,unknown
RT-013439,0,,unknown
RT-013440,0,,unknown
RT-013441,1,19.0,tech_migration
RT-013442,0,,unknown
RT-013443,0,,unknown
RT-013444,1,19.0,quality
RT-013445,0,,unknown
RT-013446,0,,unknown
RT-013447,0,,unknown
RT-013448,0,,unknown
RT-013449,0,,unknown
RT-013450,0,,unknown
RT-013451,0,,unknown
RT-013452,0,,unknown
RT-013453,0,,unknown
RT-013454,0,,unknown
RT-013455,0,,unknown
RT-013456,0,,unknown
RT-013457,1,24.0,unknown
RT-013458,0,,unknown
RT-013459,0,,unknown
RT-013460,0,,unknown
RT-013461,0,,unknown
RT-013462,0,,unknown
RT-013463,0,,unknown
RT-013464,0,,unknown
RT-013465,0,,unknown
RT-013466,1,23.0,competitor
RT-013467,0,,unknown
RT-013468,0,,unknown
RT-013469,0,,unknown
RT-013470,0,,unknown
RT-013471,0,,unknown
RT-013472,0,,unknown
RT-013473,0,,unknown
RT-013474,0,,unknown
RT-013475,0,,unknown
RT-013476,0,,unknown
RT-013477,0,,unknown
RT-013478,0,,unknown
RT-013479,0,,unknown
RT-013480,1,21.0,tech_migration
RT-013481,0,,unknown
RT-013482,0,,unknown
RT-013483,1,23.0,competitor
RT-013484,0,,unknown
RT-013485,0,,unknown
RT-013486,0,,unknown
RT-013487,0,,unknown
RT-013488,0,,unknown
RT-013489,0,,unknown
RT-013490,1,23.0,tech_migration
RT-013491,0,,unknown
RT-013492,0,,unknown
RT-013493,0,,unknown
RT-013494,0,,unknown
RT-013495,1,20.0,unknown
RT-013496,0,,unknown
RT-013497,0,,unknown
RT-013498,0,,unknown
RT-013499,1,23.0,quality
RT-013500,0,,unknown
RT-013501,1,23.0,quality
RT-013502,0,,unknown
RT-013503,0,,unknown
RT-013504,0,,unknown
RT-013505,0,,unknown
RT-013506,0,,unknown
RT-013507,0,,unknown
RT-013508,0,,unknown
RT-013509,0,,unknown
RT-013510,0,,unknown
RT-013511,0,,unknown
RT-013512,0,,unknown
RT-013513,0,,unknown
RT-013514,1,24.0,price
RT-013515,0,,unknown
RT-013516,0,,unknown
RT-013517,0,,unknown
RT-013518,0,,unknown
RT-013519,0,,unknown
RT-013520,0,,unknown
RT-013521,0,,unknown
RT-013522,0,,unknown
RT-013523,0,,unknown
RT-013524,0,,unknown
RT-013525,0,,unknown
RT-013526,0,,unknown
RT-013527,0,,unknown
RT-013528,0,,unknown
RT-013529,0,,unknown
RT-013530,1,19.0,tech_migration
RT-013531,1,24.0,unknown
RT-013532,0,,unknown
RT-013533,0,,unknown
RT-013534,0,,unknown
RT-013535,0,,unknown
RT-013536,0,,unknown
RT-013537,0,,unknown
RT-013538,1,21.0,quality
RT-013539,0,,unknown
RT-013540,0,,unknown
RT-013541,0,,unknown
RT-013542,0,,unknown
RT-013543,0,,unknown
RT-013544,0,,unknown
RT-013545,0,,unknown
RT-013546,0,,unknown
RT-013547,0,,unknown
RT-013548,0,,unknown
RT-013549,0,,unknown
RT-013550,0,,unknown
RT-013551,0,,unknown
RT-013552,0,,unknown
RT-013553,0,,unknown
RT-013554,0,,unknown
RT-013555,0,,unknown
RT-013556,0,,unknown
RT-013557,0,,unknown
RT-013558,0,,unknown
RT-013559,0,,unknown
RT-013560,0,,unknown
RT-013561,0,,unknown
RT-013562,0,,unknown
RT-013563,0,,unknown
RT-013564,0,,unknown
RT-013565,0,,unknown
RT-013566,0,,unknown
RT-013567,0,,unknown
RT-013568,0,,unknown
RT-013569,1,22.0,unknown
RT-013570,0,,unknown
RT-013571,0,,unknown
RT-013572,0,,unknown
RT-013573,0,,unknown
RT-013574,0,,unknown
RT-013575,0,,unknown
RT-013576,0,,unknown
RT-013577,1,21.0,price
RT-013578,0,,unknown
RT-013579,0,,unknown
RT-013580,0,,unknown
RT-013581,0,,unknown
RT-013582,0,,unknown
RT-013583,0,,unknown
RT-013584,0,,unknown
RT-013585,1,22.0,unknown
RT-013586,0,,unknown
RT-013587,0,,unknown
RT-013588,0,,unknown
RT-013589,0,,unknown
RT-013590,0,,unknown
RT-013591,0,,unknown
RT-013592,0,,unknown
RT-013593,0,,unknown
RT-013594,1,24.0,quality
RT-013595,0,,unknown
RT-013596,0,,unknown
RT-013597,0,,unknown
RT-013598,0,,unknown
RT-013599,0,,unknown
RT-013600,0,,unknown
RT-013601,0,,unknown
RT-013602,0,,unknown
RT-013603,0,,unknown
RT-013604,0,,unknown
RT-013605,0,,unknown
RT-013606,0,,unknown
RT-013607,0,,unknown
RT-013608,0,,unknown
RT-013609,0,,unknown
RT-013610,0,,unknown
RT-013611,0,,unknown
RT-013612,0,,unknown
RT-013613,0,,unknown
RT-013614,0,,unknown
RT-013615,0,,unknown
RT-013616,0,,unknown
RT-013617,1,24.0,unknown
RT-013618,0,,unknown
RT-013619,0,,unknown
RT-013620,0,,unknown
RT-013621,0,,unknown
RT-013622,0,,unknown
RT-013623,0,,unknown
RT-013624,0,,unknown
RT-013625,0,,unknown
RT-013626,0,,unknown
RT-013627,0,,unknown
RT-013628,0,,unknown
RT-013629,0,,unknown
RT-013630,0,,unknown
RT-013631,0,,unknown
RT-013632,0,,unknown
RT-013633,0,,unknown
RT-013634,0,,unknown
RT-013635,0,,unknown
RT-013636,0,,unknown
RT-013637,0,,unknown
RT-013638,0,,unknown
RT-013639,0,,unknown
RT-013640,0,,unknown
RT-013641,0,,unknown
RT-013642,0,,unknown
RT-013643,0,,unknown
RT-013644,0,,unknown
RT-013645,0,,unknown
RT-013646,0,,unknown
RT-013647,1,20.0,competitor
RT-013648,0,,unknown
RT-013649,0,,unknown
RT-013650,0,,unknown
RT-013651,0,,unknown
RT-013652,0,,unknown
RT-013653,0,,unknown
RT-013654,1,24.0,price
RT-013655,0,,unknown
RT-013656,0,,unknown
RT-013657,0,,unknown
RT-013658,1,24.0,unknown
RT-013659,0,,unknown
RT-013660,0,,unknown
RT-013661,0,,unknown
RT-013662,0,,unknown
RT-013663,1,19.0,tech_migration
RT-013664,0,,unknown
RT-013665,0,,unknown
RT-013666,0,,unknown
RT-013667,0,,unknown
RT-013668,0,,unknown
RT-013669,0,,unknown
RT-013670,0,,unknown
RT-013671,0,,unknown
RT-013672,0,,unknown
RT-013673,0,,unknown
RT-013674,0,,unknown
RT-013675,0,,unknown
RT-013676,1,21.0,tech_migration
RT-013677,0,,unknown
RT-013678,0,,unknown
RT-013679,0,,unknown
RT-013680,0,,unknown
RT-013681,0,,unknown
RT-013682,0,,unknown
RT-013683,0,,unknown
RT-013684,0,,unknown
RT-013685,0,,unknown
RT-013686,1,19.0,competitor
RT-013687,0,,unknown
RT-013688,0,,unknown
RT-013689,0,,unknown
RT-013690,0,,unknown
RT-013691,0,,unknown
RT-013692,0,,unknown
RT-013693,0,,unknown
RT-013694,0,,unknown
RT-013695,0,,unknown
RT-013696,0,,unknown
RT-013697,0,,unknown
RT-013698,0,,unknown
RT-013699,0,,unknown
RT-013700,0,,unknown
RT-013701,0,,unknown
RT-013702,0,,unknown
RT-013703,0,,unknown
RT-013704,0,,unknown
RT-013705,0,,unknown
RT-013706,0,,unknown
RT-013707,0,,unknown
RT-013708,0,,unknown
RT-013709,0,,unknown
RT-013710,0,,unknown
RT-013711,0,,unknown
RT-013712,1,21.0,unknown
RT-013713,0,,unknown
RT-013714,0,,unknown
RT-013715,0,,unknown
RT-013716,0,,unknown
RT-013717,0,,unknown
RT-013718,0,,unknown
RT-013719,0,,unknown
RT-013720,0,,unknown
RT-013721,0,,unknown
RT-013722,0,,unknown
RT-013723,0,,unknown
RT-013724,1,24.0,tech_migration
RT-013725,0,,unknown
RT-013726,0,,unknown
RT-013727,0,,unknown
RT-013728,0,,unknown
RT-013729,0,,unknown
RT-013730,0,,unknown
RT-013731,0,,unknown
RT-013732,0,,unknown
RT-013733,0,,unknown
RT-013734,0,,unknown
RT-013735,0,,unknown
RT-013736,0,,unknown
RT-013737,0,,unknown
RT-013738,0,,unknown
RT-013739,0,,unknown
RT-013740,0,,unknown
RT-013741,0,,unknown
RT-013742,0,,unknown
RT-013743,0,,unknown
RT-013744,0,,unknown
RT-013745,0,,unknown
RT-013746,0,,unknown
RT-013747,0,,unknown
RT-013748,0,,unknown
RT-013749,0,,unknown
RT-013750,0,,unknown
RT-013751,0,,unknown
RT-013752,0,,unknown
RT-013753,0,,unknown
RT-013754,1,19.0,price
RT-013755,0,,unknown
RT-013756,0,,unknown
RT-013757,0,,unknown
RT-013758,0,,unknown
RT-013759,0,,unknown
RT-013760,0,,unknown
RT-013761,0,,unknown
RT-013762,0,,unknown
RT-013763,0,,unknown
RT-013764,0,,unknown
RT-013765,0,,unknown
RT-013766,0,,unknown
RT-013767,0,,unknown
RT-013768,0,,unknown
RT-013769,0,,unknown
RT-013770,0,,unknown
RT-013771,0,,unknown
RT-013772,0,,unknown
RT-013773,0,,unknown
RT-013774,0,,unknown
RT-013775,0,,unknown
RT-013776,0,,unknown
RT-013777,0,,unknown
RT-013778,0,,unknown
RT-013779,0,,unknown
RT-013780,0,,unknown
RT-013781,0,,unknown
RT-013782,0,,unknown
RT-013783,1,24.0,tech_migration
RT-013784,0,,unknown
RT-013785,1,19.0,unknown
RT-013786,0,,unknown
RT-013787,0,,unknown
RT-013788,0,,unknown
RT-013789,0,,unknown
RT-013790,0,,unknown
RT-013791,0,,unknown
RT-013792,0,,unknown
RT-013793,0,,unknown
RT-013794,0,,unknown
RT-013795,0,,unknown
RT-013796,0,,unknown
RT-013797,0,,unknown
RT-013798,0,,unknown
RT-013799,0,,unknown
RT-013800,0,,unknown
RT-013801,0,,unknown
RT-013802,1,24.0,quality
RT-013803,1,21.0,quality
RT-013804,0,,unknown
RT-013805,0,,unknown
RT-013806,0,,unknown
RT-013807,0,,unknown
RT-013808,0,,unknown
RT-013809,1,20.0,price
RT-013810,0,,unknown
RT-013811,0,,unknown
RT-013812,0,,unknown
RT-013813,0,,unknown
RT-013814,1,20.0,competitor
RT-013815,0,,unknown
RT-013816,0,,unknown
RT-013817,0,,unknown
RT-013818,0,,unknown
RT-013819,0,,unknown
RT-013820,0,,unknown
RT-013821,0,,unknown
RT-013822,0,,unknown
RT-013823,0,,unknown
RT-013824,0,,unknown
RT-013825,0,,unknown
RT-013826,0,,unknown
RT-013827,0,,unknown
RT-013828,0,,unknown
RT-013829,0,,unknown
RT-013830,0,,unknown
RT-013831,0,,unknown
RT-013832,1,24.0,competitor
RT-013833,0,,unknown
RT-013834,0,,unknown
RT-013835,0,,unknown
RT-013836,0,,unknown
RT-013837,0,,unknown
RT-013838,0,,unknown
RT-013839,0,,unknown
RT-013840,0,,unknown
RT-013841,0,,unknown
RT-013842,0,,unknown
RT-013843,0,,unknown
RT-013844,0,,unknown
RT-013845,0,,unknown
RT-013846,0,,unknown
RT-013847,0,,unknown
RT-013848,0,,unknown
RT-013849,0,,unknown
RT-013850,0,,unknown
RT-013851,0,,unknown
RT-013852,0,,unknown
RT-013853,0,,unknown
RT-013854,0,,unknown
RT-013855,0,,unknown
RT-013856,0,,unknown
RT-013857,0,,unknown
RT-013858,0,,unknown
RT-013859,0,,unknown
RT-013860,0,,unknown
RT-013861,0,,unknown
RT-013862,0,,unknown
RT-013863,0,,unknown
RT-013864,0,,unknown
RT-013865,0,,unknown
RT-013866,0,,unknown
RT-013867,0,,unknown
RT-013868,0,,unknown
RT-013869,0,,unknown
RT-013870,0,,unknown
RT-013871,0,,unknown
RT-013872,0,,unknown
RT-013873,1,24.0,price
RT-013874,0,,unknown
RT-013875,0,,unknown
RT-013876,0,,unknown
RT-013877,0,,unknown
RT-013878,0,,unknown
RT-013879,0,,unknown
RT-013880,0,,unknown
RT-013881,0,,unknown
RT-013882,0,,unknown
RT-013883,0,,unknown
RT-013884,1,21.0,unknown
RT-013885,0,,unknown
RT-013886,0,,unknown
RT-013887,0,,unknown
RT-013888,0,,unknown
RT-013889,0,,unknown
RT-013890,0,,unknown
RT-013891,0,,unknown
RT-013892,0,,unknown
RT-013893,0,,unknown
RT-013894,0,,unknown
RT-013895,0,,unknown
RT-013896,0,,unknown
RT-013897,0,,unknown
RT-013898,0,,unknown
RT-013899,0,,unknown
RT-013900,0,,unknown
RT-013901,0,,unknown
RT-013902,0,,unknown
RT-013903,0,,unknown
RT-013904,0,,unknown
RT-013905,1,20.0,unknown
RT-013906,0,,unknown
RT-013907,0,,unknown
RT-013908,0,,unknown
RT-013909,1,24.0,unknown
RT-013910,0,,unknown
RT-013911,0,,unknown
RT-013912,0,,unknown
RT-013913,0,,unknown
RT-013914,0,,unknown
RT-013915,0,,unknown
RT-013916,0,,unknown
RT-013917,0,,unknown
RT-013918,0,,unknown
RT-013919,0,,unknown
RT-013920,0,,unknown
RT-013921,0,,unknown
RT-013922,0,,unknown
RT-013923,0,,unknown
RT-013924,0,,unknown
RT-013925,0,,unknown
RT-013926,0,,unknown
RT-013927,0,,unknown
RT-013928,0,,unknown
RT-013929,0,,unknown
RT-013930,0,,unknown
RT-013931,0,,unknown
RT-013932,0,,unknown
RT-013933,0,,unknown
RT-013934,1,24.0,price
RT-013935,1,21.0,tech_migration
RT-013936,0,,unknown
RT-013937,0,,unknown
RT-013938,0,,unknown
RT-013939,0,,unknown
RT-013940,1,23.0,unknown
RT-013941,0,,unknown
RT-013942,1,21.0,quality
RT-013943,0,,unknown
RT-013944,0,,unknown
RT-013945,0,,unknown
RT-013946,0,,unknown
RT-013947,1,20.0,unknown
RT-013948,0,,unknown
RT-013949,0,,unknown
RT-013950,0,,unknown
RT-013951,0,,unknown
RT-013952,0,,unknown
RT-013953,0,,unknown
RT-013954,0,,unknown
RT-013955,0,,unknown
RT-013956,1,21.0,tech_migration
RT-013957,0,,unknown
RT-013958,0,,unknown
RT-013959,0,,unknown
RT-013960,0,,unknown
RT-013961,0,,unknown
RT-013962,0,,unknown
RT-013963,0,,unknown
RT-013964,0,,unknown
RT-013965,0,,unknown
RT-013966,0,,unknown
RT-013967,0,,unknown
RT-013968,0,,unknown
RT-013969,0,,unknown
RT-013970,0,,unknown
RT-013971,0,,unknown
RT-013972,0,,unknown
RT-013973,0,,unknown
RT-013974,0,,unknown
RT-013975,0,,unknown
RT-013976,0,,unknown
RT-013977,0,,unknown
RT-013978,0,,unknown
RT-013979,0,,unknown
RT-013980,0,,unknown
RT-013981,0,,unknown
RT-013982,0,,unknown
RT-013983,0,,unknown
RT-013984,0,,unknown
RT-013985,0,,unknown
RT-013986,0,,unknown
RT-013987,1,19.0,competitor
RT-013988,0,,unknown
RT-013989,0,,unknown
RT-013990,0,,unknown
RT-013991,0,,unknown
RT-013992,0,,unknown
RT-013993,0,,unknown
RT-013994,0,,unknown
RT-013995,0,,unknown
RT-013996,0,,unknown
RT-013997,0,,unknown
RT-013998,0,,unknown
RT-013999,0,,unknown
RT-014000,1,19.0,unknown
RT-014001,0,,unknown
RT-014002,0,,unknown
RT-014003,0,,unknown
RT-014004,0,,unknown
RT-014005,0,,unknown
RT-014006,0,,unknown
RT-014007,0,,unknown
RT-014008,1,19.0,tech_migration
RT-014009,0,,unknown
RT-014010,0,,unknown
RT-014011,0,,unknown
RT-014012,0,,unknown
RT-014013,0,,unknown
RT-014014,0,,unknown
RT-014015,0,,unknown
RT-014016,0,,unknown
RT-014017,0,,unknown
RT-014018,0,,unknown
RT-014019,0,,unknown
RT-014020,0,,unknown
RT-014021,0,,unknown
RT-014022,0,,unknown
RT-014023,0,,unknown
RT-014024,0,,unknown
RT-014025,0,,unknown
RT-014026,0,,unknown
RT-014027,1,24.0,unknown
RT-014028,0,,unknown
RT-014029,0,,unknown
RT-014030,0,,unknown
RT-014031,0,,unknown
RT-014032,0,,unknown
RT-014033,0,,unknown
RT-014034,0,,unknown
RT-014035,0,,unknown
RT-014036,0,,unknown
RT-014037,0,,unknown
RT-014038,0,,unknown
RT-014039,0,,unknown
RT-014040,0,,unknown
RT-014041,0,,unknown
RT-014042,0,,unknown
RT-014043,0,,unknown
RT-014044,0,,unknown
RT-014045,0,,unknown
RT-014046,0,,unknown
RT-014047,0,,unknown
RT-014048,0,,unknown
RT-014049,0,,unknown
RT-014050,0,,unknown
RT-014051,0,,unknown
RT-014052,0,,unknown
RT-014053,0,,unknown
RT-014054,0,,unknown
RT-014055,0,,unknown
RT-014056,0,,unknown
RT-014057,0,,unknown
RT-014058,0,,unknown
RT-014059,0,,unknown
RT-014060,0,,unknown
RT-014061,1,24.0,quality
RT-014062,0,,unknown
RT-014063,0,,unknown
RT-014064,0,,unknown
RT-014065,0,,unknown
RT-014066,0,,unknown
RT-014067,0,,unknown
RT-014068,0,,unknown
RT-014069,0,,unknown
RT-014070,0,,unknown
RT-014071,0,,unknown
RT-014072,0,,unknown
RT-014073,0,,unknown
RT-014074,0,,unknown
RT-014075,0,,unknown
RT-014076,0,,unknown
RT-014077,0,,unknown
RT-014078,0,,unknown
RT-014079,0,,unknown
RT-014080,0,,unknown
RT-014081,1,19.0,competitor
RT-014082,0,,unknown
RT-014083,0,,unknown
RT-014084,0,,unknown
RT-014085,0,,unknown
RT-014086,0,,unknown
RT-014087,0,,unknown
RT-014088,0,,unknown
RT-014089,0,,unknown
RT-014090,0,,unknown
RT-014091,0,,unknown
RT-014092,0,,unknown
RT-014093,0,,unknown
RT-014094,0,,unknown
RT-014095,1,24.0,quality
RT-014096,0,,unknown
RT-014097,0,,unknown
RT-014098,1,24.0,quality
RT-014099,0,,unknown
RT-014100,0,,unknown
RT-014101,0,,unknown
RT-014102,0,,unknown
RT-014103,0,,unknown
RT-014104,0,,unknown
RT-014105,1,23.0,unknown
RT-014106,0,,unknown
RT-014107,1,24.0,tech_migration
RT-014108,0,,unknown
RT-014109,0,,unknown
RT-014110,0,,unknown
RT-014111,0,,unknown
RT-014112,0,,unknown
RT-014113,0,,unknown
RT-014114,0,,unknown
RT-014115,0,,unknown
RT-014116,1,24.0,price
RT-014117,0,,unknown
RT-014118,0,,unknown
RT-014119,0,,unknown
RT-014120,0,,unknown
RT-014121,0,,unknown
RT-014122,0,,unknown
RT-014123,0,,unknown
RT-014124,0,,unknown
RT-014125,0,,unknown
RT-014126,0,,unknown
RT-014127,0,,unknown
RT-014128,1,24.0,tech_migration
RT-014129,0,,unknown
RT-014130,0,,unknown
RT-014131,0,,unknown
RT-014132,0,,unknown
RT-014133,1,23.0,price
RT-014134,0,,unknown
RT-014135,0,,unknown
RT-014136,0,,unknown
RT-014137,0,,unknown
RT-014138,0,,unknown
RT-014139,0,,unknown
RT-014140,0,,unknown
RT-014141,0,,unknown
RT-014142,0,,unknown
RT-014143,1,23.0,quality
RT-014144,0,,unknown
RT-014145,0,,unknown
RT-014146,0,,unknown
RT-014147,0,,unknown
RT-014148,0,,unknown
RT-014149,0,,unknown
RT-014150,0,,unknown
RT-014151,0,,unknown
RT-014152,0,,unknown
RT-014153,0,,unknown
RT-014154,0,,unknown
RT-014155,0,,unknown
RT-014156,0,,unknown
RT-014157,0,,unknown
RT-014158,0,,unknown
RT-014159,0,,unknown
RT-014160,0,,unknown
RT-014161,1,22.0,price
RT-014162,0,,unknown
RT-014163,0,,unknown
RT-014164,0,,unknown
RT-014165,0,,unknown
RT-014166,0,,unknown
RT-014167,0,,unknown
RT-014168,1,21.0,tech_migration
RT-014169,0,,unknown
RT-014170,0,,unknown
RT-014171,0,,unknown
RT-014172,0,,unknown
RT-014173,0,,unknown
RT-014174,0,,unknown
RT-014175,0,,unknown
RT-014176,0,,unknown
RT-014177,0,,unknown
RT-014178,0,,unknown
RT-014179,0,,unknown
RT-014180,0,,unknown
RT-014181,0,,unknown
RT-014182,0,,unknown
RT-014183,0,,unknown
RT-014184,0,,unknown
RT-014185,0,,unknown
RT-014186,0,,unknown
RT-014187,0,,unknown
RT-014188,0,,unknown
RT-014189,0,,unknown
RT-014190,0,,unknown
RT-014191,0,,unknown
RT-014192,0,,unknown
RT-014193,1,20.0,price
RT-014194,0,,unknown
RT-014195,0,,unknown
RT-014196,1,24.0,quality
RT-014197,0,,unknown
RT-014198,0,,unknown
RT-014199,0,,unknown
RT-014200,0,,unknown
RT-014201,0,,unknown
RT-014202,0,,unknown
RT-014203,0,,unknown
RT-014204,0,,unknown
RT-014205,0,,unknown
RT-014206,0,,unknown
RT-014207,0,,unknown
RT-014208,0,,unknown
RT-014209,0,,unknown
RT-014210,0,,unknown
RT-014211,0,,unknown
RT-014212,0,,unknown
RT-014213,0,,unknown
RT-014214,0,,unknown
RT-014215,1,22.0,price
RT-014216,0,,unknown
RT-014217,0,,unknown
RT-014218,0,,unknown
RT-014219,0,,unknown
RT-014220,0,,unknown
RT-014221,0,,unknown
RT-014222,0,,unknown
RT-014223,1,23.0,unknown
RT-014224,1,24.0,tech_migration
RT-014225,0,,unknown
RT-014226,1,24.0,tech_migration
RT-014227,0,,unknown
RT-014228,0,,unknown
RT-014229,0,,unknown
RT-014230,0,,unknown
RT-014231,0,,unknown
RT-014232,0,,unknown
RT-014233,0,,unknown
RT-014234,0,,unknown
RT-014235,0,,unknown
RT-014236,0,,unknown
RT-014237,0,,unknown
RT-014238,0,,unknown
RT-014239,0,,unknown
RT-014240,1,24.0,unknown
RT-014241,1,20.0,unknown
RT-014242,0,,unknown
RT-014243,0,,unknown
RT-014244,0,,unknown
RT-014245,0,,unknown
RT-014246,0,,unknown
RT-014247,0,,unknown
RT-014248,0,,unknown
RT-014249,0,,unknown
RT-014250,0,,unknown
RT-014251,0,,unknown
RT-014252,0,,unknown
RT-014253,0,,unknown
RT-014254,0,,unknown
RT-014255,0,,unknown
RT-014256,0,,unknown
RT-014257,0,,unknown
RT-014258,0,,unknown
RT-014259,1,19.0,price
RT-014260,0,,unknown
RT-014261,0,,unknown
RT-014262,0,,unknown
RT-014263,0,,unknown
RT-014264,0,,unknown
RT-014265,0,,unknown
RT-014266,0,,unknown
RT-014267,1,24.0,unknown
RT-014268,0,,unknown
RT-014269,0,,unknown
RT-014270,0,,unknown
RT-014271,0,,unknown
RT-014272,0,,unknown
RT-014273,0,,unknown
RT-014274,0,,unknown
RT-014275,0,,unknown
RT-014276,0,,unknown
RT-014277,0,,unknown
RT-014278,0,,unknown
RT-014279,1,21.0,tech_migration
RT-014280,0,,unknown
RT-014281,0,,unknown
RT-014282,0,,unknown
RT-014283,0,,unknown
RT-014284,0,,unknown
RT-014285,0,,unknown
RT-014286,0,,unknown
RT-014287,0,,unknown
RT-014288,0,,unknown
RT-014289,0,,unknown
RT-014290,0,,unknown
RT-014291,0,,unknown
RT-014292,0,,unknown
RT-014293,0,,unknown
RT-014294,0,,unknown
RT-014295,0,,unknown
RT-014296,0,,unknown
RT-014297,0,,unknown
RT-014298,1,20.0,competitor
RT-014299,0,,unknown
RT-014300,0,,unknown
RT-014301,1,24.0,tech_migration
RT-014302,0,,unknown
RT-014303,0,,unknown
RT-014304,1,24.0,unknown
RT-014305,0,,unknown
RT-014306,0,,unknown
RT-014307,0,,unknown
RT-014308,0,,unknown
RT-014309,0,,unknown
RT-014310,0,,unknown
RT-014311,0,,unknown
RT-014312,0,,unknown
RT-014313,0,,unknown
RT-014314,0,,unknown
RT-014315,0,,unknown
RT-014316,0,,unknown
RT-014317,0,,unknown
RT-014318,0,,unknown
RT-014319,0,,unknown
RT-014320,0,,unknown
RT-014321,1,19.0,tech_migration
RT-014322,0,,unknown
RT-014323,0,,unknown
RT-014324,0,,unknown
RT-014325,1,23.0,quality
RT-014326,0,,unknown
RT-014327,0,,unknown
RT-014328,0,,unknown
RT-014329,0,,unknown
RT-014330,0,,unknown
RT-014331,0,,unknown
RT-014332,0,,unknown
RT-014333,0,,unknown
RT-014334,0,,unknown
RT-014335,0,,unknown
RT-014336,0,,unknown
RT-014337,1,24.0,price
RT-014338,0,,unknown
RT-014339,1,19.0,quality
RT-014340,0,,unknown
RT-014341,0,,unknown
RT-014342,0,,unknown
RT-014343,0,,unknown
RT-014344,0,,unknown
RT-014345,0,,unknown
RT-014346,0,,unknown
RT-014347,0,,unknown
RT-014348,0,,unknown
RT-014349,0,,unknown
RT-014350,0,,unknown
RT-014351,0,,unknown
RT-014352,0,,unknown
RT-014353,0,,unknown
RT-014354,0,,unknown
RT-014355,0,,unknown
RT-014356,0,,unknown
RT-014357,0,,unknown
RT-014358,1,23.0,tech_migration
RT-014359,0,,unknown
RT-014360,0,,unknown
RT-014361,1,19.0,quality
RT-014362,0,,unknown
RT-014363,0,,unknown
RT-014364,0,,unknown
RT-014365,0,,unknown
RT-014366,0,,unknown
RT-014367,0,,unknown
RT-014368,0,,unknown
RT-014369,0,,unknown
RT-014370,0,,unknown
RT-014371,1,20.0,tech_migration
RT-014372,0,,unknown
RT-014373,0,,unknown
RT-014374,0,,unknown
RT-014375,0,,unknown
RT-014376,0,,unknown
RT-014377,0,,unknown
RT-014378,0,,unknown
RT-014379,0,,unknown
RT-014380,0,,unknown
RT-014381,0,,unknown
RT-014382,0,,unknown
RT-014383,1,23.0,tech_migration
RT-014384,0,,unknown
RT-014385,0,,unknown
RT-014386,0,,unknown
RT-014387,0,,unknown
RT-014388,0,,unknown
RT-014389,0,,unknown
RT-014390,0,,unknown
RT-014391,0,,unknown
RT-014392,0,,unknown
RT-014393,0,,unknown
RT-014394,1,24.0,price
RT-014395,0,,unknown
RT-014396,0,,unknown
RT-014397,1,22.0,tech_migration
RT-014398,0,,unknown
RT-014399,0,,unknown
RT-014400,0,,unknown
RT-014401,0,,unknown
RT-014402,0,,unknown
RT-014403,0,,unknown
RT-014404,0,,unknown
RT-014405,0,,unknown
RT-014406,0,,unknown
RT-014407,0,,unknown
RT-014408,0,,unknown
RT-014409,0,,unknown
RT-014410,0,,unknown
RT-014411,0,,unknown
RT-014412,0,,unknown
RT-014413,0,,unknown
RT-014414,0,,unknown
RT-014415,0,,unknown
RT-014416,0,,unknown
RT-014417,0,,unknown
RT-014418,0,,unknown
RT-014419,0,,unknown
RT-014420,0,,unknown
RT-014421,0,,unknown
RT-014422,0,,unknown
RT-014423,1,24.0,unknown
RT-014424,0,,unknown
RT-014425,0,,unknown
RT-014426,0,,unknown
RT-014427,0,,unknown
RT-014428,0,,unknown
RT-014429,0,,unknown
RT-014430,0,,unknown
RT-014431,0,,unknown
RT-014432,0,,unknown
RT-014433,0,,unknown
RT-014434,0,,unknown
RT-014435,0,,unknown
RT-014436,0,,unknown
RT-014437,0,,unknown
RT-014438,0,,unknown
RT-014439,0,,unknown
RT-014440,0,,unknown
RT-014441,0,,unknown
RT-014442,0,,unknown
RT-014443,0,,unknown
RT-014444,0,,unknown
RT-014445,0,,unknown
RT-014446,0,,unknown
RT-014447,0,,unknown
RT-014448,0,,unknown
RT-014449,0,,unknown
RT-014450,0,,unknown
RT-014451,0,,unknown
RT-014452,0,,unknown
RT-014453,0,,unknown
RT-014454,0,,unknown
RT-014455,0,,unknown
RT-014456,0,,unknown
RT-014457,0,,unknown
RT-014458,0,,unknown
RT-014459,0,,unknown
RT-014460,0,,unknown
RT-014461,0,,unknown
RT-014462,0,,unknown
RT-014463,0,,unknown
RT-014464,0,,unknown
RT-014465,0,,unknown
RT-014466,0,,unknown
RT-014467,0,,unknown
RT-014468,0,,unknown
RT-014469,0,,unknown
RT-014470,0,,unknown
RT-014471,0,,unknown
RT-014472,0,,unknown
RT-014473,0,,unknown
RT-014474,0,,unknown
RT-014475,0,,unknown
RT-014476,0,,unknown
RT-014477,0,,unknown
RT-014478,1,22.0,competitor
RT-014479,0,,unknown
RT-014480,0,,unknown
RT-014481,0,,unknown
RT-014482,0,,unknown
RT-014483,0,,unknown
RT-014484,0,,unknown
RT-014485,0,,unknown
RT-014486,0,,unknown
RT-014487,0,,unknown
RT-014488,0,,unknown
RT-014489,1,24.0,price
RT-014490,0,,unknown
RT-014491,0,,unknown
RT-014492,0,,unknown
RT-014493,0,,unknown
RT-014494,0,,unknown
RT-014495,0,,unknown
RT-014496,0,,unknown
RT-014497,0,,unknown
RT-014498,0,,unknown
RT-014499,0,,unknown
RT-014500,0,,unknown
RT-014501,0,,unknown
RT-014502,0,,unknown
RT-014503,0,,unknown
RT-014504,0,,unknown
RT-014505,0,,unknown
RT-014506,0,,unknown
RT-014507,0,,unknown
RT-014508,0,,unknown
RT-014509,0,,unknown
RT-014510,0,,unknown
RT-014511,1,19.0,tech_migration
RT-014512,0,,unknown
RT-014513,0,,unknown
RT-014514,0,,unknown
RT-014515,0,,unknown
RT-014516,0,,unknown
RT-014517,0,,unknown
RT-014518,0,,unknown
RT-014519,0,,unknown
RT-014520,0,,unknown
RT-014521,1,24.0,quality
RT-014522,0,,unknown
RT-014523,0,,unknown
RT-014524,1,21.0,price
RT-014525,0,,unknown
RT-014526,0,,unknown
RT-014527,0,,unknown
RT-014528,0,,unknown
RT-014529,1,22.0,quality
RT-014530,0,,unknown
RT-014531,0,,unknown
RT-014532,0,,unknown
RT-014533,0,,unknown
RT-014534,0,,unknown
RT-014535,0,,unknown
RT-014536,0,,unknown
RT-014537,0,,unknown
RT-014538,0,,unknown
RT-014539,0,,unknown
RT-014540,0,,unknown
RT-014541,1,21.0,tech_migration
RT-014542,0,,unknown
RT-014543,0,,unknown
RT-014544,0,,unknown
RT-014545,0,,unknown
RT-014546,0,,unknown
RT-014547,0,,unknown
RT-014548,1,22.0,competitor
RT-014549,0,,unknown
RT-014550,0,,unknown
RT-014551,0,,unknown
RT-014552,0,,unknown
RT-014553,0,,unknown
RT-014554,0,,unknown
RT-014555,0,,unknown
RT-014556,0,,unknown
RT-014557,0,,unknown
RT-014558,1,22.0,unknown
RT-014559,0,,unknown
RT-014560,0,,unknown
RT-014561,1,23.0,unknown
RT-014562,1,23.0,tech_migration
RT-014563,0,,unknown
RT-014564,0,,unknown
RT-014565,0,,unknown
RT-014566,0,,unknown
RT-014567,1,24.0,competitor
RT-014568,0,,unknown
RT-014569,0,,unknown
RT-014570,0,,unknown
RT-014571,0,,unknown
RT-014572,0,,unknown
RT-014573,0,,unknown
RT-014574,0,,unknown
RT-014575,0,,unknown
RT-014576,0,,unknown
RT-014577,0,,unknown
RT-014578,0,,unknown
RT-014579,0,,unknown
RT-014580,0,,unknown
RT-014581,0,,unknown
RT-014582,0,,unknown
RT-014583,0,,unknown
RT-014584,0,,unknown
RT-014585,0,,unknown
RT-014586,0,,unknown
RT-014587,0,,unknown
RT-014588,0,,unknown
RT-014589,0,,unknown
RT-014590,0,,unknown
RT-014591,0,,unknown
RT-014592,0,,unknown
RT-014593,0,,unknown
RT-014594,1,24.0,price
RT-014595,0,,unknown
RT-014596,0,,unknown
RT-014597,0,,unknown
RT-014598,0,,unknown
RT-014599,0,,unknown
RT-014600,0,,unknown
RT-014601,0,,unknown
RT-014602,0,,unknown
RT-014603,0,,unknown
RT-014604,0,,unknown
RT-014605,0,,unknown
RT-014606,0,,unknown
RT-014607,0,,unknown
RT-014608,0,,unknown
RT-014609,1,23.0,tech_migration
RT-014610,0,,unknown
RT-014611,0,,unknown
RT-014612,0,,unknown
RT-014613,0,,unknown
RT-014614,0,,unknown
RT-014615,1,24.0,price
RT-014616,0,,unknown
RT-014617,0,,unknown
RT-014618,0,,unknown
RT-014619,0,,unknown
RT-014620,0,,unknown
RT-014621,0,,unknown
RT-014622,0,,unknown
RT-014623,0,,unknown
RT-014624,0,,unknown
RT-014625,0,,unknown
RT-014626,1,20.0,unknown
RT-014627,0,,unknown
RT-014628,0,,unknown
RT-014629,0,,unknown
RT-014630,0,,unknown
RT-014631,0,,unknown
RT-014632,0,,unknown
RT-014633,0,,unknown
RT-014634,0,,unknown
RT-014635,0,,unknown
RT-014636,0,,unknown
RT-014637,0,,unknown
RT-014638,0,,unknown
RT-014639,0,,unknown
RT-014640,1,24.0,price
RT-014641,0,,unknown
RT-014642,0,,unknown
RT-014643,0,,unknown
RT-014644,0,,unknown
RT-014645,0,,unknown
RT-014646,1,24.0,tech_migration
RT-014647,0,,unknown
RT-014648,0,,unknown
RT-014649,0,,unknown
RT-014650,0,,unknown
RT-014651,0,,unknown
RT-014652,0,,unknown
RT-014653,0,,unknown
RT-014654,0,,unknown
RT-014655,0,,unknown
RT-014656,0,,unknown
RT-014657,1,23.0,tech_migration
RT-014658,0,,unknown
RT-014659,0,,unknown
RT-014660,0,,unknown
RT-014661,0,,unknown
RT-014662,0,,unknown
RT-014663,0,,unknown
RT-014664,0,,unknown
RT-014665,0,,unknown
RT-014666,0,,unknown
RT-014667,0,,unknown
RT-014668,0,,unknown
RT-014669,0,,unknown
RT-014670,0,,unknown
RT-014671,0,,unknown
RT-014672,0,,unknown
RT-014673,0,,unknown
RT-014674,0,,unknown
RT-014675,1,23.0,tech_migration
RT-014676,0,,unknown
RT-014677,0,,unknown
RT-014678,1,24.0,tech_migration
RT-014679,0,,unknown
RT-014680,0,,unknown
RT-014681,0,,unknown
RT-014682,0,,unknown
RT-014683,0,,unknown
RT-014684,0,,unknown
RT-014685,0,,unknown
RT-014686,0,,unknown
RT-014687,0,,unknown
RT-014688,0,,unknown
RT-014689,0,,unknown
RT-014690,0,,unknown
RT-014691,0,,unknown
RT-014692,0,,unknown
RT-014693,0,,unknown
RT-014694,0,,unknown
RT-014695,0,,unknown
RT-014696,0,,unknown
RT-014697,1,22.0,price
RT-014698,0,,unknown
RT-014699,0,,unknown
RT-014700,0,,unknown
RT-014701,0,,unknown
RT-014702,0,,unknown
RT-014703,0,,unknown
RT-014704,0,,unknown
RT-014705,0,,unknown
RT-014706,0,,unknown
RT-014707,0,,unknown
RT-014708,0,,unknown
RT-014709,0,,unknown
RT-014710,0,,unknown
RT-014711,0,,unknown
RT-014712,0,,unknown
RT-014713,0,,unknown
RT-014714,0,,unknown
RT-014715,0,,unknown
RT-014716,0,,unknown
RT-014717,0,,unknown
RT-014718,0,,unknown
RT-014719,0,,unknown
RT-014720,0,,unknown
RT-014721,0,,unknown
RT-014722,0,,unknown
RT-014723,0,,unknown
RT-014724,0,,unknown
RT-014725,1,24.0,quality
RT-014726,1,23.0,tech_migration
RT-014727,0,,unknown
RT-014728,0,,unknown
RT-014729,0,,unknown
RT-014730,1,24.0,price
RT-014731,0,,unknown
RT-014732,0,,unknown
RT-014733,0,,unknown
RT-014734,0,,unknown
RT-014735,0,,unknown
RT-014736,0,,unknown
RT-014737,0,,unknown
RT-014738,0,,unknown
RT-014739,0,,unknown
RT-014740,0,,unknown
RT-014741,0,,unknown
RT-014742,0,,unknown
RT-014743,0,,unknown
RT-014744,0,,unknown
RT-014745,0,,unknown
RT-014746,0,,unknown
RT-014747,0,,unknown
RT-014748,0,,unknown
RT-014749,0,,unknown
RT-014750,0,,unknown
RT-014751,0,,unknown
RT-014752,0,,unknown
RT-014753,0,,unknown
RT-014754,0,,unknown
RT-014755,0,,unknown
RT-014756,0,,unknown
RT-014757,0,,unknown
RT-014758,0,,unknown
RT-014759,0,,unknown
RT-014760,0,,unknown
RT-014761,0,,unknown
RT-014762,0,,unknown
RT-014763,0,,unknown
RT-014764,0,,unknown
RT-014765,0,,unknown
RT-014766,0,,unknown
RT-014767,0,,unknown
RT-014768,0,,unknown
RT-014769,1,24.0,unknown
RT-014770,0,,unknown
RT-014771,0,,unknown
RT-014772,0,,unknown
RT-014773,0,,unknown
RT-014774,0,,unknown
RT-014775,0,,unknown
RT-014776,0,,unknown
RT-014777,0,,unknown
RT-014778,0,,unknown
RT-014779,1,24.0,price
RT-014780,0,,unknown
RT-014781,0,,unknown
RT-014782,0,,unknown
RT-014783,0,,unknown
RT-014784,0,,unknown
RT-014785,0,,unknown
RT-014786,0,,unknown
RT-014787,0,,unknown
RT-014788,0,,unknown
RT-014789,0,,unknown
RT-014790,0,,unknown
RT-014791,0,,unknown
RT-014792,0,,unknown
RT-014793,0,,unknown
RT-014794,0,,unknown
RT-014795,0,,unknown
RT-014796,0,,unknown
RT-014797,0,,unknown
RT-014798,0,,unknown
RT-014799,0,,unknown
RT-014800,0,,unknown
RT-014801,0,,unknown
RT-014802,0,,unknown
RT-014803,0,,unknown
RT-014804,0,,unknown
RT-014805,0,,unknown
RT-014806,1,24.0,unknown
RT-014807,0,,unknown
RT-014808,1,24.0,price
RT-014809,0,,unknown
RT-014810,0,,unknown
RT-014811,0,,unknown
RT-014812,0,,unknown
RT-014813,0,,unknown
RT-014814,0,,unknown
RT-014815,0,,unknown
RT-014816,0,,unknown
RT-014817,0,,unknown
RT-014818,1,22.0,tech_migration
RT-014819,0,,unknown
RT-014820,0,,unknown
RT-014821,0,,unknown
RT-014822,0,,unknown
RT-014823,0,,unknown
RT-014824,0,,unknown
RT-014825,0,,unknown
RT-014826,0,,unknown
RT-014827,0,,unknown
RT-014828,0,,unknown
RT-014829,0,,unknown
RT-014830,0,,unknown
RT-014831,0,,unknown
RT-014832,0,,unknown
RT-014833,0,,unknown
RT-014834,0,,unknown
RT-014835,0,,unknown
RT-014836,1,19.0,quality
RT-014837,0,,unknown
RT-014838,0,,unknown
RT-014839,0,,unknown
RT-014840,0,,unknown
RT-014841,0,,unknown
RT-014842,0,,unknown
RT-014843,0,,unknown
RT-014844,0,,unknown
RT-014845,0,,unknown
RT-014846,0,,unknown
RT-014847,0,,unknown
RT-014848,0,,unknown
RT-014849,0,,unknown
RT-014850,0,,unknown
RT-014851,0,,unknown
RT-014852,0,,unknown
RT-014853,1,19.0,quality
RT-014854,0,,unknown
RT-014855,0,,unknown
RT-014856,0,,unknown
RT-014857,0,,unknown
RT-014858,0,,unknown
RT-014859,0,,unknown
RT-014860,0,,unknown
RT-014861,0,,unknown
RT-014862,0,,unknown
RT-014863,0,,unknown
RT-014864,0,,unknown
RT-014865,0,,unknown
RT-014866,0,,unknown
RT-014867,0,,unknown
RT-014868,0,,unknown
RT-014869,0,,unknown
RT-014870,0,,unknown
RT-014871,0,,unknown
RT-014872,0,,unknown
RT-014873,0,,unknown
RT-014874,1,24.0,unknown
RT-014875,0,,unknown
RT-014876,0,,unknown
RT-014877,1,22.0,tech_migration
RT-014878,0,,unknown
RT-014879,0,,unknown
RT-014880,1,21.0,unknown
RT-014881,0,,unknown
RT-014882,0,,unknown
RT-014883,0,,unknown
RT-014884,0,,unknown
RT-014885,0,,unknown
RT-014886,0,,unknown
RT-014887,0,,unknown
RT-014888,0,,unknown
RT-014889,0,,unknown
RT-014890,0,,unknown
RT-014891,0,,unknown
RT-014892,0,,unknown
RT-014893,0,,unknown
RT-014894,0,,unknown
RT-014895,0,,unknown
RT-014896,0,,unknown
RT-014897,0,,unknown
RT-014898,0,,unknown
RT-014899,0,,unknown
RT-014900,0,,unknown
RT-014901,0,,unknown
RT-014902,0,,unknown
RT-014903,1,20.0,quality
RT-014904,0,,unknown
RT-014905,0,,unknown
RT-014906,0,,unknown
RT-014907,0,,unknown
RT-014908,0,,unknown
RT-014909,0,,unknown
RT-014910,0,,unknown
RT-014911,0,,unknown
RT-014912,0,,unknown
RT-014913,0,,unknown
RT-014914,0,,unknown
RT-014915,0,,unknown
RT-014916,0,,unknown
RT-014917,0,,unknown
RT-014918,0,,unknown
RT-014919,0,,unknown
RT-014920,0,,unknown
RT-014921,0,,unknown
RT-014922,0,,unknown
RT-014923,0,,unknown
RT-014924,0,,unknown
RT-014925,0,,unknown
RT-014926,0,,unknown
RT-014927,0,,unknown
RT-014928,0,,unknown
RT-014929,0,,unknown
RT-014930,0,,unknown
RT-014931,0,,unknown
RT-014932,0,,unknown
RT-014933,0,,unknown
RT-014934,0,,unknown
RT-014935,0,,unknown
RT-014936,0,,unknown
RT-014937,1,20.0,quality
RT-014938,0,,unknown
RT-014939,0,,unknown
RT-014940,0,,unknown
RT-014941,0,,unknown
RT-014942,1,19.0,unknown
RT-014943,0,,unknown
RT-014944,0,,unknown
RT-014945,1,24.0,price
RT-014946,0,,unknown
RT-014947,0,,unknown
RT-014948,0,,unknown
RT-014949,0,,unknown
RT-014950,0,,unknown
RT-014951,0,,unknown
RT-014952,0,,unknown
RT-014953,0,,unknown
RT-014954,0,,unknown
RT-014955,0,,unknown
RT-014956,0,,unknown
RT-014957,1,19.0,price
RT-014958,1,23.0,price
RT-014959,0,,unknown
RT-014960,0,,unknown
RT-014961,0,,unknown
RT-014962,1,19.0,price
RT-014963,0,,unknown
RT-014964,0,,unknown
RT-014965,0,,unknown
RT-014966,0,,unknown
RT-014967,0,,unknown
RT-014968,0,,unknown
RT-014969,0,,unknown
RT-014970,0,,unknown
RT-014971,0,,unknown
RT-014972,0,,unknown
RT-014973,0,,unknown
RT-014974,0,,unknown
RT-014975,0,,unknown
RT-014976,0,,unknown
RT-014977,0,,unknown
RT-014978,0,,unknown
RT-014979,0,,unknown
RT-014980,0,,unknown
RT-014981,0,,unknown
RT-014982,0,,unknown
RT-014983,0,,unknown
RT-014984,0,,unknown
RT-014985,0,,unknown
RT-014986,0,,unknown
RT-014987,0,,unknown
RT-014988,0,,unknown
RT-014989,1,19.0,quality
RT-014990,0,,unknown
RT-014991,0,,unknown
RT-014992,0,,unknown
RT-014993,0,,unknown
RT-014994,0,,unknown
RT-014995,0,,unknown
RT-014996,0,,unknown
RT-014997,0,,unknown
RT-014998,0,,unknown
RT-014999,0,,unknown
RT-015000,1,19.0,competitor
RT-015001,1,24.0,price
RT-015002,0,,unknown
RT-015003,0,,unknown
RT-015004,0,,unknown
RT-015005,0,,unknown
RT-015006,0,,unknown
RT-015007,0,,unknown
RT-015008,0,,unknown
RT-015009,0,,unknown
RT-015010,0,,unknown
RT-015011,0,,unknown
RT-015012,1,21.0,unknown
RT-015013,0,,unknown
RT-015014,0,,unknown
RT-015015,0,,unknown
RT-015016,0,,unknown
RT-015017,0,,unknown
RT-015018,0,,unknown
RT-015019,0,,unknown
RT-015020,0,,unknown
RT-015021,0,,unknown
RT-015022,1,19.0,competitor
RT-015023,0,,unknown
RT-015024,0,,unknown
RT-015025,0,,unknown
RT-015026,0,,unknown
RT-015027,0,,unknown
RT-015028,0,,unknown
RT-015029,0,,unknown
RT-015030,0,,unknown
RT-015031,0,,unknown
RT-015032,0,,unknown
RT-015033,0,,unknown
RT-015034,0,,unknown
RT-015035,0,,unknown
RT-015036,0,,unknown
RT-015037,0,,unknown
RT-015038,0,,unknown
RT-015039,0,,unknown
RT-015040,0,,unknown
RT-015041,0,,unknown
RT-015042,0,,unknown
RT-015043,0,,unknown
RT-015044,0,,unknown
RT-015045,0,,unknown
RT-015046,0,,unknown
RT-015047,0,,unknown
RT-015048,0,,unknown
RT-015049,0,,unknown
RT-015050,0,,unknown
RT-015051,0,,unknown
RT-015052,1,19.0,unknown
RT-015053,0,,unknown
RT-015054,1,24.0,tech_migration
RT-015055,0,,unknown
RT-015056,0,,unknown
RT-015057,0,,unknown
RT-015058,0,,unknown
RT-015059,0,,unknown
RT-015060,0,,unknown
RT-015061,0,,unknown
RT-015062,0,,unknown
RT-015063,0,,unknown
RT-015064,0,,unknown
RT-015065,0,,unknown
RT-015066,0,,unknown
RT-015067,0,,unknown
RT-015068,1,21.0,quality
RT-015069,0,,unknown
RT-015070,0,,unknown
RT-015071,0,,unknown
RT-015072,0,,unknown
RT-015073,0,,unknown
RT-015074,0,,unknown
RT-015075,0,,unknown
RT-015076,0,,unknown
RT-015077,0,,unknown
RT-015078,0,,unknown
RT-015079,0,,unknown
RT-015080,1,20.0,price
RT-015081,0,,unknown
RT-015082,0,,unknown
RT-015083,0,,unknown
RT-015084,0,,unknown
RT-015085,0,,unknown
RT-015086,0,,unknown
RT-015087,0,,unknown
RT-015088,1,23.0,tech_migration
RT-015089,0,,unknown
RT-015090,0,,unknown
RT-015091,0,,unknown
RT-015092,0,,unknown
RT-015093,1,24.0,competitor
RT-015094,0,,unknown
RT-015095,0,,unknown
RT-015096,1,24.0,tech_migration
RT-015097,0,,unknown
RT-015098,0,,unknown
RT-015099,0,,unknown
RT-015100,0,,unknown
RT-015101,0,,unknown
RT-015102,0,,unknown
RT-015103,0,,unknown
RT-015104,0,,unknown
RT-015105,0,,unknown
RT-015106,0,,unknown
RT-015107,0,,unknown
RT-015108,0,,unknown
RT-015109,0,,unknown
RT-015110,0,,unknown
RT-015111,0,,unknown
RT-015112,0,,unknown
RT-015113,0,,unknown
RT-015114,0,,unknown
RT-015115,0,,unknown
RT-015116,0,,unknown
RT-015117,0,,unknown
RT-015118,0,,unknown
RT-015119,0,,unknown
RT-015120,0,,unknown
RT-015121,0,,unknown
RT-015122,0,,unknown
RT-015123,0,,unknown
RT-015124,0,,unknown
RT-015125,0,,unknown
RT-015126,0,,unknown
RT-015127,0,,unknown
RT-015128,0,,unknown
RT-015129,0,,unknown
RT-015130,0,,unknown
RT-015131,0,,unknown
RT-015132,0,,unknown
RT-015133,0,,unknown
RT-015134,0,,unknown
RT-015135,0,,unknown
RT-015136,0,,unknown
RT-015137,0,,unknown
RT-015138,0,,unknown
RT-015139,0,,unknown
RT-015140,0,,unknown
RT-015141,0,,unknown
RT-015142,1,21.0,tech_migration
RT-015143,0,,unknown
RT-015144,0,,unknown
RT-015145,0,,unknown
RT-015146,0,,unknown
RT-015147,0,,unknown
RT-015148,0,,unknown
RT-015149,0,,unknown
RT-015150,0,,unknown
RT-015151,0,,unknown
RT-015152,0,,unknown
RT-015153,0,,unknown
RT-015154,0,,unknown
RT-015155,1,21.0,competitor
RT-015156,0,,unknown
RT-015157,0,,unknown
RT-015158,0,,unknown
RT-015159,0,,unknown
RT-015160,0,,unknown
RT-015161,0,,unknown
RT-015162,0,,unknown
RT-015163,0,,unknown
RT-015164,0,,unknown
RT-015165,0,,unknown
RT-015166,0,,unknown
RT-015167,0,,unknown
RT-015168,0,,unknown
RT-015169,0,,unknown
RT-015170,0,,unknown
RT-015171,0,,unknown
RT-015172,0,,unknown
RT-015173,0,,unknown
RT-015174,1,23.0,competitor
RT-015175,0,,unknown
RT-015176,0,,unknown
RT-015177,0,,unknown
RT-015178,0,,unknown
RT-015179,0,,unknown
RT-015180,0,,unknown
RT-015181,0,,unknown
RT-015182,0,,unknown
RT-015183,0,,unknown
RT-015184,1,24.0,tech_migration
RT-015185,0,,unknown
RT-015186,0,,unknown
RT-015187,0,,unknown
RT-015188,0,,unknown
RT-015189,0,,unknown
RT-015190,0,,unknown
RT-015191,0,,unknown
RT-015192,0,,unknown
RT-015193,1,24.0,price
RT-015194,0,,unknown
RT-015195,0,,unknown
RT-015196,0,,unknown
RT-015197,0,,unknown
RT-015198,0,,unknown
RT-015199,0,,unknown
RT-015200,0,,unknown
RT-015201,0,,unknown
RT-015202,0,,unknown
RT-015203,0,,unknown
RT-015204,0,,unknown
RT-015205,1,19.0,unknown
RT-015206,0,,unknown
RT-015207,0,,unknown
RT-015208,0,,unknown
RT-015209,1,20.0,competitor
RT-015210,0,,unknown
RT-015211,0,,unknown
RT-015212,0,,unknown
RT-015213,0,,unknown
RT-015214,0,,unknown
RT-015215,0,,unknown
RT-015216,0,,unknown
RT-015217,0,,unknown
RT-015218,0,,unknown
RT-015219,0,,unknown
RT-015220,0,,unknown
RT-015221,0,,unknown
RT-015222,1,19.0,tech_migration
RT-015223,0,,unknown
RT-015224,0,,unknown
RT-015225,0,,unknown
RT-015226,0,,unknown
RT-015227,0,,unknown
RT-015228,0,,unknown
RT-015229,0,,unknown
RT-015230,0,,unknown
RT-015231,0,,unknown
RT-015232,0,,unknown
RT-015233,0,,unknown
RT-015234,0,,unknown
RT-015235,0,,unknown
RT-015236,0,,unknown
RT-015237,0,,unknown
RT-015238,0,,unknown
RT-015239,0,,unknown
RT-015240,0,,unknown
RT-015241,0,,unknown
RT-015242,1,24.0,quality
RT-015243,0,,unknown
RT-015244,0,,unknown
RT-015245,0,,unknown
RT-015246,0,,unknown
RT-015247,0,,unknown
RT-015248,0,,unknown
RT-015249,0,,unknown
RT-015250,0,,unknown
RT-015251,0,,unknown
RT-015252,0,,unknown
RT-015253,0,,unknown
RT-015254,0,,unknown
RT-015255,0,,unknown
RT-015256,0,,unknown
RT-015257,0,,unknown
RT-015258,0,,unknown
RT-015259,0,,unknown
RT-015260,0,,unknown
RT-015261,0,,unknown
RT-015262,0,,unknown
RT-015263,0,,unknown
RT-015264,0,,unknown
RT-015265,0,,unknown
RT-015266,0,,unknown
RT-015267,0,,unknown
RT-015268,0,,unknown
RT-015269,0,,unknown
RT-015270,0,,unknown
RT-015271,0,,unknown
RT-015272,0,,unknown
RT-015273,0,,unknown
RT-015274,0,,unknown
RT-015275,0,,unknown
RT-015276,1,24.0,price
RT-015277,0,,unknown
RT-015278,0,,unknown
RT-015279,1,19.0,price
RT-015280,1,21.0,tech_migration
RT-015281,0,,unknown
RT-015282,0,,unknown
RT-015283,0,,unknown
RT-015284,0,,unknown
RT-015285,0,,unknown
RT-015286,0,,unknown
RT-015287,0,,unknown
RT-015288,0,,unknown
RT-015289,0,,unknown
RT-015290,0,,unknown
RT-015291,0,,unknown
RT-015292,0,,unknown
RT-015293,0,,unknown
RT-015294,0,,unknown
RT-015295,0,,unknown
RT-015296,0,,unknown
RT-015297,0,,unknown
RT-015298,0,,unknown
RT-015299,0,,unknown
RT-015300,0,,unknown
RT-015301,0,,unknown
RT-015302,0,,unknown
RT-015303,0,,unknown
RT-015304,1,24.0,quality
RT-015305,0,,unknown
RT-015306,0,,unknown
RT-015307,0,,unknown
RT-015308,0,,unknown
RT-015309,0,,unknown
RT-015310,1,19.0,unknown
RT-015311,0,,unknown
RT-015312,0,,unknown
RT-015313,0,,unknown
RT-015314,0,,unknown
RT-015315,0,,unknown
RT-015316,0,,unknown
RT-015317,0,,unknown
RT-015318,0,,unknown
RT-015319,0,,unknown
RT-015320,0,,unknown
RT-015321,0,,unknown
RT-015322,0,,unknown
RT-015323,0,,unknown
RT-015324,0,,unknown
RT-015325,0,,unknown
RT-015326,0,,unknown
RT-015327,1,20.0,quality
RT-015328,1,24.0,unknown
RT-015329,0,,unknown
RT-015330,0,,unknown
RT-015331,0,,unknown
RT-015332,0,,unknown
RT-015333,0,,unknown
RT-015334,1,23.0,tech_migration
RT-015335,0,,unknown
RT-015336,1,24.0,price
RT-015337,0,,unknown
RT-015338,0,,unknown
RT-015339,0,,unknown
RT-015340,0,,unknown
RT-015341,0,,unknown
RT-015342,0,,unknown
RT-015343,0,,unknown
RT-015344,0,,unknown
RT-015345,0,,unknown
RT-015346,0,,unknown
RT-015347,0,,unknown
RT-015348,0,,unknown
RT-015349,0,,unknown
RT-015350,0,,unknown
RT-015351,0,,unknown
RT-015352,0,,unknown
RT-015353,0,,unknown
RT-015354,1,24.0,price
RT-015355,0,,unknown
RT-015356,0,,unknown
RT-015357,0,,unknown
RT-015358,0,,unknown
RT-015359,0,,unknown
RT-015360,0,,unknown
RT-015361,0,,unknown
RT-015362,0,,unknown
RT-015363,0,,unknown
RT-015364,0,,unknown
RT-015365,0,,unknown
RT-015366,0,,unknown
RT-015367,0,,unknown
RT-015368,0,,unknown
RT-015369,0,,unknown
RT-015370,1,21.0,unknown
RT-015371,0,,unknown
RT-015372,0,,unknown
RT-015373,0,,unknown
RT-015374,0,,unknown
RT-015375,0,,unknown
RT-015376,0,,unknown
RT-015377,0,,unknown
RT-015378,0,,unknown
RT-015379,0,,unknown
RT-015380,0,,unknown
RT-015381,0,,unknown
RT-015382,0,,unknown
RT-015383,1,24.0,quality
RT-015384,0,,unknown
RT-015385,0,,unknown
RT-015386,0,,unknown
RT-015387,0,,unknown
RT-015388,0,,unknown
RT-015389,0,,unknown
RT-015390,0,,unknown
RT-015391,0,,unknown
RT-015392,0,,unknown
RT-015393,0,,unknown
RT-015394,0,,unknown
RT-015395,0,,unknown
RT-015396,0,,unknown
RT-015397,0,,unknown
RT-015398,0,,unknown
RT-015399,1,24.0,tech_migration
RT-015400,0,,unknown
RT-015401,1,22.0,competitor
RT-015402,0,,unknown
RT-015403,0,,unknown
RT-015404,0,,unknown
RT-015405,0,,unknown
RT-015406,0,,unknown
RT-015407,0,,unknown
RT-015408,0,,unknown
RT-015409,0,,unknown
RT-015410,0,,unknown
RT-015411,1,24.0,tech_migration
RT-015412,0,,unknown
RT-015413,0,,unknown
RT-015414,0,,unknown
RT-015415,0,,unknown
RT-015416,0,,unknown
RT-015417,0,,unknown
RT-015418,0,,unknown
RT-015419,0,,unknown
RT-015420,0,,unknown
RT-015421,0,,unknown
RT-015422,0,,unknown
RT-015423,0,,unknown
RT-015424,0,,unknown
RT-015425,0,,unknown
RT-015426,0,,unknown
RT-015427,0,,unknown
RT-015428,0,,unknown
RT-015429,0,,unknown
RT-015430,0,,unknown
RT-015431,0,,unknown
RT-015432,0,,unknown
RT-015433,0,,unknown
RT-015434,0,,unknown
RT-015435,0,,unknown
RT-015436,0,,unknown
RT-015437,0,,unknown
RT-015438,0,,unknown
RT-015439,0,,unknown
RT-015440,0,,unknown
RT-015441,1,20.0,price
RT-015442,0,,unknown
RT-015443,0,,unknown
RT-015444,0,,unknown
RT-015445,0,,unknown
RT-015446,0,,unknown
RT-015447,0,,unknown
RT-015448,0,,unknown
RT-015449,0,,unknown
RT-015450,0,,unknown
RT-015451,0,,unknown
RT-015452,0,,unknown
RT-015453,1,22.0,price
RT-015454,0,,unknown
RT-015455,0,,unknown
RT-015456,1,20.0,tech_migration
RT-015457,0,,unknown
RT-015458,0,,unknown
RT-015459,0,,unknown
RT-015460,0,,unknown
RT-015461,0,,unknown
RT-015462,0,,unknown
RT-015463,0,,unknown
RT-015464,1,20.0,competitor
RT-015465,0,,unknown
RT-015466,0,,unknown
RT-015467,0,,unknown
RT-015468,0,,unknown
RT-015469,0,,unknown
RT-015470,0,,unknown
RT-015471,0,,unknown
RT-015472,0,,unknown
RT-015473,0,,unknown
RT-015474,0,,unknown
RT-015475,0,,unknown
RT-015476,0,,unknown
RT-015477,0,,unknown
RT-015478,0,,unknown
RT-015479,1,24.0,unknown
RT-015480,0,,unknown
RT-015481,0,,unknown
RT-015482,0,,unknown
RT-015483,0,,unknown
RT-015484,0,,unknown
RT-015485,0,,unknown
RT-015486,0,,unknown
RT-015487,0,,unknown
RT-015488,0,,unknown
RT-015489,0,,unknown
RT-015490,0,,unknown
RT-015491,0,,unknown
RT-015492,0,,unknown
RT-015493,1,23.0,price
RT-015494,0,,unknown
RT-015495,0,,unknown
RT-015496,0,,unknown
RT-015497,0,,unknown
RT-015498,0,,unknown
RT-015499,0,,unknown
RT-015500,0,,unknown
RT-015501,0,,unknown
RT-015502,0,,unknown
RT-015503,0,,unknown
RT-015504,0,,unknown
RT-015505,0,,unknown
RT-015506,1,24.0,tech_migration
RT-015507,0,,unknown
RT-015508,0,,unknown
RT-015509,0,,unknown
RT-015510,0,,unknown
RT-015511,0,,unknown
RT-015512,0,,unknown
RT-015513,0,,unknown
RT-015514,0,,unknown
RT-015515,0,,unknown
RT-015516,0,,unknown
RT-015517,0,,unknown
RT-015518,0,,unknown
RT-015519,0,,unknown
RT-015520,0,,unknown
RT-015521,0,,unknown
RT-015522,0,,unknown
RT-015523,0,,unknown
RT-015524,0,,unknown
RT-015525,0,,unknown
RT-015526,0,,unknown
RT-015527,0,,unknown
RT-015528,0,,unknown
RT-015529,0,,unknown
RT-015530,0,,unknown
RT-015531,0,,unknown
RT-015532,0,,unknown
RT-015533,0,,unknown
RT-015534,1,20.0,tech_migration
RT-015535,1,22.0,price
RT-015536,0,,unknown
RT-015537,1,24.0,price
RT-015538,0,,unknown
RT-015539,0,,unknown
RT-015540,0,,unknown
RT-015541,0,,unknown
RT-015542,0,,unknown
RT-015543,0,,unknown
RT-015544,0,,unknown
RT-015545,0,,unknown
RT-015546,0,,unknown
RT-015547,0,,unknown
RT-015548,0,,unknown
RT-015549,0,,unknown
RT-015550,0,,unknown
RT-015551,0,,unknown
RT-015552,0,,unknown
RT-015553,0,,unknown
RT-015554,0,,unknown
RT-015555,0,,unknown
RT-015556,0,,unknown
RT-015557,0,,unknown
RT-015558,0,,unknown
RT-015559,0,,unknown
RT-015560,1,21.0,tech_migration
RT-015561,0,,unknown
RT-015562,0,,unknown
RT-015563,0,,unknown
RT-015564,0,,unknown
RT-015565,0,,unknown
RT-015566,0,,unknown
RT-015567,0,,unknown
RT-015568,0,,unknown
RT-015569,0,,unknown
RT-015570,0,,unknown
RT-015571,0,,unknown
RT-015572,1,19.0,tech_migration
RT-015573,0,,unknown
RT-015574,0,,unknown
RT-015575,0,,unknown
RT-015576,0,,unknown
RT-015577,0,,unknown
RT-015578,1,24.0,quality
RT-015579,0,,unknown
RT-015580,0,,unknown
RT-015581,0,,unknown
RT-015582,0,,unknown
RT-015583,0,,unknown
RT-015584,0,,unknown
RT-015585,0,,unknown
RT-015586,1,23.0,tech_migration
RT-015587,1,24.0,quality
RT-015588,0,,unknown
RT-015589,0,,unknown
RT-015590,0,,unknown
RT-015591,0,,unknown
RT-015592,0,,unknown
RT-015593,0,,unknown
RT-015594,0,,unknown
RT-015595,1,22.0,tech_migration
RT-015596,0,,unknown
RT-015597,0,,unknown
RT-015598,0,,unknown
RT-015599,0,,unknown
RT-015600,0,,unknown
RT-015601,0,,unknown
RT-015602,0,,unknown
RT-015603,0,,unknown
RT-015604,0,,unknown
RT-015605,0,,unknown
RT-015606,0,,unknown
RT-015607,0,,unknown
RT-015608,1,19.0,price
RT-015609,1,19.0,competitor
RT-015610,0,,unknown
RT-015611,0,,unknown
RT-015612,0,,unknown
RT-015613,0,,unknown
RT-015614,0,,unknown
RT-015615,0,,unknown
RT-015616,0,,unknown
RT-015617,0,,unknown
RT-015618,0,,unknown
RT-015619,0,,unknown
RT-015620,0,,unknown
RT-015621,0,,unknown
RT-015622,0,,unknown
RT-015623,0,,unknown
RT-015624,1,23.0,tech_migration
RT-015625,0,,unknown
RT-015626,0,,unknown
RT-015627,1,24.0,unknown
RT-015628,0,,unknown
RT-015629,0,,unknown
RT-015630,0,,unknown
RT-015631,0,,unknown
RT-015632,0,,unknown
RT-015633,0,,unknown
RT-015634,0,,unknown
RT-015635,0,,unknown
RT-015636,0,,unknown
RT-015637,0,,unknown
RT-015638,0,,unknown
RT-015639,0,,unknown
RT-015640,0,,unknown
RT-015641,0,,unknown
RT-015642,0,,unknown
RT-015643,0,,unknown
RT-015644,0,,unknown
RT-015645,0,,unknown
RT-015646,0,,unknown
RT-015647,0,,unknown
RT-015648,0,,unknown
RT-015649,0,,unknown
RT-015650,0,,unknown
RT-015651,0,,unknown
RT-015652,0,,unknown
RT-015653,0,,unknown
RT-015654,0,,unknown
RT-015655,1,19.0,quality
RT-015656,0,,unknown
RT-015657,0,,unknown
RT-015658,0,,unknown
RT-015659,0,,unknown
RT-015660,0,,unknown
RT-015661,0,,unknown
RT-015662,1,21.0,competitor
RT-015663,1,20.0,unknown
RT-015664,0,,unknown
RT-015665,0,,unknown
RT-015666,0,,unknown
RT-015667,0,,unknown
RT-015668,0,,unknown
RT-015669,0,,unknown
RT-015670,0,,unknown
RT-015671,0,,unknown
RT-015672,1,24.0,price
RT-015673,0,,unknown
RT-015674,0,,unknown
RT-015675,0,,unknown
RT-015676,0,,unknown
RT-015677,0,,unknown
RT-015678,0,,unknown
RT-015679,0,,unknown
RT-015680,0,,unknown
RT-015681,0,,unknown
RT-015682,0,,unknown
RT-015683,0,,unknown
RT-015684,0,,unknown
RT-015685,0,,unknown
RT-015686,0,,unknown
RT-015687,0,,unknown
RT-015688,0,,unknown
RT-015689,0,,unknown
RT-015690,1,24.0,tech_migration
RT-015691,0,,unknown
RT-015692,0,,unknown
RT-015693,0,,unknown
RT-015694,0,,unknown
RT-015695,1,24.0,unknown
RT-015696,0,,unknown
RT-015697,0,,unknown
RT-015698,0,,unknown
RT-015699,1,19.0,price
RT-015700,0,,unknown
RT-015701,0,,unknown
RT-015702,0,,unknown
RT-015703,0,,unknown
RT-015704,0,,unknown
RT-015705,0,,unknown
RT-015706,0,,unknown
RT-015707,0,,unknown
RT-015708,0,,unknown
RT-015709,0,,unknown
RT-015710,0,,unknown
RT-015711,1,21.0,tech_migration
RT-015712,0,,unknown
RT-015713,0,,unknown
RT-015714,1,24.0,tech_migration
RT-015715,0,,unknown
RT-015716,0,,unknown
RT-015717,0,,unknown
RT-015718,0,,unknown
RT-015719,0,,unknown
RT-015720,0,,unknown
RT-015721,0,,unknown
RT-015722,0,,unknown
RT-015723,1,21.0,competitor
RT-015724,0,,unknown
RT-015725,0,,unknown
RT-015726,0,,unknown
RT-015727,0,,unknown
RT-015728,0,,unknown
RT-015729,1,19.0,tech_migration
RT-015730,1,19.0,tech_migration
RT-015731,0,,unknown
RT-015732,0,,unknown
RT-015733,0,,unknown
RT-015734,0,,unknown
RT-015735,1,24.0,price
RT-015736,0,,unknown
RT-015737,0,,unknown
RT-015738,0,,unknown
RT-015739,0,,unknown
RT-015740,1,21.0,price
RT-015741,0,,unknown
RT-015742,0,,unknown
RT-015743,0,,unknown
RT-015744,0,,unknown
RT-015745,0,,unknown
RT-015746,0,,unknown
RT-015747,0,,unknown
RT-015748,0,,unknown
RT-015749,1,20.0,unknown
RT-015750,0,,unknown
RT-015751,0,,unknown
RT-015752,0,,unknown
RT-015753,0,,unknown
RT-015754,0,,unknown
RT-015755,0,,unknown
RT-015756,0,,unknown
RT-015757,0,,unknown
RT-015758,0,,unknown
RT-015759,0,,unknown
RT-015760,0,,unknown
RT-015761,0,,unknown
RT-015762,0,,unknown
RT-015763,0,,unknown
RT-015764,0,,unknown
RT-015765,0,,unknown
RT-015766,0,,unknown
RT-015767,0,,unknown
RT-015768,0,,unknown
RT-015769,0,,unknown
RT-015770,0,,unknown
RT-015771,0,,unknown
RT-015772,0,,unknown
RT-015773,0,,unknown
RT-015774,0,,unknown
RT-015775,0,,unknown
RT-015776,0,,unknown
RT-015777,0,,unknown
RT-015778,0,,unknown
RT-015779,0,,unknown
RT-015780,0,,unknown
RT-015781,0,,unknown
RT-015782,0,,unknown
RT-015783,0,,unknown
RT-015784,0,,unknown
RT-015785,0,,unknown
RT-015786,0,,unknown
RT-015787,0,,unknown
RT-015788,1,24.0,price
RT-015789,0,,unknown
RT-015790,0,,unknown
RT-015791,0,,unknown
RT-015792,1,21.0,unknown
RT-015793,0,,unknown
RT-015794,0,,unknown
RT-015795,0,,unknown
RT-015796,0,,unknown
RT-015797,0,,unknown
RT-015798,0,,unknown
RT-015799,0,,unknown
RT-015800,1,24.0,competitor
RT-015801,1,19.0,tech_migration
RT-015802,0,,unknown
RT-015803,1,19.0,quality
RT-015804,0,,unknown
RT-015805,0,,unknown
RT-015806,0,,unknown
RT-015807,0,,unknown
RT-015808,0,,unknown
RT-015809,0,,unknown
RT-015810,0,,unknown
RT-015811,0,,unknown
RT-015812,0,,unknown
RT-015813,0,,unknown
RT-015814,0,,unknown
RT-015815,0,,unknown
RT-015816,0,,unknown
RT-015817,0,,unknown
RT-015818,0,,unknown
RT-015819,0,,unknown
RT-015820,0,,unknown
RT-015821,0,,unknown
RT-015822,0,,unknown
RT-015823,0,,unknown
RT-015824,1,24.0,tech_migration
RT-015825,1,19.0,competitor
RT-015826,0,,unknown
RT-015827,0,,unknown
RT-015828,0,,unknown
RT-015829,0,,unknown
RT-015830,0,,unknown
RT-015831,0,,unknown
RT-015832,0,,unknown
RT-015833,0,,unknown
RT-015834,0,,unknown
RT-015835,0,,unknown
RT-015836,0,,unknown
RT-015837,0,,unknown
RT-015838,0,,unknown
RT-015839,0,,unknown
RT-015840,0,,unknown
RT-015841,1,22.0,competitor
RT-015842,0,,unknown
RT-015843,0,,unknown
RT-015844,0,,unknown
RT-015845,0,,unknown
RT-015846,0,,unknown
RT-015847,0,,unknown
RT-015848,0,,unknown
RT-015849,1,22.0,tech_migration
RT-015850,0,,unknown
RT-015851,0,,unknown
RT-015852,0,,unknown
RT-015853,0,,unknown
RT-015854,0,,unknown
RT-015855,0,,unknown
RT-015856,0,,unknown
RT-015857,1,24.0,unknown
RT-015858,0,,unknown
RT-015859,0,,unknown
RT-015860,1,24.0,tech_migration
RT-015861,0,,unknown
RT-015862,0,,unknown
RT-015863,0,,unknown
RT-015864,0,,unknown
RT-015865,0,,unknown
RT-015866,0,,unknown
RT-015867,0,,unknown
RT-015868,0,,unknown
RT-015869,0,,unknown
RT-015870,0,,unknown
RT-015871,0,,unknown
RT-015872,1,19.0,tech_migration
RT-015873,0,,unknown
RT-015874,0,,unknown
RT-015875,0,,unknown
RT-015876,0,,unknown
RT-015877,1,24.0,price
RT-015878,0,,unknown
RT-015879,0,,unknown
RT-015880,0,,unknown
RT-015881,0,,unknown
RT-015882,0,,unknown
RT-015883,0,,unknown
RT-015884,0,,unknown
RT-015885,0,,unknown
RT-015886,0,,unknown
RT-015887,1,22.0,tech_migration
RT-015888,0,,unknown
RT-015889,0,,unknown
RT-015890,0,,unknown
RT-015891,0,,unknown
RT-015892,0,,unknown
RT-015893,0,,unknown
RT-015894,1,24.0,price
RT-015895,0,,unknown
RT-015896,0,,unknown
RT-015897,1,24.0,competitor
RT-015898,0,,unknown
RT-015899,1,20.0,competitor
RT-015900,0,,unknown
RT-015901,0,,unknown
RT-015902,0,,unknown
RT-015903,0,,unknown
RT-015904,0,,unknown
RT-015905,1,21.0,quality
RT-015906,0,,unknown
RT-015907,0,,unknown
RT-015908,0,,unknown
RT-015909,0,,unknown
RT-015910,1,22.0,unknown
RT-015911,0,,unknown
RT-015912,0,,unknown
RT-015913,0,,unknown
RT-015914,0,,unknown
RT-015915,0,,unknown
RT-015916,0,,unknown
RT-015917,0,,unknown
RT-015918,0,,unknown
RT-015919,0,,unknown
RT-015920,0,,unknown
RT-015921,0,,unknown
RT-015922,0,,unknown
RT-015923,0,,unknown
RT-015924,0,,unknown
RT-015925,1,20.0,tech_migration
RT-015926,1,19.0,unknown
RT-015927,0,,unknown
RT-015928,0,,unknown
RT-015929,0,,unknown
RT-015930,0,,unknown
RT-015931,0,,unknown
RT-015932,0,,unknown
RT-015933,0,,unknown
RT-015934,0,,unknown
RT-015935,0,,unknown
RT-015936,0,,unknown
RT-015937,0,,unknown
RT-015938,0,,unknown
RT-015939,0,,unknown
RT-015940,0,,unknown
RT-015941,0,,unknown
RT-015942,0,,unknown
RT-015943,0,,unknown
RT-015944,0,,unknown
RT-015945,0,,unknown
RT-015946,1,21.0,unknown
RT-015947,0,,unknown
RT-015948,0,,unknown
RT-015949,0,,unknown
RT-015950,0,,unknown
RT-015951,0,,unknown
RT-015952,0,,unknown
RT-015953,0,,unknown
RT-015954,0,,unknown
RT-015955,0,,unknown
RT-015956,0,,unknown
RT-015957,0,,unknown
RT-015958,0,,unknown
RT-015959,1,22.0,quality
RT-015960,1,22.0,price
RT-015961,0,,unknown
RT-015962,0,,unknown
RT-015963,0,,unknown
RT-015964,0,,unknown
RT-015965,0,,unknown
RT-015966,1,20.0,quality
RT-015967,1,22.0,quality
RT-015968,0,,unknown
RT-015969,0,,unknown
RT-015970,1,22.0,tech_migration
RT-015971,0,,unknown
RT-015972,0,,unknown
RT-015973,0,,unknown
RT-015974,0,,unknown
RT-015975,0,,unknown
RT-015976,0,,unknown
RT-015977,0,,unknown
RT-015978,0,,unknown
RT-015979,0,,unknown
RT-015980,0,,unknown
RT-015981,0,,unknown
RT-015982,0,,unknown
RT-015983,1,24.0,unknown
RT-015984,0,,unknown
RT-015985,0,,unknown
RT-015986,0,,unknown
RT-015987,0,,unknown
RT-015988,0,,unknown
RT-015989,0,,unknown
RT-015990,0,,unknown
RT-015991,0,,unknown
RT-015992,0,,unknown
RT-015993,0,,unknown
RT-015994,0,,unknown
RT-015995,0,,unknown
RT-015996,0,,unknown
RT-015997,0,,unknown
RT-015998,0,,unknown
RT-015999,0,,unknown
RT-016000,1,21.0,quality
RT-016001,0,,unknown
RT-016002,1,19.0,unknown
RT-016003,1,19.0,price
RT-016004,0,,unknown
RT-016005,0,,unknown
RT-016006,0,,unknown
RT-016007,0,,unknown
RT-016008,0,,unknown
RT-016009,0,,unknown
RT-016010,0,,unknown
RT-016011,0,,unknown
RT-016012,0,,unknown
RT-016013,0,,unknown
RT-016014,0,,unknown
RT-016015,0,,unknown
RT-016016,0,,unknown
RT-016017,0,,unknown
RT-016018,0,,unknown
RT-016019,0,,unknown
RT-016020,0,,unknown
RT-016021,0,,unknown
RT-016022,0,,unknown
RT-016023,0,,unknown
RT-016024,0,,unknown
RT-016025,0,,unknown
RT-016026,0,,unknown
RT-016027,0,,unknown
RT-016028,0,,unknown
RT-016029,0,,unknown
RT-016030,0,,unknown
RT-016031,0,,unknown
RT-016032,0,,unknown
RT-016033,0,,unknown
RT-016034,0,,unknown
RT-016035,0,,unknown
RT-016036,0,,unknown
RT-016037,0,,unknown
RT-016038,0,,unknown
RT-016039,0,,unknown
RT-016040,0,,unknown
RT-016041,0,,unknown
RT-016042,0,,unknown
RT-016043,0,,unknown
RT-016044,0,,unknown
RT-016045,0,,unknown
RT-016046,0,,unknown
RT-016047,0,,unknown
RT-016048,0,,unknown
RT-016049,0,,unknown
RT-016050,0,,unknown
RT-016051,0,,unknown
RT-016052,0,,unknown
RT-016053,0,,unknown
RT-016054,0,,unknown
RT-016055,0,,unknown
RT-016056,0,,unknown
RT-016057,0,,unknown
RT-016058,0,,unknown
RT-016059,0,,unknown
RT-016060,0,,unknown
RT-016061,0,,unknown
RT-016062,0,,unknown
RT-016063,0,,unknown
RT-016064,0,,unknown
RT-016065,0,,unknown
RT-016066,0,,unknown
RT-016067,0,,unknown
RT-016068,0,,unknown
RT-016069,1,21.0,quality
RT-016070,0,,unknown
RT-016071,0,,unknown
RT-016072,0,,unknown
RT-016073,0,,unknown
RT-016074,0,,unknown
RT-016075,0,,unknown
RT-016076,0,,unknown
RT-016077,0,,unknown
RT-016078,0,,unknown
RT-016079,0,,unknown
RT-016080,0,,unknown
RT-016081,0,,unknown
RT-016082,0,,unknown
RT-016083,0,,unknown
RT-016084,0,,unknown
RT-016085,0,,unknown
RT-016086,0,,unknown
RT-016087,1,20.0,price
RT-016088,0,,unknown
RT-016089,0,,unknown
RT-016090,0,,unknown
RT-016091,0,,unknown
RT-016092,0,,unknown
RT-016093,0,,unknown
RT-016094,0,,unknown
RT-016095,0,,unknown
RT-016096,0,,unknown
RT-016097,0,,unknown
RT-016098,0,,unknown
RT-016099,0,,unknown
RT-016100,0,,unknown
RT-016101,0,,unknown
RT-016102,0,,unknown
RT-016103,0,,unknown
RT-016104,0,,unknown
RT-016105,0,,unknown
RT-016106,0,,unknown
RT-016107,0,,unknown
RT-016108,0,,unknown
RT-016109,0,,unknown
RT-016110,0,,unknown
RT-016111,0,,unknown
RT-016112,0,,unknown
RT-016113,0,,unknown
RT-016114,0,,unknown
RT-016115,0,,unknown
RT-016116,0,,unknown
RT-016117,0,,unknown
RT-016118,0,,unknown
RT-016119,1,24.0,tech_migration
RT-016120,0,,unknown
RT-016121,0,,unknown
RT-016122,0,,unknown
RT-016123,1,20.0,unknown
RT-016124,0,,unknown
RT-016125,0,,unknown
RT-016126,0,,unknown
RT-016127,1,19.0,competitor
RT-016128,0,,unknown
RT-016129,0,,unknown
RT-016130,0,,unknown
RT-016131,0,,unknown
RT-016132,0,,unknown
RT-016133,0,,unknown
RT-016134,0,,unknown
RT-016135,0,,unknown
RT-016136,0,,unknown
RT-016137,0,,unknown
RT-016138,0,,unknown
RT-016139,0,,unknown
RT-016140,1,24.0,tech_migration
RT-016141,0,,unknown
RT-016142,1,24.0,unknown
RT-016143,0,,unknown
RT-016144,0,,unknown
RT-016145,0,,unknown
RT-016146,0,,unknown
RT-016147,0,,unknown
RT-016148,1,21.0,price
RT-016149,0,,unknown
RT-016150,0,,unknown
RT-016151,1,21.0,competitor
RT-016152,0,,unknown
RT-016153,1,20.0,quality
RT-016154,0,,unknown
RT-016155,0,,unknown
RT-016156,0,,unknown
RT-016157,0,,unknown
RT-016158,0,,unknown
RT-016159,0,,unknown
RT-016160,0,,unknown
RT-016161,0,,unknown
RT-016162,0,,unknown
RT-016163,0,,unknown
RT-016164,0,,unknown
RT-016165,0,,unknown
RT-016166,0,,unknown
RT-016167,0,,unknown
RT-016168,0,,unknown
RT-016169,0,,unknown
RT-016170,0,,unknown
RT-016171,0,,unknown
RT-016172,0,,unknown
RT-016173,0,,unknown
RT-016174,0,,unknown
RT-016175,0,,unknown
RT-016176,0,,unknown
RT-016177,0,,unknown
RT-016178,1,24.0,competitor
RT-016179,0,,unknown
RT-016180,0,,unknown
RT-016181,0,,unknown
RT-016182,0,,unknown
RT-016183,0,,unknown
RT-016184,0,,unknown
RT-016185,0,,unknown
RT-016186,0,,unknown
RT-016187,0,,unknown
RT-016188,0,,unknown
RT-016189,0,,unknown
RT-016190,0,,unknown
RT-016191,0,,unknown
RT-016192,0,,unknown
RT-016193,1,24.0,tech_migration
RT-016194,0,,unknown
RT-016195,0,,unknown
RT-016196,0,,unknown
RT-016197,0,,unknown
RT-016198,0,,unknown
RT-016199,0,,unknown
RT-016200,0,,unknown
RT-016201,0,,unknown
RT-016202,0,,unknown
RT-016203,0,,unknown
RT-016204,0,,unknown
RT-016205,0,,unknown
RT-016206,0,,unknown
RT-016207,0,,unknown
RT-016208,1,24.0,quality
RT-016209,0,,unknown
RT-016210,0,,unknown
RT-016211,0,,unknown
RT-016212,0,,unknown
RT-016213,0,,unknown
RT-016214,0,,unknown
RT-016215,0,,unknown
RT-016216,0,,unknown
RT-016217,0,,unknown
RT-016218,0,,unknown
RT-016219,0,,unknown
RT-016220,0,,unknown
RT-016221,0,,unknown
RT-016222,0,,unknown
RT-016223,0,,unknown
RT-016224,0,,unknown
RT-016225,1,20.0,quality
RT-016226,0,,unknown
RT-016227,0,,unknown
RT-016228,0,,unknown
RT-016229,1,24.0,quality
RT-016230,0,,unknown
RT-016231,0,,unknown
RT-016232,0,,unknown
RT-016233,0,,unknown
RT-016234,0,,unknown
RT-016235,0,,unknown
RT-016236,0,,unknown
RT-016237,0,,unknown
RT-016238,0,,unknown
RT-016239,0,,unknown
RT-016240,0,,unknown
RT-016241,0,,unknown
RT-016242,0,,unknown
RT-016243,1,24.0,competitor
RT-016244,1,24.0,price
RT-016245,0,,unknown
RT-016246,0,,unknown
RT-016247,0,,unknown
RT-016248,0,,unknown
RT-016249,0,,unknown
RT-016250,0,,unknown
RT-016251,0,,unknown
RT-016252,0,,unknown
RT-016253,0,,unknown
RT-016254,0,,unknown
RT-016255,0,,unknown
RT-016256,0,,unknown
RT-016257,0,,unknown
RT-016258,0,,unknown
RT-016259,0,,unknown
RT-016260,0,,unknown
RT-016261,0,,unknown
RT-016262,0,,unknown
RT-016263,0,,unknown
RT-016264,1,21.0,unknown
RT-016265,1,19.0,tech_migration
RT-016266,0,,unknown
RT-016267,0,,unknown
RT-016268,0,,unknown
RT-016269,0,,unknown
RT-016270,0,,unknown
RT-016271,1,19.0,tech_migration
RT-016272,1,22.0,tech_migration
RT-016273,0,,unknown
RT-016274,0,,unknown
RT-016275,0,,unknown
RT-016276,0,,unknown
RT-016277,0,,unknown
RT-016278,0,,unknown
RT-016279,0,,unknown
RT-016280,0,,unknown
RT-016281,0,,unknown
RT-016282,0,,unknown
RT-016283,0,,unknown
RT-016284,0,,unknown
RT-016285,1,24.0,price
RT-016286,1,24.0,price
RT-016287,0,,unknown
RT-016288,0,,unknown
RT-016289,0,,unknown
RT-016290,0,,unknown
RT-016291,0,,unknown
RT-016292,0,,unknown
RT-016293,0,,unknown
RT-016294,0,,unknown
RT-016295,0,,unknown
RT-016296,0,,unknown
RT-016297,0,,unknown
RT-016298,0,,unknown
RT-016299,0,,unknown
RT-016300,0,,unknown
RT-016301,1,23.0,unknown
RT-016302,0,,unknown
RT-016303,0,,unknown
RT-016304,0,,unknown
RT-016305,0,,unknown
RT-016306,0,,unknown
RT-016307,0,,unknown
RT-016308,0,,unknown
RT-016309,1,20.0,tech_migration
RT-016310,1,21.0,tech_migration
RT-016311,0,,unknown
RT-016312,0,,unknown
RT-016313,1,24.0,price
RT-016314,0,,unknown
RT-016315,0,,unknown
RT-016316,0,,unknown
RT-016317,0,,unknown
RT-016318,0,,unknown
RT-016319,0,,unknown
RT-016320,0,,unknown
RT-016321,0,,unknown
RT-016322,0,,unknown
RT-016323,0,,unknown
RT-016324,0,,unknown
RT-016325,0,,unknown
RT-016326,0,,unknown
RT-016327,0,,unknown
RT-016328,0,,unknown
RT-016329,0,,unknown
RT-016330,0,,unknown
RT-016331,0,,unknown
RT-016332,0,,unknown
RT-016333,0,,unknown
RT-016334,0,,unknown
RT-016335,0,,unknown
RT-016336,1,22.0,unknown
RT-016337,0,,unknown
RT-016338,0,,unknown
RT-016339,0,,unknown
RT-016340,0,,unknown
RT-016341,0,,unknown
RT-016342,0,,unknown
RT-016343,1,24.0,competitor
RT-016344,0,,unknown
RT-016345,0,,unknown
RT-016346,0,,unknown
RT-016347,1,24.0,unknown
RT-016348,0,,unknown
RT-016349,0,,unknown
RT-016350,0,,unknown
RT-016351,0,,unknown
RT-016352,1,24.0,unknown
RT-016353,0,,unknown
RT-016354,0,,unknown
RT-016355,0,,unknown
RT-016356,0,,unknown
RT-016357,0,,unknown
RT-016358,0,,unknown
RT-016359,0,,unknown
RT-016360,0,,unknown
RT-016361,0,,unknown
RT-016362,0,,unknown
RT-016363,0,,unknown
RT-016364,0,,unknown
RT-016365,0,,unknown
RT-016366,0,,unknown
RT-016367,0,,unknown
RT-016368,0,,unknown
RT-016369,0,,unknown
RT-016370,0,,unknown
RT-016371,0,,unknown
RT-016372,0,,unknown
RT-016373,0,,unknown
RT-016374,1,21.0,competitor
RT-016375,0,,unknown
RT-016376,0,,unknown
RT-016377,0,,unknown
RT-016378,0,,unknown
RT-016379,0,,unknown
RT-016380,0,,unknown
RT-016381,1,19.0,tech_migration
RT-016382,0,,unknown
RT-016383,0,,unknown
RT-016384,1,23.0,price
RT-016385,0,,unknown
RT-016386,1,21.0,price
RT-016387,1,22.0,quality
RT-016388,0,,unknown
RT-016389,0,,unknown
RT-016390,0,,unknown
RT-016391,0,,unknown
RT-016392,1,19.0,price
RT-016393,0,,unknown
RT-016394,0,,unknown
RT-016395,0,,unknown
RT-016396,0,,unknown
RT-016397,0,,unknown
RT-016398,0,,unknown
RT-016399,0,,unknown
RT-016400,1,23.0,tech_migration
RT-016401,0,,unknown
RT-016402,0,,unknown
RT-016403,0,,unknown
RT-016404,0,,unknown
RT-016405,0,,unknown
RT-016406,0,,unknown
RT-016407,0,,unknown
RT-016408,0,,unknown
RT-016409,0,,unknown
RT-016410,0,,unknown
RT-016411,0,,unknown
RT-016412,0,,unknown
RT-016413,0,,unknown
RT-016414,1,23.0,tech_migration
RT-016415,0,,unknown
RT-016416,0,,unknown
RT-016417,0,,unknown
RT-016418,0,,unknown
RT-016419,1,23.0,quality
RT-016420,0,,unknown
RT-016421,1,20.0,tech_migration
RT-016422,0,,unknown
RT-016423,1,21.0,tech_migration
RT-016424,0,,unknown
RT-016425,0,,unknown
RT-016426,0,,unknown
RT-016427,0,,unknown
RT-016428,0,,unknown
RT-016429,0,,unknown
RT-016430,0,,unknown
RT-016431,0,,unknown
RT-016432,1,24.0,competitor
RT-016433,0,,unknown
RT-016434,0,,unknown
RT-016435,0,,unknown
RT-016436,0,,unknown
RT-016437,0,,unknown
RT-016438,0,,unknown
RT-016439,0,,unknown
RT-016440,0,,unknown
RT-016441,0,,unknown
RT-016442,1,23.0,quality
RT-016443,0,,unknown
RT-016444,0,,unknown
RT-016445,0,,unknown
RT-016446,0,,unknown
RT-016447,0,,unknown
RT-016448,0,,unknown
RT-016449,0,,unknown
RT-016450,0,,unknown
RT-016451,0,,unknown
RT-016452,1,20.0,tech_migration
RT-016453,0,,unknown
RT-016454,0,,unknown
RT-016455,0,,unknown
RT-016456,1,19.0,quality
RT-016457,0,,unknown
RT-016458,0,,unknown
RT-016459,1,20.0,unknown
RT-016460,0,,unknown
RT-016461,1,23.0,competitor
RT-016462,0,,unknown
RT-016463,0,,unknown
RT-016464,0,,unknown
RT-016465,0,,unknown
RT-016466,0,,unknown
RT-016467,0,,unknown
RT-016468,0,,unknown
RT-016469,0,,unknown
RT-016470,0,,unknown
RT-016471,0,,unknown
RT-016472,0,,unknown
RT-016473,0,,unknown
RT-016474,0,,unknown
RT-016475,0,,unknown
RT-016476,0,,unknown
RT-016477,0,,unknown
RT-016478,1,24.0,price
RT-016479,0,,unknown
RT-016480,0,,unknown
RT-016481,0,,unknown
RT-016482,1,24.0,unknown
RT-016483,0,,unknown
RT-016484,0,,unknown
RT-016485,1,24.0,tech_migration
RT-016486,0,,unknown
RT-016487,0,,unknown
RT-016488,0,,unknown
RT-016489,0,,unknown
RT-016490,0,,unknown
RT-016491,0,,unknown
RT-016492,0,,unknown
RT-016493,0,,unknown
RT-016494,0,,unknown
RT-016495,0,,unknown
RT-016496,1,22.0,competitor
RT-016497,0,,unknown
RT-016498,0,,unknown
RT-016499,0,,unknown
RT-016500,0,,unknown
RT-016501,0,,unknown
RT-016502,0,,unknown
RT-016503,0,,unknown
RT-016504,0,,unknown
RT-016505,0,,unknown
RT-016506,0,,unknown
RT-016507,0,,unknown
RT-016508,0,,unknown
RT-016509,0,,unknown
RT-016510,0,,unknown
RT-016511,0,,unknown
RT-016512,0,,unknown
RT-016513,0,,unknown
RT-016514,1,20.0,tech_migration
RT-016515,0,,unknown
RT-016516,0,,unknown
RT-016517,0,,unknown
RT-016518,0,,unknown
RT-016519,0,,unknown
RT-016520,0,,unknown
RT-016521,0,,unknown
RT-016522,0,,unknown
RT-016523,0,,unknown
RT-016524,0,,unknown
RT-016525,0,,unknown
RT-016526,1,24.0,unknown
RT-016527,0,,unknown
RT-016528,0,,unknown
RT-016529,0,,unknown
RT-016530,0,,unknown
RT-016531,0,,unknown
RT-016532,0,,unknown
RT-016533,0,,unknown
RT-016534,0,,unknown
RT-016535,0,,unknown
RT-016536,0,,unknown
RT-016537,0,,unknown
RT-016538,0,,unknown
RT-016539,0,,unknown
RT-016540,0,,unknown
RT-016541,0,,unknown
RT-016542,0,,unknown
RT-016543,0,,unknown
RT-016544,0,,unknown
RT-016545,0,,unknown
RT-016546,0,,unknown
RT-016547,0,,unknown
RT-016548,0,,unknown
RT-016549,0,,unknown
RT-016550,0,,unknown
RT-016551,0,,unknown
RT-016552,0,,unknown
RT-016553,1,22.0,tech_migration
RT-016554,0,,unknown
RT-016555,0,,unknown
RT-016556,0,,unknown
RT-016557,0,,unknown
RT-016558,0,,unknown
RT-016559,0,,unknown
RT-016560,0,,unknown
RT-016561,0,,unknown
RT-016562,1,23.0,price
RT-016563,0,,unknown
RT-016564,0,,unknown
RT-016565,1,24.0,tech_migration
RT-016566,0,,unknown
RT-016567,0,,unknown
RT-016568,0,,unknown
RT-016569,0,,unknown
RT-016570,0,,unknown
RT-016571,0,,unknown
RT-016572,0,,unknown
RT-016573,0,,unknown
RT-016574,0,,unknown
RT-016575,0,,unknown
RT-016576,0,,unknown
RT-016577,0,,unknown
RT-016578,0,,unknown
RT-016579,0,,unknown
RT-016580,0,,unknown
RT-016581,0,,unknown
RT-016582,0,,unknown
RT-016583,0,,unknown
RT-016584,0,,unknown
RT-016585,0,,unknown
RT-016586,0,,unknown
RT-016587,0,,unknown
RT-016588,0,,unknown
RT-016589,0,,unknown
RT-016590,0,,unknown
RT-016591,0,,unknown
RT-016592,0,,unknown
RT-016593,0,,unknown
RT-016594,0,,unknown
RT-016595,0,,unknown
RT-016596,0,,unknown
RT-016597,0,,unknown
RT-016598,0,,unknown
RT-016599,0,,unknown
RT-016600,0,,unknown
RT-016601,0,,unknown
RT-016602,0,,unknown
RT-016603,0,,unknown
RT-016604,0,,unknown
RT-016605,0,,unknown
RT-016606,0,,unknown
RT-016607,0,,unknown
RT-016608,1,24.0,quality
RT-016609,0,,unknown
RT-016610,0,,unknown
RT-016611,0,,unknown
RT-016612,0,,unknown
RT-016613,0,,unknown
RT-016614,0,,unknown
RT-016615,0,,unknown
RT-016616,0,,unknown
RT-016617,0,,unknown
RT-016618,0,,unknown
RT-016619,0,,unknown
RT-016620,1,21.0,tech_migration
RT-016621,0,,unknown
RT-016622,0,,unknown
RT-016623,0,,unknown
RT-016624,0,,unknown
RT-016625,0,,unknown
RT-016626,0,,unknown
RT-016627,0,,unknown
RT-016628,0,,unknown
RT-016629,0,,unknown
RT-016630,0,,unknown
RT-016631,0,,unknown
RT-016632,0,,unknown
RT-016633,0,,unknown
RT-016634,0,,unknown
RT-016635,0,,unknown
RT-016636,0,,unknown
RT-016637,0,,unknown
RT-016638,0,,unknown
RT-016639,0,,unknown
RT-016640,0,,unknown
RT-016641,0,,unknown
RT-016642,0,,unknown
RT-016643,0,,unknown
RT-016644,0,,unknown
RT-016645,0,,unknown
RT-016646,0,,unknown
RT-016647,1,20.0,price
RT-016648,0,,unknown
RT-016649,0,,unknown
RT-016650,0,,unknown
RT-016651,0,,unknown
RT-016652,0,,unknown
RT-016653,1,24.0,quality
RT-016654,0,,unknown
RT-016655,0,,unknown
RT-016656,1,24.0,price
RT-016657,0,,unknown
RT-016658,0,,unknown
RT-016659,0,,unknown
RT-016660,0,,unknown
RT-016661,0,,unknown
RT-016662,0,,unknown
RT-016663,0,,unknown
RT-016664,0,,unknown
RT-016665,0,,unknown
RT-016666,0,,unknown
RT-016667,0,,unknown
RT-016668,0,,unknown
RT-016669,0,,unknown
RT-016670,0,,unknown
RT-016671,0,,unknown
RT-016672,0,,unknown
RT-016673,0,,unknown
RT-016674,0,,unknown
RT-016675,0,,unknown
RT-016676,0,,unknown
RT-016677,0,,unknown
RT-016678,0,,unknown
RT-016679,0,,unknown
RT-016680,0,,unknown
RT-016681,0,,unknown
RT-016682,0,,unknown
RT-016683,0,,unknown
RT-016684,0,,unknown
RT-016685,0,,unknown
RT-016686,0,,unknown
RT-016687,0,,unknown
RT-016688,0,,unknown
RT-016689,0,,unknown
RT-016690,0,,unknown
RT-016691,0,,unknown
RT-016692,0,,unknown
RT-016693,0,,unknown
RT-016694,0,,unknown
RT-016695,0,,unknown
RT-016696,0,,unknown
RT-016697,0,,unknown
RT-016698,0,,unknown
RT-016699,0,,unknown
RT-016700,1,24.0,tech_migration
RT-016701,0,,unknown
RT-016702,0,,unknown
RT-016703,0,,unknown
RT-016704,0,,unknown
RT-016705,0,,unknown
RT-016706,0,,unknown
RT-016707,0,,unknown
RT-016708,0,,unknown
RT-016709,0,,unknown
RT-016710,0,,unknown
RT-016711,1,24.0,unknown
RT-016712,0,,unknown
RT-016713,0,,unknown
RT-016714,0,,unknown
RT-016715,0,,unknown
RT-016716,0,,unknown
RT-016717,0,,unknown
RT-016718,0,,unknown
RT-016719,0,,unknown
RT-016720,0,,unknown
RT-016721,0,,unknown
RT-016722,0,,unknown
RT-016723,0,,unknown
RT-016724,0,,unknown
RT-016725,1,24.0,unknown
RT-016726,0,,unknown
RT-016727,0,,unknown
RT-016728,1,20.0,price
RT-016729,0,,unknown
RT-016730,0,,unknown
RT-016731,0,,unknown
RT-016732,0,,unknown
RT-016733,0,,unknown
RT-016734,1,23.0,unknown
RT-016735,0,,unknown
RT-016736,1,20.0,tech_migration
RT-016737,1,19.0,tech_migration
RT-016738,0,,unknown
RT-016739,1,24.0,unknown
RT-016740,0,,unknown
RT-016741,0,,unknown
RT-016742,1,24.0,tech_migration
RT-016743,0,,unknown
RT-016744,0,,unknown
RT-016745,0,,unknown
RT-016746,0,,unknown
RT-016747,0,,unknown
RT-016748,0,,unknown
RT-016749,0,,unknown
RT-016750,1,23.0,tech_migration
RT-016751,0,,unknown
RT-016752,0,,unknown
RT-016753,0,,unknown
RT-016754,0,,unknown
RT-016755,1,23.0,tech_migration
RT-016756,0,,unknown
RT-016757,1,21.0,unknown
RT-016758,0,,unknown
RT-016759,0,,unknown
RT-016760,0,,unknown
RT-016761,0,,unknown
RT-016762,1,21.0,unknown
RT-016763,0,,unknown
RT-016764,0,,unknown
RT-016765,1,24.0,tech_migration
RT-016766,0,,unknown
RT-016767,0,,unknown
RT-016768,0,,unknown
RT-016769,0,,unknown
RT-016770,1,19.0,quality
RT-016771,1,21.0,tech_migration
RT-016772,1,23.0,tech_migration
RT-016773,0,,unknown
RT-016774,0,,unknown
RT-016775,0,,unknown
RT-016776,1,23.0,price
RT-016777,0,,unknown
RT-016778,0,,unknown
RT-016779,0,,unknown
RT-016780,0,,unknown
RT-016781,0,,unknown
RT-016782,0,,unknown
RT-016783,1,20.0,competitor
RT-016784,0,,unknown
RT-016785,0,,unknown
RT-016786,0,,unknown
RT-016787,0,,unknown
RT-016788,0,,unknown
RT-016789,0,,unknown
RT-016790,0,,unknown
RT-016791,0,,unknown
RT-016792,0,,unknown
RT-016793,0,,unknown
RT-016794,1,24.0,quality
RT-016795,0,,unknown
RT-016796,1,24.0,tech_migration
RT-016797,0,,unknown
RT-016798,0,,unknown
RT-016799,0,,unknown
RT-016800,0,,unknown
RT-016801,0,,unknown
RT-016802,0,,unknown
RT-016803,0,,unknown
RT-016804,1,24.0,tech_migration
RT-016805,0,,unknown
RT-016806,0,,unknown
RT-016807,0,,unknown
RT-016808,0,,unknown
RT-016809,0,,unknown
RT-016810,1,24.0,competitor
RT-016811,1,22.0,tech_migration
RT-016812,0,,unknown
RT-016813,0,,unknown
RT-016814,0,,unknown
RT-016815,0,,unknown
RT-016816,0,,unknown
RT-016817,0,,unknown
RT-016818,0,,unknown
RT-016819,0,,unknown
RT-016820,0,,unknown
RT-016821,0,,unknown
RT-016822,0,,unknown
RT-016823,0,,unknown
RT-016824,0,,unknown
RT-016825,0,,unknown
RT-016826,0,,unknown
RT-016827,0,,unknown
RT-016828,0,,unknown
RT-016829,0,,unknown
RT-016830,0,,unknown
RT-016831,0,,unknown
RT-016832,0,,unknown
RT-016833,0,,unknown
RT-016834,0,,unknown
RT-016835,0,,unknown
RT-016836,0,,unknown
RT-016837,0,,unknown
RT-016838,0,,unknown
RT-016839,0,,unknown
RT-016840,0,,unknown
RT-016841,0,,unknown
RT-016842,0,,unknown
RT-016843,0,,unknown
RT-016844,0,,unknown
RT-016845,0,,unknown
RT-016846,0,,unknown
RT-016847,0,,unknown
RT-016848,0,,unknown
RT-016849,0,,unknown
RT-016850,0,,unknown
RT-016851,0,,unknown
RT-016852,0,,unknown
RT-016853,0,,unknown
RT-016854,0,,unknown
RT-016855,0,,unknown
RT-016856,0,,unknown
RT-016857,0,,unknown
RT-016858,0,,unknown
RT-016859,0,,unknown
RT-016860,0,,unknown
RT-016861,0,,unknown
RT-016862,0,,unknown
RT-016863,0,,unknown
RT-016864,0,,unknown
RT-016865,1,22.0,unknown
RT-016866,0,,unknown
RT-016867,0,,unknown
RT-016868,0,,unknown
RT-016869,0,,unknown
RT-016870,0,,unknown
RT-016871,0,,unknown
RT-016872,0,,unknown
RT-016873,0,,unknown
RT-016874,0,,unknown
RT-016875,0,,unknown
RT-016876,0,,unknown
RT-016877,1,22.0,unknown
RT-016878,0,,unknown
RT-016879,0,,unknown
RT-016880,1,22.0,price
RT-016881,1,21.0,unknown
RT-016882,0,,unknown
RT-016883,0,,unknown
RT-016884,0,,unknown
RT-016885,0,,unknown
RT-016886,0,,unknown
RT-016887,0,,unknown
RT-016888,0,,unknown
RT-016889,0,,unknown
RT-016890,0,,unknown
RT-016891,0,,unknown
RT-016892,0,,unknown
RT-016893,0,,unknown
RT-016894,0,,unknown
RT-016895,0,,unknown
RT-016896,0,,unknown
RT-016897,0,,unknown
RT-016898,0,,unknown
RT-016899,0,,unknown
RT-016900,0,,unknown
RT-016901,0,,unknown
RT-016902,0,,unknown
RT-016903,0,,unknown
RT-016904,1,22.0,price
RT-016905,0,,unknown
RT-016906,0,,unknown
RT-016907,0,,unknown
RT-016908,0,,unknown
RT-016909,0,,unknown
RT-016910,1,19.0,unknown
RT-016911,0,,unknown
RT-016912,0,,unknown
RT-016913,0,,unknown
RT-016914,0,,unknown
RT-016915,0,,unknown
RT-016916,0,,unknown
RT-016917,0,,unknown
RT-016918,0,,unknown
RT-016919,0,,unknown
RT-016920,0,,unknown
RT-016921,0,,unknown
RT-016922,0,,unknown
RT-016923,0,,unknown
RT-016924,0,,unknown
RT-016925,0,,unknown
RT-016926,0,,unknown
RT-016927,1,22.0,tech_migration
RT-016928,0,,unknown
RT-016929,0,,unknown
RT-016930,0,,unknown
RT-016931,0,,unknown
RT-016932,0,,unknown
RT-016933,0,,unknown
RT-016934,0,,unknown
RT-016935,1,20.0,tech_migration
RT-016936,0,,unknown
RT-016937,0,,unknown
RT-016938,0,,unknown
RT-016939,0,,unknown
RT-016940,0,,unknown
RT-016941,0,,unknown
RT-016942,1,24.0,tech_migration
RT-016943,0,,unknown
RT-016944,0,,unknown
RT-016945,0,,unknown
RT-016946,0,,unknown
RT-016947,0,,unknown
RT-016948,0,,unknown
RT-016949,0,,unknown
RT-016950,1,24.0,competitor
RT-016951,0,,unknown
RT-016952,0,,unknown
RT-016953,1,19.0,tech_migration
RT-016954,0,,unknown
RT-016955,1,22.0,tech_migration
RT-016956,0,,unknown
RT-016957,1,20.0,price
RT-016958,0,,unknown
RT-016959,0,,unknown
RT-016960,0,,unknown
RT-016961,0,,unknown
RT-016962,0,,unknown
RT-016963,0,,unknown
RT-016964,0,,unknown
RT-016965,0,,unknown
RT-016966,0,,unknown
RT-016967,0,,unknown
RT-016968,0,,unknown
RT-016969,1,24.0,unknown
RT-016970,1,21.0,quality
RT-016971,0,,unknown
RT-016972,0,,unknown
RT-016973,0,,unknown
RT-016974,0,,unknown
RT-016975,0,,unknown
RT-016976,0,,unknown
RT-016977,0,,unknown
RT-016978,0,,unknown
RT-016979,0,,unknown
RT-016980,0,,unknown
RT-016981,0,,unknown
RT-016982,0,,unknown
RT-016983,0,,unknown
RT-016984,0,,unknown
RT-016985,0,,unknown
RT-016986,0,,unknown
RT-016987,0,,unknown
RT-016988,0,,unknown
RT-016989,0,,unknown
RT-016990,0,,unknown
RT-016991,1,23.0,competitor
RT-016992,0,,unknown
RT-016993,0,,unknown
RT-016994,0,,unknown
RT-016995,0,,unknown
RT-016996,0,,unknown
RT-016997,1,19.0,tech_migration
RT-016998,0,,unknown
RT-016999,0,,unknown
RT-017000,1,24.0,tech_migration
RT-017001,0,,unknown
RT-017002,0,,unknown
RT-017003,1,20.0,quality
RT-017004,0,,unknown
RT-017005,0,,unknown
RT-017006,0,,unknown
RT-017007,0,,unknown
RT-017008,0,,unknown
RT-017009,0,,unknown
RT-017010,0,,unknown
RT-017011,0,,unknown
RT-017012,0,,unknown
RT-017013,0,,unknown
RT-017014,0,,unknown
RT-017015,0,,unknown
RT-017016,0,,unknown
RT-017017,0,,unknown
RT-017018,0,,unknown
RT-017019,0,,unknown
RT-017020,0,,unknown
RT-017021,0,,unknown
RT-017022,0,,unknown
RT-017023,0,,unknown
RT-017024,0,,unknown
RT-017025,0,,unknown
RT-017026,0,,unknown
RT-017027,0,,unknown
RT-017028,0,,unknown
RT-017029,0,,unknown
RT-017030,0,,unknown
RT-017031,0,,unknown
RT-017032,1,21.0,unknown
RT-017033,0,,unknown
RT-017034,0,,unknown
RT-017035,0,,unknown
RT-017036,0,,unknown
RT-017037,0,,unknown
RT-017038,0,,unknown
RT-017039,0,,unknown
RT-017040,0,,unknown
RT-017041,0,,unknown
RT-017042,0,,unknown
RT-017043,0,,unknown
RT-017044,0,,unknown
RT-017045,0,,unknown
RT-017046,0,,unknown
RT-017047,0,,unknown
RT-017048,0,,unknown
RT-017049,0,,unknown
RT-017050,0,,unknown
RT-017051,0,,unknown
RT-017052,0,,unknown
RT-017053,0,,unknown
RT-017054,0,,unknown
RT-017055,0,,unknown
RT-017056,0,,unknown
RT-017057,1,22.0,unknown
RT-017058,0,,unknown
RT-017059,0,,unknown
RT-017060,0,,unknown
RT-017061,0,,unknown
RT-017062,0,,unknown
RT-017063,0,,unknown
RT-017064,1,20.0,tech_migration
RT-017065,1,22.0,unknown
RT-017066,0,,unknown
RT-017067,0,,unknown
RT-017068,0,,unknown
RT-017069,0,,unknown
RT-017070,0,,unknown
RT-017071,0,,unknown
RT-017072,0,,unknown
RT-017073,0,,unknown
RT-017074,0,,unknown
RT-017075,0,,unknown
RT-017076,0,,unknown
RT-017077,0,,unknown
RT-017078,0,,unknown
RT-017079,0,,unknown
RT-017080,1,24.0,price
RT-017081,0,,unknown
RT-017082,0,,unknown
RT-017083,0,,unknown
RT-017084,0,,unknown
RT-017085,0,,unknown
RT-017086,0,,unknown
RT-017087,0,,unknown
RT-017088,0,,unknown
RT-017089,0,,unknown
RT-017090,0,,unknown
RT-017091,1,23.0,competitor
RT-017092,0,,unknown
RT-017093,0,,unknown
RT-017094,0,,unknown
RT-017095,0,,unknown
RT-017096,1,22.0,competitor
RT-017097,0,,unknown
RT-017098,0,,unknown
RT-017099,0,,unknown
RT-017100,0,,unknown
RT-017101,0,,unknown
RT-017102,0,,unknown
RT-017103,0,,unknown
RT-017104,0,,unknown
RT-017105,0,,unknown
RT-017106,0,,unknown
RT-017107,0,,unknown
RT-017108,0,,unknown
RT-017109,0,,unknown
RT-017110,0,,unknown
RT-017111,0,,unknown
RT-017112,0,,unknown
RT-017113,0,,unknown
RT-017114,0,,unknown
RT-017115,0,,unknown
RT-017116,0,,unknown
RT-017117,0,,unknown
RT-017118,0,,unknown
RT-017119,1,24.0,tech_migration
RT-017120,0,,unknown
RT-017121,0,,unknown
RT-017122,0,,unknown
RT-017123,1,21.0,quality
RT-017124,0,,unknown
RT-017125,0,,unknown
RT-017126,0,,unknown
RT-017127,0,,unknown
RT-017128,0,,unknown
RT-017129,0,,unknown
RT-017130,0,,unknown
RT-017131,0,,unknown
RT-017132,0,,unknown
RT-017133,0,,unknown
RT-017134,0,,unknown
RT-017135,0,,unknown
RT-017136,0,,unknown
RT-017137,0,,unknown
RT-017138,0,,unknown
RT-017139,0,,unknown
RT-017140,0,,unknown
RT-017141,0,,unknown
RT-017142,0,,unknown
RT-017143,0,,unknown
RT-017144,0,,unknown
RT-017145,1,24.0,unknown
RT-017146,1,20.0,tech_migration
RT-017147,0,,unknown
RT-017148,1,19.0,quality
RT-017149,0,,unknown
RT-017150,0,,unknown
RT-017151,0,,unknown
RT-017152,0,,unknown
RT-017153,0,,unknown
RT-017154,0,,unknown
RT-017155,1,24.0,tech_migration
RT-017156,0,,unknown
RT-017157,0,,unknown
RT-017158,0,,unknown
RT-017159,0,,unknown
RT-017160,0,,unknown
RT-017161,0,,unknown
RT-017162,0,,unknown
RT-017163,0,,unknown
RT-017164,0,,unknown
RT-017165,0,,unknown
RT-017166,0,,unknown
RT-017167,0,,unknown
RT-017168,0,,unknown
RT-017169,0,,unknown
RT-017170,0,,unknown
RT-017171,1,24.0,unknown
RT-017172,0,,unknown
RT-017173,0,,unknown
RT-017174,0,,unknown
RT-017175,1,22.0,price
RT-017176,0,,unknown
RT-017177,0,,unknown
RT-017178,0,,unknown
RT-017179,0,,unknown
RT-017180,0,,unknown
RT-017181,1,19.0,unknown
RT-017182,0,,unknown
RT-017183,1,20.0,unknown
RT-017184,0,,unknown
RT-017185,0,,unknown
RT-017186,0,,unknown
RT-017187,0,,unknown
RT-017188,0,,unknown
RT-017189,0,,unknown
RT-017190,0,,unknown
RT-017191,0,,unknown
RT-017192,0,,unknown
RT-017193,0,,unknown
RT-017194,0,,unknown
RT-017195,0,,unknown
RT-017196,0,,unknown
RT-017197,0,,unknown
RT-017198,0,,unknown
RT-017199,0,,unknown
RT-017200,0,,unknown
RT-017201,0,,unknown
RT-017202,0,,unknown
RT-017203,0,,unknown
RT-017204,0,,unknown
RT-017205,0,,unknown
RT-017206,0,,unknown
RT-017207,0,,unknown
RT-017208,0,,unknown
RT-017209,0,,unknown
RT-017210,0,,unknown
RT-017211,0,,unknown
RT-017212,0,,unknown
RT-017213,0,,unknown
RT-017214,0,,unknown
RT-017215,0,,unknown
RT-017216,0,,unknown
RT-017217,0,,unknown
RT-017218,0,,unknown
RT-017219,0,,unknown
RT-017220,0,,unknown
RT-017221,1,24.0,unknown
RT-017222,0,,unknown
RT-017223,0,,unknown
RT-017224,0,,unknown
RT-017225,0,,unknown
RT-017226,0,,unknown
RT-017227,0,,unknown
RT-017228,0,,unknown
RT-017229,1,24.0,tech_migration
RT-017230,0,,unknown
RT-017231,0,,unknown
RT-017232,0,,unknown
RT-017233,1,19.0,unknown
RT-017234,0,,unknown
RT-017235,0,,unknown
RT-017236,0,,unknown
RT-017237,0,,unknown
RT-017238,0,,unknown
RT-017239,0,,unknown
RT-017240,0,,unknown
RT-017241,0,,unknown
RT-017242,0,,unknown
RT-017243,0,,unknown
RT-017244,0,,unknown
RT-017245,0,,unknown
RT-017246,0,,unknown
RT-017247,0,,unknown
RT-017248,0,,unknown
RT-017249,0,,unknown
RT-017250,0,,unknown
RT-017251,0,,unknown
RT-017252,1,24.0,price
RT-017253,0,,unknown
RT-017254,0,,unknown
RT-017255,0,,unknown
RT-017256,0,,unknown
RT-017257,0,,unknown
RT-017258,0,,unknown
RT-017259,0,,unknown
RT-017260,0,,unknown
RT-017261,0,,unknown
RT-017262,0,,unknown
RT-017263,0,,unknown
RT-017264,0,,unknown
RT-017265,0,,unknown
RT-017266,0,,unknown
RT-017267,0,,unknown
RT-017268,0,,unknown
RT-017269,0,,unknown
RT-017270,0,,unknown
RT-017271,0,,unknown
RT-017272,0,,unknown
RT-017273,0,,unknown
RT-017274,0,,unknown
RT-017275,0,,unknown
RT-017276,0,,unknown
RT-017277,0,,unknown
RT-017278,1,22.0,unknown
RT-017279,0,,unknown
RT-017280,0,,unknown
RT-017281,1,19.0,price
RT-017282,1,22.0,tech_migration
RT-017283,1,24.0,tech_migration
RT-017284,0,,unknown
RT-017285,0,,unknown
RT-017286,0,,unknown
RT-017287,0,,unknown
RT-017288,0,,unknown
RT-017289,1,19.0,competitor
RT-017290,0,,unknown
RT-017291,0,,unknown
RT-017292,0,,unknown
RT-017293,0,,unknown
RT-017294,0,,unknown
RT-017295,0,,unknown
RT-017296,0,,unknown
RT-017297,0,,unknown
RT-017298,1,23.0,price
RT-017299,0,,unknown
RT-017300,0,,unknown
RT-017301,0,,unknown
RT-017302,0,,unknown
RT-017303,0,,unknown
RT-017304,0,,unknown
RT-017305,1,23.0,competitor
RT-017306,0,,unknown
RT-017307,0,,unknown
RT-017308,0,,unknown
RT-017309,0,,unknown
RT-017310,0,,unknown
RT-017311,0,,unknown
RT-017312,0,,unknown
RT-017313,0,,unknown
RT-017314,0,,unknown
RT-017315,1,24.0,competitor
RT-017316,0,,unknown
RT-017317,0,,unknown
RT-017318,0,,unknown
RT-017319,0,,unknown
RT-017320,1,22.0,tech_migration
RT-017321,0,,unknown
RT-017322,0,,unknown
RT-017323,0,,unknown
RT-017324,1,22.0,competitor
RT-017325,0,,unknown
RT-017326,0,,unknown
RT-017327,0,,unknown
RT-017328,0,,unknown
RT-017329,0,,unknown
RT-017330,0,,unknown
RT-017331,0,,unknown
RT-017332,0,,unknown
RT-017333,0,,unknown
RT-017334,0,,unknown
RT-017335,0,,unknown
RT-017336,0,,unknown
RT-017337,0,,unknown
RT-017338,0,,unknown
RT-017339,0,,unknown
RT-017340,0,,unknown
RT-017341,0,,unknown
RT-017342,0,,unknown
RT-017343,0,,unknown
RT-017344,0,,unknown
RT-017345,0,,unknown
RT-017346,0,,unknown
RT-017347,0,,unknown
RT-017348,0,,unknown
RT-017349,0,,unknown
RT-017350,0,,unknown
RT-017351,0,,unknown
RT-017352,0,,unknown
RT-017353,0,,unknown
RT-017354,0,,unknown
RT-017355,0,,unknown
RT-017356,0,,unknown
RT-017357,0,,unknown
RT-017358,1,21.0,competitor
RT-017359,0,,unknown
RT-017360,0,,unknown
RT-017361,0,,unknown
RT-017362,0,,unknown
RT-017363,0,,unknown
RT-017364,0,,unknown
RT-017365,0,,unknown
RT-017366,0,,unknown
RT-017367,0,,unknown
RT-017368,0,,unknown
RT-017369,0,,unknown
RT-017370,0,,unknown
RT-017371,0,,unknown
RT-017372,0,,unknown
RT-017373,0,,unknown
RT-017374,0,,unknown
RT-017375,0,,unknown
RT-017376,0,,unknown
RT-017377,1,21.0,tech_migration
RT-017378,1,23.0,tech_migration
RT-017379,0,,unknown
RT-017380,0,,unknown
RT-017381,0,,unknown
RT-017382,0,,unknown
RT-017383,0,,unknown
RT-017384,0,,unknown
RT-017385,0,,unknown
RT-017386,0,,unknown
RT-017387,0,,unknown
RT-017388,0,,unknown
RT-017389,0,,unknown
RT-017390,0,,unknown
RT-017391,0,,unknown
RT-017392,0,,unknown
RT-017393,0,,unknown
RT-017394,0,,unknown
RT-017395,0,,unknown
RT-017396,0,,unknown
RT-017397,0,,unknown
RT-017398,0,,unknown
RT-017399,1,24.0,unknown
RT-017400,0,,unknown
RT-017401,0,,unknown
RT-017402,0,,unknown
RT-017403,1,22.0,price
RT-017404,0,,unknown
RT-017405,0,,unknown
RT-017406,0,,unknown
RT-017407,0,,unknown
RT-017408,1,20.0,price
RT-017409,1,23.0,tech_migration
RT-017410,0,,unknown
RT-017411,0,,unknown
RT-017412,0,,unknown
RT-017413,0,,unknown
RT-017414,0,,unknown
RT-017415,0,,unknown
RT-017416,0,,unknown
RT-017417,1,22.0,quality
RT-017418,0,,unknown
RT-017419,0,,unknown
RT-017420,0,,unknown
RT-017421,0,,unknown
RT-017422,0,,unknown
RT-017423,0,,unknown
RT-017424,0,,unknown
RT-017425,1,20.0,quality
RT-017426,0,,unknown
RT-017427,0,,unknown
RT-017428,0,,unknown
RT-017429,0,,unknown
RT-017430,0,,unknown
RT-017431,0,,unknown
RT-017432,0,,unknown
RT-017433,0,,unknown
RT-017434,0,,unknown
RT-017435,0,,unknown
RT-017436,0,,unknown
RT-017437,0,,unknown
RT-017438,0,,unknown
RT-017439,0,,unknown
RT-017440,0,,unknown
RT-017441,0,,unknown
RT-017442,0,,unknown
RT-017443,0,,unknown
RT-017444,0,,unknown
RT-017445,0,,unknown
RT-017446,0,,unknown
RT-017447,0,,unknown
RT-017448,0,,unknown
RT-017449,0,,unknown
RT-017450,0,,unknown
RT-017451,0,,unknown
RT-017452,0,,unknown
RT-017453,1,24.0,tech_migration
RT-017454,0,,unknown
RT-017455,0,,unknown
RT-017456,0,,unknown
RT-017457,0,,unknown
RT-017458,0,,unknown
RT-017459,0,,unknown
RT-017460,0,,unknown
RT-017461,0,,unknown
RT-017462,1,24.0,unknown
RT-017463,0,,unknown
RT-017464,0,,unknown
RT-017465,0,,unknown
RT-017466,0,,unknown
RT-017467,0,,unknown
RT-017468,1,19.0,price
RT-017469,0,,unknown
RT-017470,0,,unknown
RT-017471,0,,unknown
RT-017472,0,,unknown
RT-017473,0,,unknown
RT-017474,0,,unknown
RT-017475,0,,unknown
RT-017476,0,,unknown
RT-017477,0,,unknown
RT-017478,0,,unknown
RT-017479,0,,unknown
RT-017480,0,,unknown
RT-017481,0,,unknown
RT-017482,1,24.0,price
RT-017483,1,23.0,competitor
RT-017484,0,,unknown
RT-017485,1,19.0,tech_migration
RT-017486,0,,unknown
RT-017487,0,,unknown
RT-017488,0,,unknown
RT-017489,0,,unknown
RT-017490,0,,unknown
RT-017491,0,,unknown
RT-017492,0,,unknown
RT-017493,0,,unknown
RT-017494,0,,unknown
RT-017495,0,,unknown
RT-017496,0,,unknown
RT-017497,0,,unknown
RT-017498,0,,unknown
RT-017499,1,19.0,unknown
RT-017500,0,,unknown
RT-017501,0,,unknown
RT-017502,0,,unknown
RT-017503,1,20.0,unknown
RT-017504,0,,unknown
RT-017505,0,,unknown
RT-017506,0,,unknown
RT-017507,1,23.0,quality
RT-017508,0,,unknown
RT-017509,0,,unknown
RT-017510,0,,unknown
RT-017511,1,22.0,quality
RT-017512,0,,unknown
RT-017513,0,,unknown
RT-017514,0,,unknown
RT-017515,0,,unknown
RT-017516,0,,unknown
RT-017517,0,,unknown
RT-017518,0,,unknown
RT-017519,0,,unknown
RT-017520,0,,unknown
RT-017521,0,,unknown
RT-017522,0,,unknown
RT-017523,0,,unknown
RT-017524,0,,unknown
RT-017525,0,,unknown
RT-017526,0,,unknown
RT-017527,0,,unknown
RT-017528,0,,unknown
RT-017529,1,24.0,price
RT-017530,0,,unknown
RT-017531,0,,unknown
RT-017532,0,,unknown
RT-017533,0,,unknown
RT-017534,0,,unknown
RT-017535,0,,unknown
RT-017536,0,,unknown
RT-017537,0,,unknown
RT-017538,0,,unknown
RT-017539,0,,unknown
RT-017540,1,22.0,tech_migration
RT-017541,0,,unknown
RT-017542,0,,unknown
RT-017543,0,,unknown
RT-017544,0,,unknown
RT-017545,0,,unknown
RT-017546,1,21.0,quality
RT-017547,0,,unknown
RT-017548,0,,unknown
RT-017549,0,,unknown
RT-017550,0,,unknown
RT-017551,0,,unknown
RT-017552,0,,unknown
RT-017553,0,,unknown
RT-017554,0,,unknown
RT-017555,1,19.0,quality
RT-017556,0,,unknown
RT-017557,0,,unknown
RT-017558,0,,unknown
RT-017559,0,,unknown
RT-017560,0,,unknown
RT-017561,0,,unknown
RT-017562,0,,unknown
RT-017563,0,,unknown
RT-017564,0,,unknown
RT-017565,0,,unknown
RT-017566,0,,unknown
RT-017567,0,,unknown
RT-017568,0,,unknown
RT-017569,0,,unknown
RT-017570,0,,unknown
RT-017571,0,,unknown
RT-017572,0,,unknown
RT-017573,0,,unknown
RT-017574,0,,unknown
RT-017575,0,,unknown
RT-017576,0,,unknown
RT-017577,0,,unknown
RT-017578,0,,unknown
RT-017579,0,,unknown
RT-017580,0,,unknown
RT-017581,0,,unknown
RT-017582,1,24.0,tech_migration
RT-017583,0,,unknown
RT-017584,0,,unknown
RT-017585,0,,unknown
RT-017586,0,,unknown
RT-017587,1,21.0,price
RT-017588,0,,unknown
RT-017589,0,,unknown
RT-017590,0,,unknown
RT-017591,0,,unknown
RT-017592,0,,unknown
RT-017593,0,,unknown
RT-017594,0,,unknown
RT-017595,1,24.0,unknown
RT-017596,1,20.0,quality
RT-017597,0,,unknown
RT-017598,0,,unknown
RT-017599,1,24.0,unknown
RT-017600,0,,unknown
RT-017601,0,,unknown
RT-017602,0,,unknown
RT-017603,0,,unknown
RT-017604,1,21.0,quality
RT-017605,0,,unknown
RT-017606,0,,unknown
RT-017607,0,,unknown
RT-017608,0,,unknown
RT-017609,0,,unknown
RT-017610,0,,unknown
RT-017611,0,,unknown
RT-017612,0,,unknown
RT-017613,0,,unknown
RT-017614,0,,unknown
RT-017615,0,,unknown
RT-017616,0,,unknown
RT-017617,1,24.0,price
RT-017618,0,,unknown
RT-017619,1,23.0,tech_migration
RT-017620,0,,unknown
RT-017621,0,,unknown
RT-017622,0,,unknown
RT-017623,0,,unknown
RT-017624,0,,unknown
RT-017625,0,,unknown
RT-017626,0,,unknown
RT-017627,0,,unknown
RT-017628,0,,unknown
RT-017629,0,,unknown
RT-017630,0,,unknown
RT-017631,0,,unknown
RT-017632,0,,unknown
RT-017633,0,,unknown
RT-017634,0,,unknown
RT-017635,0,,unknown
RT-017636,0,,unknown
RT-017637,0,,unknown
RT-017638,0,,unknown
RT-017639,1,22.0,tech_migration
RT-017640,0,,unknown
RT-017641,0,,unknown
RT-017642,0,,unknown
RT-017643,0,,unknown
RT-017644,0,,unknown
RT-017645,0,,unknown
RT-017646,0,,unknown
RT-017647,0,,unknown
RT-017648,0,,unknown
RT-017649,0,,unknown
RT-017650,0,,unknown
RT-017651,0,,unknown
RT-017652,0,,unknown
RT-017653,0,,unknown
RT-017654,0,,unknown
RT-017655,0,,unknown
RT-017656,0,,unknown
RT-017657,0,,unknown
RT-017658,0,,unknown
RT-017659,0,,unknown
RT-017660,0,,unknown
RT-017661,0,,unknown
RT-017662,0,,unknown
RT-017663,0,,unknown
RT-017664,0,,unknown
RT-017665,0,,unknown
RT-017666,0,,unknown
RT-017667,0,,unknown
RT-017668,0,,unknown
RT-017669,0,,unknown
RT-017670,0,,unknown
RT-017671,0,,unknown
RT-017672,0,,unknown
RT-017673,0,,unknown
RT-017674,0,,unknown
RT-017675,0,,unknown
RT-017676,0,,unknown
RT-017677,0,,unknown
RT-017678,0,,unknown
RT-017679,0,,unknown
RT-017680,0,,unknown
RT-017681,0,,unknown
RT-017682,0,,unknown
RT-017683,1,21.0,quality
RT-017684,1,22.0,quality
RT-017685,0,,unknown
RT-017686,0,,unknown
RT-017687,0,,unknown
RT-017688,0,,unknown
RT-017689,0,,unknown
RT-017690,1,20.0,unknown
RT-017691,0,,unknown
RT-017692,0,,unknown
RT-017693,0,,unknown
RT-017694,0,,unknown
RT-017695,0,,unknown
RT-017696,0,,unknown
RT-017697,0,,unknown
RT-017698,0,,unknown
RT-017699,0,,unknown
RT-017700,0,,unknown
RT-017701,0,,unknown
RT-017702,0,,unknown
RT-017703,0,,unknown
RT-017704,1,21.0,unknown
RT-017705,1,19.0,unknown
RT-017706,0,,unknown
RT-017707,0,,unknown
RT-017708,0,,unknown
RT-017709,0,,unknown
RT-017710,0,,unknown
RT-017711,0,,unknown
RT-017712,0,,unknown
RT-017713,0,,unknown
RT-017714,0,,unknown
RT-017715,1,20.0,tech_migration
RT-017716,0,,unknown
RT-017717,0,,unknown
RT-017718,1,24.0,unknown
RT-017719,0,,unknown
RT-017720,0,,unknown
RT-017721,0,,unknown
RT-017722,0,,unknown
RT-017723,0,,unknown
RT-017724,0,,unknown
RT-017725,0,,unknown
RT-017726,0,,unknown
RT-017727,0,,unknown
RT-017728,1,19.0,tech_migration
RT-017729,1,24.0,tech_migration
RT-017730,0,,unknown
RT-017731,0,,unknown
RT-017732,0,,unknown
RT-017733,0,,unknown
RT-017734,0,,unknown
RT-017735,0,,unknown
RT-017736,0,,unknown
RT-017737,0,,unknown
RT-017738,0,,unknown
RT-017739,0,,unknown
RT-017740,1,21.0,unknown
RT-017741,1,24.0,price
RT-017742,0,,unknown
RT-017743,0,,unknown
RT-017744,0,,unknown
RT-017745,1,19.0,competitor
RT-017746,0,,unknown
RT-017747,0,,unknown
RT-017748,0,,unknown
RT-017749,0,,unknown
RT-017750,0,,unknown
RT-017751,0,,unknown
RT-017752,0,,unknown
RT-017753,0,,unknown
RT-017754,0,,unknown
RT-017755,1,20.0,unknown
RT-017756,0,,unknown
RT-017757,0,,unknown
RT-017758,0,,unknown
RT-017759,0,,unknown
RT-017760,0,,unknown
RT-017761,0,,unknown
RT-017762,0,,unknown
RT-017763,0,,unknown
RT-017764,0,,unknown
RT-017765,0,,unknown
RT-017766,1,23.0,quality
RT-017767,0,,unknown
RT-017768,0,,unknown
RT-017769,0,,unknown
RT-017770,0,,unknown
RT-017771,0,,unknown
RT-017772,0,,unknown
RT-017773,0,,unknown
RT-017774,0,,unknown
RT-017775,0,,unknown
RT-017776,0,,unknown
RT-017777,0,,unknown
RT-017778,0,,unknown
RT-017779,0,,unknown
RT-017780,0,,unknown
RT-017781,0,,unknown
RT-017782,0,,unknown
RT-017783,0,,unknown
RT-017784,0,,unknown
RT-017785,0,,unknown
RT-017786,0,,unknown
RT-017787,0,,unknown
RT-017788,0,,unknown
RT-017789,0,,unknown
RT-017790,0,,unknown
RT-017791,0,,unknown
RT-017792,0,,unknown
RT-017793,0,,unknown
RT-017794,0,,unknown
RT-017795,0,,unknown
RT-017796,0,,unknown
RT-017797,1,23.0,tech_migration
RT-017798,1,24.0,quality
RT-017799,0,,unknown
RT-017800,0,,unknown
RT-017801,0,,unknown
RT-017802,0,,unknown
RT-017803,0,,unknown
RT-017804,0,,unknown
RT-017805,0,,unknown
RT-017806,0,,unknown
RT-017807,0,,unknown
RT-017808,0,,unknown
RT-017809,0,,unknown
RT-017810,0,,unknown
RT-017811,0,,unknown
RT-017812,0,,unknown
RT-017813,0,,unknown
RT-017814,0,,unknown
RT-017815,0,,unknown
RT-017816,0,,unknown
RT-017817,0,,unknown
RT-017818,0,,unknown
RT-017819,0,,unknown
RT-017820,0,,unknown
RT-017821,0,,unknown
RT-017822,0,,unknown
RT-017823,0,,unknown
RT-017824,0,,unknown
RT-017825,0,,unknown
RT-017826,0,,unknown
RT-017827,0,,unknown
RT-017828,0,,unknown
RT-017829,0,,unknown
RT-017830,0,,unknown
RT-017831,0,,unknown
RT-017832,0,,unknown
RT-017833,0,,unknown
RT-017834,0,,unknown
RT-017835,0,,unknown
RT-017836,0,,unknown
RT-017837,0,,unknown
RT-017838,0,,unknown
RT-017839,0,,unknown
RT-017840,0,,unknown
RT-017841,0,,unknown
RT-017842,0,,unknown
RT-017843,0,,unknown
RT-017844,0,,unknown
RT-017845,0,,unknown
RT-017846,0,,unknown
RT-017847,0,,unknown
RT-017848,0,,unknown
RT-017849,0,,unknown
RT-017850,0,,unknown
RT-017851,0,,unknown
RT-017852,0,,unknown
RT-017853,0,,unknown
RT-017854,0,,unknown
RT-017855,1,24.0,tech_migration
RT-017856,0,,unknown
RT-017857,0,,unknown
RT-017858,0,,unknown
RT-017859,0,,unknown
RT-017860,0,,unknown
RT-017861,0,,unknown
RT-017862,0,,unknown
RT-017863,1,24.0,price
RT-017864,0,,unknown
RT-017865,0,,unknown
RT-017866,0,,unknown
RT-017867,0,,unknown
RT-017868,0,,unknown
RT-017869,0,,unknown
RT-017870,0,,unknown
RT-017871,0,,unknown
RT-017872,0,,unknown
RT-017873,0,,unknown
RT-017874,0,,unknown
RT-017875,0,,unknown
RT-017876,0,,unknown
RT-017877,0,,unknown
RT-017878,0,,unknown
RT-017879,0,,unknown
RT-017880,0,,unknown
RT-017881,0,,unknown
RT-017882,0,,unknown
RT-017883,0,,unknown
RT-017884,1,21.0,quality
RT-017885,0,,unknown
RT-017886,0,,unknown
RT-017887,1,24.0,unknown
RT-017888,0,,unknown
RT-017889,0,,unknown
RT-017890,0,,unknown
RT-017891,0,,unknown
RT-017892,0,,unknown
RT-017893,1,24.0,tech_migration
RT-017894,0,,unknown
RT-017895,0,,unknown
RT-017896,0,,unknown
RT-017897,0,,unknown
RT-017898,0,,unknown
RT-017899,0,,unknown
RT-017900,0,,unknown
RT-017901,0,,unknown
RT-017902,0,,unknown
RT-017903,0,,unknown
RT-017904,0,,unknown
RT-017905,0,,unknown
RT-017906,0,,unknown
RT-017907,0,,unknown
RT-017908,0,,unknown
RT-017909,0,,unknown
RT-017910,0,,unknown
RT-017911,0,,unknown
RT-017912,0,,unknown
RT-017913,0,,unknown
RT-017914,1,23.0,tech_migration
RT-017915,0,,unknown
RT-017916,0,,unknown
RT-017917,0,,unknown
RT-017918,0,,unknown
RT-017919,0,,unknown
RT-017920,0,,unknown
RT-017921,0,,unknown
RT-017922,0,,unknown
RT-017923,1,22.0,tech_migration
RT-017924,0,,unknown
RT-017925,0,,unknown
RT-017926,1,21.0,quality
RT-017927,1,20.0,unknown
RT-017928,0,,unknown
RT-017929,0,,unknown
RT-017930,0,,unknown
RT-017931,1,24.0,competitor
RT-017932,0,,unknown
RT-017933,0,,unknown
RT-017934,0,,unknown
RT-017935,0,,unknown
RT-017936,0,,unknown
RT-017937,0,,unknown
RT-017938,0,,unknown
RT-017939,0,,unknown
RT-017940,0,,unknown
RT-017941,0,,unknown
RT-017942,0,,unknown
RT-017943,0,,unknown
RT-017944,0,,unknown
RT-017945,0,,unknown
RT-017946,0,,unknown
RT-017947,0,,unknown
RT-017948,0,,unknown
RT-017949,0,,unknown
RT-017950,0,,unknown
RT-017951,0,,unknown
RT-017952,0,,unknown
RT-017953,0,,unknown
RT-017954,0,,unknown
RT-017955,0,,unknown
RT-017956,0,,unknown
RT-017957,1,20.0,tech_migration
RT-017958,0,,unknown
RT-017959,0,,unknown
RT-017960,0,,unknown
RT-017961,0,,unknown
RT-017962,1,19.0,tech_migration
RT-017963,0,,unknown
RT-017964,0,,unknown
RT-017965,0,,unknown
RT-017966,0,,unknown
RT-017967,1,21.0,price
RT-017968,0,,unknown
RT-017969,0,,unknown
RT-017970,0,,unknown
RT-017971,0,,unknown
RT-017972,0,,unknown
RT-017973,0,,unknown
RT-017974,0,,unknown
RT-017975,0,,unknown
RT-017976,0,,unknown
RT-017977,0,,unknown
RT-017978,0,,unknown
RT-017979,0,,unknown
RT-017980,0,,unknown
RT-017981,0,,unknown
RT-017982,0,,unknown
RT-017983,1,19.0,tech_migration
RT-017984,1,24.0,competitor
RT-017985,0,,unknown
RT-017986,0,,unknown
RT-017987,0,,unknown
RT-017988,0,,unknown
RT-017989,0,,unknown
RT-017990,0,,unknown
RT-017991,0,,unknown
RT-017992,0,,unknown
RT-017993,0,,unknown
RT-017994,0,,unknown
RT-017995,0,,unknown
RT-017996,0,,unknown
RT-017997,0,,unknown
RT-017998,1,24.0,price
RT-017999,0,,unknown
RT-018000,0,,unknown
RT-018001,0,,unknown
RT-018002,0,,unknown
RT-018003,0,,unknown
RT-018004,0,,unknown
RT-018005,0,,unknown
RT-018006,0,,unknown
RT-018007,0,,unknown
RT-018008,0,,unknown
RT-018009,0,,unknown
RT-018010,0,,unknown
RT-018011,0,,unknown
RT-018012,0,,unknown
RT-018013,0,,unknown
RT-018014,0,,unknown
RT-018015,0,,unknown
RT-018016,0,,unknown
RT-018017,1,22.0,price
RT-018018,0,,unknown
RT-018019,0,,unknown
RT-018020,0,,unknown
RT-018021,0,,unknown
RT-018022,0,,unknown
RT-018023,0,,unknown
RT-018024,1,22.0,tech_migration
RT-018025,0,,unknown
RT-018026,1,24.0,tech_migration
RT-018027,0,,unknown
RT-018028,0,,unknown
RT-018029,0,,unknown
RT-018030,0,,unknown
RT-018031,0,,unknown
RT-018032,0,,unknown
RT-018033,0,,unknown
RT-018034,0,,unknown
RT-018035,0,,unknown
RT-018036,0,,unknown
RT-018037,0,,unknown
RT-018038,0,,unknown
RT-018039,0,,unknown
RT-018040,0,,unknown
RT-018041,0,,unknown
RT-018042,0,,unknown
RT-018043,0,,unknown
RT-018044,0,,unknown
RT-018045,0,,unknown
RT-018046,0,,unknown
RT-018047,0,,unknown
RT-018048,0,,unknown
RT-018049,0,,unknown
RT-018050,1,19.0,price
RT-018051,0,,unknown
RT-018052,0,,unknown
RT-018053,0,,unknown
RT-018054,0,,unknown
RT-018055,0,,unknown
RT-018056,0,,unknown
RT-018057,0,,unknown
RT-018058,0,,unknown
RT-018059,0,,unknown
RT-018060,0,,unknown
RT-018061,0,,unknown
RT-018062,0,,unknown
RT-018063,0,,unknown
RT-018064,0,,unknown
RT-018065,0,,unknown
RT-018066,0,,unknown
RT-018067,0,,unknown
RT-018068,0,,unknown
RT-018069,0,,unknown
RT-018070,0,,unknown
RT-018071,0,,unknown
RT-018072,0,,unknown
RT-018073,0,,unknown
RT-018074,0,,unknown
RT-018075,0,,unknown
RT-018076,0,,unknown
RT-018077,0,,unknown
RT-018078,0,,unknown
RT-018079,0,,unknown
RT-018080,0,,unknown
RT-018081,0,,unknown
RT-018082,0,,unknown
RT-018083,0,,unknown
RT-018084,0,,unknown
RT-018085,1,23.0,tech_migration
RT-018086,0,,unknown
RT-018087,0,,unknown
RT-018088,0,,unknown
RT-018089,0,,unknown
RT-018090,0,,unknown
RT-018091,0,,unknown
RT-018092,0,,unknown
RT-018093,0,,unknown
RT-018094,0,,unknown
RT-018095,0,,unknown
RT-018096,0,,unknown
RT-018097,0,,unknown
RT-018098,0,,unknown
RT-018099,1,20.0,price
RT-018100,0,,unknown
RT-018101,0,,unknown
RT-018102,0,,unknown
RT-018103,1,19.0,competitor
RT-018104,0,,unknown
RT-018105,0,,unknown
RT-018106,0,,unknown
RT-018107,0,,unknown
RT-018108,0,,unknown
RT-018109,0,,unknown
RT-018110,0,,unknown
RT-018111,1,22.0,tech_migration
RT-018112,1,19.0,tech_migration
RT-018113,1,23.0,price
RT-018114,0,,unknown
RT-018115,1,24.0,price
RT-018116,1,21.0,competitor
RT-018117,0,,unknown
RT-018118,0,,unknown
RT-018119,0,,unknown
RT-018120,0,,unknown
RT-018121,0,,unknown
RT-018122,0,,unknown
RT-018123,0,,unknown
RT-018124,0,,unknown
RT-018125,0,,unknown
RT-018126,0,,unknown
RT-018127,0,,unknown
RT-018128,0,,unknown
RT-018129,0,,unknown
RT-018130,0,,unknown
RT-018131,0,,unknown
RT-018132,0,,unknown
RT-018133,0,,unknown
RT-018134,0,,unknown
RT-018135,0,,unknown
RT-018136,0,,unknown
RT-018137,0,,unknown
RT-018138,0,,unknown
RT-018139,0,,unknown
RT-018140,0,,unknown
RT-018141,0,,unknown
RT-018142,0,,unknown
RT-018143,0,,unknown
RT-018144,0,,unknown
RT-018145,1,24.0,tech_migration
RT-018146,0,,unknown
RT-018147,0,,unknown
RT-018148,0,,unknown
RT-018149,0,,unknown
RT-018150,0,,unknown
RT-018151,0,,unknown
RT-018152,0,,unknown
RT-018153,0,,unknown
RT-018154,0,,unknown
RT-018155,0,,unknown
RT-018156,0,,unknown
RT-018157,0,,unknown
RT-018158,0,,unknown
RT-018159,1,21.0,tech_migration
RT-018160,0,,unknown
RT-018161,1,19.0,competitor
RT-018162,0,,unknown
RT-018163,0,,unknown
RT-018164,0,,unknown
RT-018165,0,,unknown
RT-018166,0,,unknown
RT-018167,1,20.0,tech_migration
RT-018168,1,24.0,tech_migration
RT-018169,0,,unknown
RT-018170,0,,unknown
RT-018171,0,,unknown
RT-018172,0,,unknown
RT-018173,0,,unknown
RT-018174,0,,unknown
RT-018175,0,,unknown
RT-018176,0,,unknown
RT-018177,0,,unknown
RT-018178,0,,unknown
RT-018179,0,,unknown
RT-018180,1,19.0,price
RT-018181,0,,unknown
RT-018182,0,,unknown
RT-018183,0,,unknown
RT-018184,0,,unknown
RT-018185,0,,unknown
RT-018186,0,,unknown
RT-018187,0,,unknown
RT-018188,0,,unknown
RT-018189,0,,unknown
RT-018190,0,,unknown
RT-018191,0,,unknown
RT-018192,0,,unknown
RT-018193,0,,unknown
RT-018194,0,,unknown
RT-018195,0,,unknown
RT-018196,0,,unknown
RT-018197,0,,unknown
RT-018198,1,24.0,unknown
RT-018199,0,,unknown
RT-018200,0,,unknown
RT-018201,0,,unknown
RT-018202,0,,unknown
RT-018203,0,,unknown
RT-018204,0,,unknown
RT-018205,0,,unknown
RT-018206,0,,unknown
RT-018207,0,,unknown
RT-018208,0,,unknown
RT-018209,0,,unknown
RT-018210,0,,unknown
RT-018211,0,,unknown
RT-018212,0,,unknown
RT-018213,0,,unknown
RT-018214,0,,unknown
RT-018215,0,,unknown
RT-018216,0,,unknown
RT-018217,0,,unknown
RT-018218,0,,unknown
RT-018219,0,,unknown
RT-018220,0,,unknown
RT-018221,0,,unknown
RT-018222,0,,unknown
RT-018223,0,,unknown
RT-018224,0,,unknown
RT-018225,0,,unknown
RT-018226,0,,unknown
RT-018227,0,,unknown
RT-018228,0,,unknown
RT-018229,0,,unknown
RT-018230,0,,unknown
RT-018231,0,,unknown
RT-018232,0,,unknown
RT-018233,0,,unknown
RT-018234,0,,unknown
RT-018235,0,,unknown
RT-018236,0,,unknown
RT-018237,0,,unknown
RT-018238,0,,unknown
RT-018239,0,,unknown
RT-018240,0,,unknown
RT-018241,0,,unknown
RT-018242,0,,unknown
RT-018243,0,,unknown
RT-018244,0,,unknown
RT-018245,0,,unknown
RT-018246,0,,unknown
RT-018247,0,,unknown
RT-018248,1,21.0,tech_migration
RT-018249,0,,unknown
RT-018250,0,,unknown
RT-018251,1,19.0,price
RT-018252,0,,unknown
RT-018253,0,,unknown
RT-018254,0,,unknown
RT-018255,0,,unknown
RT-018256,0,,unknown
RT-018257,0,,unknown
RT-018258,0,,unknown
RT-018259,0,,unknown
RT-018260,1,24.0,unknown
RT-018261,0,,unknown
RT-018262,0,,unknown
RT-018263,0,,unknown
RT-018264,0,,unknown
RT-018265,0,,unknown
RT-018266,0,,unknown
RT-018267,0,,unknown
RT-018268,0,,unknown
RT-018269,0,,unknown
RT-018270,0,,unknown
RT-018271,0,,unknown
RT-018272,0,,unknown
RT-018273,0,,unknown
RT-018274,1,24.0,price
RT-018275,0,,unknown
RT-018276,0,,unknown
RT-018277,0,,unknown
RT-018278,0,,unknown
RT-018279,0,,unknown
RT-018280,0,,unknown
RT-018281,0,,unknown
RT-018282,0,,unknown
RT-018283,0,,unknown
RT-018284,0,,unknown
RT-018285,0,,unknown
RT-018286,0,,unknown
RT-018287,0,,unknown
RT-018288,1,19.0,quality
RT-018289,1,24.0,unknown
RT-018290,0,,unknown
RT-018291,0,,unknown
RT-018292,0,,unknown
RT-018293,0,,unknown
RT-018294,0,,unknown
RT-018295,0,,unknown
RT-018296,0,,unknown
RT-018297,0,,unknown
RT-018298,0,,unknown
RT-018299,0,,unknown
RT-018300,1,23.0,competitor
RT-018301,0,,unknown
RT-018302,0,,unknown
RT-018303,0,,unknown
RT-018304,0,,unknown
RT-018305,0,,unknown
RT-018306,0,,unknown
RT-018307,0,,unknown
RT-018308,0,,unknown
RT-018309,0,,unknown
RT-018310,0,,unknown
RT-018311,1,19.0,price
RT-018312,0,,unknown
RT-018313,0,,unknown
RT-018314,0,,unknown
RT-018315,0,,unknown
RT-018316,0,,unknown
RT-018317,0,,unknown
RT-018318,0,,unknown
RT-018319,0,,unknown
RT-018320,0,,unknown
RT-018321,0,,unknown
RT-018322,0,,unknown
RT-018323,0,,unknown
RT-018324,1,24.0,competitor
RT-018325,0,,unknown
RT-018326,0,,unknown
RT-018327,0,,unknown
RT-018328,0,,unknown
RT-018329,0,,unknown
RT-018330,0,,unknown
RT-018331,0,,unknown
RT-018332,0,,unknown
RT-018333,0,,unknown
RT-018334,1,20.0,tech_migration
RT-018335,0,,unknown
RT-018336,0,,unknown
RT-018337,0,,unknown
RT-018338,0,,unknown
RT-018339,1,22.0,price
RT-018340,0,,unknown
RT-018341,0,,unknown
RT-018342,0,,unknown
RT-018343,0,,unknown
RT-018344,0,,unknown
RT-018345,0,,unknown
RT-018346,0,,unknown
RT-018347,0,,unknown
RT-018348,0,,unknown
RT-018349,0,,unknown
RT-018350,0,,unknown
RT-018351,0,,unknown
RT-018352,0,,unknown
RT-018353,0,,unknown
RT-018354,0,,unknown
RT-018355,0,,unknown
RT-018356,0,,unknown
RT-018357,0,,unknown
RT-018358,0,,unknown
RT-018359,0,,unknown
RT-018360,0,,unknown
RT-018361,0,,unknown
RT-018362,0,,unknown
RT-018363,0,,unknown
RT-018364,0,,unknown
RT-018365,0,,unknown
RT-018366,0,,unknown
RT-018367,0,,unknown
RT-018368,0,,unknown
RT-018369,0,,unknown
RT-018370,0,,unknown
RT-018371,0,,unknown
RT-018372,0,,unknown
RT-018373,0,,unknown
RT-018374,0,,unknown
RT-018375,0,,unknown
RT-018376,0,,unknown
RT-018377,0,,unknown
RT-018378,0,,unknown
RT-018379,0,,unknown
RT-018380,0,,unknown
RT-018381,0,,unknown
RT-018382,0,,unknown
RT-018383,0,,unknown
RT-018384,0,,unknown
RT-018385,0,,unknown
RT-018386,0,,unknown
RT-018387,0,,unknown
RT-018388,0,,unknown
RT-018389,0,,unknown
RT-018390,0,,unknown
RT-018391,0,,unknown
RT-018392,0,,unknown
RT-018393,1,19.0,price
RT-018394,0,,unknown
RT-018395,0,,unknown
RT-018396,0,,unknown
RT-018397,0,,unknown
RT-018398,0,,unknown
RT-018399,0,,unknown
RT-018400,0,,unknown
RT-018401,0,,unknown
RT-018402,0,,unknown
RT-018403,0,,unknown
RT-018404,0,,unknown
RT-018405,0,,unknown
RT-018406,0,,unknown
RT-018407,0,,unknown
RT-018408,0,,unknown
RT-018409,0,,unknown
RT-018410,0,,unknown
RT-018411,1,20.0,price
RT-018412,0,,unknown
RT-018413,1,19.0,tech_migration
RT-018414,0,,unknown
RT-018415,0,,unknown
RT-018416,1,20.0,unknown
RT-018417,0,,unknown
RT-018418,0,,unknown
RT-018419,0,,unknown
RT-018420,0,,unknown
RT-018421,0,,unknown
RT-018422,0,,unknown
RT-018423,0,,unknown
RT-018424,0,,unknown
RT-018425,0,,unknown
RT-018426,0,,unknown
RT-018427,0,,unknown
RT-018428,0,,unknown
RT-018429,0,,unknown
RT-018430,0,,unknown
RT-018431,0,,unknown
RT-018432,0,,unknown
RT-018433,0,,unknown
RT-018434,0,,unknown
RT-018435,0,,unknown
RT-018436,0,,unknown
RT-018437,0,,unknown
RT-018438,0,,unknown
RT-018439,0,,unknown
RT-018440,0,,unknown
RT-018441,0,,unknown
RT-018442,0,,unknown
RT-018443,0,,unknown
RT-018444,0,,unknown
RT-018445,0,,unknown
RT-018446,0,,unknown
RT-018447,0,,unknown
RT-018448,0,,unknown
RT-018449,0,,unknown
RT-018450,0,,unknown
RT-018451,1,21.0,quality
RT-018452,0,,unknown
RT-018453,0,,unknown
RT-018454,0,,unknown
RT-018455,0,,unknown
RT-018456,1,21.0,tech_migration
RT-018457,0,,unknown
RT-018458,0,,unknown
RT-018459,0,,unknown
RT-018460,0,,unknown
RT-018461,0,,unknown
RT-018462,0,,unknown
RT-018463,0,,unknown
RT-018464,0,,unknown
RT-018465,0,,unknown
RT-018466,1,24.0,quality
RT-018467,0,,unknown
RT-018468,0,,unknown
RT-018469,0,,unknown
RT-018470,0,,unknown
RT-018471,0,,unknown
RT-018472,0,,unknown
RT-018473,1,24.0,price
RT-018474,0,,unknown
RT-018475,0,,unknown
RT-018476,0,,unknown
RT-018477,0,,unknown
RT-018478,0,,unknown
RT-018479,0,,unknown
RT-018480,0,,unknown
RT-018481,0,,unknown
RT-018482,0,,unknown
RT-018483,0,,unknown
RT-018484,0,,unknown
RT-018485,0,,unknown
RT-018486,0,,unknown
RT-018487,1,24.0,price
RT-018488,0,,unknown
RT-018489,0,,unknown
RT-018490,0,,unknown
RT-018491,0,,unknown
RT-018492,0,,unknown
RT-018493,0,,unknown
RT-018494,0,,unknown
RT-018495,0,,unknown
RT-018496,0,,unknown
RT-018497,0,,unknown
RT-018498,0,,unknown
RT-018499,0,,unknown
RT-018500,0,,unknown
RT-018501,0,,unknown
RT-018502,0,,unknown
RT-018503,0,,unknown
RT-018504,0,,unknown
RT-018505,0,,unknown
RT-018506,1,24.0,price
RT-018507,0,,unknown
RT-018508,0,,unknown
RT-018509,1,24.0,competitor
RT-018510,0,,unknown
RT-018511,0,,unknown
RT-018512,0,,unknown
RT-018513,0,,unknown
RT-018514,0,,unknown
RT-018515,0,,unknown
RT-018516,0,,unknown
RT-018517,0,,unknown
RT-018518,0,,unknown
RT-018519,0,,unknown
RT-018520,0,,unknown
RT-018521,0,,unknown
RT-018522,0,,unknown
RT-018523,0,,unknown
RT-018524,0,,unknown
RT-018525,0,,unknown
RT-018526,1,23.0,competitor
RT-018527,0,,unknown
RT-018528,0,,unknown
RT-018529,0,,unknown
RT-018530,1,24.0,competitor
RT-018531,0,,unknown
RT-018532,0,,unknown
RT-018533,0,,unknown
RT-018534,0,,unknown
RT-018535,0,,unknown
RT-018536,0,,unknown
RT-018537,0,,unknown
RT-018538,0,,unknown
RT-018539,0,,unknown
RT-018540,0,,unknown
RT-018541,0,,unknown
RT-018542,0,,unknown
RT-018543,1,21.0,price
RT-018544,0,,unknown
RT-018545,0,,unknown
RT-018546,0,,unknown
RT-018547,1,23.0,price
RT-018548,0,,unknown
RT-018549,0,,unknown
RT-018550,0,,unknown
RT-018551,0,,unknown
RT-018552,0,,unknown
RT-018553,0,,unknown
RT-018554,0,,unknown
RT-018555,0,,unknown
RT-018556,0,,unknown
RT-018557,0,,unknown
RT-018558,0,,unknown
RT-018559,0,,unknown
RT-018560,0,,unknown
RT-018561,0,,unknown
RT-018562,0,,unknown
RT-018563,0,,unknown
RT-018564,0,,unknown
RT-018565,0,,unknown
RT-018566,0,,unknown
RT-018567,0,,unknown
RT-018568,0,,unknown
RT-018569,1,24.0,quality
RT-018570,1,24.0,unknown
RT-018571,0,,unknown
RT-018572,0,,unknown
RT-018573,0,,unknown
RT-018574,0,,unknown
RT-018575,0,,unknown
RT-018576,0,,unknown
RT-018577,0,,unknown
RT-018578,0,,unknown
RT-018579,1,22.0,competitor
RT-018580,0,,unknown
RT-018581,0,,unknown
RT-018582,0,,unknown
RT-018583,1,24.0,quality
RT-018584,0,,unknown
RT-018585,0,,unknown
RT-018586,0,,unknown
RT-018587,0,,unknown
RT-018588,0,,unknown
RT-018589,0,,unknown
RT-018590,0,,unknown
RT-018591,0,,unknown
RT-018592,0,,unknown
RT-018593,0,,unknown
RT-018594,0,,unknown
RT-018595,0,,unknown
RT-018596,1,24.0,competitor
RT-018597,0,,unknown
RT-018598,0,,unknown
RT-018599,0,,unknown
RT-018600,0,,unknown
RT-018601,0,,unknown
RT-018602,0,,unknown
RT-018603,0,,unknown
RT-018604,0,,unknown
RT-018605,1,22.0,unknown
RT-018606,0,,unknown
RT-018607,0,,unknown
RT-018608,0,,unknown
RT-018609,0,,unknown
RT-018610,1,23.0,tech_migration
RT-018611,0,,unknown
RT-018612,0,,unknown
RT-018613,0,,unknown
RT-018614,0,,unknown
RT-018615,0,,unknown
RT-018616,1,19.0,competitor
RT-018617,0,,unknown
RT-018618,0,,unknown
RT-018619,1,24.0,competitor
RT-018620,0,,unknown
RT-018621,0,,unknown
RT-018622,0,,unknown
RT-018623,0,,unknown
RT-018624,0,,unknown
RT-018625,0,,unknown
RT-018626,0,,unknown
RT-018627,1,24.0,competitor
RT-018628,0,,unknown
RT-018629,0,,unknown
RT-018630,1,23.0,quality
RT-018631,0,,unknown
RT-018632,0,,unknown
RT-018633,0,,unknown
RT-018634,0,,unknown
RT-018635,0,,unknown
RT-018636,0,,unknown
RT-018637,0,,unknown
RT-018638,0,,unknown
RT-018639,0,,unknown
RT-018640,0,,unknown
RT-018641,0,,unknown
RT-018642,0,,unknown
RT-018643,0,,unknown
RT-018644,0,,unknown
RT-018645,0,,unknown
RT-018646,0,,unknown
RT-018647,0,,unknown
RT-018648,0,,unknown
RT-018649,0,,unknown
RT-018650,0,,unknown
RT-018651,0,,unknown
RT-018652,0,,unknown
RT-018653,1,20.0,competitor
RT-018654,0,,unknown
RT-018655,0,,unknown
RT-018656,0,,unknown
RT-018657,0,,unknown
RT-018658,0,,unknown
RT-018659,0,,unknown
RT-018660,0,,unknown
RT-018661,0,,unknown
RT-018662,0,,unknown
RT-018663,0,,unknown
RT-018664,0,,unknown
RT-018665,0,,unknown
RT-018666,0,,unknown
RT-018667,0,,unknown
RT-018668,0,,unknown
RT-018669,1,24.0,competitor
RT-018670,0,,unknown
RT-018671,0,,unknown
RT-018672,0,,unknown
RT-018673,0,,unknown
RT-018674,0,,unknown
RT-018675,1,20.0,tech_migration
RT-018676,0,,unknown
RT-018677,0,,unknown
RT-018678,0,,unknown
RT-018679,0,,unknown
RT-018680,0,,unknown
RT-018681,0,,unknown
RT-018682,0,,unknown
RT-018683,0,,unknown
RT-018684,0,,unknown
RT-018685,0,,unknown
RT-018686,0,,unknown
RT-018687,0,,unknown
RT-018688,0,,unknown
RT-018689,0,,unknown
RT-018690,1,19.0,price
RT-018691,0,,unknown
RT-018692,0,,unknown
RT-018693,0,,unknown
RT-018694,0,,unknown
RT-018695,0,,unknown
RT-018696,0,,unknown
RT-018697,0,,unknown
RT-018698,0,,unknown
RT-018699,0,,unknown
RT-018700,0,,unknown
RT-018701,0,,unknown
RT-018702,1,22.0,unknown
RT-018703,0,,unknown
RT-018704,0,,unknown
RT-018705,1,21.0,quality
RT-018706,0,,unknown
RT-018707,0,,unknown
RT-018708,0,,unknown
RT-018709,1,23.0,price
RT-018710,1,24.0,tech_migration
RT-018711,0,,unknown
RT-018712,0,,unknown
RT-018713,0,,unknown
RT-018714,0,,unknown
RT-018715,0,,unknown
RT-018716,0,,unknown
RT-018717,0,,unknown
RT-018718,0,,unknown
RT-018719,0,,unknown
RT-018720,0,,unknown
RT-018721,1,19.0,tech_migration
RT-018722,0,,unknown
RT-018723,0,,unknown
RT-018724,0,,unknown
RT-018725,0,,unknown
RT-018726,0,,unknown
RT-018727,0,,unknown
RT-018728,0,,unknown
RT-018729,0,,unknown
RT-018730,0,,unknown
RT-018731,0,,unknown
RT-018732,0,,unknown
RT-018733,0,,unknown
RT-018734,0,,unknown
RT-018735,0,,unknown
RT-018736,0,,unknown
RT-018737,0,,unknown
RT-018738,0,,unknown
RT-018739,0,,unknown
RT-018740,0,,unknown
RT-018741,0,,unknown
RT-018742,0,,unknown
RT-018743,0,,unknown
RT-018744,0,,unknown
RT-018745,0,,unknown
RT-018746,0,,unknown
RT-018747,0,,unknown
RT-018748,0,,unknown
RT-018749,0,,unknown
RT-018750,0,,unknown
RT-018751,0,,unknown
RT-018752,0,,unknown
RT-018753,0,,unknown
RT-018754,0,,unknown
RT-018755,0,,unknown
RT-018756,0,,unknown
RT-018757,0,,unknown
RT-018758,0,,unknown
RT-018759,0,,unknown
RT-018760,1,19.0,unknown
RT-018761,0,,unknown
RT-018762,0,,unknown
RT-018763,0,,unknown
RT-018764,0,,unknown
RT-018765,0,,unknown
RT-018766,0,,unknown
RT-018767,0,,unknown
RT-018768,0,,unknown
RT-018769,0,,unknown
RT-018770,0,,unknown
RT-018771,0,,unknown
RT-018772,0,,unknown
RT-018773,0,,unknown
RT-018774,0,,unknown
RT-018775,1,21.0,tech_migration
RT-018776,0,,unknown
RT-018777,0,,unknown
RT-018778,0,,unknown
RT-018779,0,,unknown
RT-018780,0,,unknown
RT-018781,0,,unknown
RT-018782,1,23.0,tech_migration
RT-018783,0,,unknown
RT-018784,0,,unknown
RT-018785,0,,unknown
RT-018786,0,,unknown
RT-018787,0,,unknown
RT-018788,0,,unknown
RT-018789,1,24.0,tech_migration
RT-018790,0,,unknown
RT-018791,0,,unknown
RT-018792,0,,unknown
RT-018793,0,,unknown
RT-018794,1,20.0,tech_migration
RT-018795,0,,unknown
RT-018796,0,,unknown
RT-018797,0,,unknown
RT-018798,0,,unknown
RT-018799,0,,unknown
RT-018800,0,,unknown
RT-018801,0,,unknown
RT-018802,0,,unknown
RT-018803,0,,unknown
RT-018804,0,,unknown
RT-018805,0,,unknown
RT-018806,0,,unknown
RT-018807,0,,unknown
RT-018808,0,,unknown
RT-018809,0,,unknown
RT-018810,0,,unknown
RT-018811,0,,unknown
RT-018812,0,,unknown
RT-018813,0,,unknown
RT-018814,0,,unknown
RT-018815,0,,unknown
RT-018816,0,,unknown
RT-018817,0,,unknown
RT-018818,0,,unknown
RT-018819,0,,unknown
RT-018820,0,,unknown
RT-018821,0,,unknown
RT-018822,0,,unknown
RT-018823,0,,unknown
RT-018824,0,,unknown
RT-018825,0,,unknown
RT-018826,0,,unknown
RT-018827,0,,unknown
RT-018828,0,,unknown
RT-018829,0,,unknown
RT-018830,0,,unknown
RT-018831,0,,unknown
RT-018832,0,,unknown
RT-018833,0,,unknown
RT-018834,0,,unknown
RT-018835,0,,unknown
RT-018836,0,,unknown
RT-018837,0,,unknown
RT-018838,0,,unknown
RT-018839,0,,unknown
RT-018840,0,,unknown
RT-018841,0,,unknown
RT-018842,0,,unknown
RT-018843,0,,unknown
RT-018844,0,,unknown
RT-018845,0,,unknown
RT-018846,0,,unknown
RT-018847,0,,unknown
RT-018848,0,,unknown
RT-018849,0,,unknown
RT-018850,0,,unknown
RT-018851,0,,unknown
RT-018852,0,,unknown
RT-018853,1,22.0,tech_migration
RT-018854,0,,unknown
RT-018855,0,,unknown
RT-018856,0,,unknown
RT-018857,0,,unknown
RT-018858,0,,unknown
RT-018859,0,,unknown
RT-018860,0,,unknown
RT-018861,0,,unknown
RT-018862,0,,unknown
RT-018863,0,,unknown
RT-018864,1,19.0,unknown
RT-018865,1,21.0,tech_migration
RT-018866,0,,unknown
RT-018867,0,,unknown
RT-018868,0,,unknown
RT-018869,0,,unknown
RT-018870,0,,unknown
RT-018871,0,,unknown
RT-018872,0,,unknown
RT-018873,0,,unknown
RT-018874,0,,unknown
RT-018875,0,,unknown
RT-018876,0,,unknown
RT-018877,0,,unknown
RT-018878,0,,unknown
RT-018879,0,,unknown
RT-018880,1,24.0,competitor
RT-018881,0,,unknown
RT-018882,1,22.0,quality
RT-018883,0,,unknown
RT-018884,0,,unknown
RT-018885,0,,unknown
RT-018886,0,,unknown
RT-018887,0,,unknown
RT-018888,0,,unknown
RT-018889,0,,unknown
RT-018890,0,,unknown
RT-018891,0,,unknown
RT-018892,0,,unknown
RT-018893,0,,unknown
RT-018894,0,,unknown
RT-018895,0,,unknown
RT-018896,0,,unknown
RT-018897,0,,unknown
RT-018898,0,,unknown
RT-018899,0,,unknown
RT-018900,0,,unknown
RT-018901,0,,unknown
RT-018902,0,,unknown
RT-018903,0,,unknown
RT-018904,0,,unknown
RT-018905,0,,unknown
RT-018906,0,,unknown
RT-018907,0,,unknown
RT-018908,0,,unknown
RT-018909,0,,unknown
RT-018910,0,,unknown
RT-018911,0,,unknown
RT-018912,0,,unknown
RT-018913,1,23.0,tech_migration
RT-018914,0,,unknown
RT-018915,0,,unknown
RT-018916,0,,unknown
RT-018917,0,,unknown
RT-018918,0,,unknown
RT-018919,0,,unknown
RT-018920,1,23.0,quality
RT-018921,0,,unknown
RT-018922,0,,unknown
RT-018923,0,,unknown
RT-018924,0,,unknown
RT-018925,0,,unknown
RT-018926,0,,unknown
RT-018927,0,,unknown
RT-018928,1,22.0,quality
RT-018929,0,,unknown
RT-018930,0,,unknown
RT-018931,0,,unknown
RT-018932,0,,unknown
RT-018933,0,,unknown
RT-018934,0,,unknown
RT-018935,0,,unknown
RT-018936,0,,unknown
RT-018937,0,,unknown
RT-018938,1,20.0,unknown
RT-018939,0,,unknown
RT-018940,0,,unknown
RT-018941,0,,unknown
RT-018942,0,,unknown
RT-018943,0,,unknown
RT-018944,0,,unknown
RT-018945,0,,unknown
RT-018946,0,,unknown
RT-018947,0,,unknown
RT-018948,0,,unknown
RT-018949,0,,unknown
RT-018950,0,,unknown
RT-018951,0,,unknown
RT-018952,0,,unknown
RT-018953,0,,unknown
RT-018954,0,,unknown
RT-018955,0,,unknown
RT-018956,0,,unknown
RT-018957,0,,unknown
RT-018958,1,24.0,competitor
RT-018959,0,,unknown
RT-018960,0,,unknown
RT-018961,0,,unknown
RT-018962,0,,unknown
RT-018963,0,,unknown
RT-018964,1,24.0,competitor
RT-018965,0,,unknown
RT-018966,0,,unknown
RT-018967,0,,unknown
RT-018968,0,,unknown
RT-018969,0,,unknown
RT-018970,1,24.0,quality
RT-018971,0,,unknown
RT-018972,0,,unknown
RT-018973,0,,unknown
RT-018974,0,,unknown
RT-018975,0,,unknown
RT-018976,0,,unknown
RT-018977,0,,unknown
RT-018978,0,,unknown
RT-018979,0,,unknown
RT-018980,0,,unknown
RT-018981,0,,unknown
RT-018982,0,,unknown
RT-018983,0,,unknown
RT-018984,0,,unknown
RT-018985,0,,unknown
RT-018986,0,,unknown
RT-018987,0,,unknown
RT-018988,0,,unknown
RT-018989,0,,unknown
RT-018990,1,23.0,price
RT-018991,0,,unknown
RT-018992,1,23.0,competitor
RT-018993,0,,unknown
RT-018994,0,,unknown
RT-018995,0,,unknown
RT-018996,0,,unknown
RT-018997,0,,unknown
RT-018998,0,,unknown
RT-018999,1,22.0,quality
RT-019000,0,,unknown
RT-019001,1,23.0,price
RT-019002,0,,unknown
RT-019003,0,,unknown
RT-019004,0,,unknown
RT-019005,0,,unknown
RT-019006,0,,unknown
RT-019007,0,,unknown
RT-019008,0,,unknown
RT-019009,1,24.0,quality
RT-019010,0,,unknown
RT-019011,1,20.0,price
RT-019012,0,,unknown
RT-019013,0,,unknown
RT-019014,0,,unknown
RT-019015,0,,unknown
RT-019016,0,,unknown
RT-019017,0,,unknown
RT-019018,0,,unknown
RT-019019,0,,unknown
RT-019020,0,,unknown
RT-019021,1,19.0,price
RT-019022,0,,unknown
RT-019023,0,,unknown
RT-019024,0,,unknown
RT-019025,0,,unknown
RT-019026,0,,unknown
RT-019027,0,,unknown
RT-019028,0,,unknown
RT-019029,0,,unknown
RT-019030,0,,unknown
RT-019031,0,,unknown
RT-019032,0,,unknown
RT-019033,0,,unknown
RT-019034,0,,unknown
RT-019035,1,24.0,tech_migration
RT-019036,0,,unknown
RT-019037,0,,unknown
RT-019038,0,,unknown
RT-019039,0,,unknown
RT-019040,0,,unknown
RT-019041,0,,unknown
RT-019042,1,19.0,competitor
RT-019043,0,,unknown
RT-019044,1,21.0,unknown
RT-019045,0,,unknown
RT-019046,0,,unknown
RT-019047,0,,unknown
RT-019048,0,,unknown
RT-019049,0,,unknown
RT-019050,0,,unknown
RT-019051,0,,unknown
RT-019052,0,,unknown
RT-019053,0,,unknown
RT-019054,0,,unknown
RT-019055,0,,unknown
RT-019056,0,,unknown
RT-019057,0,,unknown
RT-019058,0,,unknown
RT-019059,0,,unknown
RT-019060,0,,unknown
RT-019061,0,,unknown
RT-019062,0,,unknown
RT-019063,0,,unknown
RT-019064,0,,unknown
RT-019065,0,,unknown
RT-019066,0,,unknown
RT-019067,0,,unknown
RT-019068,0,,unknown
RT-019069,0,,unknown
RT-019070,0,,unknown
RT-019071,0,,unknown
RT-019072,0,,unknown
RT-019073,0,,unknown
RT-019074,0,,unknown
RT-019075,0,,unknown
RT-019076,0,,unknown
RT-019077,0,,unknown
RT-019078,0,,unknown
RT-019079,0,,unknown
RT-019080,0,,unknown
RT-019081,0,,unknown
RT-019082,0,,unknown
RT-019083,0,,unknown
RT-019084,0,,unknown
RT-019085,0,,unknown
RT-019086,1,19.0,price
RT-019087,0,,unknown
RT-019088,0,,unknown
RT-019089,0,,unknown
RT-019090,0,,unknown
RT-019091,0,,unknown
RT-019092,0,,unknown
RT-019093,0,,unknown
RT-019094,0,,unknown
RT-019095,0,,unknown
RT-019096,0,,unknown
RT-019097,0,,unknown
RT-019098,0,,unknown
RT-019099,0,,unknown
RT-019100,0,,unknown
RT-019101,0,,unknown
RT-019102,0,,unknown
RT-019103,0,,unknown
RT-019104,0,,unknown
RT-019105,0,,unknown
RT-019106,0,,unknown
RT-019107,0,,unknown
RT-019108,0,,unknown
RT-019109,0,,unknown
RT-019110,0,,unknown
RT-019111,0,,unknown
RT-019112,0,,unknown
RT-019113,0,,unknown
RT-019114,0,,unknown
RT-019115,0,,unknown
RT-019116,0,,unknown
RT-019117,0,,unknown
RT-019118,0,,unknown
RT-019119,0,,unknown
RT-019120,0,,unknown
RT-019121,0,,unknown
RT-019122,0,,unknown
RT-019123,0,,unknown
RT-019124,0,,unknown
RT-019125,0,,unknown
RT-019126,0,,unknown
RT-019127,0,,unknown
RT-019128,0,,unknown
RT-019129,0,,unknown
RT-019130,0,,unknown
RT-019131,0,,unknown
RT-019132,0,,unknown
RT-019133,1,22.0,tech_migration
RT-019134,0,,unknown
RT-019135,0,,unknown
RT-019136,0,,unknown
RT-019137,0,,unknown
RT-019138,0,,unknown
RT-019139,0,,unknown
RT-019140,0,,unknown
RT-019141,0,,unknown
RT-019142,0,,unknown
RT-019143,0,,unknown
RT-019144,0,,unknown
RT-019145,0,,unknown
RT-019146,0,,unknown
RT-019147,0,,unknown
RT-019148,0,,unknown
RT-019149,0,,unknown
RT-019150,0,,unknown
RT-019151,0,,unknown
RT-019152,0,,unknown
RT-019153,0,,unknown
RT-019154,0,,unknown
RT-019155,1,24.0,tech_migration
RT-019156,0,,unknown
RT-019157,0,,unknown
RT-019158,0,,unknown
RT-019159,0,,unknown
RT-019160,0,,unknown
RT-019161,0,,unknown
RT-019162,0,,unknown
RT-019163,0,,unknown
RT-019164,0,,unknown
RT-019165,0,,unknown
RT-019166,0,,unknown
RT-019167,0,,unknown
RT-019168,0,,unknown
RT-019169,1,19.0,quality
RT-019170,0,,unknown
RT-019171,0,,unknown
RT-019172,0,,unknown
RT-019173,0,,unknown
RT-019174,0,,unknown
RT-019175,0,,unknown
RT-019176,0,,unknown
RT-019177,0,,unknown
RT-019178,0,,unknown
RT-019179,0,,unknown
RT-019180,0,,unknown
RT-019181,0,,unknown
RT-019182,0,,unknown
RT-019183,1,24.0,quality
RT-019184,1,22.0,unknown
RT-019185,0,,unknown
RT-019186,0,,unknown
RT-019187,0,,unknown
RT-019188,0,,unknown
RT-019189,0,,unknown
RT-019190,0,,unknown
RT-019191,0,,unknown
RT-019192,0,,unknown
RT-019193,0,,unknown
RT-019194,0,,unknown
RT-019195,0,,unknown
RT-019196,0,,unknown
RT-019197,0,,unknown
RT-019198,0,,unknown
RT-019199,0,,unknown
RT-019200,0,,unknown
RT-019201,0,,unknown
RT-019202,0,,unknown
RT-019203,0,,unknown
RT-019204,0,,unknown
RT-019205,0,,unknown
RT-019206,0,,unknown
RT-019207,0,,unknown
RT-019208,1,23.0,competitor
RT-019209,0,,unknown
RT-019210,1,23.0,tech_migration
RT-019211,0,,unknown
RT-019212,1,19.0,competitor
RT-019213,0,,unknown
RT-019214,0,,unknown
RT-019215,0,,unknown
RT-019216,0,,unknown
RT-019217,0,,unknown
RT-019218,0,,unknown
RT-019219,0,,unknown
RT-019220,0,,unknown
RT-019221,0,,unknown
RT-019222,0,,unknown
RT-019223,0,,unknown
RT-019224,0,,unknown
RT-019225,0,,unknown
RT-019226,1,20.0,competitor
RT-019227,0,,unknown
RT-019228,0,,unknown
RT-019229,0,,unknown
RT-019230,0,,unknown
RT-019231,0,,unknown
RT-019232,0,,unknown
RT-019233,0,,unknown
RT-019234,0,,unknown
RT-019235,1,20.0,tech_migration
RT-019236,0,,unknown
RT-019237,0,,unknown
RT-019238,0,,unknown
RT-019239,0,,unknown
RT-019240,0,,unknown
RT-019241,0,,unknown
RT-019242,0,,unknown
RT-019243,1,22.0,unknown
RT-019244,0,,unknown
RT-019245,0,,unknown
RT-019246,0,,unknown
RT-019247,0,,unknown
RT-019248,0,,unknown
RT-019249,0,,unknown
RT-019250,0,,unknown
RT-019251,0,,unknown
RT-019252,0,,unknown
RT-019253,0,,unknown
RT-019254,0,,unknown
RT-019255,0,,unknown
RT-019256,0,,unknown
RT-019257,0,,unknown
RT-019258,0,,unknown
RT-019259,0,,unknown
RT-019260,0,,unknown
RT-019261,0,,unknown
RT-019262,0,,unknown
RT-019263,1,19.0,competitor
RT-019264,0,,unknown
RT-019265,0,,unknown
RT-019266,0,,unknown
RT-019267,0,,unknown
RT-019268,1,24.0,unknown
RT-019269,0,,unknown
RT-019270,0,,unknown
RT-019271,0,,unknown
RT-019272,0,,unknown
RT-019273,0,,unknown
RT-019274,0,,unknown
RT-019275,0,,unknown
RT-019276,0,,unknown
RT-019277,0,,unknown
RT-019278,1,24.0,competitor
RT-019279,0,,unknown
RT-019280,0,,unknown
RT-019281,0,,unknown
RT-019282,0,,unknown
RT-019283,0,,unknown
RT-019284,0,,unknown
RT-019285,0,,unknown
RT-019286,0,,unknown
RT-019287,0,,unknown
RT-019288,0,,unknown
RT-019289,1,22.0,unknown
RT-019290,0,,unknown
RT-019291,0,,unknown
RT-019292,0,,unknown
RT-019293,0,,unknown
RT-019294,0,,unknown
RT-019295,0,,unknown
RT-019296,0,,unknown
RT-019297,0,,unknown
RT-019298,0,,unknown
RT-019299,0,,unknown
RT-019300,0,,unknown
RT-019301,0,,unknown
RT-019302,0,,unknown
RT-019303,0,,unknown
RT-019304,0,,unknown
RT-019305,0,,unknown
RT-019306,0,,unknown
RT-019307,0,,unknown
RT-019308,0,,unknown
RT-019309,0,,unknown
RT-019310,0,,unknown
RT-019311,0,,unknown
RT-019312,0,,unknown
RT-019313,0,,unknown
RT-019314,0,,unknown
RT-019315,0,,unknown
RT-019316,0,,unknown
RT-019317,0,,unknown
RT-019318,0,,unknown
RT-019319,0,,unknown
RT-019320,0,,unknown
RT-019321,0,,unknown
RT-019322,0,,unknown
RT-019323,0,,unknown
RT-019324,0,,unknown
RT-019325,0,,unknown
RT-019326,0,,unknown
RT-019327,0,,unknown
RT-019328,0,,unknown
RT-019329,0,,unknown
RT-019330,0,,unknown
RT-019331,0,,unknown
RT-019332,0,,unknown
RT-019333,0,,unknown
RT-019334,0,,unknown
RT-019335,0,,unknown
RT-019336,0,,unknown
RT-019337,0,,unknown
RT-019338,0,,unknown
RT-019339,0,,unknown
RT-019340,0,,unknown
RT-019341,0,,unknown
RT-019342,0,,unknown
RT-019343,0,,unknown
RT-019344,0,,unknown
RT-019345,0,,unknown
RT-019346,0,,unknown
RT-019347,0,,unknown
RT-019348,0,,unknown
RT-019349,0,,unknown
RT-019350,0,,unknown
RT-019351,0,,unknown
RT-019352,0,,unknown
RT-019353,0,,unknown
RT-019354,0,,unknown
RT-019355,1,20.0,tech_migration
RT-019356,0,,unknown
RT-019357,0,,unknown
RT-019358,0,,unknown
RT-019359,0,,unknown
RT-019360,1,19.0,price
RT-019361,0,,unknown
RT-019362,0,,unknown
RT-019363,0,,unknown
RT-019364,0,,unknown
RT-019365,0,,unknown
RT-019366,0,,unknown
RT-019367,0,,unknown
RT-019368,0,,unknown
RT-019369,0,,unknown
RT-019370,0,,unknown
RT-019371,0,,unknown
RT-019372,0,,unknown
RT-019373,0,,unknown
RT-019374,0,,unknown
RT-019375,0,,unknown
RT-019376,0,,unknown
RT-019377,0,,unknown
RT-019378,0,,unknown
RT-019379,0,,unknown
RT-019380,0,,unknown
RT-019381,0,,unknown
RT-019382,0,,unknown
RT-019383,0,,unknown
RT-019384,0,,unknown
RT-019385,0,,unknown
RT-019386,0,,unknown
RT-019387,1,20.0,tech_migration
RT-019388,0,,unknown
RT-019389,0,,unknown
RT-019390,0,,unknown
RT-019391,0,,unknown
RT-019392,0,,unknown
RT-019393,0,,unknown
RT-019394,0,,unknown
RT-019395,0,,unknown
RT-019396,0,,unknown
RT-019397,0,,unknown
RT-019398,0,,unknown
RT-019399,0,,unknown
RT-019400,0,,unknown
RT-019401,0,,unknown
RT-019402,0,,unknown
RT-019403,0,,unknown
RT-019404,0,,unknown
RT-019405,0,,unknown
RT-019406,0,,unknown
RT-019407,0,,unknown
RT-019408,0,,unknown
RT-019409,0,,unknown
RT-019410,0,,unknown
RT-019411,0,,unknown
RT-019412,0,,unknown
RT-019413,0,,unknown
RT-019414,0,,unknown
RT-019415,0,,unknown
RT-019416,1,24.0,tech_migration
RT-019417,0,,unknown
RT-019418,0,,unknown
RT-019419,0,,unknown
RT-019420,0,,unknown
RT-019421,0,,unknown
RT-019422,1,19.0,unknown
RT-019423,0,,unknown
RT-019424,0,,unknown
RT-019425,0,,unknown
RT-019426,0,,unknown
RT-019427,0,,unknown
RT-019428,0,,unknown
RT-019429,0,,unknown
RT-019430,0,,unknown
RT-019431,0,,unknown
RT-019432,0,,unknown
RT-019433,0,,unknown
RT-019434,0,,unknown
RT-019435,0,,unknown
RT-019436,0,,unknown
RT-019437,0,,unknown
RT-019438,0,,unknown
RT-019439,1,23.0,competitor
RT-019440,0,,unknown
RT-019441,0,,unknown
RT-019442,0,,unknown
RT-019443,0,,unknown
RT-019444,0,,unknown
RT-019445,0,,unknown
RT-019446,0,,unknown
RT-019447,0,,unknown
RT-019448,0,,unknown
RT-019449,0,,unknown
RT-019450,0,,unknown
RT-019451,0,,unknown
RT-019452,0,,unknown
RT-019453,0,,unknown
RT-019454,0,,unknown
RT-019455,0,,unknown
RT-019456,0,,unknown
RT-019457,0,,unknown
RT-019458,1,23.0,tech_migration
RT-019459,0,,unknown
RT-019460,0,,unknown
RT-019461,0,,unknown
RT-019462,0,,unknown
RT-019463,0,,unknown
RT-019464,0,,unknown
RT-019465,0,,unknown
RT-019466,0,,unknown
RT-019467,0,,unknown
RT-019468,0,,unknown
RT-019469,0,,unknown
RT-019470,1,24.0,competitor
RT-019471,0,,unknown
RT-019472,0,,unknown
RT-019473,1,21.0,unknown
RT-019474,0,,unknown
RT-019475,0,,unknown
RT-019476,0,,unknown
RT-019477,0,,unknown
RT-019478,0,,unknown
RT-019479,0,,unknown
RT-019480,0,,unknown
RT-019481,0,,unknown
RT-019482,1,24.0,competitor
RT-019483,0,,unknown
RT-019484,0,,unknown
RT-019485,0,,unknown
RT-019486,0,,unknown
RT-019487,0,,unknown
RT-019488,0,,unknown
RT-019489,0,,unknown
RT-019490,1,21.0,price
RT-019491,0,,unknown
RT-019492,0,,unknown
RT-019493,0,,unknown
RT-019494,1,21.0,unknown
RT-019495,0,,unknown
RT-019496,0,,unknown
RT-019497,0,,unknown
RT-019498,1,20.0,price
RT-019499,1,24.0,price
RT-019500,1,24.0,quality
RT-019501,0,,unknown
RT-019502,0,,unknown
RT-019503,0,,unknown
RT-019504,1,24.0,tech_migration
RT-019505,0,,unknown
RT-019506,0,,unknown
RT-019507,0,,unknown
RT-019508,1,19.0,unknown
RT-019509,0,,unknown
RT-019510,0,,unknown
RT-019511,0,,unknown
RT-019512,0,,unknown
RT-019513,0,,unknown
RT-019514,0,,unknown
RT-019515,0,,unknown
RT-019516,0,,unknown
RT-019517,0,,unknown
RT-019518,0,,unknown
RT-019519,1,21.0,tech_migration
RT-019520,0,,unknown
RT-019521,0,,unknown
RT-019522,0,,unknown
RT-019523,0,,unknown
RT-019524,0,,unknown
RT-019525,0,,unknown
RT-019526,0,,unknown
RT-019527,0,,unknown
RT-019528,0,,unknown
RT-019529,1,20.0,competitor
RT-019530,0,,unknown
RT-019531,0,,unknown
RT-019532,0,,unknown
RT-019533,0,,unknown
RT-019534,0,,unknown
RT-019535,0,,unknown
RT-019536,0,,unknown
RT-019537,0,,unknown
RT-019538,1,21.0,quality
RT-019539,0,,unknown
RT-019540,0,,unknown
RT-019541,0,,unknown
RT-019542,0,,unknown
RT-019543,0,,unknown
RT-019544,1,21.0,tech_migration
RT-019545,0,,unknown
RT-019546,0,,unknown
RT-019547,0,,unknown
RT-019548,0,,unknown
RT-019549,0,,unknown
RT-019550,0,,unknown
RT-019551,0,,unknown
RT-019552,0,,unknown
RT-019553,0,,unknown
RT-019554,0,,unknown
RT-019555,0,,unknown
RT-019556,0,,unknown
RT-019557,0,,unknown
RT-019558,0,,unknown
RT-019559,0,,unknown
RT-019560,1,20.0,competitor
RT-019561,0,,unknown
RT-019562,0,,unknown
RT-019563,0,,unknown
RT-019564,0,,unknown
RT-019565,0,,unknown
RT-019566,0,,unknown
RT-019567,0,,unknown
RT-019568,0,,unknown
RT-019569,0,,unknown
RT-019570,0,,unknown
RT-019571,0,,unknown
RT-019572,0,,unknown
RT-019573,0,,unknown
RT-019574,0,,unknown
RT-019575,0,,unknown
RT-019576,0,,unknown
RT-019577,1,24.0,tech_migration
RT-019578,0,,unknown
RT-019579,1,22.0,competitor
RT-019580,0,,unknown
RT-019581,1,24.0,unknown
RT-019582,0,,unknown
RT-019583,0,,unknown
RT-019584,0,,unknown
RT-019585,1,19.0,price
RT-019586,0,,unknown
RT-019587,0,,unknown
RT-019588,0,,unknown
RT-019589,0,,unknown
RT-019590,0,,unknown
RT-019591,0,,unknown
RT-019592,0,,unknown
RT-019593,1,21.0,unknown
RT-019594,0,,unknown
RT-019595,0,,unknown
RT-019596,0,,unknown
RT-019597,0,,unknown
RT-019598,0,,unknown
RT-019599,0,,unknown
RT-019600,0,,unknown
RT-019601,0,,unknown
RT-019602,0,,unknown
RT-019603,0,,unknown
RT-019604,0,,unknown
RT-019605,1,23.0,unknown
RT-019606,0,,unknown
RT-019607,1,19.0,tech_migration
RT-019608,0,,unknown
RT-019609,0,,unknown
RT-019610,0,,unknown
RT-019611,0,,unknown
RT-019612,0,,unknown
RT-019613,0,,unknown
RT-019614,0,,unknown
RT-019615,0,,unknown
RT-019616,0,,unknown
RT-019617,0,,unknown
RT-019618,1,21.0,quality
RT-019619,0,,unknown
RT-019620,0,,unknown
RT-019621,0,,unknown
RT-019622,0,,unknown
RT-019623,0,,unknown
RT-019624,0,,unknown
RT-019625,0,,unknown
RT-019626,0,,unknown
RT-019627,0,,unknown
RT-019628,1,19.0,tech_migration
RT-019629,0,,unknown
RT-019630,0,,unknown
RT-019631,0,,unknown
RT-019632,0,,unknown
RT-019633,1,24.0,unknown
RT-019634,1,24.0,price
RT-019635,0,,unknown
RT-019636,0,,unknown
RT-019637,0,,unknown
RT-019638,0,,unknown
RT-019639,0,,unknown
RT-019640,0,,unknown
RT-019641,0,,unknown
RT-019642,1,24.0,unknown
RT-019643,0,,unknown
RT-019644,0,,unknown
RT-019645,0,,unknown
RT-019646,0,,unknown
RT-019647,0,,unknown
RT-019648,1,22.0,price
RT-019649,1,24.0,quality
RT-019650,0,,unknown
RT-019651,0,,unknown
RT-019652,0,,unknown
RT-019653,1,20.0,tech_migration
RT-019654,0,,unknown
RT-019655,1,22.0,unknown
RT-019656,0,,unknown
RT-019657,0,,unknown
RT-019658,0,,unknown
RT-019659,0,,unknown
RT-019660,0,,unknown
RT-019661,0,,unknown
RT-019662,0,,unknown
RT-019663,0,,unknown
RT-019664,0,,unknown
RT-019665,0,,unknown
RT-019666,0,,unknown
RT-019667,0,,unknown
RT-019668,0,,unknown
RT-019669,0,,unknown
RT-019670,0,,unknown
RT-019671,0,,unknown
RT-019672,1,21.0,unknown
RT-019673,0,,unknown
RT-019674,0,,unknown
RT-019675,0,,unknown
RT-019676,0,,unknown
RT-019677,0,,unknown
RT-019678,0,,unknown
RT-019679,0,,unknown
RT-019680,0,,unknown
RT-019681,0,,unknown
RT-019682,0,,unknown
RT-019683,0,,unknown
RT-019684,0,,unknown
RT-019685,1,22.0,price
RT-019686,0,,unknown
RT-019687,0,,unknown
RT-019688,0,,unknown
RT-019689,0,,unknown
RT-019690,0,,unknown
RT-019691,0,,unknown
RT-019692,0,,unknown
RT-019693,0,,unknown
RT-019694,0,,unknown
RT-019695,1,24.0,tech_migration
RT-019696,0,,unknown
RT-019697,0,,unknown
RT-019698,0,,unknown
RT-019699,0,,unknown
RT-019700,0,,unknown
RT-019701,0,,unknown
RT-019702,0,,unknown
RT-019703,0,,unknown
RT-019704,1,24.0,quality
RT-019705,0,,unknown
RT-019706,0,,unknown
RT-019707,0,,unknown
RT-019708,0,,unknown
RT-019709,0,,unknown
RT-019710,0,,unknown
RT-019711,0,,unknown
RT-019712,0,,unknown
RT-019713,0,,unknown
RT-019714,0,,unknown
RT-019715,0,,unknown
RT-019716,0,,unknown
RT-019717,0,,unknown
RT-019718,0,,unknown
RT-019719,1,20.0,tech_migration
RT-019720,0,,unknown
RT-019721,0,,unknown
RT-019722,0,,unknown
RT-019723,0,,unknown
RT-019724,0,,unknown
RT-019725,0,,unknown
RT-019726,0,,unknown
RT-019727,0,,unknown
RT-019728,0,,unknown
RT-019729,0,,unknown
RT-019730,0,,unknown
RT-019731,0,,unknown
RT-019732,0,,unknown
RT-019733,0,,unknown
RT-019734,0,,unknown
RT-019735,0,,unknown
RT-019736,1,23.0,tech_migration
RT-019737,0,,unknown
RT-019738,0,,unknown
RT-019739,0,,unknown
RT-019740,0,,unknown
RT-019741,0,,unknown
RT-019742,0,,unknown
RT-019743,0,,unknown
RT-019744,0,,unknown
RT-019745,0,,unknown
RT-019746,0,,unknown
RT-019747,0,,unknown
RT-019748,0,,unknown
RT-019749,0,,unknown
RT-019750,0,,unknown
RT-019751,0,,unknown
RT-019752,1,24.0,unknown
RT-019753,0,,unknown
RT-019754,0,,unknown
RT-019755,1,19.0,quality
RT-019756,0,,unknown
RT-019757,0,,unknown
RT-019758,0,,unknown
RT-019759,0,,unknown
RT-019760,0,,unknown
RT-019761,0,,unknown
RT-019762,0,,unknown
RT-019763,0,,unknown
RT-019764,0,,unknown
RT-019765,0,,unknown
RT-019766,0,,unknown
RT-019767,1,20.0,competitor
RT-019768,0,,unknown
RT-019769,0,,unknown
RT-019770,0,,unknown
RT-019771,0,,unknown
RT-019772,0,,unknown
RT-019773,0,,unknown
RT-019774,0,,unknown
RT-019775,0,,unknown
RT-019776,0,,unknown
RT-019777,0,,unknown
RT-019778,0,,unknown
RT-019779,0,,unknown
RT-019780,1,24.0,quality
RT-019781,0,,unknown
RT-019782,0,,unknown
RT-019783,0,,unknown
RT-019784,0,,unknown
RT-019785,0,,unknown
RT-019786,0,,unknown
RT-019787,0,,unknown
RT-019788,0,,unknown
RT-019789,0,,unknown
RT-019790,0,,unknown
RT-019791,0,,unknown
RT-019792,0,,unknown
RT-019793,0,,unknown
RT-019794,0,,unknown
RT-019795,0,,unknown
RT-019796,0,,unknown
RT-019797,0,,unknown
RT-019798,0,,unknown
RT-019799,0,,unknown
RT-019800,0,,unknown
RT-019801,1,24.0,unknown
RT-019802,0,,unknown
RT-019803,0,,unknown
RT-019804,0,,unknown
RT-019805,0,,unknown
RT-019806,0,,unknown
RT-019807,0,,unknown
RT-019808,0,,unknown
RT-019809,0,,unknown
RT-019810,0,,unknown
RT-019811,1,24.0,competitor
RT-019812,0,,unknown
RT-019813,0,,unknown
RT-019814,0,,unknown
RT-019815,0,,unknown
RT-019816,0,,unknown
RT-019817,0,,unknown
RT-019818,0,,unknown
RT-019819,0,,unknown
RT-019820,1,24.0,tech_migration
RT-019821,0,,unknown
RT-019822,0,,unknown
RT-019823,0,,unknown
RT-019824,0,,unknown
RT-019825,0,,unknown
RT-019826,0,,unknown
RT-019827,0,,unknown
RT-019828,0,,unknown
RT-019829,1,22.0,unknown
RT-019830,0,,unknown
RT-019831,0,,unknown
RT-019832,0,,unknown
RT-019833,0,,unknown
RT-019834,0,,unknown
RT-019835,0,,unknown
RT-019836,0,,unknown
RT-019837,1,20.0,tech_migration
RT-019838,0,,unknown
RT-019839,0,,unknown
RT-019840,0,,unknown
RT-019841,0,,unknown
RT-019842,0,,unknown
RT-019843,0,,unknown
RT-019844,0,,unknown
RT-019845,0,,unknown
RT-019846,0,,unknown
RT-019847,0,,unknown
RT-019848,0,,unknown
RT-019849,0,,unknown
RT-019850,0,,unknown
RT-019851,0,,unknown
RT-019852,0,,unknown
RT-019853,0,,unknown
RT-019854,0,,unknown
RT-019855,0,,unknown
RT-019856,0,,unknown
RT-019857,0,,unknown
RT-019858,0,,unknown
RT-019859,0,,unknown
RT-019860,0,,unknown
RT-019861,0,,unknown
RT-019862,0,,unknown
RT-019863,0,,unknown
RT-019864,0,,unknown
RT-019865,0,,unknown
RT-019866,0,,unknown
RT-019867,0,,unknown
RT-019868,0,,unknown
RT-019869,0,,unknown
RT-019870,0,,unknown
RT-019871,0,,unknown
RT-019872,0,,unknown
RT-019873,0,,unknown
RT-019874,0,,unknown
RT-019875,0,,unknown
RT-019876,0,,unknown
RT-019877,0,,unknown
RT-019878,0,,unknown
RT-019879,0,,unknown
RT-019880,0,,unknown
RT-019881,0,,unknown
RT-019882,0,,unknown
RT-019883,0,,unknown
RT-019884,1,19.0,quality
RT-019885,0,,unknown
RT-019886,0,,unknown
RT-019887,0,,unknown
RT-019888,1,21.0,price
RT-019889,0,,unknown
RT-019890,0,,unknown
RT-019891,0,,unknown
RT-019892,0,,unknown
RT-019893,1,22.0,price
RT-019894,0,,unknown
RT-019895,0,,unknown
RT-019896,0,,unknown
RT-019897,0,,unknown
RT-019898,0,,unknown
RT-019899,0,,unknown
RT-019900,0,,unknown
RT-019901,0,,unknown
RT-019902,0,,unknown
RT-019903,0,,unknown
RT-019904,0,,unknown
RT-019905,0,,unknown
RT-019906,0,,unknown
RT-019907,0,,unknown
RT-019908,0,,unknown
RT-019909,0,,unknown
RT-019910,0,,unknown
RT-019911,0,,unknown
RT-019912,0,,unknown
RT-019913,0,,unknown
RT-019914,0,,unknown
RT-019915,0,,unknown
RT-019916,0,,unknown
RT-019917,0,,unknown
RT-019918,0,,unknown
RT-019919,0,,unknown
RT-019920,0,,unknown
RT-019921,0,,unknown
RT-019922,1,19.0,price
RT-019923,0,,unknown
RT-019924,0,,unknown
RT-019925,0,,unknown
RT-019926,0,,unknown
RT-019927,0,,unknown
RT-019928,0,,unknown
RT-019929,0,,unknown
RT-019930,1,24.0,tech_migration
RT-019931,0,,unknown
RT-019932,0,,unknown
RT-019933,0,,unknown
RT-019934,0,,unknown
RT-019935,0,,unknown
RT-019936,0,,unknown
RT-019937,0,,unknown
RT-019938,0,,unknown
RT-019939,0,,unknown
RT-019940,0,,unknown
RT-019941,0,,unknown
RT-019942,0,,unknown
RT-019943,0,,unknown
RT-019944,0,,unknown
RT-019945,0,,unknown
RT-019946,0,,unknown
RT-019947,1,24.0,quality
RT-019948,0,,unknown
RT-019949,0,,unknown
RT-019950,0,,unknown
RT-019951,0,,unknown
RT-019952,0,,unknown
RT-019953,0,,unknown
RT-019954,0,,unknown
RT-019955,0,,unknown
RT-019956,0,,unknown
RT-019957,1,19.0,unknown
RT-019958,0,,unknown
RT-019959,0,,unknown
RT-019960,0,,unknown
RT-019961,0,,unknown
RT-019962,0,,unknown
RT-019963,1,19.0,tech_migration
RT-019964,0,,unknown
RT-019965,0,,unknown
RT-019966,0,,unknown
RT-019967,0,,unknown
RT-019968,0,,unknown
RT-019969,0,,unknown
RT-019970,0,,unknown
RT-019971,0,,unknown
RT-019972,0,,unknown
RT-019973,0,,unknown
RT-019974,0,,unknown
RT-019975,0,,unknown
RT-019976,0,,unknown
RT-019977,0,,unknown
RT-019978,0,,unknown
RT-019979,0,,unknown
RT-019980,0,,unknown
RT-019981,0,,unknown
RT-019982,0,,unknown
RT-019983,0,,unknown
RT-019984,0,,unknown
RT-019985,0,,unknown
RT-019986,0,,unknown
RT-019987,0,,unknown
RT-019988,0,,unknown
RT-019989,1,24.0,price
RT-019990,0,,unknown
RT-019991,0,,unknown
RT-019992,0,,unknown
RT-019993,0,,unknown
RT-019994,0,,unknown
RT-019995,0,,unknown
RT-019996,0,,unknown
RT-019997,0,,unknown
RT-019998,1,22.0,price
RT-019999,0,,unknown
RT-020000,0,,unknown
RT-020001,0,,unknown
RT-020002,0,,unknown
RT-020003,0,,unknown
RT-020004,0,,unknown
RT-020005,0,,unknown
RT-020006,0,,unknown
RT-020007,0,,unknown
RT-020008,0,,unknown
RT-020009,1,24.0,tech_migration
RT-020010,0,,unknown
RT-020011,1,20.0,price
RT-020012,0,,unknown
RT-020013,0,,unknown
RT-020014,0,,unknown
RT-020015,0,,unknown
RT-020016,0,,unknown
RT-020017,0,,unknown
RT-020018,1,24.0,price
RT-020019,0,,unknown
RT-020020,0,,unknown
RT-020021,0,,unknown
RT-020022,0,,unknown
RT-020023,0,,unknown
RT-020024,0,,unknown
RT-020025,0,,unknown
RT-020026,0,,unknown
RT-020027,0,,unknown
RT-020028,0,,unknown
RT-020029,0,,unknown
RT-020030,0,,unknown
RT-020031,0,,unknown
RT-020032,0,,unknown
RT-020033,0,,unknown
RT-020034,0,,unknown
RT-020035,0,,unknown
RT-020036,0,,unknown
RT-020037,0,,unknown
RT-020038,0,,unknown
RT-020039,0,,unknown
RT-020040,0,,unknown
RT-020041,0,,unknown
RT-020042,1,19.0,unknown
RT-020043,0,,unknown
RT-020044,0,,unknown
RT-020045,0,,unknown
RT-020046,0,,unknown
RT-020047,0,,unknown
RT-020048,0,,unknown
RT-020049,0,,unknown
RT-020050,0,,unknown
RT-020051,0,,unknown
RT-020052,0,,unknown
RT-020053,0,,unknown
RT-020054,0,,unknown
RT-020055,0,,unknown
RT-020056,1,24.0,price
RT-020057,0,,unknown
RT-020058,0,,unknown
RT-020059,1,19.0,tech_migration
RT-020060,0,,unknown
RT-020061,0,,unknown
RT-020062,0,,unknown
RT-020063,0,,unknown
RT-020064,1,21.0,unknown
RT-020065,0,,unknown
RT-020066,0,,unknown
RT-020067,0,,unknown
RT-020068,0,,unknown
RT-020069,1,24.0,quality
RT-020070,0,,unknown
RT-020071,0,,unknown
RT-020072,0,,unknown
RT-020073,0,,unknown
RT-020074,0,,unknown
RT-020075,0,,unknown
RT-020076,0,,unknown
RT-020077,0,,unknown
RT-020078,0,,unknown
RT-020079,0,,unknown
RT-020080,0,,unknown
RT-020081,0,,unknown
RT-020082,0,,unknown
RT-020083,0,,unknown
RT-020084,0,,unknown
RT-020085,0,,unknown
RT-020086,0,,unknown
RT-020087,0,,unknown
RT-020088,0,,unknown
RT-020089,0,,unknown
RT-020090,0,,unknown
RT-020091,0,,unknown
RT-020092,1,23.0,tech_migration
RT-020093,0,,unknown
RT-020094,0,,unknown
RT-020095,0,,unknown
RT-020096,0,,unknown
RT-020097,0,,unknown
RT-020098,0,,unknown
RT-020099,0,,unknown
RT-020100,0,,unknown
RT-020101,0,,unknown
RT-020102,0,,unknown
RT-020103,0,,unknown
RT-020104,0,,unknown
RT-020105,0,,unknown
RT-020106,0,,unknown
RT-020107,0,,unknown
RT-020108,0,,unknown
RT-020109,0,,unknown
RT-020110,0,,unknown
RT-020111,0,,unknown
RT-020112,0,,unknown
RT-020113,0,,unknown
RT-020114,0,,unknown
RT-020115,0,,unknown
RT-020116,0,,unknown
RT-020117,1,19.0,quality
RT-020118,0,,unknown
RT-020119,0,,unknown
RT-020120,0,,unknown
RT-020121,0,,unknown
RT-020122,0,,unknown
RT-020123,0,,unknown
RT-020124,1,20.0,tech_migration
RT-020125,0,,unknown
RT-020126,0,,unknown
RT-020127,0,,unknown
RT-020128,0,,unknown
RT-020129,0,,unknown
RT-020130,0,,unknown
RT-020131,0,,unknown
RT-020132,0,,unknown
RT-020133,0,,unknown
RT-020134,0,,unknown
RT-020135,0,,unknown
RT-020136,0,,unknown
RT-020137,1,23.0,price
RT-020138,0,,unknown
RT-020139,0,,unknown
RT-020140,0,,unknown
RT-020141,0,,unknown
RT-020142,1,21.0,price
RT-020143,0,,unknown
RT-020144,0,,unknown
RT-020145,0,,unknown
RT-020146,0,,unknown
RT-020147,0,,unknown
RT-020148,0,,unknown
RT-020149,0,,unknown
RT-020150,0,,unknown
RT-020151,0,,unknown
RT-020152,0,,unknown
RT-020153,0,,unknown
RT-020154,0,,unknown
RT-020155,0,,unknown
RT-020156,0,,unknown
RT-020157,0,,unknown
RT-020158,0,,unknown
RT-020159,0,,unknown
RT-020160,0,,unknown
RT-020161,0,,unknown
RT-020162,0,,unknown
RT-020163,0,,unknown
RT-020164,0,,unknown
RT-020165,0,,unknown
RT-020166,0,,unknown
RT-020167,0,,unknown
RT-020168,0,,unknown
RT-020169,0,,unknown
RT-020170,0,,unknown
RT-020171,0,,unknown
RT-020172,0,,unknown
RT-020173,0,,unknown
RT-020174,0,,unknown
RT-020175,0,,unknown
RT-020176,0,,unknown
RT-020177,0,,unknown
RT-020178,0,,unknown
RT-020179,0,,unknown
RT-020180,0,,unknown
RT-020181,0,,unknown
RT-020182,0,,unknown
RT-020183,0,,unknown
RT-020184,0,,unknown
RT-020185,0,,unknown
RT-020186,0,,unknown
RT-020187,0,,unknown
RT-020188,0,,unknown
RT-020189,0,,unknown
RT-020190,0,,unknown
RT-020191,0,,unknown
RT-020192,0,,unknown
RT-020193,0,,unknown
RT-020194,0,,unknown
RT-020195,0,,unknown
RT-020196,0,,unknown
RT-020197,1,21.0,unknown
RT-020198,0,,unknown
RT-020199,0,,unknown
RT-020200,0,,unknown
RT-020201,0,,unknown
RT-020202,0,,unknown
RT-020203,0,,unknown
RT-020204,0,,unknown
RT-020205,0,,unknown
RT-020206,0,,unknown
RT-020207,0,,unknown
RT-020208,0,,unknown
RT-020209,0,,unknown
RT-020210,0,,unknown
RT-020211,0,,unknown
RT-020212,0,,unknown
RT-020213,0,,unknown
RT-020214,0,,unknown
RT-020215,0,,unknown
RT-020216,0,,unknown
RT-020217,0,,unknown
RT-020218,0,,unknown
RT-020219,0,,unknown
RT-020220,0,,unknown
RT-020221,0,,unknown
RT-020222,0,,unknown
RT-020223,0,,unknown
RT-020224,0,,unknown
RT-020225,0,,unknown
RT-020226,0,,unknown
RT-020227,0,,unknown
RT-020228,1,20.0,price
RT-020229,0,,unknown
RT-020230,0,,unknown
RT-020231,0,,unknown
RT-020232,0,,unknown
RT-020233,0,,unknown
RT-020234,0,,unknown
RT-020235,0,,unknown
RT-020236,0,,unknown
RT-020237,0,,unknown
RT-020238,1,23.0,tech_migration
RT-020239,0,,unknown
RT-020240,0,,unknown
RT-020241,0,,unknown
RT-020242,0,,unknown
RT-020243,0,,unknown
RT-020244,0,,unknown
RT-020245,0,,unknown
RT-020246,0,,unknown
RT-020247,0,,unknown
RT-020248,0,,unknown
RT-020249,0,,unknown
RT-020250,0,,unknown
RT-020251,1,20.0,price
RT-020252,1,22.0,tech_migration
RT-020253,0,,unknown
RT-020254,0,,unknown
RT-020255,0,,unknown
RT-020256,0,,unknown
RT-020257,0,,unknown
RT-020258,0,,unknown
RT-020259,0,,unknown
RT-020260,0,,unknown
RT-020261,1,21.0,tech_migration
RT-020262,0,,unknown
RT-020263,0,,unknown
RT-020264,1,23.0,quality
RT-020265,0,,unknown
RT-020266,1,20.0,tech_migration
RT-020267,0,,unknown
RT-020268,0,,unknown
RT-020269,0,,unknown
RT-020270,1,21.0,quality
RT-020271,0,,unknown
RT-020272,0,,unknown
RT-020273,0,,unknown
RT-020274,0,,unknown
RT-020275,0,,unknown
RT-020276,0,,unknown
RT-020277,0,,unknown
RT-020278,0,,unknown
RT-020279,0,,unknown
RT-020280,0,,unknown
RT-020281,0,,unknown
RT-020282,0,,unknown
RT-020283,0,,unknown
RT-020284,0,,unknown
RT-020285,0,,unknown
RT-020286,0,,unknown
RT-020287,1,24.0,unknown
RT-020288,0,,unknown
RT-020289,1,23.0,quality
RT-020290,0,,unknown
RT-020291,0,,unknown
RT-020292,0,,unknown
RT-020293,0,,unknown
RT-020294,0,,unknown
RT-020295,0,,unknown
RT-020296,0,,unknown
RT-020297,0,,unknown
RT-020298,0,,unknown
RT-020299,0,,unknown
RT-020300,0,,unknown
RT-020301,0,,unknown
RT-020302,0,,unknown
RT-020303,0,,unknown
RT-020304,0,,unknown
RT-020305,0,,unknown
RT-020306,0,,unknown
RT-020307,0,,unknown
RT-020308,0,,unknown
RT-020309,0,,unknown
RT-020310,0,,unknown
RT-020311,0,,unknown
RT-020312,0,,unknown
RT-020313,0,,unknown
RT-020314,1,24.0,price
RT-020315,0,,unknown
RT-020316,0,,unknown
RT-020317,1,19.0,unknown
RT-020318,1,21.0,price
RT-020319,0,,unknown
RT-020320,0,,unknown
RT-020321,0,,unknown
RT-020322,0,,unknown
RT-020323,0,,unknown
RT-020324,0,,unknown
RT-020325,0,,unknown
RT-020326,0,,unknown
RT-020327,0,,unknown
RT-020328,0,,unknown
RT-020329,0,,unknown
RT-020330,0,,unknown
RT-020331,0,,unknown
RT-020332,0,,unknown
RT-020333,1,19.0,unknown
RT-020334,0,,unknown
RT-020335,0,,unknown
RT-020336,0,,unknown
RT-020337,0,,unknown
RT-020338,0,,unknown
RT-020339,0,,unknown
RT-020340,0,,unknown
RT-020341,0,,unknown
RT-020342,1,19.0,tech_migration
RT-020343,0,,unknown
RT-020344,0,,unknown
RT-020345,0,,unknown
RT-020346,1,24.0,unknown
RT-020347,0,,unknown
RT-020348,0,,unknown
RT-020349,0,,unknown
RT-020350,0,,unknown
RT-020351,0,,unknown
RT-020352,1,24.0,unknown
RT-020353,0,,unknown
RT-020354,0,,unknown
RT-020355,1,21.0,quality
RT-020356,0,,unknown
RT-020357,0,,unknown
RT-020358,0,,unknown
RT-020359,0,,unknown
RT-020360,0,,unknown
RT-020361,0,,unknown
RT-020362,0,,unknown
RT-020363,0,,unknown
RT-020364,0,,unknown
RT-020365,0,,unknown
RT-020366,0,,unknown
RT-020367,0,,unknown
RT-020368,0,,unknown
RT-020369,1,24.0,tech_migration
RT-020370,0,,unknown
RT-020371,0,,unknown
RT-020372,0,,unknown
RT-020373,0,,unknown
RT-020374,0,,unknown
RT-020375,0,,unknown
RT-020376,0,,unknown
RT-020377,0,,unknown
RT-020378,0,,unknown
RT-020379,0,,unknown
RT-020380,0,,unknown
RT-020381,0,,unknown
RT-020382,0,,unknown
RT-020383,1,21.0,price
RT-020384,0,,unknown
RT-020385,0,,unknown
RT-020386,0,,unknown
RT-020387,0,,unknown
RT-020388,0,,unknown
RT-020389,0,,unknown
RT-020390,0,,unknown
RT-020391,0,,unknown
RT-020392,0,,unknown
RT-020393,0,,unknown
RT-020394,0,,unknown
RT-020395,1,23.0,tech_migration
RT-020396,0,,unknown
RT-020397,0,,unknown
RT-020398,0,,unknown
RT-020399,0,,unknown
RT-020400,0,,unknown
RT-020401,0,,unknown
RT-020402,0,,unknown
RT-020403,0,,unknown
RT-020404,0,,unknown
RT-020405,0,,unknown
RT-020406,1,20.0,competitor
RT-020407,0,,unknown
RT-020408,0,,unknown
RT-020409,0,,unknown
RT-020410,0,,unknown
RT-020411,0,,unknown
RT-020412,0,,unknown
RT-020413,0,,unknown
RT-020414,0,,unknown
RT-020415,1,19.0,price
RT-020416,0,,unknown
RT-020417,0,,unknown
RT-020418,0,,unknown
RT-020419,0,,unknown
RT-020420,1,24.0,tech_migration
RT-020421,0,,unknown
RT-020422,0,,unknown
RT-020423,0,,unknown
RT-020424,0,,unknown
RT-020425,0,,unknown
RT-020426,0,,unknown
RT-020427,0,,unknown
RT-020428,0,,unknown
RT-020429,0,,unknown
RT-020430,0,,unknown
RT-020431,0,,unknown
RT-020432,0,,unknown
RT-020433,0,,unknown
RT-020434,0,,unknown
RT-020435,0,,unknown
RT-020436,1,22.0,quality
RT-020437,0,,unknown
RT-020438,0,,unknown
RT-020439,0,,unknown
RT-020440,0,,unknown
RT-020441,0,,unknown
RT-020442,0,,unknown
RT-020443,1,22.0,price
RT-020444,0,,unknown
RT-020445,0,,unknown
RT-020446,0,,unknown
RT-020447,0,,unknown
RT-020448,1,24.0,unknown
RT-020449,0,,unknown
RT-020450,0,,unknown
RT-020451,0,,unknown
RT-020452,0,,unknown
RT-020453,0,,unknown
RT-020454,0,,unknown
RT-020455,0,,unknown
RT-020456,0,,unknown
RT-020457,0,,unknown
RT-020458,0,,unknown
RT-020459,0,,unknown
RT-020460,0,,unknown
RT-020461,0,,unknown
RT-020462,0,,unknown
RT-020463,0,,unknown
RT-020464,0,,unknown
RT-020465,0,,unknown
RT-020466,0,,unknown
RT-020467,0,,unknown
RT-020468,0,,unknown
RT-020469,0,,unknown
RT-020470,0,,unknown
RT-020471,0,,unknown
RT-020472,0,,unknown
RT-020473,0,,unknown
RT-020474,0,,unknown
RT-020475,0,,unknown
RT-020476,0,,unknown
RT-020477,0,,unknown
RT-020478,0,,unknown
RT-020479,0,,unknown
RT-020480,0,,unknown
RT-020481,0,,unknown
RT-020482,0,,unknown
RT-020483,0,,unknown
RT-020484,0,,unknown
RT-020485,0,,unknown
RT-020486,0,,unknown
RT-020487,0,,unknown
RT-020488,0,,unknown
RT-020489,0,,unknown
RT-020490,0,,unknown
RT-020491,1,23.0,quality
RT-020492,0,,unknown
RT-020493,0,,unknown
RT-020494,0,,unknown
RT-020495,0,,unknown
RT-020496,0,,unknown
RT-020497,0,,unknown
RT-020498,0,,unknown
RT-020499,0,,unknown
RT-020500,0,,unknown
RT-020501,1,24.0,tech_migration
RT-020502,0,,unknown
RT-020503,0,,unknown
RT-020504,1,19.0,tech_migration
RT-020505,0,,unknown
RT-020506,0,,unknown
RT-020507,0,,unknown
RT-020508,0,,unknown
RT-020509,0,,unknown
RT-020510,0,,unknown
RT-020511,0,,unknown
RT-020512,0,,unknown
RT-020513,0,,unknown
RT-020514,0,,unknown
RT-020515,0,,unknown
RT-020516,0,,unknown
RT-020517,0,,unknown
RT-020518,0,,unknown
RT-020519,0,,unknown
RT-020520,0,,unknown
RT-020521,0,,unknown
RT-020522,0,,unknown
RT-020523,0,,unknown
RT-020524,0,,unknown
RT-020525,0,,unknown
RT-020526,0,,unknown
RT-020527,0,,unknown
RT-020528,0,,unknown
RT-020529,0,,unknown
RT-020530,0,,unknown
RT-020531,0,,unknown
RT-020532,0,,unknown
RT-020533,0,,unknown
RT-020534,0,,unknown
RT-020535,0,,unknown
RT-020536,0,,unknown
RT-020537,0,,unknown
RT-020538,0,,unknown
RT-020539,0,,unknown
RT-020540,0,,unknown
RT-020541,0,,unknown
RT-020542,0,,unknown
RT-020543,0,,unknown
RT-020544,0,,unknown
RT-020545,0,,unknown
RT-020546,1,19.0,price
RT-020547,0,,unknown
RT-020548,0,,unknown
RT-020549,0,,unknown
RT-020550,0,,unknown
RT-020551,1,24.0,unknown
RT-020552,0,,unknown
RT-020553,0,,unknown
RT-020554,0,,unknown
RT-020555,0,,unknown
RT-020556,0,,unknown
RT-020557,0,,unknown
RT-020558,0,,unknown
RT-020559,0,,unknown
RT-020560,0,,unknown
RT-020561,0,,unknown
RT-020562,0,,unknown
RT-020563,0,,unknown
RT-020564,0,,unknown
RT-020565,0,,unknown
RT-020566,1,23.0,quality
RT-020567,0,,unknown
RT-020568,0,,unknown
RT-020569,0,,unknown
RT-020570,0,,unknown
RT-020571,0,,unknown
RT-020572,0,,unknown
RT-020573,1,23.0,unknown
RT-020574,0,,unknown
RT-020575,0,,unknown
RT-020576,0,,unknown
RT-020577,1,19.0,unknown
RT-020578,0,,unknown
RT-020579,0,,unknown
RT-020580,1,22.0,competitor
RT-020581,0,,unknown
RT-020582,0,,unknown
RT-020583,0,,unknown
RT-020584,0,,unknown
RT-020585,0,,unknown
RT-020586,0,,unknown
RT-020587,0,,unknown
RT-020588,0,,unknown
RT-020589,0,,unknown
RT-020590,0,,unknown
RT-020591,0,,unknown
RT-020592,0,,unknown
RT-020593,0,,unknown
RT-020594,0,,unknown
RT-020595,0,,unknown
RT-020596,1,20.0,quality
RT-020597,0,,unknown
RT-020598,0,,unknown
RT-020599,0,,unknown
RT-020600,0,,unknown
RT-020601,1,21.0,tech_migration
RT-020602,0,,unknown
RT-020603,0,,unknown
RT-020604,0,,unknown
RT-020605,0,,unknown
RT-020606,0,,unknown
RT-020607,0,,unknown
RT-020608,1,19.0,price
RT-020609,1,19.0,unknown
RT-020610,0,,unknown
RT-020611,0,,unknown
RT-020612,0,,unknown
RT-020613,0,,unknown
RT-020614,0,,unknown
RT-020615,0,,unknown
RT-020616,0,,unknown
RT-020617,0,,unknown
RT-020618,0,,unknown
RT-020619,0,,unknown
RT-020620,0,,unknown
RT-020621,0,,unknown
RT-020622,0,,unknown
RT-020623,0,,unknown
RT-020624,0,,unknown
RT-020625,0,,unknown
RT-020626,0,,unknown
RT-020627,0,,unknown
RT-020628,0,,unknown
RT-020629,0,,unknown
RT-020630,0,,unknown
RT-020631,0,,unknown
RT-020632,1,24.0,price
RT-020633,0,,unknown
RT-020634,0,,unknown
RT-020635,0,,unknown
RT-020636,0,,unknown
RT-020637,0,,unknown
RT-020638,0,,unknown
RT-020639,1,24.0,competitor
RT-020640,1,24.0,competitor
RT-020641,0,,unknown
RT-020642,0,,unknown
RT-020643,0,,unknown
RT-020644,0,,unknown
RT-020645,0,,unknown
RT-020646,1,21.0,unknown
RT-020647,0,,unknown
RT-020648,1,23.0,price
RT-020649,0,,unknown
RT-020650,0,,unknown
RT-020651,0,,unknown
RT-020652,1,20.0,competitor
RT-020653,1,23.0,tech_migration
RT-020654,0,,unknown
RT-020655,0,,unknown
RT-020656,0,,unknown
RT-020657,0,,unknown
RT-020658,0,,unknown
RT-020659,0,,unknown
RT-020660,0,,unknown
RT-020661,0,,unknown
RT-020662,0,,unknown
RT-020663,0,,unknown
RT-020664,0,,unknown
RT-020665,1,19.0,tech_migration
RT-020666,1,23.0,unknown
RT-020667,0,,unknown
RT-020668,0,,unknown
RT-020669,0,,unknown
RT-020670,0,,unknown
RT-020671,0,,unknown
RT-020672,0,,unknown
RT-020673,0,,unknown
RT-020674,0,,unknown
RT-020675,0,,unknown
RT-020676,0,,unknown
RT-020677,0,,unknown
RT-020678,0,,unknown
RT-020679,0,,unknown
RT-020680,0,,unknown
RT-020681,0,,unknown
RT-020682,0,,unknown
RT-020683,0,,unknown
RT-020684,0,,unknown
RT-020685,0,,unknown
RT-020686,0,,unknown
RT-020687,0,,unknown
RT-020688,0,,unknown
RT-020689,0,,unknown
RT-020690,0,,unknown
RT-020691,0,,unknown
RT-020692,0,,unknown
RT-020693,0,,unknown
RT-020694,0,,unknown
RT-020695,0,,unknown
RT-020696,0,,unknown
RT-020697,0,,unknown
RT-020698,0,,unknown
RT-020699,1,23.0,tech_migration
RT-020700,0,,unknown
RT-020701,0,,unknown
RT-020702,0,,unknown
RT-020703,0,,unknown
RT-020704,0,,unknown
RT-020705,0,,unknown
RT-020706,0,,unknown
RT-020707,0,,unknown
RT-020708,0,,unknown
RT-020709,0,,unknown
RT-020710,0,,unknown
RT-020711,0,,unknown
RT-020712,0,,unknown
RT-020713,0,,unknown
RT-020714,0,,unknown
RT-020715,0,,unknown
RT-020716,1,21.0,quality
RT-020717,0,,unknown
RT-020718,0,,unknown
RT-020719,0,,unknown
RT-020720,0,,unknown
RT-020721,0,,unknown
RT-020722,0,,unknown
RT-020723,0,,unknown
RT-020724,0,,unknown
RT-020725,0,,unknown
RT-020726,0,,unknown
RT-020727,0,,unknown
RT-020728,0,,unknown
RT-020729,0,,unknown
RT-020730,0,,unknown
RT-020731,0,,unknown
RT-020732,0,,unknown
RT-020733,0,,unknown
RT-020734,0,,unknown
RT-020735,0,,unknown
RT-020736,0,,unknown
RT-020737,0,,unknown
RT-020738,0,,unknown
RT-020739,0,,unknown
RT-020740,1,23.0,unknown
RT-020741,0,,unknown
RT-020742,1,19.0,tech_migration
RT-020743,0,,unknown
RT-020744,0,,unknown
RT-020745,0,,unknown
RT-020746,0,,unknown
RT-020747,0,,unknown
RT-020748,1,19.0,unknown
RT-020749,0,,unknown
RT-020750,0,,unknown
RT-020751,0,,unknown
RT-020752,0,,unknown
RT-020753,0,,unknown
RT-020754,0,,unknown
RT-020755,1,19.0,quality
RT-020756,1,19.0,quality
RT-020757,0,,unknown
RT-020758,0,,unknown
RT-020759,0,,unknown
RT-020760,0,,unknown
RT-020761,0,,unknown
RT-020762,0,,unknown
RT-020763,0,,unknown
RT-020764,0,,unknown
RT-020765,0,,unknown
RT-020766,0,,unknown
RT-020767,0,,unknown
RT-020768,0,,unknown
RT-020769,1,19.0,price
RT-020770,0,,unknown
RT-020771,0,,unknown
RT-020772,0,,unknown
RT-020773,0,,unknown
RT-020774,0,,unknown
RT-020775,0,,unknown
RT-020776,0,,unknown
RT-020777,0,,unknown
RT-020778,0,,unknown
RT-020779,0,,unknown
RT-020780,0,,unknown
RT-020781,0,,unknown
RT-020782,0,,unknown
RT-020783,0,,unknown
RT-020784,0,,unknown
RT-020785,0,,unknown
RT-020786,0,,unknown
RT-020787,1,23.0,unknown
RT-020788,0,,unknown
RT-020789,0,,unknown
RT-020790,0,,unknown
RT-020791,0,,unknown
RT-020792,0,,unknown
RT-020793,1,21.0,unknown
RT-020794,0,,unknown
RT-020795,0,,unknown
RT-020796,0,,unknown
RT-020797,0,,unknown
RT-020798,0,,unknown
RT-020799,0,,unknown
RT-020800,1,24.0,unknown
RT-020801,0,,unknown
RT-020802,0,,unknown
RT-020803,1,19.0,tech_migration
RT-020804,0,,unknown
RT-020805,0,,unknown
RT-020806,1,23.0,tech_migration
RT-020807,0,,unknown
RT-020808,1,24.0,tech_migration
RT-020809,0,,unknown
RT-020810,0,,unknown
RT-020811,1,19.0,tech_migration
RT-020812,0,,unknown
RT-020813,0,,unknown
RT-020814,0,,unknown
RT-020815,0,,unknown
RT-020816,1,20.0,tech_migration
RT-020817,0,,unknown
RT-020818,0,,unknown
RT-020819,0,,unknown
RT-020820,0,,unknown
RT-020821,0,,unknown
RT-020822,0,,unknown
RT-020823,0,,unknown
RT-020824,0,,unknown
RT-020825,0,,unknown
RT-020826,0,,unknown
RT-020827,0,,unknown
RT-020828,1,20.0,competitor
RT-020829,0,,unknown
RT-020830,1,21.0,tech_migration
RT-020831,0,,unknown
RT-020832,0,,unknown
RT-020833,0,,unknown
RT-020834,0,,unknown
RT-020835,0,,unknown
RT-020836,0,,unknown
RT-020837,0,,unknown
RT-020838,0,,unknown
RT-020839,0,,unknown
RT-020840,0,,unknown
RT-020841,0,,unknown
RT-020842,0,,unknown
RT-020843,0,,unknown
RT-020844,0,,unknown
RT-020845,0,,unknown
RT-020846,0,,unknown
RT-020847,0,,unknown
RT-020848,0,,unknown
RT-020849,0,,unknown
RT-020850,0,,unknown
RT-020851,0,,unknown
RT-020852,0,,unknown
RT-020853,0,,unknown
RT-020854,0,,unknown
RT-020855,0,,unknown
RT-020856,0,,unknown
RT-020857,0,,unknown
RT-020858,0,,unknown
RT-020859,0,,unknown
RT-020860,0,,unknown
RT-020861,0,,unknown
RT-020862,0,,unknown
RT-020863,0,,unknown
RT-020864,0,,unknown
RT-020865,0,,unknown
RT-020866,0,,unknown
RT-020867,1,21.0,price
RT-020868,1,22.0,quality
RT-020869,0,,unknown
RT-020870,0,,unknown
RT-020871,0,,unknown
RT-020872,1,24.0,unknown
RT-020873,0,,unknown
RT-020874,0,,unknown
RT-020875,0,,unknown
RT-020876,0,,unknown
RT-020877,0,,unknown
RT-020878,1,19.0,tech_migration
RT-020879,0,,unknown
RT-020880,0,,unknown
RT-020881,0,,unknown
RT-020882,0,,unknown
RT-020883,0,,unknown
RT-020884,0,,unknown
RT-020885,0,,unknown
RT-020886,0,,unknown
RT-020887,0,,unknown
RT-020888,0,,unknown
RT-020889,0,,unknown
RT-020890,0,,unknown
RT-020891,0,,unknown
RT-020892,0,,unknown
RT-020893,0,,unknown
RT-020894,1,24.0,unknown
RT-020895,0,,unknown
RT-020896,0,,unknown
RT-020897,0,,unknown
RT-020898,0,,unknown
RT-020899,0,,unknown
RT-020900,1,22.0,unknown
RT-020901,0,,unknown
RT-020902,0,,unknown
RT-020903,0,,unknown
RT-020904,0,,unknown
RT-020905,0,,unknown
RT-020906,0,,unknown
RT-020907,0,,unknown
RT-020908,0,,unknown
RT-020909,0,,unknown
RT-020910,0,,unknown
RT-020911,0,,unknown
RT-020912,0,,unknown
RT-020913,0,,unknown
RT-020914,0,,unknown
RT-020915,0,,unknown
RT-020916,0,,unknown
RT-020917,0,,unknown
RT-020918,0,,unknown
RT-020919,0,,unknown
RT-020920,0,,unknown
RT-020921,0,,unknown
RT-020922,0,,unknown
RT-020923,0,,unknown
RT-020924,0,,unknown
RT-020925,0,,unknown
RT-020926,0,,unknown
RT-020927,0,,unknown
RT-020928,0,,unknown
RT-020929,0,,unknown
RT-020930,0,,unknown
RT-020931,0,,unknown
RT-020932,0,,unknown
RT-020933,1,23.0,unknown
RT-020934,0,,unknown
RT-020935,0,,unknown
RT-020936,0,,unknown
RT-020937,0,,unknown
RT-020938,0,,unknown
RT-020939,0,,unknown
RT-020940,0,,unknown
RT-020941,0,,unknown
RT-020942,0,,unknown
RT-020943,0,,unknown
RT-020944,0,,unknown
RT-020945,0,,unknown
RT-020946,0,,unknown
RT-020947,1,22.0,price
RT-020948,0,,unknown
RT-020949,0,,unknown
RT-020950,0,,unknown
RT-020951,0,,unknown
RT-020952,0,,unknown
RT-020953,0,,unknown
RT-020954,0,,unknown
RT-020955,0,,unknown
RT-020956,1,24.0,quality
RT-020957,0,,unknown
RT-020958,0,,unknown
RT-020959,0,,unknown
RT-020960,1,24.0,quality
RT-020961,0,,unknown
RT-020962,0,,unknown
RT-020963,0,,unknown
RT-020964,0,,unknown
RT-020965,0,,unknown
RT-020966,0,,unknown
RT-020967,0,,unknown
RT-020968,0,,unknown
RT-020969,0,,unknown
RT-020970,0,,unknown
RT-020971,0,,unknown
RT-020972,0,,unknown
RT-020973,0,,unknown
RT-020974,0,,unknown
RT-020975,0,,unknown
RT-020976,0,,unknown
RT-020977,0,,unknown
RT-020978,0,,unknown
RT-020979,0,,unknown
RT-020980,0,,unknown
RT-020981,0,,unknown
RT-020982,0,,unknown
RT-020983,0,,unknown
RT-020984,0,,unknown
RT-020985,0,,unknown
RT-020986,0,,unknown
RT-020987,0,,unknown
RT-020988,0,,unknown
RT-020989,0,,unknown
RT-020990,0,,unknown
RT-020991,0,,unknown
RT-020992,0,,unknown
RT-020993,0,,unknown
RT-020994,0,,unknown
RT-020995,0,,unknown
RT-020996,0,,unknown
RT-020997,0,,unknown
RT-020998,0,,unknown
RT-020999,0,,unknown
RT-021000,0,,unknown
RT-021001,0,,unknown
RT-021002,0,,unknown
RT-021003,0,,unknown
RT-021004,0,,unknown
RT-021005,0,,unknown
RT-021006,0,,unknown
RT-021007,0,,unknown
RT-021008,0,,unknown
RT-021009,0,,unknown
RT-021010,0,,unknown
RT-021011,0,,unknown
RT-021012,0,,unknown
RT-021013,0,,unknown
RT-021014,0,,unknown
RT-021015,0,,unknown
RT-021016,0,,unknown
RT-021017,0,,unknown
RT-021018,0,,unknown
RT-021019,0,,unknown
RT-021020,0,,unknown
RT-021021,1,24.0,tech_migration
RT-021022,0,,unknown
RT-021023,1,24.0,price
RT-021024,0,,unknown
RT-021025,0,,unknown
RT-021026,0,,unknown
RT-021027,0,,unknown
RT-021028,0,,unknown
RT-021029,0,,unknown
RT-021030,0,,unknown
RT-021031,0,,unknown
RT-021032,0,,unknown
RT-021033,0,,unknown
RT-021034,0,,unknown
RT-021035,0,,unknown
RT-021036,0,,unknown
RT-021037,0,,unknown
RT-021038,0,,unknown
RT-021039,1,23.0,quality
RT-021040,0,,unknown
RT-021041,0,,unknown
RT-021042,0,,unknown
RT-021043,0,,unknown
RT-021044,0,,unknown
RT-021045,0,,unknown
RT-021046,0,,unknown
RT-021047,0,,unknown
RT-021048,0,,unknown
RT-021049,0,,unknown
RT-021050,1,24.0,unknown
RT-021051,0,,unknown
RT-021052,0,,unknown
RT-021053,0,,unknown
RT-021054,0,,unknown
RT-021055,0,,unknown
RT-021056,0,,unknown
RT-021057,0,,unknown
RT-021058,0,,unknown
RT-021059,0,,unknown
RT-021060,0,,unknown
RT-021061,0,,unknown
RT-021062,0,,unknown
RT-021063,0,,unknown
RT-021064,0,,unknown
RT-021065,0,,unknown
RT-021066,0,,unknown
RT-021067,0,,unknown
RT-021068,0,,unknown
RT-021069,0,,unknown
RT-021070,0,,unknown
RT-021071,0,,unknown
RT-021072,0,,unknown
RT-021073,1,23.0,unknown
RT-021074,0,,unknown
RT-021075,0,,unknown
RT-021076,0,,unknown
RT-021077,0,,unknown
RT-021078,0,,unknown
RT-021079,0,,unknown
RT-021080,1,24.0,unknown
RT-021081,0,,unknown
RT-021082,0,,unknown
RT-021083,0,,unknown
RT-021084,0,,unknown
RT-021085,0,,unknown
RT-021086,0,,unknown
RT-021087,0,,unknown
RT-021088,0,,unknown
RT-021089,0,,unknown
RT-021090,0,,unknown
RT-021091,0,,unknown
RT-021092,0,,unknown
RT-021093,0,,unknown
RT-021094,0,,unknown
RT-021095,0,,unknown
RT-021096,0,,unknown
RT-021097,0,,unknown
RT-021098,0,,unknown
RT-021099,0,,unknown
RT-021100,0,,unknown
RT-021101,0,,unknown
RT-021102,0,,unknown
RT-021103,0,,unknown
RT-021104,0,,unknown
RT-021105,0,,unknown
RT-021106,1,22.0,quality
RT-021107,0,,unknown
RT-021108,0,,unknown
RT-021109,0,,unknown
RT-021110,0,,unknown
RT-021111,0,,unknown
RT-021112,1,22.0,price
RT-021113,0,,unknown
RT-021114,0,,unknown
RT-021115,1,23.0,tech_migration
RT-021116,0,,unknown
RT-021117,1,19.0,price
RT-021118,0,,unknown
RT-021119,0,,unknown
RT-021120,0,,unknown
RT-021121,0,,unknown
RT-021122,0,,unknown
RT-021123,0,,unknown
RT-021124,0,,unknown
RT-021125,0,,unknown
RT-021126,0,,unknown
RT-021127,0,,unknown
RT-021128,0,,unknown
RT-021129,0,,unknown
RT-021130,0,,unknown
RT-021131,0,,unknown
RT-021132,0,,unknown
RT-021133,0,,unknown
RT-021134,0,,unknown
RT-021135,0,,unknown
RT-021136,0,,unknown
RT-021137,0,,unknown
RT-021138,0,,unknown
RT-021139,0,,unknown
RT-021140,1,20.0,tech_migration
RT-021141,0,,unknown
RT-021142,0,,unknown
RT-021143,0,,unknown
RT-021144,0,,unknown
RT-021145,0,,unknown
RT-021146,0,,unknown
RT-021147,0,,unknown
RT-021148,0,,unknown
RT-021149,1,19.0,tech_migration
RT-021150,0,,unknown
RT-021151,0,,unknown
RT-021152,0,,unknown
RT-021153,0,,unknown
RT-021154,0,,unknown
RT-021155,0,,unknown
RT-021156,0,,unknown
RT-021157,0,,unknown
RT-021158,0,,unknown
RT-021159,0,,unknown
RT-021160,0,,unknown
RT-021161,0,,unknown
RT-021162,0,,unknown
RT-021163,0,,unknown
RT-021164,0,,unknown
RT-021165,0,,unknown
RT-021166,0,,unknown
RT-021167,0,,unknown
RT-021168,0,,unknown
RT-021169,0,,unknown
RT-021170,0,,unknown
RT-021171,0,,unknown
RT-021172,1,24.0,price
RT-021173,0,,unknown
RT-021174,0,,unknown
RT-021175,0,,unknown
RT-021176,0,,unknown
RT-021177,0,,unknown
RT-021178,0,,unknown
RT-021179,0,,unknown
RT-021180,0,,unknown
RT-021181,0,,unknown
RT-021182,1,20.0,quality
RT-021183,0,,unknown
RT-021184,0,,unknown
RT-021185,0,,unknown
RT-021186,0,,unknown
RT-021187,0,,unknown
RT-021188,0,,unknown
RT-021189,0,,unknown
RT-021190,0,,unknown
RT-021191,1,23.0,unknown
RT-021192,0,,unknown
RT-021193,0,,unknown
RT-021194,0,,unknown
RT-021195,0,,unknown
RT-021196,0,,unknown
RT-021197,0,,unknown
RT-021198,0,,unknown
RT-021199,1,22.0,quality
RT-021200,0,,unknown
RT-021201,0,,unknown
RT-021202,1,22.0,price
RT-021203,0,,unknown
RT-021204,0,,unknown
RT-021205,0,,unknown
RT-021206,0,,unknown
RT-021207,0,,unknown
RT-021208,0,,unknown
RT-021209,0,,unknown
RT-021210,0,,unknown
RT-021211,0,,unknown
RT-021212,0,,unknown
RT-021213,0,,unknown
RT-021214,0,,unknown
RT-021215,0,,unknown
RT-021216,0,,unknown
RT-021217,0,,unknown
RT-021218,0,,unknown
RT-021219,1,20.0,tech_migration
RT-021220,0,,unknown
RT-021221,0,,unknown
RT-021222,0,,unknown
RT-021223,0,,unknown
RT-021224,0,,unknown
RT-021225,0,,unknown
RT-021226,0,,unknown
RT-021227,0,,unknown
RT-021228,1,24.0,unknown
RT-021229,1,24.0,unknown
RT-021230,0,,unknown
RT-021231,1,21.0,unknown
RT-021232,0,,unknown
RT-021233,0,,unknown
RT-021234,0,,unknown
RT-021235,0,,unknown
RT-021236,1,23.0,unknown
RT-021237,0,,unknown
RT-021238,0,,unknown
RT-021239,0,,unknown
RT-021240,0,,unknown
RT-021241,0,,unknown
RT-021242,0,,unknown
RT-021243,0,,unknown
RT-021244,0,,unknown
RT-021245,0,,unknown
RT-021246,0,,unknown
RT-021247,0,,unknown
RT-021248,0,,unknown
RT-021249,0,,unknown
RT-021250,0,,unknown
RT-021251,1,24.0,quality
RT-021252,0,,unknown
RT-021253,0,,unknown
RT-021254,0,,unknown
RT-021255,0,,unknown
RT-021256,0,,unknown
RT-021257,0,,unknown
RT-021258,0,,unknown
RT-021259,0,,unknown
RT-021260,0,,unknown
RT-021261,0,,unknown
RT-021262,0,,unknown
RT-021263,0,,unknown
RT-021264,0,,unknown
RT-021265,0,,unknown
RT-021266,0,,unknown
RT-021267,0,,unknown
RT-021268,0,,unknown
RT-021269,0,,unknown
RT-021270,0,,unknown
RT-021271,0,,unknown
RT-021272,0,,unknown
RT-021273,1,21.0,competitor
RT-021274,0,,unknown
RT-021275,0,,unknown
RT-021276,0,,unknown
RT-021277,0,,unknown
RT-021278,0,,unknown
RT-021279,0,,unknown
RT-021280,0,,unknown
RT-021281,0,,unknown
RT-021282,0,,unknown
RT-021283,1,24.0,tech_migration
RT-021284,0,,unknown
RT-021285,0,,unknown
RT-021286,0,,unknown
RT-021287,0,,unknown
RT-021288,0,,unknown
RT-021289,0,,unknown
RT-021290,0,,unknown
RT-021291,0,,unknown
RT-021292,1,21.0,unknown
RT-021293,0,,unknown
RT-021294,0,,unknown
RT-021295,0,,unknown
RT-021296,0,,unknown
RT-021297,0,,unknown
RT-021298,0,,unknown
RT-021299,0,,unknown
RT-021300,0,,unknown
RT-021301,0,,unknown
RT-021302,0,,unknown
RT-021303,0,,unknown
RT-021304,1,22.0,tech_migration
RT-021305,0,,unknown
RT-021306,0,,unknown
RT-021307,0,,unknown
RT-021308,1,24.0,unknown
RT-021309,0,,unknown
RT-021310,1,24.0,competitor
RT-021311,1,21.0,quality
RT-021312,0,,unknown
RT-021313,0,,unknown
RT-021314,0,,unknown
RT-021315,0,,unknown
RT-021316,0,,unknown
RT-021317,0,,unknown
RT-021318,0,,unknown
RT-021319,0,,unknown
RT-021320,0,,unknown
RT-021321,0,,unknown
RT-021322,0,,unknown
RT-021323,0,,unknown
RT-021324,0,,unknown
RT-021325,0,,unknown
RT-021326,0,,unknown
RT-021327,0,,unknown
RT-021328,1,24.0,tech_migration
RT-021329,0,,unknown
RT-021330,0,,unknown
RT-021331,0,,unknown
RT-021332,0,,unknown
RT-021333,1,20.0,tech_migration
RT-021334,0,,unknown
RT-021335,0,,unknown
RT-021336,0,,unknown
RT-021337,0,,unknown
RT-021338,0,,unknown
RT-021339,0,,unknown
RT-021340,0,,unknown
RT-021341,0,,unknown
RT-021342,0,,unknown
RT-021343,0,,unknown
RT-021344,0,,unknown
RT-021345,0,,unknown
RT-021346,0,,unknown
RT-021347,0,,unknown
RT-021348,0,,unknown
RT-021349,0,,unknown
RT-021350,0,,unknown
RT-021351,1,20.0,unknown
RT-021352,0,,unknown
RT-021353,0,,unknown
RT-021354,0,,unknown
RT-021355,0,,unknown
RT-021356,0,,unknown
RT-021357,0,,unknown
RT-021358,0,,unknown
RT-021359,0,,unknown
RT-021360,0,,unknown
RT-021361,0,,unknown
RT-021362,0,,unknown
RT-021363,0,,unknown
RT-021364,0,,unknown
RT-021365,0,,unknown
RT-021366,0,,unknown
RT-021367,0,,unknown
RT-021368,0,,unknown
RT-021369,0,,unknown
RT-021370,0,,unknown
RT-021371,1,24.0,quality
RT-021372,0,,unknown
RT-021373,0,,unknown
RT-021374,0,,unknown
RT-021375,0,,unknown
RT-021376,0,,unknown
RT-021377,0,,unknown
RT-021378,0,,unknown
RT-021379,0,,unknown
RT-021380,0,,unknown
RT-021381,0,,unknown
RT-021382,0,,unknown
RT-021383,0,,unknown
RT-021384,0,,unknown
RT-021385,0,,unknown
RT-021386,0,,unknown
RT-021387,0,,unknown
RT-021388,0,,unknown
RT-021389,0,,unknown
RT-021390,0,,unknown
RT-021391,1,19.0,price
RT-021392,0,,unknown
RT-021393,0,,unknown
RT-021394,0,,unknown
RT-021395,0,,unknown
RT-021396,0,,unknown
RT-021397,0,,unknown
RT-021398,0,,unknown
RT-021399,0,,unknown
RT-021400,0,,unknown
RT-021401,1,20.0,unknown
RT-021402,0,,unknown
RT-021403,0,,unknown
RT-021404,0,,unknown
RT-021405,0,,unknown
RT-021406,0,,unknown
RT-021407,0,,unknown
RT-021408,0,,unknown
RT-021409,0,,unknown
RT-021410,0,,unknown
RT-021411,0,,unknown
RT-021412,0,,unknown
RT-021413,0,,unknown
RT-021414,0,,unknown
RT-021415,0,,unknown
RT-021416,0,,unknown
RT-021417,0,,unknown
RT-021418,0,,unknown
RT-021419,0,,unknown
RT-021420,0,,unknown
RT-021421,1,19.0,tech_migration
RT-021422,0,,unknown
RT-021423,0,,unknown
RT-021424,0,,unknown
RT-021425,1,19.0,price
RT-021426,0,,unknown
RT-021427,0,,unknown
RT-021428,0,,unknown
RT-021429,0,,unknown
RT-021430,1,22.0,unknown
RT-021431,0,,unknown
RT-021432,0,,unknown
RT-021433,0,,unknown
RT-021434,0,,unknown
RT-021435,0,,unknown
RT-021436,0,,unknown
RT-021437,0,,unknown
RT-021438,0,,unknown
RT-021439,0,,unknown
RT-021440,1,22.0,unknown
RT-021441,0,,unknown
RT-021442,0,,unknown
RT-021443,0,,unknown
RT-021444,0,,unknown
RT-021445,0,,unknown
RT-021446,0,,unknown
RT-021447,0,,unknown
RT-021448,0,,unknown
RT-021449,0,,unknown
RT-021450,0,,unknown
RT-021451,1,24.0,unknown
RT-021452,0,,unknown
RT-021453,1,21.0,unknown
RT-021454,0,,unknown
RT-021455,0,,unknown
RT-021456,0,,unknown
RT-021457,0,,unknown
RT-021458,0,,unknown
RT-021459,0,,unknown
RT-021460,0,,unknown
RT-021461,0,,unknown
RT-021462,0,,unknown
RT-021463,0,,unknown
RT-021464,1,21.0,tech_migration
RT-021465,0,,unknown
RT-021466,0,,unknown
RT-021467,0,,unknown
RT-021468,0,,unknown
RT-021469,0,,unknown
RT-021470,0,,unknown
RT-021471,0,,unknown
RT-021472,0,,unknown
RT-021473,0,,unknown
RT-021474,0,,unknown
RT-021475,0,,unknown
RT-021476,0,,unknown
RT-021477,0,,unknown
RT-021478,0,,unknown
RT-021479,0,,unknown
RT-021480,0,,unknown
RT-021481,1,19.0,price
RT-021482,0,,unknown
RT-021483,0,,unknown
RT-021484,0,,unknown
RT-021485,0,,unknown
RT-021486,0,,unknown
RT-021487,0,,unknown
RT-021488,0,,unknown
RT-021489,0,,unknown
RT-021490,0,,unknown
RT-021491,0,,unknown
RT-021492,0,,unknown
RT-021493,0,,unknown
RT-021494,0,,unknown
RT-021495,0,,unknown
RT-021496,0,,unknown
RT-021497,0,,unknown
RT-021498,0,,unknown
RT-021499,0,,unknown
RT-021500,0,,unknown
RT-021501,0,,unknown
RT-021502,0,,unknown
RT-021503,0,,unknown
RT-021504,0,,unknown
RT-021505,0,,unknown
RT-021506,0,,unknown
RT-021507,0,,unknown
RT-021508,0,,unknown
RT-021509,0,,unknown
RT-021510,0,,unknown
RT-021511,0,,unknown
RT-021512,0,,unknown
RT-021513,0,,unknown
RT-021514,0,,unknown
RT-021515,0,,unknown
RT-021516,0,,unknown
RT-021517,0,,unknown
RT-021518,0,,unknown
RT-021519,0,,unknown
RT-021520,0,,unknown
RT-021521,0,,unknown
RT-021522,0,,unknown
RT-021523,0,,unknown
RT-021524,0,,unknown
RT-021525,0,,unknown
RT-021526,1,20.0,unknown
RT-021527,1,24.0,quality
RT-021528,0,,unknown
RT-021529,0,,unknown
RT-021530,0,,unknown
RT-021531,1,19.0,tech_migration
RT-021532,1,24.0,quality
RT-021533,0,,unknown
RT-021534,0,,unknown
RT-021535,0,,unknown
RT-021536,0,,unknown
RT-021537,1,22.0,price
RT-021538,0,,unknown
RT-021539,0,,unknown
RT-021540,1,19.0,competitor
RT-021541,0,,unknown
RT-021542,0,,unknown
RT-021543,0,,unknown
RT-021544,0,,unknown
RT-021545,0,,unknown
RT-021546,0,,unknown
RT-021547,0,,unknown
RT-021548,0,,unknown
RT-021549,0,,unknown
RT-021550,0,,unknown
RT-021551,0,,unknown
RT-021552,0,,unknown
RT-021553,0,,unknown
RT-021554,0,,unknown
RT-021555,0,,unknown
RT-021556,0,,unknown
RT-021557,0,,unknown
RT-021558,0,,unknown
RT-021559,0,,unknown
RT-021560,1,21.0,tech_migration
RT-021561,0,,unknown
RT-021562,0,,unknown
RT-021563,0,,unknown
RT-021564,0,,unknown
RT-021565,0,,unknown
RT-021566,0,,unknown
RT-021567,0,,unknown
RT-021568,0,,unknown
RT-021569,0,,unknown
RT-021570,0,,unknown
RT-021571,0,,unknown
RT-021572,0,,unknown
RT-021573,0,,unknown
RT-021574,0,,unknown
RT-021575,0,,unknown
RT-021576,0,,unknown
RT-021577,0,,unknown
RT-021578,1,24.0,competitor
RT-021579,1,21.0,unknown
RT-021580,0,,unknown
RT-021581,0,,unknown
RT-021582,0,,unknown
RT-021583,0,,unknown
RT-021584,0,,unknown
RT-021585,0,,unknown
RT-021586,0,,unknown
RT-021587,0,,unknown
RT-021588,0,,unknown
RT-021589,0,,unknown
RT-021590,0,,unknown
RT-021591,0,,unknown
RT-021592,0,,unknown
RT-021593,0,,unknown
RT-021594,0,,unknown
RT-021595,0,,unknown
RT-021596,0,,unknown
RT-021597,0,,unknown
RT-021598,0,,unknown
RT-021599,0,,unknown
RT-021600,0,,unknown
RT-021601,0,,unknown
RT-021602,0,,unknown
RT-021603,0,,unknown
RT-021604,0,,unknown
RT-021605,0,,unknown
RT-021606,0,,unknown
RT-021607,0,,unknown
RT-021608,0,,unknown
RT-021609,0,,unknown
RT-021610,0,,unknown
RT-021611,0,,unknown
RT-021612,0,,unknown
RT-021613,0,,unknown
RT-021614,0,,unknown
RT-021615,1,22.0,price
RT-021616,0,,unknown
RT-021617,0,,unknown
RT-021618,0,,unknown
RT-021619,0,,unknown
RT-021620,0,,unknown
RT-021621,0,,unknown
RT-021622,0,,unknown
RT-021623,0,,unknown
RT-021624,0,,unknown
RT-021625,0,,unknown
RT-021626,1,22.0,competitor
RT-021627,0,,unknown
RT-021628,0,,unknown
RT-021629,1,22.0,competitor
RT-021630,0,,unknown
RT-021631,0,,unknown
RT-021632,0,,unknown
RT-021633,0,,unknown
RT-021634,0,,unknown
RT-021635,0,,unknown
RT-021636,0,,unknown
RT-021637,0,,unknown
RT-021638,0,,unknown
RT-021639,0,,unknown
RT-021640,0,,unknown
RT-021641,0,,unknown
RT-021642,0,,unknown
RT-021643,0,,unknown
RT-021644,0,,unknown
RT-021645,0,,unknown
RT-021646,0,,unknown
RT-021647,0,,unknown
RT-021648,0,,unknown
RT-021649,0,,unknown
RT-021650,0,,unknown
RT-021651,0,,unknown
RT-021652,0,,unknown
RT-021653,0,,unknown
RT-021654,0,,unknown
RT-021655,0,,unknown
RT-021656,0,,unknown
RT-021657,0,,unknown
RT-021658,0,,unknown
RT-021659,0,,unknown
RT-021660,1,22.0,competitor
RT-021661,0,,unknown
RT-021662,0,,unknown
RT-021663,1,22.0,competitor
RT-021664,0,,unknown
RT-021665,0,,unknown
RT-021666,0,,unknown
RT-021667,0,,unknown
RT-021668,0,,unknown
RT-021669,0,,unknown
RT-021670,0,,unknown
RT-021671,0,,unknown
RT-021672,0,,unknown
RT-021673,0,,unknown
RT-021674,0,,unknown
RT-021675,0,,unknown
RT-021676,0,,unknown
RT-021677,0,,unknown
RT-021678,0,,unknown
RT-021679,0,,unknown
RT-021680,0,,unknown
RT-021681,0,,unknown
RT-021682,0,,unknown
RT-021683,0,,unknown
RT-021684,0,,unknown
RT-021685,0,,unknown
RT-021686,0,,unknown
RT-021687,1,23.0,tech_migration
RT-021688,0,,unknown
RT-021689,0,,unknown
RT-021690,1,21.0,price
RT-021691,0,,unknown
RT-021692,1,20.0,unknown
RT-021693,0,,unknown
RT-021694,0,,unknown
RT-021695,0,,unknown
RT-021696,0,,unknown
RT-021697,0,,unknown
RT-021698,0,,unknown
RT-021699,0,,unknown
RT-021700,0,,unknown
RT-021701,0,,unknown
RT-021702,0,,unknown
RT-021703,0,,unknown
RT-021704,0,,unknown
RT-021705,0,,unknown
RT-021706,0,,unknown
RT-021707,1,19.0,quality
RT-021708,1,22.0,price
RT-021709,0,,unknown
RT-021710,0,,unknown
RT-021711,0,,unknown
RT-021712,0,,unknown
RT-021713,1,19.0,tech_migration
RT-021714,0,,unknown
RT-021715,0,,unknown
RT-021716,0,,unknown
RT-021717,0,,unknown
RT-021718,0,,unknown
RT-021719,0,,unknown
RT-021720,0,,unknown
RT-021721,0,,unknown
RT-021722,0,,unknown
RT-021723,0,,unknown
RT-021724,0,,unknown
RT-021725,0,,unknown
RT-021726,0,,unknown
RT-021727,0,,unknown
RT-021728,0,,unknown
RT-021729,0,,unknown
RT-021730,0,,unknown
RT-021731,0,,unknown
RT-021732,0,,unknown
RT-021733,0,,unknown
RT-021734,0,,unknown
RT-021735,0,,unknown
RT-021736,0,,unknown
RT-021737,0,,unknown
RT-021738,0,,unknown
RT-021739,0,,unknown
RT-021740,0,,unknown
RT-021741,0,,unknown
RT-021742,0,,unknown
RT-021743,0,,unknown
RT-021744,0,,unknown
RT-021745,0,,unknown
RT-021746,0,,unknown
RT-021747,0,,unknown
RT-021748,0,,unknown
RT-021749,0,,unknown
RT-021750,1,23.0,unknown
RT-021751,0,,unknown
RT-021752,0,,unknown
RT-021753,0,,unknown
RT-021754,0,,unknown
RT-021755,0,,unknown
RT-021756,0,,unknown
RT-021757,0,,unknown
RT-021758,0,,unknown
RT-021759,0,,unknown
RT-021760,0,,unknown
RT-021761,0,,unknown
RT-021762,1,22.0,tech_migration
RT-021763,0,,unknown
RT-021764,0,,unknown
RT-021765,0,,unknown
RT-021766,0,,unknown
RT-021767,0,,unknown
RT-021768,0,,unknown
RT-021769,0,,unknown
RT-021770,0,,unknown
RT-021771,0,,unknown
RT-021772,0,,unknown
RT-021773,0,,unknown
RT-021774,0,,unknown
RT-021775,0,,unknown
RT-021776,0,,unknown
RT-021777,0,,unknown
RT-021778,0,,unknown
RT-021779,0,,unknown
RT-021780,0,,unknown
RT-021781,0,,unknown
RT-021782,0,,unknown
RT-021783,1,24.0,quality
RT-021784,0,,unknown
RT-021785,0,,unknown
RT-021786,0,,unknown
RT-021787,0,,unknown
RT-021788,1,24.0,unknown
RT-021789,0,,unknown
RT-021790,0,,unknown
RT-021791,0,,unknown
RT-021792,1,21.0,quality
RT-021793,0,,unknown
RT-021794,0,,unknown
RT-021795,0,,unknown
RT-021796,0,,unknown
RT-021797,0,,unknown
RT-021798,0,,unknown
RT-021799,0,,unknown
RT-021800,1,19.0,unknown
RT-021801,0,,unknown
RT-021802,0,,unknown
RT-021803,0,,unknown
RT-021804,0,,unknown
RT-021805,0,,unknown
RT-021806,0,,unknown
RT-021807,0,,unknown
RT-021808,0,,unknown
RT-021809,1,23.0,unknown
RT-021810,0,,unknown
RT-021811,0,,unknown
RT-021812,0,,unknown
RT-021813,0,,unknown
RT-021814,0,,unknown
RT-021815,0,,unknown
RT-021816,1,19.0,competitor
RT-021817,0,,unknown
RT-021818,0,,unknown
RT-021819,0,,unknown
RT-021820,0,,unknown
RT-021821,0,,unknown
RT-021822,1,21.0,unknown
RT-021823,0,,unknown
RT-021824,0,,unknown
RT-021825,1,19.0,price
RT-021826,0,,unknown
RT-021827,0,,unknown
RT-021828,0,,unknown
RT-021829,0,,unknown
RT-021830,0,,unknown
RT-021831,0,,unknown
RT-021832,0,,unknown
RT-021833,0,,unknown
RT-021834,0,,unknown
RT-021835,0,,unknown
RT-021836,0,,unknown
RT-021837,0,,unknown
RT-021838,0,,unknown
RT-021839,0,,unknown
RT-021840,0,,unknown
RT-021841,0,,unknown
RT-021842,0,,unknown
RT-021843,1,23.0,price
RT-021844,0,,unknown
RT-021845,0,,unknown
RT-021846,0,,unknown
RT-021847,0,,unknown
RT-021848,1,24.0,competitor
RT-021849,0,,unknown
RT-021850,0,,unknown
RT-021851,1,21.0,price
RT-021852,0,,unknown
RT-021853,0,,unknown
RT-021854,0,,unknown
RT-021855,0,,unknown
RT-021856,1,20.0,quality
RT-021857,0,,unknown
RT-021858,0,,unknown
RT-021859,1,22.0,competitor
RT-021860,0,,unknown
RT-021861,0,,unknown
RT-021862,0,,unknown
RT-021863,0,,unknown
RT-021864,1,23.0,price
RT-021865,0,,unknown
RT-021866,0,,unknown
RT-021867,0,,unknown
RT-021868,0,,unknown
RT-021869,0,,unknown
RT-021870,0,,unknown
RT-021871,0,,unknown
RT-021872,0,,unknown
RT-021873,0,,unknown
RT-021874,0,,unknown
RT-021875,0,,unknown
RT-021876,0,,unknown
RT-021877,0,,unknown
RT-021878,0,,unknown
RT-021879,0,,unknown
RT-021880,0,,unknown
RT-021881,0,,unknown
RT-021882,0,,unknown
RT-021883,0,,unknown
RT-021884,0,,unknown
RT-021885,0,,unknown
RT-021886,0,,unknown
RT-021887,0,,unknown
RT-021888,0,,unknown
RT-021889,0,,unknown
RT-021890,0,,unknown
RT-021891,0,,unknown
RT-021892,0,,unknown
RT-021893,0,,unknown
RT-021894,0,,unknown
RT-021895,1,22.0,tech_migration
RT-021896,0,,unknown
RT-021897,0,,unknown
RT-021898,0,,unknown
RT-021899,0,,unknown
RT-021900,0,,unknown
RT-021901,0,,unknown
RT-021902,0,,unknown
RT-021903,0,,unknown
RT-021904,0,,unknown
RT-021905,0,,unknown
RT-021906,0,,unknown
RT-021907,0,,unknown
RT-021908,0,,unknown
RT-021909,1,23.0,tech_migration
RT-021910,0,,unknown
RT-021911,0,,unknown
RT-021912,1,24.0,tech_migration
RT-021913,0,,unknown
RT-021914,0,,unknown
RT-021915,0,,unknown
RT-021916,0,,unknown
RT-021917,0,,unknown
RT-021918,0,,unknown
RT-021919,0,,unknown
RT-021920,0,,unknown
RT-021921,0,,unknown
RT-021922,0,,unknown
RT-021923,0,,unknown
RT-021924,0,,unknown
RT-021925,0,,unknown
RT-021926,0,,unknown
RT-021927,0,,unknown
RT-021928,0,,unknown
RT-021929,0,,unknown
RT-021930,0,,unknown
RT-021931,0,,unknown
RT-021932,1,24.0,price
RT-021933,0,,unknown
RT-021934,0,,unknown
RT-021935,0,,unknown
RT-021936,0,,unknown
RT-021937,0,,unknown
RT-021938,0,,unknown
RT-021939,0,,unknown
RT-021940,0,,unknown
RT-021941,0,,unknown
RT-021942,0,,unknown
RT-021943,0,,unknown
RT-021944,0,,unknown
RT-021945,0,,unknown
RT-021946,0,,unknown
RT-021947,0,,unknown
RT-021948,0,,unknown
RT-021949,0,,unknown
RT-021950,0,,unknown
RT-021951,0,,unknown
RT-021952,0,,unknown
RT-021953,0,,unknown
RT-021954,0,,unknown
RT-021955,0,,unknown
RT-021956,0,,unknown
RT-021957,0,,unknown
RT-021958,0,,unknown
RT-021959,0,,unknown
RT-021960,0,,unknown
RT-021961,0,,unknown
RT-021962,0,,unknown
RT-021963,0,,unknown
RT-021964,0,,unknown
RT-021965,0,,unknown
RT-021966,0,,unknown
RT-021967,0,,unknown
RT-021968,1,22.0,price
RT-021969,0,,unknown
RT-021970,0,,unknown
RT-021971,1,21.0,quality
RT-021972,0,,unknown
RT-021973,0,,unknown
RT-021974,0,,unknown
RT-021975,0,,unknown
RT-021976,0,,unknown
RT-021977,0,,unknown
RT-021978,0,,unknown
RT-021979,0,,unknown
RT-021980,0,,unknown
RT-021981,0,,unknown
RT-021982,0,,unknown
RT-021983,0,,unknown
RT-021984,0,,unknown
RT-021985,0,,unknown
RT-021986,1,24.0,competitor
RT-021987,0,,unknown
RT-021988,0,,unknown
RT-021989,0,,unknown
RT-021990,0,,unknown
RT-021991,0,,unknown
RT-021992,0,,unknown
RT-021993,0,,unknown
RT-021994,0,,unknown
RT-021995,1,24.0,tech_migration
RT-021996,0,,unknown
RT-021997,0,,unknown
RT-021998,0,,unknown
RT-021999,0,,unknown
RT-022000,0,,unknown
RT-022001,0,,unknown
RT-022002,0,,unknown
RT-022003,0,,unknown
RT-022004,0,,unknown
RT-022005,0,,unknown
RT-022006,0,,unknown
RT-022007,0,,unknown
RT-022008,0,,unknown
RT-022009,0,,unknown
RT-022010,0,,unknown
RT-022011,0,,unknown
RT-022012,0,,unknown
RT-022013,0,,unknown
RT-022014,0,,unknown
RT-022015,0,,unknown
RT-022016,0,,unknown
RT-022017,1,24.0,quality
RT-022018,0,,unknown
RT-022019,0,,unknown
RT-022020,1,24.0,price
RT-022021,0,,unknown
RT-022022,0,,unknown
RT-022023,0,,unknown
RT-022024,0,,unknown
RT-022025,0,,unknown
RT-022026,1,20.0,unknown
RT-022027,0,,unknown
RT-022028,0,,unknown
RT-022029,1,21.0,tech_migration
RT-022030,0,,unknown
RT-022031,0,,unknown
RT-022032,0,,unknown
RT-022033,0,,unknown
RT-022034,0,,unknown
RT-022035,0,,unknown
RT-022036,0,,unknown
RT-022037,0,,unknown
RT-022038,0,,unknown
RT-022039,0,,unknown
RT-022040,0,,unknown
RT-022041,0,,unknown
RT-022042,0,,unknown
RT-022043,0,,unknown
RT-022044,0,,unknown
RT-022045,0,,unknown
RT-022046,0,,unknown
RT-022047,0,,unknown
RT-022048,1,24.0,unknown
RT-022049,0,,unknown
RT-022050,0,,unknown
RT-022051,0,,unknown
RT-022052,0,,unknown
RT-022053,0,,unknown
RT-022054,0,,unknown
RT-022055,0,,unknown
RT-022056,0,,unknown
RT-022057,1,21.0,tech_migration
RT-022058,0,,unknown
RT-022059,1,22.0,tech_migration
RT-022060,0,,unknown
RT-022061,0,,unknown
RT-022062,0,,unknown
RT-022063,0,,unknown
RT-022064,0,,unknown
RT-022065,0,,unknown
RT-022066,0,,unknown
RT-022067,1,19.0,quality
RT-022068,1,23.0,price
RT-022069,0,,unknown
RT-022070,1,23.0,unknown
RT-022071,0,,unknown
RT-022072,0,,unknown
RT-022073,0,,unknown
RT-022074,0,,unknown
RT-022075,0,,unknown
RT-022076,0,,unknown
RT-022077,0,,unknown
RT-022078,0,,unknown
RT-022079,0,,unknown
RT-022080,0,,unknown
RT-022081,0,,unknown
RT-022082,0,,unknown
RT-022083,0,,unknown
RT-022084,0,,unknown
RT-022085,0,,unknown
RT-022086,0,,unknown
RT-022087,0,,unknown
RT-022088,0,,unknown
RT-022089,1,19.0,unknown
RT-022090,0,,unknown
RT-022091,0,,unknown
RT-022092,0,,unknown
RT-022093,0,,unknown
RT-022094,0,,unknown
RT-022095,0,,unknown
RT-022096,0,,unknown
RT-022097,0,,unknown
RT-022098,0,,unknown
RT-022099,0,,unknown
RT-022100,0,,unknown
RT-022101,0,,unknown
RT-022102,0,,unknown
RT-022103,0,,unknown
RT-022104,0,,unknown
RT-022105,0,,unknown
RT-022106,0,,unknown
RT-022107,0,,unknown
RT-022108,0,,unknown
RT-022109,0,,unknown
RT-022110,0,,unknown
RT-022111,0,,unknown
RT-022112,0,,unknown
RT-022113,0,,unknown
RT-022114,0,,unknown
RT-022115,0,,unknown
RT-022116,0,,unknown
RT-022117,0,,unknown
RT-022118,0,,unknown
RT-022119,0,,unknown
RT-022120,0,,unknown
RT-022121,0,,unknown
RT-022122,0,,unknown
RT-022123,0,,unknown
RT-022124,0,,unknown
RT-022125,0,,unknown
RT-022126,0,,unknown
RT-022127,0,,unknown
RT-022128,1,24.0,price
RT-022129,0,,unknown
RT-022130,0,,unknown
RT-022131,0,,unknown
RT-022132,0,,unknown
RT-022133,0,,unknown
RT-022134,0,,unknown
RT-022135,0,,unknown
RT-022136,0,,unknown
RT-022137,0,,unknown
RT-022138,0,,unknown
RT-022139,0,,unknown
RT-022140,0,,unknown
RT-022141,0,,unknown
RT-022142,0,,unknown
RT-022143,0,,unknown
RT-022144,0,,unknown
RT-022145,0,,unknown
RT-022146,0,,unknown
RT-022147,0,,unknown
RT-022148,0,,unknown
RT-022149,0,,unknown
RT-022150,0,,unknown
RT-022151,0,,unknown
RT-022152,0,,unknown
RT-022153,0,,unknown
RT-022154,1,19.0,price
RT-022155,0,,unknown
RT-022156,0,,unknown
RT-022157,0,,unknown
RT-022158,0,,unknown
RT-022159,0,,unknown
RT-022160,0,,unknown
RT-022161,1,24.0,quality
RT-022162,0,,unknown
RT-022163,0,,unknown
RT-022164,0,,unknown
RT-022165,0,,unknown
RT-022166,1,23.0,price
RT-022167,0,,unknown
RT-022168,0,,unknown
RT-022169,0,,unknown
RT-022170,0,,unknown
RT-022171,1,24.0,tech_migration
RT-022172,0,,unknown
RT-022173,0,,unknown
RT-022174,0,,unknown
RT-022175,0,,unknown
RT-022176,0,,unknown
RT-022177,0,,unknown
RT-022178,0,,unknown
RT-022179,0,,unknown
RT-022180,0,,unknown
RT-022181,0,,unknown
RT-022182,0,,unknown
RT-022183,0,,unknown
RT-022184,0,,unknown
RT-022185,0,,unknown
RT-022186,0,,unknown
RT-022187,0,,unknown
RT-022188,0,,unknown
RT-022189,0,,unknown
RT-022190,0,,unknown
RT-022191,0,,unknown
RT-022192,0,,unknown
RT-022193,0,,unknown
RT-022194,0,,unknown
RT-022195,0,,unknown
RT-022196,0,,unknown
RT-022197,0,,unknown
RT-022198,0,,unknown
RT-022199,0,,unknown
RT-022200,0,,unknown
RT-022201,0,,unknown
RT-022202,0,,unknown
RT-022203,1,22.0,price
RT-022204,0,,unknown
RT-022205,0,,unknown
RT-022206,0,,unknown
RT-022207,0,,unknown
RT-022208,0,,unknown
RT-022209,0,,unknown
RT-022210,0,,unknown
RT-022211,0,,unknown
RT-022212,0,,unknown
RT-022213,0,,unknown
RT-022214,0,,unknown
RT-022215,0,,unknown
RT-022216,0,,unknown
RT-022217,0,,unknown
RT-022218,0,,unknown
RT-022219,0,,unknown
RT-022220,1,24.0,quality
RT-022221,1,24.0,price
RT-022222,0,,unknown
RT-022223,0,,unknown
RT-022224,0,,unknown
RT-022225,1,23.0,price
RT-022226,0,,unknown
RT-022227,0,,unknown
RT-022228,0,,unknown
RT-022229,0,,unknown
RT-022230,1,23.0,tech_migration
RT-022231,0,,unknown
RT-022232,0,,unknown
RT-022233,0,,unknown
RT-022234,0,,unknown
RT-022235,0,,unknown
RT-022236,0,,unknown
RT-022237,0,,unknown
RT-022238,0,,unknown
RT-022239,0,,unknown
RT-022240,0,,unknown
RT-022241,0,,unknown
RT-022242,0,,unknown
RT-022243,0,,unknown
RT-022244,0,,unknown
RT-022245,1,19.0,competitor
RT-022246,0,,unknown
RT-022247,0,,unknown
RT-022248,0,,unknown
RT-022249,0,,unknown
RT-022250,0,,unknown
RT-022251,0,,unknown
RT-022252,0,,unknown
RT-022253,1,19.0,tech_migration
RT-022254,0,,unknown
RT-022255,0,,unknown
RT-022256,0,,unknown
RT-022257,0,,unknown
RT-022258,0,,unknown
RT-022259,0,,unknown
RT-022260,0,,unknown
RT-022261,0,,unknown
RT-022262,0,,unknown
RT-022263,0,,unknown
RT-022264,1,24.0,unknown
RT-022265,0,,unknown
RT-022266,0,,unknown
RT-022267,0,,unknown
RT-022268,0,,unknown
RT-022269,0,,unknown
RT-022270,0,,unknown
RT-022271,0,,unknown
RT-022272,1,20.0,unknown
RT-022273,0,,unknown
RT-022274,0,,unknown
RT-022275,0,,unknown
RT-022276,0,,unknown
RT-022277,0,,unknown
RT-022278,0,,unknown
RT-022279,1,19.0,price
RT-022280,0,,unknown
RT-022281,0,,unknown
RT-022282,0,,unknown
RT-022283,0,,unknown
RT-022284,0,,unknown
RT-022285,0,,unknown
RT-022286,0,,unknown
RT-022287,0,,unknown
RT-022288,0,,unknown
RT-022289,0,,unknown
RT-022290,0,,unknown
RT-022291,0,,unknown
RT-022292,0,,unknown
RT-022293,0,,unknown
RT-022294,0,,unknown
RT-022295,0,,unknown
RT-022296,0,,unknown
RT-022297,0,,unknown
RT-022298,0,,unknown
RT-022299,0,,unknown
RT-022300,0,,unknown
RT-022301,0,,unknown
RT-022302,0,,unknown
RT-022303,0,,unknown
RT-022304,0,,unknown
RT-022305,0,,unknown
RT-022306,0,,unknown
RT-022307,0,,unknown
RT-022308,1,22.0,tech_migration
RT-022309,0,,unknown
RT-022310,0,,unknown
RT-022311,0,,unknown
RT-022312,0,,unknown
RT-022313,0,,unknown
RT-022314,0,,unknown
RT-022315,0,,unknown
RT-022316,1,24.0,price
RT-022317,0,,unknown
RT-022318,0,,unknown
RT-022319,0,,unknown
RT-022320,0,,unknown
RT-022321,1,20.0,price
RT-022322,0,,unknown
RT-022323,0,,unknown
RT-022324,0,,unknown
RT-022325,0,,unknown
RT-022326,0,,unknown
RT-022327,0,,unknown
RT-022328,0,,unknown
RT-022329,0,,unknown
RT-022330,0,,unknown
RT-022331,0,,unknown
RT-022332,0,,unknown
RT-022333,0,,unknown
RT-022334,0,,unknown
RT-022335,1,24.0,unknown
RT-022336,0,,unknown
RT-022337,0,,unknown
RT-022338,0,,unknown
RT-022339,0,,unknown
RT-022340,0,,unknown
RT-022341,0,,unknown
RT-022342,0,,unknown
RT-022343,0,,unknown
RT-022344,0,,unknown
RT-022345,1,20.0,quality
RT-022346,0,,unknown
RT-022347,0,,unknown
RT-022348,1,22.0,tech_migration
RT-022349,0,,unknown
RT-022350,1,19.0,tech_migration
RT-022351,0,,unknown
RT-022352,0,,unknown
RT-022353,0,,unknown
RT-022354,0,,unknown
RT-022355,0,,unknown
RT-022356,0,,unknown
RT-022357,0,,unknown
RT-022358,0,,unknown
RT-022359,0,,unknown
RT-022360,0,,unknown
RT-022361,0,,unknown
RT-022362,1,24.0,price
RT-022363,0,,unknown
RT-022364,0,,unknown
RT-022365,0,,unknown
RT-022366,0,,unknown
RT-022367,0,,unknown
RT-022368,0,,unknown
RT-022369,0,,unknown
RT-022370,0,,unknown
RT-022371,0,,unknown
RT-022372,0,,unknown
RT-022373,0,,unknown
RT-022374,0,,unknown
RT-022375,0,,unknown
RT-022376,0,,unknown
RT-022377,0,,unknown
RT-022378,0,,unknown
RT-022379,0,,unknown
RT-022380,0,,unknown
RT-022381,1,20.0,competitor
RT-022382,0,,unknown
RT-022383,0,,unknown
RT-022384,0,,unknown
RT-022385,0,,unknown
RT-022386,0,,unknown
RT-022387,0,,unknown
RT-022388,0,,unknown
RT-022389,0,,unknown
RT-022390,0,,unknown
RT-022391,0,,unknown
RT-022392,1,22.0,price
RT-022393,0,,unknown
RT-022394,0,,unknown
RT-022395,0,,unknown
RT-022396,0,,unknown
RT-022397,0,,unknown
RT-022398,0,,unknown
RT-022399,0,,unknown
RT-022400,1,21.0,unknown
RT-022401,0,,unknown
RT-022402,0,,unknown
RT-022403,0,,unknown
RT-022404,0,,unknown
RT-022405,1,22.0,quality
RT-022406,1,24.0,competitor
RT-022407,0,,unknown
RT-022408,0,,unknown
RT-022409,0,,unknown
RT-022410,0,,unknown
RT-022411,0,,unknown
RT-022412,0,,unknown
RT-022413,1,20.0,quality
RT-022414,0,,unknown
RT-022415,0,,unknown
RT-022416,0,,unknown
RT-022417,0,,unknown
RT-022418,0,,unknown
RT-022419,0,,unknown
RT-022420,0,,unknown
RT-022421,0,,unknown
RT-022422,0,,unknown
RT-022423,0,,unknown
RT-022424,0,,unknown
RT-022425,0,,unknown
RT-022426,0,,unknown
RT-022427,0,,unknown
RT-022428,0,,unknown
RT-022429,0,,unknown
RT-022430,0,,unknown
RT-022431,0,,unknown
RT-022432,0,,unknown
RT-022433,0,,unknown
RT-022434,0,,unknown
RT-022435,0,,unknown
RT-022436,0,,unknown
RT-022437,0,,unknown
RT-022438,1,24.0,price
RT-022439,0,,unknown
RT-022440,0,,unknown
RT-022441,0,,unknown
RT-022442,0,,unknown
RT-022443,0,,unknown
RT-022444,0,,unknown
RT-022445,0,,unknown
RT-022446,0,,unknown
RT-022447,0,,unknown
RT-022448,0,,unknown
RT-022449,0,,unknown
RT-022450,0,,unknown
RT-022451,0,,unknown
RT-022452,0,,unknown
RT-022453,0,,unknown
RT-022454,0,,unknown
RT-022455,0,,unknown
RT-022456,0,,unknown
RT-022457,0,,unknown
RT-022458,0,,unknown
RT-022459,0,,unknown
RT-022460,0,,unknown
RT-022461,0,,unknown
RT-022462,1,24.0,unknown
RT-022463,0,,unknown
RT-022464,0,,unknown
RT-022465,0,,unknown
RT-022466,0,,unknown
RT-022467,0,,unknown
RT-022468,1,24.0,competitor
RT-022469,0,,unknown
RT-022470,1,24.0,competitor
RT-022471,1,24.0,unknown
RT-022472,0,,unknown
RT-022473,0,,unknown
RT-022474,0,,unknown
RT-022475,0,,unknown
RT-022476,0,,unknown
RT-022477,0,,unknown
RT-022478,0,,unknown
RT-022479,0,,unknown
RT-022480,0,,unknown
RT-022481,0,,unknown
RT-022482,1,22.0,unknown
RT-022483,0,,unknown
RT-022484,0,,unknown
RT-022485,0,,unknown
RT-022486,0,,unknown
RT-022487,0,,unknown
RT-022488,1,20.0,tech_migration
RT-022489,0,,unknown
RT-022490,0,,unknown
RT-022491,1,19.0,tech_migration
RT-022492,0,,unknown
RT-022493,0,,unknown
RT-022494,0,,unknown
RT-022495,0,,unknown
RT-022496,0,,unknown
RT-022497,0,,unknown
RT-022498,0,,unknown
RT-022499,0,,unknown
RT-022500,0,,unknown
RT-022501,0,,unknown
RT-022502,0,,unknown
RT-022503,0,,unknown
RT-022504,0,,unknown
RT-022505,0,,unknown
RT-022506,0,,unknown
RT-022507,0,,unknown
RT-022508,0,,unknown
RT-022509,0,,unknown
RT-022510,0,,unknown
RT-022511,1,20.0,price
RT-022512,0,,unknown
RT-022513,0,,unknown
RT-022514,0,,unknown
RT-022515,0,,unknown
RT-022516,0,,unknown
RT-022517,0,,unknown
RT-022518,0,,unknown
RT-022519,0,,unknown
RT-022520,0,,unknown
RT-022521,1,20.0,price
RT-022522,0,,unknown
RT-022523,0,,unknown
RT-022524,0,,unknown
RT-022525,0,,unknown
RT-022526,0,,unknown
RT-022527,0,,unknown
RT-022528,0,,unknown
RT-022529,0,,unknown
RT-022530,0,,unknown
RT-022531,0,,unknown
RT-022532,1,19.0,tech_migration
RT-022533,0,,unknown
RT-022534,0,,unknown
RT-022535,0,,unknown
RT-022536,0,,unknown
RT-022537,0,,unknown
RT-022538,0,,unknown
RT-022539,0,,unknown
RT-022540,1,20.0,tech_migration
RT-022541,0,,unknown
RT-022542,0,,unknown
RT-022543,1,23.0,unknown
RT-022544,0,,unknown
RT-022545,0,,unknown
RT-022546,0,,unknown
RT-022547,0,,unknown
RT-022548,0,,unknown
RT-022549,1,23.0,quality
RT-022550,1,23.0,competitor
RT-022551,0,,unknown
RT-022552,0,,unknown
RT-022553,0,,unknown
RT-022554,1,20.0,competitor
RT-022555,0,,unknown
RT-022556,0,,unknown
RT-022557,0,,unknown
RT-022558,0,,unknown
RT-022559,0,,unknown
RT-022560,1,19.0,tech_migration
RT-022561,0,,unknown
RT-022562,0,,unknown
RT-022563,0,,unknown
RT-022564,0,,unknown
RT-022565,0,,unknown
RT-022566,0,,unknown
RT-022567,0,,unknown
RT-022568,1,20.0,price
RT-022569,0,,unknown
RT-022570,0,,unknown
RT-022571,0,,unknown
RT-022572,0,,unknown
RT-022573,0,,unknown
RT-022574,0,,unknown
RT-022575,0,,unknown
RT-022576,0,,unknown
RT-022577,0,,unknown
RT-022578,0,,unknown
RT-022579,0,,unknown
RT-022580,1,22.0,unknown
RT-022581,0,,unknown
RT-022582,0,,unknown
RT-022583,0,,unknown
RT-022584,0,,unknown
RT-022585,0,,unknown
RT-022586,0,,unknown
RT-022587,0,,unknown
RT-022588,0,,unknown
RT-022589,0,,unknown
RT-022590,1,20.0,unknown
RT-022591,0,,unknown
RT-022592,0,,unknown
RT-022593,0,,unknown
RT-022594,0,,unknown
RT-022595,0,,unknown
RT-022596,0,,unknown
RT-022597,0,,unknown
RT-022598,0,,unknown
RT-022599,0,,unknown
RT-022600,0,,unknown
RT-022601,0,,unknown
RT-022602,0,,unknown
RT-022603,0,,unknown
RT-022604,0,,unknown
RT-022605,0,,unknown
RT-022606,0,,unknown
RT-022607,0,,unknown
RT-022608,0,,unknown
RT-022609,0,,unknown
RT-022610,0,,unknown
RT-022611,0,,unknown
RT-022612,0,,unknown
RT-022613,0,,unknown
RT-022614,0,,unknown
RT-022615,0,,unknown
RT-022616,0,,unknown
RT-022617,0,,unknown
RT-022618,0,,unknown
RT-022619,0,,unknown
RT-022620,0,,unknown
RT-022621,0,,unknown
RT-022622,0,,unknown
RT-022623,0,,unknown
RT-022624,0,,unknown
RT-022625,0,,unknown
RT-022626,0,,unknown
RT-022627,0,,unknown
RT-022628,0,,unknown
RT-022629,0,,unknown
RT-022630,1,21.0,price
RT-022631,0,,unknown
RT-022632,0,,unknown
RT-022633,0,,unknown
RT-022634,0,,unknown
RT-022635,0,,unknown
RT-022636,0,,unknown
RT-022637,0,,unknown
RT-022638,0,,unknown
RT-022639,0,,unknown
RT-022640,0,,unknown
RT-022641,0,,unknown
RT-022642,0,,unknown
RT-022643,0,,unknown
RT-022644,0,,unknown
RT-022645,0,,unknown
RT-022646,0,,unknown
RT-022647,0,,unknown
RT-022648,0,,unknown
RT-022649,0,,unknown
RT-022650,0,,unknown
RT-022651,1,23.0,unknown
RT-022652,0,,unknown
RT-022653,0,,unknown
RT-022654,0,,unknown
RT-022655,0,,unknown
RT-022656,0,,unknown
RT-022657,0,,unknown
RT-022658,0,,unknown
RT-022659,0,,unknown
RT-022660,0,,unknown
RT-022661,0,,unknown
RT-022662,0,,unknown
RT-022663,0,,unknown
RT-022664,0,,unknown
RT-022665,0,,unknown
RT-022666,1,23.0,quality
RT-022667,0,,unknown
RT-022668,0,,unknown
RT-022669,1,23.0,unknown
RT-022670,1,24.0,competitor
RT-022671,0,,unknown
RT-022672,0,,unknown
RT-022673,0,,unknown
RT-022674,1,20.0,unknown
RT-022675,0,,unknown
RT-022676,0,,unknown
RT-022677,1,24.0,price
RT-022678,0,,unknown
RT-022679,0,,unknown
RT-022680,0,,unknown
RT-022681,0,,unknown
RT-022682,0,,unknown
RT-022683,0,,unknown
RT-022684,0,,unknown
RT-022685,0,,unknown
RT-022686,0,,unknown
RT-022687,0,,unknown
RT-022688,0,,unknown
RT-022689,0,,unknown
RT-022690,0,,unknown
RT-022691,0,,unknown
RT-022692,0,,unknown
RT-022693,0,,unknown
RT-022694,0,,unknown
RT-022695,0,,unknown
RT-022696,0,,unknown
RT-022697,1,23.0,unknown
RT-022698,0,,unknown
RT-022699,0,,unknown
RT-022700,0,,unknown
RT-022701,0,,unknown
RT-022702,0,,unknown
RT-022703,0,,unknown
RT-022704,0,,unknown
RT-022705,0,,unknown
RT-022706,1,23.0,tech_migration
RT-022707,0,,unknown
RT-022708,0,,unknown
RT-022709,0,,unknown
RT-022710,0,,unknown
RT-022711,0,,unknown
RT-022712,0,,unknown
RT-022713,0,,unknown
RT-022714,0,,unknown
RT-022715,0,,unknown
RT-022716,0,,unknown
RT-022717,0,,unknown
RT-022718,0,,unknown
RT-022719,0,,unknown
RT-022720,0,,unknown
RT-022721,0,,unknown
RT-022722,0,,unknown
RT-022723,0,,unknown
RT-022724,0,,unknown
RT-022725,0,,unknown
RT-022726,0,,unknown
RT-022727,0,,unknown
RT-022728,1,24.0,tech_migration
RT-022729,0,,unknown
RT-022730,0,,unknown
RT-022731,0,,unknown
RT-022732,0,,unknown
RT-022733,0,,unknown
RT-022734,0,,unknown
RT-022735,1,22.0,tech_migration
RT-022736,0,,unknown
RT-022737,0,,unknown
RT-022738,0,,unknown
RT-022739,1,19.0,price
RT-022740,0,,unknown
RT-022741,0,,unknown
RT-022742,0,,unknown
RT-022743,1,23.0,tech_migration
RT-022744,0,,unknown
RT-022745,0,,unknown
RT-022746,0,,unknown
RT-022747,0,,unknown
RT-022748,1,24.0,unknown
RT-022749,0,,unknown
RT-022750,0,,unknown
RT-022751,0,,unknown
RT-022752,0,,unknown
RT-022753,0,,unknown
RT-022754,0,,unknown
RT-022755,0,,unknown
RT-022756,0,,unknown
RT-022757,0,,unknown
RT-022758,0,,unknown
RT-022759,0,,unknown
RT-022760,0,,unknown
RT-022761,0,,unknown
RT-022762,0,,unknown
RT-022763,1,23.0,quality
RT-022764,0,,unknown
RT-022765,0,,unknown
RT-022766,0,,unknown
RT-022767,0,,unknown
RT-022768,0,,unknown
RT-022769,0,,unknown
RT-022770,0,,unknown
RT-022771,0,,unknown
RT-022772,0,,unknown
RT-022773,0,,unknown
RT-022774,0,,unknown
RT-022775,0,,unknown
RT-022776,0,,unknown
RT-022777,0,,unknown
RT-022778,0,,unknown
RT-022779,0,,unknown
RT-022780,0,,unknown
RT-022781,0,,unknown
RT-022782,0,,unknown
RT-022783,0,,unknown
RT-022784,0,,unknown
RT-022785,0,,unknown
RT-022786,0,,unknown
RT-022787,0,,unknown
RT-022788,0,,unknown
RT-022789,0,,unknown
RT-022790,0,,unknown
RT-022791,0,,unknown
RT-022792,0,,unknown
RT-022793,0,,unknown
RT-022794,0,,unknown
RT-022795,0,,unknown
RT-022796,0,,unknown
RT-022797,0,,unknown
RT-022798,0,,unknown
RT-022799,0,,unknown
RT-022800,0,,unknown
RT-022801,0,,unknown
RT-022802,0,,unknown
RT-022803,0,,unknown
RT-022804,1,21.0,price
RT-022805,0,,unknown
RT-022806,0,,unknown
RT-022807,0,,unknown
RT-022808,1,22.0,unknown
RT-022809,0,,unknown
RT-022810,0,,unknown
RT-022811,0,,unknown
RT-022812,0,,unknown
RT-022813,0,,unknown
RT-022814,0,,unknown
RT-022815,0,,unknown
RT-022816,0,,unknown
RT-022817,1,24.0,unknown
RT-022818,0,,unknown
RT-022819,0,,unknown
RT-022820,0,,unknown
RT-022821,0,,unknown
RT-022822,0,,unknown
RT-022823,1,24.0,quality
RT-022824,1,19.0,tech_migration
RT-022825,0,,unknown
RT-022826,0,,unknown
RT-022827,0,,unknown
RT-022828,0,,unknown
RT-022829,0,,unknown
RT-022830,0,,unknown
RT-022831,0,,unknown
RT-022832,0,,unknown
RT-022833,0,,unknown
RT-022834,0,,unknown
RT-022835,0,,unknown
RT-022836,0,,unknown
RT-022837,1,22.0,competitor
RT-022838,0,,unknown
RT-022839,0,,unknown
RT-022840,0,,unknown
RT-022841,0,,unknown
RT-022842,1,24.0,price
RT-022843,0,,unknown
RT-022844,0,,unknown
RT-022845,1,24.0,competitor
RT-022846,0,,unknown
RT-022847,0,,unknown
RT-022848,0,,unknown
RT-022849,0,,unknown
RT-022850,0,,unknown
RT-022851,1,19.0,unknown
RT-022852,0,,unknown
RT-022853,0,,unknown
RT-022854,0,,unknown
RT-022855,0,,unknown
RT-022856,0,,unknown
RT-022857,0,,unknown
RT-022858,0,,unknown
RT-022859,0,,unknown
RT-022860,0,,unknown
RT-022861,0,,unknown
RT-022862,0,,unknown
RT-022863,1,24.0,price
RT-022864,1,21.0,price
RT-022865,0,,unknown
RT-022866,0,,unknown
RT-022867,0,,unknown
RT-022868,0,,unknown
RT-022869,0,,unknown
RT-022870,0,,unknown
RT-022871,0,,unknown
RT-022872,1,22.0,tech_migration
RT-022873,0,,unknown
RT-022874,0,,unknown
RT-022875,0,,unknown
RT-022876,0,,unknown
RT-022877,0,,unknown
RT-022878,0,,unknown
RT-022879,1,20.0,tech_migration
RT-022880,0,,unknown
RT-022881,0,,unknown
RT-022882,0,,unknown
RT-022883,0,,unknown
RT-022884,0,,unknown
RT-022885,0,,unknown
RT-022886,0,,unknown
RT-022887,0,,unknown
RT-022888,0,,unknown
RT-022889,0,,unknown
RT-022890,0,,unknown
RT-022891,0,,unknown
RT-022892,0,,unknown
RT-022893,0,,unknown
RT-022894,0,,unknown
RT-022895,1,24.0,price
RT-022896,0,,unknown
RT-022897,1,20.0,competitor
RT-022898,0,,unknown
RT-022899,0,,unknown
RT-022900,0,,unknown
RT-022901,0,,unknown
RT-022902,0,,unknown
RT-022903,0,,unknown
RT-022904,0,,unknown
RT-022905,0,,unknown
RT-022906,1,20.0,quality
RT-022907,1,20.0,tech_migration
RT-022908,0,,unknown
RT-022909,0,,unknown
RT-022910,0,,unknown
RT-022911,0,,unknown
RT-022912,0,,unknown
RT-022913,0,,unknown
RT-022914,0,,unknown
RT-022915,0,,unknown
RT-022916,0,,unknown
RT-022917,0,,unknown
RT-022918,0,,unknown
RT-022919,0,,unknown
RT-022920,0,,unknown
RT-022921,1,24.0,tech_migration
RT-022922,0,,unknown
RT-022923,0,,unknown
RT-022924,0,,unknown
RT-022925,0,,unknown
RT-022926,0,,unknown
RT-022927,0,,unknown
RT-022928,0,,unknown
RT-022929,0,,unknown
RT-022930,0,,unknown
RT-022931,0,,unknown
RT-022932,0,,unknown
RT-022933,0,,unknown
RT-022934,0,,unknown
RT-022935,0,,unknown
RT-022936,0,,unknown
RT-022937,0,,unknown
RT-022938,0,,unknown
RT-022939,0,,unknown
RT-022940,0,,unknown
RT-022941,0,,unknown
RT-022942,0,,unknown
RT-022943,0,,unknown
RT-022944,0,,unknown
RT-022945,0,,unknown
RT-022946,1,24.0,unknown
RT-022947,0,,unknown
RT-022948,0,,unknown
RT-022949,0,,unknown
RT-022950,0,,unknown
RT-022951,0,,unknown
RT-022952,0,,unknown
RT-022953,0,,unknown
RT-022954,0,,unknown
RT-022955,0,,unknown
RT-022956,0,,unknown
RT-022957,0,,unknown
RT-022958,1,24.0,price
RT-022959,0,,unknown
RT-022960,0,,unknown
RT-022961,1,24.0,competitor
RT-022962,0,,unknown
RT-022963,0,,unknown
RT-022964,0,,unknown
RT-022965,0,,unknown
RT-022966,0,,unknown
RT-022967,0,,unknown
RT-022968,0,,unknown
RT-022969,0,,unknown
RT-022970,0,,unknown
RT-022971,0,,unknown
RT-022972,0,,unknown
RT-022973,0,,unknown
RT-022974,1,24.0,quality
RT-022975,0,,unknown
RT-022976,0,,unknown
RT-022977,0,,unknown
RT-022978,0,,unknown
RT-022979,0,,unknown
RT-022980,1,24.0,price
RT-022981,0,,unknown
RT-022982,0,,unknown
RT-022983,0,,unknown
RT-022984,0,,unknown
RT-022985,0,,unknown
RT-022986,0,,unknown
RT-022987,0,,unknown
RT-022988,0,,unknown
RT-022989,0,,unknown
RT-022990,0,,unknown
RT-022991,0,,unknown
RT-022992,0,,unknown
RT-022993,1,19.0,tech_migration
RT-022994,0,,unknown
RT-022995,0,,unknown
RT-022996,0,,unknown
RT-022997,0,,unknown
RT-022998,0,,unknown
RT-022999,0,,unknown
RT-023000,0,,unknown
RT-023001,0,,unknown
RT-023002,0,,unknown
RT-023003,0,,unknown
RT-023004,0,,unknown
RT-023005,0,,unknown
RT-023006,0,,unknown
RT-023007,0,,unknown
RT-023008,0,,unknown
RT-023009,0,,unknown
RT-023010,0,,unknown
RT-023011,0,,unknown
RT-023012,0,,unknown
RT-023013,0,,unknown
RT-023014,1,23.0,tech_migration
RT-023015,0,,unknown
RT-023016,0,,unknown
RT-023017,0,,unknown
RT-023018,0,,unknown
RT-023019,0,,unknown
RT-023020,0,,unknown
RT-023021,0,,unknown
RT-023022,0,,unknown
RT-023023,0,,unknown
RT-023024,0,,unknown
RT-023025,0,,unknown
RT-023026,0,,unknown
RT-023027,0,,unknown
RT-023028,0,,unknown
RT-023029,0,,unknown
RT-023030,0,,unknown
RT-023031,0,,unknown
RT-023032,0,,unknown
RT-023033,0,,unknown
RT-023034,0,,unknown
RT-023035,1,20.0,quality
RT-023036,0,,unknown
RT-023037,0,,unknown
RT-023038,0,,unknown
RT-023039,0,,unknown
RT-023040,0,,unknown
RT-023041,0,,unknown
RT-023042,0,,unknown
RT-023043,0,,unknown
RT-023044,0,,unknown
RT-023045,0,,unknown
RT-023046,0,,unknown
RT-023047,0,,unknown
RT-023048,0,,unknown
RT-023049,0,,unknown
RT-023050,0,,unknown
RT-023051,0,,unknown
RT-023052,1,24.0,tech_migration
RT-023053,0,,unknown
RT-023054,0,,unknown
RT-023055,0,,unknown
RT-023056,1,23.0,quality
RT-023057,0,,unknown
RT-023058,0,,unknown
RT-023059,0,,unknown
RT-023060,0,,unknown
RT-023061,0,,unknown
RT-023062,0,,unknown
RT-023063,0,,unknown
RT-023064,1,23.0,quality
RT-023065,0,,unknown
RT-023066,1,20.0,price
RT-023067,0,,unknown
RT-023068,0,,unknown
RT-023069,0,,unknown
RT-023070,1,21.0,unknown
RT-023071,0,,unknown
RT-023072,0,,unknown
RT-023073,0,,unknown
RT-023074,0,,unknown
RT-023075,0,,unknown
RT-023076,0,,unknown
RT-023077,0,,unknown
RT-023078,0,,unknown
RT-023079,0,,unknown
RT-023080,0,,unknown
RT-023081,0,,unknown
RT-023082,0,,unknown
RT-023083,0,,unknown
RT-023084,0,,unknown
RT-023085,0,,unknown
RT-023086,0,,unknown
RT-023087,0,,unknown
RT-023088,0,,unknown
RT-023089,0,,unknown
RT-023090,0,,unknown
RT-023091,0,,unknown
RT-023092,0,,unknown
RT-023093,0,,unknown
RT-023094,0,,unknown
RT-023095,0,,unknown
RT-023096,0,,unknown
RT-023097,0,,unknown
RT-023098,0,,unknown
RT-023099,0,,unknown
RT-023100,0,,unknown
RT-023101,0,,unknown
RT-023102,0,,unknown
RT-023103,0,,unknown
RT-023104,0,,unknown
RT-023105,0,,unknown
RT-023106,0,,unknown
RT-023107,1,20.0,quality
RT-023108,0,,unknown
RT-023109,1,19.0,unknown
RT-023110,1,20.0,unknown
RT-023111,0,,unknown
RT-023112,0,,unknown
RT-023113,0,,unknown
RT-023114,0,,unknown
RT-023115,1,23.0,competitor
RT-023116,1,23.0,tech_migration
RT-023117,0,,unknown
RT-023118,0,,unknown
RT-023119,0,,unknown
RT-023120,0,,unknown
RT-023121,0,,unknown
RT-023122,0,,unknown
RT-023123,1,19.0,competitor
RT-023124,0,,unknown
RT-023125,0,,unknown
RT-023126,0,,unknown
RT-023127,1,23.0,quality
RT-023128,0,,unknown
RT-023129,0,,unknown
RT-023130,1,23.0,price
RT-023131,0,,unknown
RT-023132,0,,unknown
RT-023133,0,,unknown
RT-023134,0,,unknown
RT-023135,0,,unknown
RT-023136,0,,unknown
RT-023137,0,,unknown
RT-023138,0,,unknown
RT-023139,0,,unknown
RT-023140,0,,unknown
RT-023141,0,,unknown
RT-023142,0,,unknown
RT-023143,0,,unknown
RT-023144,0,,unknown
RT-023145,1,24.0,unknown
RT-023146,0,,unknown
RT-023147,0,,unknown
RT-023148,0,,unknown
RT-023149,0,,unknown
RT-023150,0,,unknown
RT-023151,0,,unknown
RT-023152,0,,unknown
RT-023153,0,,unknown
RT-023154,0,,unknown
RT-023155,0,,unknown
RT-023156,0,,unknown
RT-023157,0,,unknown
RT-023158,0,,unknown
RT-023159,0,,unknown
RT-023160,0,,unknown
RT-023161,0,,unknown
RT-023162,0,,unknown
RT-023163,0,,unknown
RT-023164,0,,unknown
RT-023165,0,,unknown
RT-023166,0,,unknown
RT-023167,0,,unknown
RT-023168,0,,unknown
RT-023169,0,,unknown
RT-023170,1,23.0,quality
RT-023171,0,,unknown
RT-023172,0,,unknown
RT-023173,0,,unknown
RT-023174,0,,unknown
RT-023175,0,,unknown
RT-023176,0,,unknown
RT-023177,0,,unknown
RT-023178,0,,unknown
RT-023179,0,,unknown
RT-023180,0,,unknown
RT-023181,0,,unknown
RT-023182,0,,unknown
RT-023183,0,,unknown
RT-023184,0,,unknown
RT-023185,0,,unknown
RT-023186,0,,unknown
RT-023187,0,,unknown
RT-023188,0,,unknown
RT-023189,0,,unknown
RT-023190,0,,unknown
RT-023191,0,,unknown
RT-023192,0,,unknown
RT-023193,0,,unknown
RT-023194,0,,unknown
RT-023195,0,,unknown
RT-023196,0,,unknown
RT-023197,1,24.0,unknown
RT-023198,1,21.0,price
RT-023199,0,,unknown
RT-023200,1,24.0,unknown
RT-023201,0,,unknown
RT-023202,0,,unknown
RT-023203,0,,unknown
RT-023204,0,,unknown
RT-023205,0,,unknown
RT-023206,0,,unknown
RT-023207,0,,unknown
RT-023208,0,,unknown
RT-023209,0,,unknown
RT-023210,0,,unknown
RT-023211,0,,unknown
RT-023212,0,,unknown
RT-023213,0,,unknown
RT-023214,0,,unknown
RT-023215,0,,unknown
RT-023216,0,,unknown
RT-023217,0,,unknown
RT-023218,0,,unknown
RT-023219,1,19.0,tech_migration
RT-023220,0,,unknown
RT-023221,0,,unknown
RT-023222,0,,unknown
RT-023223,0,,unknown
RT-023224,0,,unknown
RT-023225,0,,unknown
RT-023226,1,19.0,unknown
RT-023227,0,,unknown
RT-023228,0,,unknown
RT-023229,0,,unknown
RT-023230,0,,unknown
RT-023231,0,,unknown
RT-023232,0,,unknown
RT-023233,0,,unknown
RT-023234,0,,unknown
RT-023235,0,,unknown
RT-023236,0,,unknown
RT-023237,0,,unknown
RT-023238,0,,unknown
RT-023239,0,,unknown
RT-023240,0,,unknown
RT-023241,0,,unknown
RT-023242,0,,unknown
RT-023243,0,,unknown
RT-023244,0,,unknown
RT-023245,0,,unknown
RT-023246,0,,unknown
RT-023247,1,19.0,competitor
RT-023248,0,,unknown
RT-023249,0,,unknown
RT-023250,0,,unknown
RT-023251,0,,unknown
RT-023252,0,,unknown
RT-023253,0,,unknown
RT-023254,0,,unknown
RT-023255,0,,unknown
RT-023256,0,,unknown
RT-023257,1,19.0,unknown
RT-023258,0,,unknown
RT-023259,0,,unknown
RT-023260,0,,unknown
RT-023261,0,,unknown
RT-023262,0,,unknown
RT-023263,0,,unknown
RT-023264,0,,unknown
RT-023265,0,,unknown
RT-023266,0,,unknown
RT-023267,0,,unknown
RT-023268,0,,unknown
RT-023269,1,19.0,quality
RT-023270,0,,unknown
RT-023271,0,,unknown
RT-023272,0,,unknown
RT-023273,0,,unknown
RT-023274,0,,unknown
RT-023275,1,19.0,unknown
RT-023276,1,24.0,unknown
RT-023277,0,,unknown
RT-023278,0,,unknown
RT-023279,0,,unknown
RT-023280,0,,unknown
RT-023281,0,,unknown
RT-023282,0,,unknown
RT-023283,0,,unknown
RT-023284,0,,unknown
RT-023285,0,,unknown
RT-023286,0,,unknown
RT-023287,0,,unknown
RT-023288,0,,unknown
RT-023289,0,,unknown
RT-023290,0,,unknown
RT-023291,0,,unknown
RT-023292,0,,unknown
RT-023293,0,,unknown
RT-023294,0,,unknown
RT-023295,1,24.0,unknown
RT-023296,0,,unknown
RT-023297,0,,unknown
RT-023298,0,,unknown
RT-023299,1,22.0,price
RT-023300,0,,unknown
RT-023301,0,,unknown
RT-023302,0,,unknown
RT-023303,0,,unknown
RT-023304,0,,unknown
RT-023305,0,,unknown
RT-023306,0,,unknown
RT-023307,0,,unknown
RT-023308,0,,unknown
RT-023309,0,,unknown
RT-023310,0,,unknown
RT-023311,0,,unknown
RT-023312,1,20.0,tech_migration
RT-023313,0,,unknown
RT-023314,0,,unknown
RT-023315,0,,unknown
RT-023316,0,,unknown
RT-023317,0,,unknown
RT-023318,0,,unknown
RT-023319,0,,unknown
RT-023320,0,,unknown
RT-023321,0,,unknown
RT-023322,0,,unknown
RT-023323,0,,unknown
RT-023324,0,,unknown
RT-023325,0,,unknown
RT-023326,0,,unknown
RT-023327,0,,unknown
RT-023328,0,,unknown
RT-023329,0,,unknown
RT-023330,0,,unknown
RT-023331,0,,unknown
RT-023332,1,20.0,price
RT-023333,0,,unknown
RT-023334,1,23.0,price
RT-023335,0,,unknown
RT-023336,0,,unknown
RT-023337,0,,unknown
RT-023338,0,,unknown
RT-023339,0,,unknown
RT-023340,0,,unknown
RT-023341,0,,unknown
RT-023342,0,,unknown
RT-023343,0,,unknown
RT-023344,0,,unknown
RT-023345,0,,unknown
RT-023346,0,,unknown
RT-023347,0,,unknown
RT-023348,0,,unknown
RT-023349,0,,unknown
RT-023350,0,,unknown
RT-023351,0,,unknown
RT-023352,0,,unknown
RT-023353,0,,unknown
RT-023354,0,,unknown
RT-023355,0,,unknown
RT-023356,1,22.0,unknown
RT-023357,0,,unknown
RT-023358,0,,unknown
RT-023359,0,,unknown
RT-023360,0,,unknown
RT-023361,0,,unknown
RT-023362,0,,unknown
RT-023363,0,,unknown
RT-023364,0,,unknown
RT-023365,0,,unknown
RT-023366,0,,unknown
RT-023367,0,,unknown
RT-023368,0,,unknown
RT-023369,0,,unknown
RT-023370,0,,unknown
RT-023371,0,,unknown
RT-023372,0,,unknown
RT-023373,0,,unknown
RT-023374,0,,unknown
RT-023375,1,21.0,unknown
RT-023376,0,,unknown
RT-023377,0,,unknown
RT-023378,0,,unknown
RT-023379,1,22.0,unknown
RT-023380,0,,unknown
RT-023381,0,,unknown
RT-023382,0,,unknown
RT-023383,0,,unknown
RT-023384,1,22.0,competitor
RT-023385,0,,unknown
RT-023386,0,,unknown
RT-023387,1,20.0,unknown
RT-023388,0,,unknown
RT-023389,0,,unknown
RT-023390,0,,unknown
RT-023391,0,,unknown
RT-023392,0,,unknown
RT-023393,1,20.0,price
RT-023394,0,,unknown
RT-023395,0,,unknown
RT-023396,0,,unknown
RT-023397,0,,unknown
RT-023398,0,,unknown
RT-023399,0,,unknown
RT-023400,0,,unknown
RT-023401,0,,unknown
RT-023402,0,,unknown
RT-023403,0,,unknown
RT-023404,0,,unknown
RT-023405,0,,unknown
RT-023406,0,,unknown
RT-023407,0,,unknown
RT-023408,0,,unknown
RT-023409,1,24.0,tech_migration
RT-023410,0,,unknown
RT-023411,0,,unknown
RT-023412,0,,unknown
RT-023413,0,,unknown
RT-023414,0,,unknown
RT-023415,0,,unknown
RT-023416,1,24.0,unknown
RT-023417,0,,unknown
RT-023418,0,,unknown
RT-023419,0,,unknown
RT-023420,0,,unknown
RT-023421,0,,unknown
RT-023422,1,24.0,unknown
RT-023423,0,,unknown
RT-023424,0,,unknown
RT-023425,1,23.0,tech_migration
RT-023426,0,,unknown
RT-023427,0,,unknown
RT-023428,0,,unknown
RT-023429,0,,unknown
RT-023430,0,,unknown
RT-023431,0,,unknown
RT-023432,0,,unknown
RT-023433,1,20.0,tech_migration
RT-023434,0,,unknown
RT-023435,0,,unknown
RT-023436,0,,unknown
RT-023437,0,,unknown
RT-023438,0,,unknown
RT-023439,0,,unknown
RT-023440,0,,unknown
RT-023441,0,,unknown
RT-023442,0,,unknown
RT-023443,0,,unknown
RT-023444,0,,unknown
RT-023445,0,,unknown
RT-023446,0,,unknown
RT-023447,1,22.0,quality
RT-023448,0,,unknown
RT-023449,0,,unknown
RT-023450,0,,unknown
RT-023451,0,,unknown
RT-023452,0,,unknown
RT-023453,0,,unknown
RT-023454,0,,unknown
RT-023455,0,,unknown
RT-023456,0,,unknown
RT-023457,0,,unknown
RT-023458,1,21.0,tech_migration
RT-023459,0,,unknown
RT-023460,0,,unknown
RT-023461,0,,unknown
RT-023462,1,19.0,tech_migration
RT-023463,0,,unknown
RT-023464,0,,unknown
RT-023465,0,,unknown
RT-023466,0,,unknown
RT-023467,0,,unknown
RT-023468,0,,unknown
RT-023469,0,,unknown
RT-023470,0,,unknown
RT-023471,0,,unknown
RT-023472,0,,unknown
RT-023473,0,,unknown
RT-023474,0,,unknown
RT-023475,0,,unknown
RT-023476,0,,unknown
RT-023477,0,,unknown
RT-023478,0,,unknown
RT-023479,0,,unknown
RT-023480,0,,unknown
RT-023481,0,,unknown
RT-023482,1,19.0,price
RT-023483,0,,unknown
RT-023484,0,,unknown
RT-023485,0,,unknown
RT-023486,0,,unknown
RT-023487,1,20.0,quality
RT-023488,0,,unknown
RT-023489,0,,unknown
RT-023490,1,24.0,price
RT-023491,0,,unknown
RT-023492,0,,unknown
RT-023493,0,,unknown
RT-023494,0,,unknown
RT-023495,0,,unknown
RT-023496,0,,unknown
RT-023497,1,22.0,competitor
RT-023498,0,,unknown
RT-023499,0,,unknown
RT-023500,0,,unknown
RT-023501,0,,unknown
RT-023502,0,,unknown
RT-023503,0,,unknown
RT-023504,0,,unknown
RT-023505,0,,unknown
RT-023506,0,,unknown
RT-023507,0,,unknown
RT-023508,1,24.0,price
RT-023509,1,19.0,unknown
RT-023510,0,,unknown
RT-023511,1,19.0,competitor
RT-023512,0,,unknown
RT-023513,1,24.0,unknown
RT-023514,0,,unknown
RT-023515,0,,unknown
RT-023516,0,,unknown
RT-023517,0,,unknown
RT-023518,0,,unknown
RT-023519,0,,unknown
RT-023520,0,,unknown
RT-023521,1,20.0,price
RT-023522,0,,unknown
RT-023523,1,24.0,price
RT-023524,0,,unknown
RT-023525,0,,unknown
RT-023526,0,,unknown
RT-023527,0,,unknown
RT-023528,0,,unknown
RT-023529,0,,unknown
RT-023530,0,,unknown
RT-023531,0,,unknown
RT-023532,1,21.0,price
RT-023533,0,,unknown
RT-023534,0,,unknown
RT-023535,0,,unknown
RT-023536,0,,unknown
RT-023537,0,,unknown
RT-023538,0,,unknown
RT-023539,1,23.0,price
RT-023540,0,,unknown
RT-023541,0,,unknown
RT-023542,0,,unknown
RT-023543,0,,unknown
RT-023544,0,,unknown
RT-023545,0,,unknown
RT-023546,0,,unknown
RT-023547,0,,unknown
RT-023548,0,,unknown
RT-023549,0,,unknown
RT-023550,0,,unknown
RT-023551,0,,unknown
RT-023552,0,,unknown
RT-023553,0,,unknown
RT-023554,0,,unknown
RT-023555,0,,unknown
RT-023556,1,23.0,tech_migration
RT-023557,0,,unknown
RT-023558,0,,unknown
RT-023559,0,,unknown
RT-023560,0,,unknown
RT-023561,0,,unknown
RT-023562,0,,unknown
RT-023563,0,,unknown
RT-023564,0,,unknown
RT-023565,0,,unknown
RT-023566,0,,unknown
RT-023567,0,,unknown
RT-023568,0,,unknown
RT-023569,0,,unknown
RT-023570,0,,unknown
RT-023571,0,,unknown
RT-023572,0,,unknown
RT-023573,0,,unknown
RT-023574,0,,unknown
RT-023575,0,,unknown
RT-023576,0,,unknown
RT-023577,1,23.0,competitor
RT-023578,0,,unknown
RT-023579,0,,unknown
RT-023580,1,24.0,unknown
RT-023581,0,,unknown
RT-023582,0,,unknown
RT-023583,0,,unknown
RT-023584,0,,unknown
RT-023585,0,,unknown
RT-023586,0,,unknown
RT-023587,0,,unknown
RT-023588,0,,unknown
RT-023589,0,,unknown
RT-023590,0,,unknown
RT-023591,0,,unknown
RT-023592,0,,unknown
RT-023593,0,,unknown
RT-023594,0,,unknown
RT-023595,0,,unknown
RT-023596,0,,unknown
RT-023597,0,,unknown
RT-023598,0,,unknown
RT-023599,0,,unknown
RT-023600,0,,unknown
RT-023601,1,23.0,tech_migration
RT-023602,0,,unknown
RT-023603,0,,unknown
RT-023604,0,,unknown
RT-023605,0,,unknown
RT-023606,0,,unknown
RT-023607,0,,unknown
RT-023608,0,,unknown
RT-023609,0,,unknown
RT-023610,1,24.0,tech_migration
RT-023611,1,20.0,tech_migration
RT-023612,0,,unknown
RT-023613,0,,unknown
RT-023614,0,,unknown
RT-023615,0,,unknown
RT-023616,0,,unknown
RT-023617,0,,unknown
RT-023618,0,,unknown
RT-023619,0,,unknown
RT-023620,0,,unknown
RT-023621,0,,unknown
RT-023622,0,,unknown
RT-023623,0,,unknown
RT-023624,0,,unknown
RT-023625,0,,unknown
RT-023626,0,,unknown
RT-023627,0,,unknown
RT-023628,1,20.0,unknown
RT-023629,0,,unknown
RT-023630,0,,unknown
RT-023631,0,,unknown
RT-023632,0,,unknown
RT-023633,0,,unknown
RT-023634,0,,unknown
RT-023635,0,,unknown
RT-023636,0,,unknown
RT-023637,0,,unknown
RT-023638,0,,unknown
RT-023639,0,,unknown
RT-023640,0,,unknown
RT-023641,0,,unknown
RT-023642,0,,unknown
RT-023643,0,,unknown
RT-023644,0,,unknown
RT-023645,0,,unknown
RT-023646,0,,unknown
RT-023647,0,,unknown
RT-023648,0,,unknown
RT-023649,0,,unknown
RT-023650,0,,unknown
RT-023651,1,21.0,price
RT-023652,1,22.0,tech_migration
RT-023653,0,,unknown
RT-023654,0,,unknown
RT-023655,0,,unknown
RT-023656,0,,unknown
RT-023657,0,,unknown
RT-023658,0,,unknown
RT-023659,0,,unknown
RT-023660,0,,unknown
RT-023661,1,21.0,tech_migration
RT-023662,0,,unknown
RT-023663,0,,unknown
RT-023664,1,20.0,unknown
RT-023665,0,,unknown
RT-023666,0,,unknown
RT-023667,0,,unknown
RT-023668,0,,unknown
RT-023669,0,,unknown
RT-023670,0,,unknown
RT-023671,0,,unknown
RT-023672,0,,unknown
RT-023673,0,,unknown
RT-023674,0,,unknown
RT-023675,0,,unknown
RT-023676,0,,unknown
RT-023677,1,22.0,tech_migration
RT-023678,0,,unknown
RT-023679,1,24.0,competitor
RT-023680,1,19.0,unknown
RT-023681,0,,unknown
RT-023682,0,,unknown
RT-023683,0,,unknown
RT-023684,0,,unknown
RT-023685,0,,unknown
RT-023686,0,,unknown
RT-023687,0,,unknown
RT-023688,0,,unknown
RT-023689,0,,unknown
RT-023690,0,,unknown
RT-023691,0,,unknown
RT-023692,0,,unknown
RT-023693,1,21.0,tech_migration
RT-023694,0,,unknown
RT-023695,0,,unknown
RT-023696,0,,unknown
RT-023697,1,21.0,competitor
RT-023698,0,,unknown
RT-023699,0,,unknown
RT-023700,0,,unknown
RT-023701,0,,unknown
RT-023702,0,,unknown
RT-023703,0,,unknown
RT-023704,0,,unknown
RT-023705,0,,unknown
RT-023706,1,22.0,tech_migration
RT-023707,0,,unknown
RT-023708,0,,unknown
RT-023709,0,,unknown
RT-023710,0,,unknown
RT-023711,0,,unknown
RT-023712,0,,unknown
RT-023713,0,,unknown
RT-023714,0,,unknown
RT-023715,0,,unknown
RT-023716,0,,unknown
RT-023717,0,,unknown
RT-023718,0,,unknown
RT-023719,0,,unknown
RT-023720,0,,unknown
RT-023721,0,,unknown
RT-023722,0,,unknown
RT-023723,0,,unknown
RT-023724,1,19.0,unknown
RT-023725,0,,unknown
RT-023726,0,,unknown
RT-023727,0,,unknown
RT-023728,0,,unknown
RT-023729,0,,unknown
RT-023730,0,,unknown
RT-023731,0,,unknown
RT-023732,0,,unknown
RT-023733,0,,unknown
RT-023734,1,24.0,competitor
RT-023735,0,,unknown
RT-023736,1,24.0,tech_migration
RT-023737,0,,unknown
RT-023738,0,,unknown
RT-023739,0,,unknown
RT-023740,0,,unknown
RT-023741,0,,unknown
RT-023742,0,,unknown
RT-023743,0,,unknown
RT-023744,0,,unknown
RT-023745,0,,unknown
RT-023746,0,,unknown
RT-023747,0,,unknown
RT-023748,0,,unknown
RT-023749,0,,unknown
RT-023750,0,,unknown
RT-023751,0,,unknown
RT-023752,1,21.0,quality
RT-023753,0,,unknown
RT-023754,0,,unknown
RT-023755,1,20.0,tech_migration
RT-023756,0,,unknown
RT-023757,0,,unknown
RT-023758,0,,unknown
RT-023759,0,,unknown
RT-023760,0,,unknown
RT-023761,0,,unknown
RT-023762,0,,unknown
RT-023763,0,,unknown
RT-023764,0,,unknown
RT-023765,0,,unknown
RT-023766,0,,unknown
RT-023767,0,,unknown
RT-023768,0,,unknown
RT-023769,0,,unknown
RT-023770,0,,unknown
RT-023771,1,24.0,unknown
RT-023772,0,,unknown
RT-023773,0,,unknown
RT-023774,0,,unknown
RT-023775,0,,unknown
RT-023776,0,,unknown
RT-023777,0,,unknown
RT-023778,1,24.0,unknown
RT-023779,0,,unknown
RT-023780,0,,unknown
RT-023781,0,,unknown
RT-023782,0,,unknown
RT-023783,0,,unknown
RT-023784,1,22.0,tech_migration
RT-023785,0,,unknown
RT-023786,0,,unknown
RT-023787,0,,unknown
RT-023788,0,,unknown
RT-023789,0,,unknown
RT-023790,0,,unknown
RT-023791,0,,unknown
RT-023792,0,,unknown
RT-023793,0,,unknown
RT-023794,0,,unknown
RT-023795,0,,unknown
RT-023796,1,24.0,price
RT-023797,0,,unknown
RT-023798,0,,unknown
RT-023799,0,,unknown
RT-023800,0,,unknown
RT-023801,0,,unknown
RT-023802,0,,unknown
RT-023803,0,,unknown
RT-023804,0,,unknown
RT-023805,0,,unknown
RT-023806,0,,unknown
RT-023807,0,,unknown
RT-023808,0,,unknown
RT-023809,1,24.0,price
RT-023810,0,,unknown
RT-023811,0,,unknown
RT-023812,0,,unknown
RT-023813,0,,unknown
RT-023814,0,,unknown
RT-023815,1,19.0,competitor
RT-023816,0,,unknown
RT-023817,0,,unknown
RT-023818,0,,unknown
RT-023819,0,,unknown
RT-023820,0,,unknown
RT-023821,0,,unknown
RT-023822,0,,unknown
RT-023823,0,,unknown
RT-023824,0,,unknown
RT-023825,0,,unknown
RT-023826,0,,unknown
RT-023827,0,,unknown
RT-023828,0,,unknown
RT-023829,0,,unknown
RT-023830,0,,unknown
RT-023831,0,,unknown
RT-023832,0,,unknown
RT-023833,0,,unknown
RT-023834,0,,unknown
RT-023835,0,,unknown
RT-023836,0,,unknown
RT-023837,0,,unknown
RT-023838,0,,unknown
RT-023839,0,,unknown
RT-023840,1,24.0,unknown
RT-023841,0,,unknown
RT-023842,0,,unknown
RT-023843,0,,unknown
RT-023844,1,19.0,quality
RT-023845,0,,unknown
RT-023846,0,,unknown
RT-023847,0,,unknown
RT-023848,0,,unknown
RT-023849,0,,unknown
RT-023850,0,,unknown
RT-023851,0,,unknown
RT-023852,0,,unknown
RT-023853,0,,unknown
RT-023854,0,,unknown
RT-023855,0,,unknown
RT-023856,0,,unknown
RT-023857,1,19.0,quality
RT-023858,0,,unknown
RT-023859,0,,unknown
RT-023860,0,,unknown
RT-023861,0,,unknown
RT-023862,0,,unknown
RT-023863,0,,unknown
RT-023864,0,,unknown
RT-023865,0,,unknown
RT-023866,0,,unknown
RT-023867,0,,unknown
RT-023868,0,,unknown
RT-023869,0,,unknown
RT-023870,0,,unknown
RT-023871,0,,unknown
RT-023872,0,,unknown
RT-023873,0,,unknown
RT-023874,0,,unknown
RT-023875,0,,unknown
RT-023876,0,,unknown
RT-023877,0,,unknown
RT-023878,0,,unknown
RT-023879,0,,unknown
RT-023880,0,,unknown
RT-023881,0,,unknown
RT-023882,0,,unknown
RT-023883,0,,unknown
RT-023884,0,,unknown
RT-023885,0,,unknown
RT-023886,0,,unknown
RT-023887,0,,unknown
RT-023888,0,,unknown
RT-023889,0,,unknown
RT-023890,0,,unknown
RT-023891,0,,unknown
RT-023892,0,,unknown
RT-023893,0,,unknown
RT-023894,0,,unknown
RT-023895,1,23.0,tech_migration
RT-023896,0,,unknown
RT-023897,0,,unknown
RT-023898,1,24.0,unknown
RT-023899,0,,unknown
RT-023900,0,,unknown
RT-023901,0,,unknown
RT-023902,0,,unknown
RT-023903,0,,unknown
RT-023904,0,,unknown
RT-023905,1,20.0,tech_migration
RT-023906,0,,unknown
RT-023907,0,,unknown
RT-023908,0,,unknown
RT-023909,0,,unknown
RT-023910,0,,unknown
RT-023911,0,,unknown
RT-023912,0,,unknown
RT-023913,0,,unknown
RT-023914,0,,unknown
RT-023915,0,,unknown
RT-023916,1,19.0,tech_migration
RT-023917,1,24.0,unknown
RT-023918,0,,unknown
RT-023919,0,,unknown
RT-023920,0,,unknown
RT-023921,0,,unknown
RT-023922,0,,unknown
RT-023923,0,,unknown
RT-023924,0,,unknown
RT-023925,0,,unknown
RT-023926,0,,unknown
RT-023927,0,,unknown
RT-023928,0,,unknown
RT-023929,0,,unknown
RT-023930,0,,unknown
RT-023931,0,,unknown
RT-023932,0,,unknown
RT-023933,0,,unknown
RT-023934,0,,unknown
RT-023935,0,,unknown
RT-023936,0,,unknown
RT-023937,0,,unknown
RT-023938,0,,unknown
RT-023939,0,,unknown
RT-023940,0,,unknown
RT-023941,0,,unknown
RT-023942,0,,unknown
RT-023943,0,,unknown
RT-023944,0,,unknown
RT-023945,0,,unknown
RT-023946,0,,unknown
RT-023947,0,,unknown
RT-023948,0,,unknown
RT-023949,0,,unknown
RT-023950,0,,unknown
RT-023951,0,,unknown
RT-023952,0,,unknown
RT-023953,0,,unknown
RT-023954,0,,unknown
RT-023955,0,,unknown
RT-023956,0,,unknown
RT-023957,0,,unknown
RT-023958,0,,unknown
RT-023959,0,,unknown
RT-023960,1,20.0,price
RT-023961,0,,unknown
RT-023962,0,,unknown
RT-023963,0,,unknown
RT-023964,0,,unknown
RT-023965,0,,unknown
RT-023966,0,,unknown
RT-023967,0,,unknown
RT-023968,0,,unknown
RT-023969,0,,unknown
RT-023970,0,,unknown
RT-023971,0,,unknown
RT-023972,0,,unknown
RT-023973,0,,unknown
RT-023974,0,,unknown
RT-023975,0,,unknown
RT-023976,0,,unknown
RT-023977,0,,unknown
RT-023978,0,,unknown
RT-023979,0,,unknown
RT-023980,0,,unknown
RT-023981,0,,unknown
RT-023982,0,,unknown
RT-023983,0,,unknown
RT-023984,1,19.0,tech_migration
RT-023985,0,,unknown
RT-023986,1,20.0,unknown
RT-023987,0,,unknown
RT-023988,1,23.0,unknown
RT-023989,0,,unknown
RT-023990,0,,unknown
RT-023991,0,,unknown
RT-023992,0,,unknown
RT-023993,1,21.0,price
RT-023994,0,,unknown
RT-023995,0,,unknown
RT-023996,0,,unknown
RT-023997,0,,unknown
RT-023998,0,,unknown
RT-023999,0,,unknown
RT-024000,0,,unknown
RT-024001,0,,unknown
RT-024002,0,,unknown
RT-024003,0,,unknown
RT-024004,0,,unknown
RT-024005,0,,unknown
RT-024006,0,,unknown
RT-024007,0,,unknown
RT-024008,0,,unknown
RT-024009,0,,unknown
RT-024010,0,,unknown
RT-024011,0,,unknown
RT-024012,0,,unknown
RT-024013,0,,unknown
RT-024014,0,,unknown
RT-024015,1,23.0,tech_migration
RT-024016,0,,unknown
RT-024017,0,,unknown
RT-024018,0,,unknown
RT-024019,0,,unknown
RT-024020,0,,unknown
RT-024021,0,,unknown
RT-024022,0,,unknown
RT-024023,0,,unknown
RT-024024,0,,unknown
RT-024025,0,,unknown
RT-024026,0,,unknown
RT-024027,0,,unknown
RT-024028,0,,unknown
RT-024029,0,,unknown
RT-024030,0,,unknown
RT-024031,0,,unknown
RT-024032,0,,unknown
RT-024033,0,,unknown
RT-024034,0,,unknown
RT-024035,0,,unknown
RT-024036,0,,unknown
RT-024037,0,,unknown
RT-024038,0,,unknown
RT-024039,0,,unknown
RT-024040,0,,unknown
RT-024041,0,,unknown
RT-024042,1,23.0,competitor
RT-024043,0,,unknown
RT-024044,0,,unknown
RT-024045,0,,unknown
RT-024046,0,,unknown
RT-024047,0,,unknown
RT-024048,0,,unknown
RT-024049,0,,unknown
RT-024050,0,,unknown
RT-024051,0,,unknown
RT-024052,0,,unknown
RT-024053,0,,unknown
RT-024054,0,,unknown
RT-024055,0,,unknown
RT-024056,0,,unknown
RT-024057,0,,unknown
RT-024058,0,,unknown
RT-024059,0,,unknown
RT-024060,0,,unknown
RT-024061,0,,unknown
RT-024062,0,,unknown
RT-024063,0,,unknown
RT-024064,0,,unknown
RT-024065,0,,unknown
RT-024066,0,,unknown
RT-024067,0,,unknown
RT-024068,0,,unknown
RT-024069,0,,unknown
RT-024070,0,,unknown
RT-024071,0,,unknown
RT-024072,0,,unknown
RT-024073,0,,unknown
RT-024074,0,,unknown
RT-024075,0,,unknown
RT-024076,0,,unknown
RT-024077,0,,unknown
RT-024078,0,,unknown
RT-024079,0,,unknown
RT-024080,0,,unknown
RT-024081,0,,unknown
RT-024082,0,,unknown
RT-024083,0,,unknown
RT-024084,0,,unknown
RT-024085,0,,unknown
RT-024086,0,,unknown
RT-024087,0,,unknown
RT-024088,0,,unknown
RT-024089,0,,unknown
RT-024090,0,,unknown
RT-024091,0,,unknown
RT-024092,0,,unknown
RT-024093,0,,unknown
RT-024094,0,,unknown
RT-024095,1,21.0,unknown
RT-024096,0,,unknown
RT-024097,0,,unknown
RT-024098,0,,unknown
RT-024099,0,,unknown
RT-024100,0,,unknown
RT-024101,0,,unknown
RT-024102,0,,unknown
RT-024103,0,,unknown
RT-024104,0,,unknown
RT-024105,0,,unknown
RT-024106,0,,unknown
RT-024107,0,,unknown
RT-024108,0,,unknown
RT-024109,0,,unknown
RT-024110,0,,unknown
RT-024111,0,,unknown
RT-024112,0,,unknown
RT-024113,0,,unknown
RT-024114,0,,unknown
RT-024115,0,,unknown
RT-024116,0,,unknown
RT-024117,0,,unknown
RT-024118,0,,unknown
RT-024119,0,,unknown
RT-024120,0,,unknown
RT-024121,0,,unknown
RT-024122,0,,unknown
RT-024123,0,,unknown
RT-024124,0,,unknown
RT-024125,0,,unknown
RT-024126,0,,unknown
RT-024127,0,,unknown
RT-024128,0,,unknown
RT-024129,0,,unknown
RT-024130,0,,unknown
RT-024131,0,,unknown
RT-024132,0,,unknown
RT-024133,0,,unknown
RT-024134,0,,unknown
RT-024135,0,,unknown
RT-024136,0,,unknown
RT-024137,0,,unknown
RT-024138,0,,unknown
RT-024139,1,24.0,quality
RT-024140,0,,unknown
RT-024141,0,,unknown
RT-024142,0,,unknown
RT-024143,0,,unknown
RT-024144,0,,unknown
RT-024145,1,24.0,competitor
RT-024146,0,,unknown
RT-024147,0,,unknown
RT-024148,0,,unknown
RT-024149,0,,unknown
RT-024150,0,,unknown
RT-024151,0,,unknown
RT-024152,0,,unknown
RT-024153,1,20.0,tech_migration
RT-024154,0,,unknown
RT-024155,0,,unknown
RT-024156,0,,unknown
RT-024157,1,24.0,price
RT-024158,0,,unknown
RT-024159,0,,unknown
RT-024160,0,,unknown
RT-024161,0,,unknown
RT-024162,0,,unknown
RT-024163,0,,unknown
RT-024164,0,,unknown
RT-024165,0,,unknown
RT-024166,1,24.0,competitor
RT-024167,0,,unknown
RT-024168,0,,unknown
RT-024169,0,,unknown
RT-024170,0,,unknown
RT-024171,0,,unknown
RT-024172,0,,unknown
RT-024173,0,,unknown
RT-024174,0,,unknown
RT-024175,0,,unknown
RT-024176,0,,unknown
RT-024177,0,,unknown
RT-024178,0,,unknown
RT-024179,1,24.0,tech_migration
RT-024180,1,24.0,unknown
RT-024181,0,,unknown
RT-024182,0,,unknown
RT-024183,0,,unknown
RT-024184,0,,unknown
RT-024185,0,,unknown
RT-024186,0,,unknown
RT-024187,0,,unknown
RT-024188,0,,unknown
RT-024189,1,22.0,tech_migration
RT-024190,0,,unknown
RT-024191,0,,unknown
RT-024192,0,,unknown
RT-024193,0,,unknown
RT-024194,0,,unknown
RT-024195,0,,unknown
RT-024196,0,,unknown
RT-024197,0,,unknown
RT-024198,0,,unknown
RT-024199,0,,unknown
RT-024200,0,,unknown
RT-024201,0,,unknown
RT-024202,1,21.0,tech_migration
RT-024203,0,,unknown
RT-024204,0,,unknown
RT-024205,0,,unknown
RT-024206,0,,unknown
RT-024207,0,,unknown
RT-024208,0,,unknown
RT-024209,0,,unknown
RT-024210,1,24.0,unknown
RT-024211,0,,unknown
RT-024212,0,,unknown
RT-024213,1,20.0,price
RT-024214,0,,unknown
RT-024215,0,,unknown
RT-024216,0,,unknown
RT-024217,0,,unknown
RT-024218,0,,unknown
RT-024219,0,,unknown
RT-024220,0,,unknown
RT-024221,0,,unknown
RT-024222,0,,unknown
RT-024223,0,,unknown
RT-024224,0,,unknown
RT-024225,0,,unknown
RT-024226,1,24.0,tech_migration
RT-024227,0,,unknown
RT-024228,1,19.0,price
RT-024229,0,,unknown
RT-024230,0,,unknown
RT-024231,0,,unknown
RT-024232,0,,unknown
RT-024233,0,,unknown
RT-024234,0,,unknown
RT-024235,0,,unknown
RT-024236,0,,unknown
RT-024237,0,,unknown
RT-024238,0,,unknown
RT-024239,0,,unknown
RT-024240,0,,unknown
RT-024241,1,22.0,unknown
RT-024242,0,,unknown
RT-024243,0,,unknown
RT-024244,0,,unknown
RT-024245,0,,unknown
RT-024246,0,,unknown
RT-024247,0,,unknown
RT-024248,0,,unknown
RT-024249,0,,unknown
RT-024250,0,,unknown
RT-024251,0,,unknown
RT-024252,0,,unknown
RT-024253,1,23.0,quality
RT-024254,0,,unknown
RT-024255,0,,unknown
RT-024256,0,,unknown
RT-024257,0,,unknown
RT-024258,0,,unknown
RT-024259,0,,unknown
RT-024260,0,,unknown
RT-024261,0,,unknown
RT-024262,0,,unknown
RT-024263,0,,unknown
RT-024264,0,,unknown
RT-024265,0,,unknown
RT-024266,0,,unknown
RT-024267,0,,unknown
RT-024268,0,,unknown
RT-024269,0,,unknown
RT-024270,0,,unknown
RT-024271,1,19.0,tech_migration
RT-024272,0,,unknown
RT-024273,0,,unknown
RT-024274,0,,unknown
RT-024275,0,,unknown
RT-024276,0,,unknown
RT-024277,0,,unknown
RT-024278,0,,unknown
RT-024279,0,,unknown
RT-024280,0,,unknown
RT-024281,0,,unknown
RT-024282,1,23.0,price
RT-024283,0,,unknown
RT-024284,0,,unknown
RT-024285,0,,unknown
RT-024286,0,,unknown
RT-024287,0,,unknown
RT-024288,0,,unknown
RT-024289,0,,unknown
RT-024290,0,,unknown
RT-024291,0,,unknown
RT-024292,0,,unknown
RT-024293,0,,unknown
RT-024294,0,,unknown
RT-024295,0,,unknown
RT-024296,0,,unknown
RT-024297,0,,unknown
RT-024298,0,,unknown
RT-024299,0,,unknown
RT-024300,0,,unknown
RT-024301,0,,unknown
RT-024302,0,,unknown
RT-024303,0,,unknown
RT-024304,0,,unknown
RT-024305,0,,unknown
RT-024306,0,,unknown
RT-024307,0,,unknown
RT-024308,1,24.0,price
RT-024309,1,21.0,price
RT-024310,0,,unknown
RT-024311,0,,unknown
RT-024312,1,20.0,tech_migration
RT-024313,0,,unknown
RT-024314,0,,unknown
RT-024315,0,,unknown
RT-024316,0,,unknown
RT-024317,0,,unknown
RT-024318,1,20.0,competitor
RT-024319,0,,unknown
RT-024320,0,,unknown
RT-024321,0,,unknown
RT-024322,0,,unknown
RT-024323,0,,unknown
RT-024324,0,,unknown
RT-024325,1,24.0,competitor
RT-024326,0,,unknown
RT-024327,0,,unknown
RT-024328,0,,unknown
RT-024329,0,,unknown
RT-024330,0,,unknown
RT-024331,0,,unknown
RT-024332,0,,unknown
RT-024333,0,,unknown
RT-024334,1,24.0,price
RT-024335,0,,unknown
RT-024336,0,,unknown
RT-024337,0,,unknown
RT-024338,0,,unknown
RT-024339,0,,unknown
RT-024340,0,,unknown
RT-024341,0,,unknown
RT-024342,0,,unknown
RT-024343,0,,unknown
RT-024344,0,,unknown
RT-024345,0,,unknown
RT-024346,1,20.0,quality
RT-024347,0,,unknown
RT-024348,0,,unknown
RT-024349,0,,unknown
RT-024350,0,,unknown
RT-024351,0,,unknown
RT-024352,0,,unknown
RT-024353,0,,unknown
RT-024354,0,,unknown
RT-024355,0,,unknown
RT-024356,0,,unknown
RT-024357,0,,unknown
RT-024358,0,,unknown
RT-024359,0,,unknown
RT-024360,0,,unknown
RT-024361,0,,unknown
RT-024362,1,24.0,price
RT-024363,1,19.0,unknown
RT-024364,0,,unknown
RT-024365,0,,unknown
RT-024366,0,,unknown
RT-024367,0,,unknown
RT-024368,0,,unknown
RT-024369,1,23.0,tech_migration
RT-024370,0,,unknown
RT-024371,0,,unknown
RT-024372,0,,unknown
RT-024373,0,,unknown
RT-024374,0,,unknown
RT-024375,0,,unknown
RT-024376,0,,unknown
RT-024377,0,,unknown
RT-024378,0,,unknown
RT-024379,0,,unknown
RT-024380,0,,unknown
RT-024381,0,,unknown
RT-024382,0,,unknown
RT-024383,0,,unknown
RT-024384,0,,unknown
RT-024385,0,,unknown
RT-024386,0,,unknown
RT-024387,1,21.0,unknown
RT-024388,0,,unknown
RT-024389,0,,unknown
RT-024390,0,,unknown
RT-024391,0,,unknown
RT-024392,0,,unknown
RT-024393,1,21.0,price
RT-024394,0,,unknown
RT-024395,0,,unknown
RT-024396,0,,unknown
RT-024397,0,,unknown
RT-024398,0,,unknown
RT-024399,0,,unknown
RT-024400,0,,unknown
RT-024401,0,,unknown
RT-024402,0,,unknown
RT-024403,0,,unknown
RT-024404,0,,unknown
RT-024405,0,,unknown
RT-024406,0,,unknown
RT-024407,1,24.0,competitor
RT-024408,0,,unknown
RT-024409,0,,unknown
RT-024410,0,,unknown
RT-024411,0,,unknown
RT-024412,0,,unknown
RT-024413,0,,unknown
RT-024414,0,,unknown
RT-024415,0,,unknown
RT-024416,1,20.0,unknown
RT-024417,0,,unknown
RT-024418,0,,unknown
RT-024419,0,,unknown
RT-024420,1,24.0,unknown
RT-024421,0,,unknown
RT-024422,0,,unknown
RT-024423,1,24.0,competitor
RT-024424,0,,unknown
RT-024425,1,24.0,quality
RT-024426,0,,unknown
RT-024427,0,,unknown
RT-024428,0,,unknown
RT-024429,0,,unknown
RT-024430,0,,unknown
RT-024431,0,,unknown
RT-024432,0,,unknown
RT-024433,0,,unknown
RT-024434,0,,unknown
RT-024435,0,,unknown
RT-024436,0,,unknown
RT-024437,0,,unknown
RT-024438,0,,unknown
RT-024439,1,23.0,price
RT-024440,0,,unknown
RT-024441,0,,unknown
RT-024442,0,,unknown
RT-024443,0,,unknown
RT-024444,0,,unknown
RT-024445,0,,unknown
RT-024446,0,,unknown
RT-024447,0,,unknown
RT-024448,0,,unknown
RT-024449,0,,unknown
RT-024450,1,19.0,tech_migration
RT-024451,0,,unknown
RT-024452,0,,unknown
RT-024453,0,,unknown
RT-024454,0,,unknown
RT-024455,0,,unknown
RT-024456,0,,unknown
RT-024457,0,,unknown
RT-024458,0,,unknown
RT-024459,0,,unknown
RT-024460,0,,unknown
RT-024461,0,,unknown
RT-024462,0,,unknown
RT-024463,0,,unknown
RT-024464,1,23.0,price
RT-024465,0,,unknown
RT-024466,0,,unknown
RT-024467,0,,unknown
RT-024468,0,,unknown
RT-024469,0,,unknown
RT-024470,0,,unknown
RT-024471,0,,unknown
RT-024472,0,,unknown
RT-024473,0,,unknown
RT-024474,0,,unknown
RT-024475,0,,unknown
RT-024476,0,,unknown
RT-024477,0,,unknown
RT-024478,0,,unknown
RT-024479,0,,unknown
RT-024480,0,,unknown
RT-024481,0,,unknown
RT-024482,0,,unknown
RT-024483,0,,unknown
RT-024484,0,,unknown
RT-024485,0,,unknown
RT-024486,0,,unknown
RT-024487,0,,unknown
RT-024488,0,,unknown
RT-024489,0,,unknown
RT-024490,0,,unknown
RT-024491,0,,unknown
RT-024492,0,,unknown
RT-024493,0,,unknown
RT-024494,0,,unknown
RT-024495,0,,unknown
RT-024496,0,,unknown
RT-024497,0,,unknown
RT-024498,0,,unknown
RT-024499,0,,unknown
RT-024500,1,24.0,unknown
RT-024501,0,,unknown
RT-024502,0,,unknown
RT-024503,0,,unknown
RT-024504,1,19.0,tech_migration
RT-024505,0,,unknown
RT-024506,0,,unknown
RT-024507,0,,unknown
RT-024508,0,,unknown
RT-024509,0,,unknown
RT-024510,0,,unknown
RT-024511,1,22.0,tech_migration
RT-024512,0,,unknown
RT-024513,0,,unknown
RT-024514,0,,unknown
RT-024515,0,,unknown
RT-024516,0,,unknown
RT-024517,0,,unknown
RT-024518,0,,unknown
RT-024519,0,,unknown
RT-024520,0,,unknown
RT-024521,0,,unknown
RT-024522,0,,unknown
RT-024523,0,,unknown
RT-024524,0,,unknown
RT-024525,0,,unknown
RT-024526,0,,unknown
RT-024527,0,,unknown
RT-024528,0,,unknown
RT-024529,0,,unknown
RT-024530,0,,unknown
RT-024531,0,,unknown
RT-024532,0,,unknown
RT-024533,0,,unknown
RT-024534,0,,unknown
RT-024535,0,,unknown
RT-024536,0,,unknown
RT-024537,0,,unknown
RT-024538,0,,unknown
RT-024539,0,,unknown
RT-024540,0,,unknown
RT-024541,0,,unknown
RT-024542,0,,unknown
RT-024543,0,,unknown
RT-024544,0,,unknown
RT-024545,0,,unknown
RT-024546,0,,unknown
RT-024547,0,,unknown
RT-024548,0,,unknown
RT-024549,0,,unknown
RT-024550,0,,unknown
RT-024551,0,,unknown
RT-024552,0,,unknown
RT-024553,0,,unknown
RT-024554,1,21.0,price
RT-024555,1,23.0,tech_migration
RT-024556,1,21.0,price
RT-024557,0,,unknown
RT-024558,0,,unknown
RT-024559,0,,unknown
RT-024560,0,,unknown
RT-024561,1,22.0,price
RT-024562,0,,unknown
RT-024563,0,,unknown
RT-024564,0,,unknown
RT-024565,0,,unknown
RT-024566,0,,unknown
RT-024567,0,,unknown
RT-024568,0,,unknown
RT-024569,0,,unknown
RT-024570,0,,unknown
RT-024571,0,,unknown
RT-024572,0,,unknown
RT-024573,1,22.0,tech_migration
RT-024574,0,,unknown
RT-024575,0,,unknown
RT-024576,0,,unknown
RT-024577,0,,unknown
RT-024578,0,,unknown
RT-024579,0,,unknown
RT-024580,0,,unknown
RT-024581,1,24.0,tech_migration
RT-024582,0,,unknown
RT-024583,0,,unknown
RT-024584,0,,unknown
RT-024585,0,,unknown
RT-024586,0,,unknown
RT-024587,0,,unknown
RT-024588,0,,unknown
RT-024589,0,,unknown
RT-024590,0,,unknown
RT-024591,0,,unknown
RT-024592,0,,unknown
RT-024593,0,,unknown
RT-024594,0,,unknown
RT-024595,0,,unknown
RT-024596,0,,unknown
RT-024597,0,,unknown
RT-024598,0,,unknown
RT-024599,0,,unknown
RT-024600,0,,unknown
RT-024601,0,,unknown
RT-024602,0,,unknown
RT-024603,0,,unknown
RT-024604,0,,unknown
RT-024605,0,,unknown
RT-024606,0,,unknown
RT-024607,0,,unknown
RT-024608,0,,unknown
RT-024609,0,,unknown
RT-024610,0,,unknown
RT-024611,0,,unknown
RT-024612,0,,unknown
RT-024613,0,,unknown
RT-024614,0,,unknown
RT-024615,0,,unknown
RT-024616,0,,unknown
RT-024617,0,,unknown
RT-024618,0,,unknown
RT-024619,0,,unknown
RT-024620,0,,unknown
RT-024621,0,,unknown
RT-024622,0,,unknown
RT-024623,0,,unknown
RT-024624,0,,unknown
RT-024625,0,,unknown
RT-024626,0,,unknown
RT-024627,0,,unknown
RT-024628,0,,unknown
RT-024629,0,,unknown
RT-024630,0,,unknown
RT-024631,0,,unknown
RT-024632,0,,unknown
RT-024633,0,,unknown
RT-024634,0,,unknown
RT-024635,0,,unknown
RT-024636,0,,unknown
RT-024637,0,,unknown
RT-024638,0,,unknown
RT-024639,1,19.0,price
RT-024640,0,,unknown
RT-024641,0,,unknown
RT-024642,0,,unknown
RT-024643,0,,unknown
RT-024644,0,,unknown
RT-024645,0,,unknown
RT-024646,0,,unknown
RT-024647,0,,unknown
RT-024648,0,,unknown
RT-024649,0,,unknown
RT-024650,0,,unknown
RT-024651,0,,unknown
RT-024652,0,,unknown
RT-024653,0,,unknown
RT-024654,0,,unknown
RT-024655,0,,unknown
RT-024656,0,,unknown
RT-024657,1,24.0,price
RT-024658,0,,unknown
RT-024659,0,,unknown
RT-024660,0,,unknown
RT-024661,0,,unknown
RT-024662,0,,unknown
RT-024663,0,,unknown
RT-024664,0,,unknown
RT-024665,1,24.0,tech_migration
RT-024666,0,,unknown
RT-024667,0,,unknown
RT-024668,0,,unknown
RT-024669,0,,unknown
RT-024670,0,,unknown
RT-024671,1,19.0,quality
RT-024672,0,,unknown
RT-024673,0,,unknown
RT-024674,1,23.0,tech_migration
RT-024675,0,,unknown
RT-024676,0,,unknown
RT-024677,1,23.0,price
RT-024678,1,19.0,tech_migration
RT-024679,0,,unknown
RT-024680,1,21.0,tech_migration
RT-024681,0,,unknown
RT-024682,0,,unknown
RT-024683,0,,unknown
RT-024684,0,,unknown
RT-024685,0,,unknown
RT-024686,0,,unknown
RT-024687,0,,unknown
RT-024688,0,,unknown
RT-024689,0,,unknown
RT-024690,0,,unknown
RT-024691,0,,unknown
RT-024692,0,,unknown
RT-024693,0,,unknown
RT-024694,0,,unknown
RT-024695,0,,unknown
RT-024696,0,,unknown
RT-024697,0,,unknown
RT-024698,0,,unknown
RT-024699,0,,unknown
RT-024700,0,,unknown
RT-024701,1,24.0,unknown
RT-024702,0,,unknown
RT-024703,1,22.0,price
RT-024704,0,,unknown
RT-024705,1,24.0,unknown
RT-024706,0,,unknown
RT-024707,0,,unknown
RT-024708,0,,unknown
RT-024709,0,,unknown
RT-024710,0,,unknown
RT-024711,0,,unknown
RT-024712,0,,unknown
RT-024713,0,,unknown
RT-024714,0,,unknown
RT-024715,0,,unknown
RT-024716,0,,unknown
RT-024717,0,,unknown
RT-024718,0,,unknown
RT-024719,0,,unknown
RT-024720,0,,unknown
RT-024721,0,,unknown
RT-024722,0,,unknown
RT-024723,0,,unknown
RT-024724,0,,unknown
RT-024725,0,,unknown
RT-024726,0,,unknown
RT-024727,0,,unknown
RT-024728,0,,unknown
RT-024729,0,,unknown
RT-024730,0,,unknown
RT-024731,0,,unknown
RT-024732,0,,unknown
RT-024733,0,,unknown
RT-024734,0,,unknown
RT-024735,1,21.0,price
RT-024736,0,,unknown
RT-024737,0,,unknown
RT-024738,0,,unknown
RT-024739,0,,unknown
RT-024740,0,,unknown
RT-024741,1,19.0,price
RT-024742,0,,unknown
RT-024743,1,22.0,unknown
RT-024744,0,,unknown
RT-024745,0,,unknown
RT-024746,0,,unknown
RT-024747,0,,unknown
RT-024748,0,,unknown
RT-024749,0,,unknown
RT-024750,0,,unknown
RT-024751,0,,unknown
RT-024752,0,,unknown
RT-024753,0,,unknown
RT-024754,0,,unknown
RT-024755,0,,unknown
RT-024756,0,,unknown
RT-024757,0,,unknown
RT-024758,0,,unknown
RT-024759,0,,unknown
RT-024760,0,,unknown
RT-024761,0,,unknown
RT-024762,1,19.0,tech_migration
RT-024763,0,,unknown
RT-024764,0,,unknown
RT-024765,0,,unknown
RT-024766,1,22.0,price
RT-024767,1,24.0,competitor
RT-024768,0,,unknown
RT-024769,0,,unknown
RT-024770,0,,unknown
RT-024771,0,,unknown
RT-024772,0,,unknown
RT-024773,0,,unknown
RT-024774,0,,unknown
RT-024775,0,,unknown
RT-024776,0,,unknown
RT-024777,0,,unknown
RT-024778,1,21.0,tech_migration
RT-024779,0,,unknown
RT-024780,0,,unknown
RT-024781,0,,unknown
RT-024782,0,,unknown
RT-024783,1,19.0,quality
RT-024784,0,,unknown
RT-024785,0,,unknown
RT-024786,0,,unknown
RT-024787,0,,unknown
RT-024788,0,,unknown
RT-024789,0,,unknown
RT-024790,0,,unknown
RT-024791,0,,unknown
RT-024792,0,,unknown
RT-024793,0,,unknown
RT-024794,0,,unknown
RT-024795,0,,unknown
RT-024796,0,,unknown
RT-024797,0,,unknown
RT-024798,0,,unknown
RT-024799,0,,unknown
RT-024800,0,,unknown
RT-024801,0,,unknown
RT-024802,1,24.0,price
RT-024803,0,,unknown
RT-024804,0,,unknown
RT-024805,0,,unknown
RT-024806,0,,unknown
RT-024807,0,,unknown
RT-024808,0,,unknown
RT-024809,0,,unknown
RT-024810,0,,unknown
RT-024811,1,21.0,price
RT-024812,0,,unknown
RT-024813,0,,unknown
RT-024814,0,,unknown
RT-024815,0,,unknown
RT-024816,0,,unknown
RT-024817,0,,unknown
RT-024818,0,,unknown
RT-024819,0,,unknown
RT-024820,1,22.0,tech_migration
RT-024821,0,,unknown
RT-024822,0,,unknown
RT-024823,0,,unknown
RT-024824,0,,unknown
RT-024825,0,,unknown
RT-024826,0,,unknown
RT-024827,0,,unknown
RT-024828,0,,unknown
RT-024829,0,,unknown
RT-024830,1,23.0,tech_migration
RT-024831,0,,unknown
RT-024832,1,20.0,quality
RT-024833,0,,unknown
RT-024834,1,20.0,competitor
RT-024835,0,,unknown
RT-024836,0,,unknown
RT-024837,0,,unknown
RT-024838,1,19.0,unknown
RT-024839,0,,unknown
RT-024840,0,,unknown
RT-024841,0,,unknown
RT-024842,0,,unknown
RT-024843,0,,unknown
RT-024844,1,19.0,tech_migration
RT-024845,1,19.0,tech_migration
RT-024846,0,,unknown
RT-024847,0,,unknown
RT-024848,0,,unknown
RT-024849,0,,unknown
RT-024850,0,,unknown
RT-024851,0,,unknown
RT-024852,0,,unknown
RT-024853,1,22.0,quality
RT-024854,0,,unknown
RT-024855,0,,unknown
RT-024856,0,,unknown
RT-024857,0,,unknown
RT-024858,0,,unknown
RT-024859,0,,unknown
RT-024860,0,,unknown
RT-024861,0,,unknown
RT-024862,0,,unknown
RT-024863,0,,unknown
RT-024864,0,,unknown
RT-024865,1,20.0,quality
RT-024866,0,,unknown
RT-024867,0,,unknown
RT-024868,0,,unknown
RT-024869,0,,unknown
RT-024870,0,,unknown
RT-024871,0,,unknown
RT-024872,0,,unknown
RT-024873,0,,unknown
RT-024874,0,,unknown
RT-024875,0,,unknown
RT-024876,0,,unknown
RT-024877,0,,unknown
RT-024878,0,,unknown
RT-024879,0,,unknown
RT-024880,0,,unknown
RT-024881,0,,unknown
RT-024882,0,,unknown
RT-024883,0,,unknown
RT-024884,0,,unknown
RT-024885,0,,unknown
RT-024886,0,,unknown
RT-024887,0,,unknown
RT-024888,0,,unknown
RT-024889,1,23.0,quality
RT-024890,0,,unknown
RT-024891,0,,unknown
RT-024892,0,,unknown
RT-024893,0,,unknown
RT-024894,0,,unknown
RT-024895,0,,unknown
RT-024896,0,,unknown
RT-024897,1,24.0,quality
RT-024898,0,,unknown
RT-024899,0,,unknown
RT-024900,0,,unknown
RT-024901,0,,unknown
RT-024902,0,,unknown
RT-024903,0,,unknown
RT-024904,0,,unknown
RT-024905,0,,unknown
RT-024906,0,,unknown
RT-024907,0,,unknown
RT-024908,0,,unknown
RT-024909,0,,unknown
RT-024910,0,,unknown
RT-024911,0,,unknown
RT-024912,0,,unknown
RT-024913,0,,unknown
RT-024914,0,,unknown
RT-024915,0,,unknown
RT-024916,0,,unknown
RT-024917,0,,unknown
RT-024918,0,,unknown
RT-024919,0,,unknown
RT-024920,0,,unknown
RT-024921,0,,unknown
RT-024922,0,,unknown
RT-024923,0,,unknown
RT-024924,0,,unknown
RT-024925,0,,unknown
RT-024926,0,,unknown
RT-024927,0,,unknown
RT-024928,0,,unknown
RT-024929,0,,unknown
RT-024930,0,,unknown
RT-024931,0,,unknown
RT-024932,0,,unknown
RT-024933,0,,unknown
RT-024934,0,,unknown
RT-024935,0,,unknown
RT-024936,0,,unknown
RT-024937,0,,unknown
RT-024938,0,,unknown
RT-024939,0,,unknown
RT-024940,0,,unknown
RT-024941,1,22.0,unknown
RT-024942,1,23.0,competitor
RT-024943,0,,unknown
RT-024944,0,,unknown
RT-024945,0,,unknown
RT-024946,0,,unknown
RT-024947,0,,unknown
RT-024948,0,,unknown
RT-024949,0,,unknown
RT-024950,0,,unknown
RT-024951,0,,unknown
RT-024952,0,,unknown
RT-024953,0,,unknown
RT-024954,0,,unknown
RT-024955,0,,unknown
RT-024956,0,,unknown
RT-024957,0,,unknown
RT-024958,0,,unknown
RT-024959,0,,unknown
RT-024960,0,,unknown
RT-024961,0,,unknown
RT-024962,0,,unknown
RT-024963,0,,unknown
RT-024964,0,,unknown
RT-024965,0,,unknown
RT-024966,0,,unknown
RT-024967,0,,unknown
RT-024968,0,,unknown
RT-024969,0,,unknown
RT-024970,0,,unknown
RT-024971,0,,unknown
RT-024972,0,,unknown
RT-024973,0,,unknown
RT-024974,0,,unknown
RT-024975,0,,unknown
RT-024976,0,,unknown
RT-024977,0,,unknown
RT-024978,0,,unknown
RT-024979,0,,unknown
RT-024980,0,,unknown
RT-024981,0,,unknown
RT-024982,0,,unknown
RT-024983,0,,unknown
RT-024984,0,,unknown
RT-024985,0,,unknown
RT-024986,0,,unknown
RT-024987,0,,unknown
RT-024988,0,,unknown
RT-024989,0,,unknown
RT-024990,0,,unknown
RT-024991,0,,unknown
RT-024992,0,,unknown
RT-024993,0,,unknown
RT-024994,0,,unknown
RT-024995,0,,unknown
RT-024996,0,,unknown
RT-024997,0,,unknown
RT-024998,0,,unknown
RT-024999,0,,unknown
RT-025000,1,23.0,quality
RT-025001,0,,unknown
RT-025002,1,19.0,tech_migration
RT-025003,0,,unknown
RT-025004,0,,unknown
RT-025005,0,,unknown
RT-025006,0,,unknown
RT-025007,1,19.0,quality
RT-025008,0,,unknown
RT-025009,0,,unknown
RT-025010,0,,unknown
RT-025011,0,,unknown
RT-025012,0,,unknown
RT-025013,0,,unknown
RT-025014,1,20.0,competitor
RT-025015,0,,unknown
RT-025016,0,,unknown
RT-025017,0,,unknown
RT-025018,0,,unknown
RT-025019,0,,unknown
RT-025020,0,,unknown
RT-025021,0,,unknown
RT-025022,0,,unknown
RT-025023,0,,unknown
RT-025024,0,,unknown
RT-025025,0,,unknown
RT-025026,0,,unknown
RT-025027,0,,unknown
RT-025028,0,,unknown
RT-025029,0,,unknown
RT-025030,0,,unknown
RT-025031,0,,unknown
RT-025032,1,23.0,price
RT-025033,0,,unknown
RT-025034,0,,unknown
RT-025035,1,22.0,unknown
RT-025036,1,21.0,tech_migration
RT-025037,0,,unknown
RT-025038,0,,unknown
RT-025039,1,20.0,price
RT-025040,1,24.0,competitor
RT-025041,0,,unknown
RT-025042,0,,unknown
RT-025043,0,,unknown
RT-025044,0,,unknown
RT-025045,0,,unknown
RT-025046,1,19.0,tech_migration
RT-025047,0,,unknown
RT-025048,0,,unknown
RT-025049,0,,unknown
RT-025050,0,,unknown
RT-025051,0,,unknown
RT-025052,0,,unknown
RT-025053,0,,unknown
RT-025054,0,,unknown
RT-025055,0,,unknown
RT-025056,0,,unknown
RT-025057,0,,unknown
RT-025058,0,,unknown
RT-025059,0,,unknown
RT-025060,0,,unknown
RT-025061,0,,unknown
RT-025062,0,,unknown
RT-025063,1,23.0,unknown
RT-025064,0,,unknown
RT-025065,0,,unknown
RT-025066,0,,unknown
RT-025067,0,,unknown
RT-025068,0,,unknown
RT-025069,0,,unknown
RT-025070,0,,unknown
RT-025071,0,,unknown
RT-025072,0,,unknown
RT-025073,0,,unknown
RT-025074,0,,unknown
RT-025075,1,24.0,unknown
RT-025076,0,,unknown
RT-025077,0,,unknown
RT-025078,0,,unknown
RT-025079,0,,unknown
RT-025080,0,,unknown
RT-025081,0,,unknown
RT-025082,0,,unknown
RT-025083,0,,unknown
RT-025084,0,,unknown
RT-025085,0,,unknown
RT-025086,0,,unknown
RT-025087,0,,unknown
RT-025088,1,23.0,tech_migration
RT-025089,0,,unknown
RT-025090,0,,unknown
RT-025091,0,,unknown
RT-025092,0,,unknown
RT-025093,0,,unknown
RT-025094,0,,unknown
RT-025095,0,,unknown
RT-025096,0,,unknown
RT-025097,0,,unknown
RT-025098,0,,unknown
RT-025099,0,,unknown
RT-025100,0,,unknown
RT-025101,0,,unknown
RT-025102,1,24.0,unknown
RT-025103,0,,unknown
RT-025104,0,,unknown
RT-025105,0,,unknown
RT-025106,0,,unknown
RT-025107,0,,unknown
RT-025108,0,,unknown
RT-025109,0,,unknown
RT-025110,0,,unknown
RT-025111,0,,unknown
RT-025112,1,24.0,competitor
RT-025113,0,,unknown
RT-025114,0,,unknown
RT-025115,0,,unknown
RT-025116,0,,unknown
RT-025117,0,,unknown
RT-025118,0,,unknown
RT-025119,0,,unknown
RT-025120,0,,unknown
RT-025121,0,,unknown
RT-025122,0,,unknown
RT-025123,1,19.0,price
RT-025124,0,,unknown
RT-025125,0,,unknown
RT-025126,0,,unknown
RT-025127,0,,unknown
RT-025128,0,,unknown
RT-025129,0,,unknown
RT-025130,1,22.0,tech_migration
RT-025131,0,,unknown
RT-025132,0,,unknown
RT-025133,1,24.0,price
RT-025134,0,,unknown
RT-025135,1,22.0,price
RT-025136,0,,unknown
RT-025137,0,,unknown
RT-025138,0,,unknown
RT-025139,0,,unknown
RT-025140,0,,unknown
RT-025141,0,,unknown
RT-025142,0,,unknown
RT-025143,0,,unknown
RT-025144,0,,unknown
RT-025145,0,,unknown
RT-025146,0,,unknown
RT-025147,0,,unknown
RT-025148,0,,unknown
RT-025149,0,,unknown
RT-025150,0,,unknown
RT-025151,1,24.0,unknown
RT-025152,0,,unknown
RT-025153,0,,unknown
RT-025154,0,,unknown
RT-025155,0,,unknown
RT-025156,0,,unknown
RT-025157,0,,unknown
RT-025158,0,,unknown
RT-025159,0,,unknown
RT-025160,0,,unknown
RT-025161,0,,unknown
RT-025162,0,,unknown
RT-025163,1,20.0,unknown
RT-025164,0,,unknown
RT-025165,0,,unknown
RT-025166,0,,unknown
RT-025167,0,,unknown
RT-025168,0,,unknown
RT-025169,0,,unknown
RT-025170,0,,unknown
RT-025171,0,,unknown
RT-025172,0,,unknown
RT-025173,0,,unknown
RT-025174,0,,unknown
RT-025175,0,,unknown
RT-025176,0,,unknown
RT-025177,0,,unknown
RT-025178,0,,unknown
RT-025179,0,,unknown
RT-025180,0,,unknown
RT-025181,0,,unknown
RT-025182,0,,unknown
RT-025183,0,,unknown
RT-025184,0,,unknown
RT-025185,1,24.0,unknown
RT-025186,1,23.0,competitor
RT-025187,0,,unknown
RT-025188,0,,unknown
RT-025189,0,,unknown
RT-025190,1,23.0,price
RT-025191,0,,unknown
RT-025192,0,,unknown
RT-025193,0,,unknown
RT-025194,0,,unknown
RT-025195,0,,unknown
RT-025196,0,,unknown
RT-025197,0,,unknown
RT-025198,0,,unknown
RT-025199,0,,unknown
RT-025200,0,,unknown
RT-025201,0,,unknown
RT-025202,0,,unknown
RT-025203,0,,unknown
RT-025204,0,,unknown
RT-025205,1,21.0,tech_migration
RT-025206,0,,unknown
RT-025207,0,,unknown
RT-025208,1,21.0,competitor
RT-025209,0,,unknown
RT-025210,0,,unknown
RT-025211,0,,unknown
RT-025212,0,,unknown
RT-025213,0,,unknown
RT-025214,1,24.0,unknown
RT-025215,1,21.0,price
RT-025216,0,,unknown
RT-025217,0,,unknown
RT-025218,0,,unknown
RT-025219,0,,unknown
RT-025220,0,,unknown
RT-025221,0,,unknown
RT-025222,0,,unknown
RT-025223,0,,unknown
RT-025224,0,,unknown
RT-025225,0,,unknown
RT-025226,1,20.0,tech_migration
RT-025227,0,,unknown
RT-025228,0,,unknown
RT-025229,0,,unknown
RT-025230,0,,unknown
RT-025231,0,,unknown
RT-025232,0,,unknown
RT-025233,0,,unknown
RT-025234,0,,unknown
RT-025235,0,,unknown
RT-025236,0,,unknown
RT-025237,0,,unknown
RT-025238,0,,unknown
RT-025239,0,,unknown
RT-025240,1,24.0,tech_migration
RT-025241,0,,unknown
RT-025242,1,20.0,tech_migration
RT-025243,0,,unknown
RT-025244,1,19.0,quality
RT-025245,0,,unknown
RT-025246,0,,unknown
RT-025247,0,,unknown
RT-025248,0,,unknown
RT-025249,0,,unknown
RT-025250,1,19.0,tech_migration
RT-025251,0,,unknown
RT-025252,0,,unknown
RT-025253,0,,unknown
RT-025254,0,,unknown
RT-025255,0,,unknown
RT-025256,1,21.0,price
RT-025257,0,,unknown
RT-025258,0,,unknown
RT-025259,0,,unknown
RT-025260,0,,unknown
RT-025261,0,,unknown
RT-025262,0,,unknown
RT-025263,0,,unknown
RT-025264,0,,unknown
RT-025265,0,,unknown
RT-025266,1,19.0,tech_migration
RT-025267,0,,unknown
RT-025268,0,,unknown
RT-025269,0,,unknown
RT-025270,0,,unknown
RT-025271,0,,unknown
RT-025272,0,,unknown
RT-025273,0,,unknown
RT-025274,0,,unknown
RT-025275,0,,unknown
RT-025276,0,,unknown
RT-025277,0,,unknown
RT-025278,0,,unknown
RT-025279,0,,unknown
RT-025280,0,,unknown
RT-025281,0,,unknown
RT-025282,0,,unknown
RT-025283,0,,unknown
RT-025284,1,22.0,competitor
RT-025285,0,,unknown
RT-025286,0,,unknown
RT-025287,0,,unknown
RT-025288,0,,unknown
RT-025289,0,,unknown
RT-025290,0,,unknown
RT-025291,0,,unknown
RT-025292,0,,unknown
RT-025293,0,,unknown
RT-025294,0,,unknown
RT-025295,0,,unknown
RT-025296,0,,unknown
RT-025297,0,,unknown
RT-025298,0,,unknown
RT-025299,0,,unknown
RT-025300,1,24.0,price
RT-025301,0,,unknown
RT-025302,0,,unknown
RT-025303,0,,unknown
RT-025304,0,,unknown
RT-025305,0,,unknown
RT-025306,0,,unknown
RT-025307,0,,unknown
RT-025308,0,,unknown
RT-025309,0,,unknown
RT-025310,0,,unknown
RT-025311,0,,unknown
RT-025312,0,,unknown
RT-025313,0,,unknown
RT-025314,0,,unknown
RT-025315,0,,unknown
RT-025316,0,,unknown
RT-025317,0,,unknown
RT-025318,0,,unknown
RT-025319,0,,unknown
RT-025320,0,,unknown
RT-025321,0,,unknown
RT-025322,0,,unknown
RT-025323,0,,unknown
RT-025324,0,,unknown
RT-025325,0,,unknown
RT-025326,0,,unknown
RT-025327,0,,unknown
RT-025328,0,,unknown
RT-025329,0,,unknown
RT-025330,0,,unknown
RT-025331,0,,unknown
RT-025332,0,,unknown
RT-025333,0,,unknown
RT-025334,1,20.0,competitor
RT-025335,0,,unknown
RT-025336,0,,unknown
RT-025337,0,,unknown
RT-025338,1,24.0,competitor
RT-025339,0,,unknown
RT-025340,0,,unknown
RT-025341,0,,unknown
RT-025342,0,,unknown
RT-025343,0,,unknown
RT-025344,0,,unknown
RT-025345,0,,unknown
RT-025346,0,,unknown
RT-025347,0,,unknown
RT-025348,0,,unknown
RT-025349,0,,unknown
RT-025350,0,,unknown
RT-025351,0,,unknown
RT-025352,0,,unknown
RT-025353,0,,unknown
RT-025354,0,,unknown
RT-025355,0,,unknown
RT-025356,0,,unknown
RT-025357,0,,unknown
RT-025358,0,,unknown
RT-025359,0,,unknown
RT-025360,0,,unknown
RT-025361,0,,unknown
RT-025362,0,,unknown
RT-025363,0,,unknown
RT-025364,0,,unknown
RT-025365,0,,unknown
RT-025366,0,,unknown
RT-025367,0,,unknown
RT-025368,0,,unknown
RT-025369,0,,unknown
RT-025370,0,,unknown
RT-025371,0,,unknown
RT-025372,0,,unknown
RT-025373,0,,unknown
RT-025374,0,,unknown
RT-025375,0,,unknown
RT-025376,0,,unknown
RT-025377,0,,unknown
RT-025378,0,,unknown
RT-025379,0,,unknown
RT-025380,0,,unknown
RT-025381,0,,unknown
RT-025382,0,,unknown
RT-025383,0,,unknown
RT-025384,0,,unknown
RT-025385,0,,unknown
RT-025386,0,,unknown
RT-025387,0,,unknown
RT-025388,0,,unknown
RT-025389,0,,unknown
RT-025390,0,,unknown
RT-025391,0,,unknown
RT-025392,0,,unknown
RT-025393,0,,unknown
RT-025394,0,,unknown
RT-025395,0,,unknown
RT-025396,0,,unknown
RT-025397,1,24.0,unknown
RT-025398,0,,unknown
RT-025399,0,,unknown
RT-025400,1,24.0,price
RT-025401,0,,unknown
RT-025402,0,,unknown
RT-025403,0,,unknown
RT-025404,0,,unknown
RT-025405,0,,unknown
RT-025406,0,,unknown
RT-025407,0,,unknown
RT-025408,0,,unknown
RT-025409,0,,unknown
RT-025410,0,,unknown
RT-025411,0,,unknown
RT-025412,0,,unknown
RT-025413,0,,unknown
RT-025414,0,,unknown
RT-025415,0,,unknown
RT-025416,0,,unknown
RT-025417,0,,unknown
RT-025418,0,,unknown
RT-025419,0,,unknown
RT-025420,0,,unknown
RT-025421,0,,unknown
RT-025422,0,,unknown
RT-025423,0,,unknown
RT-025424,0,,unknown
RT-025425,0,,unknown
RT-025426,0,,unknown
RT-025427,0,,unknown
RT-025428,0,,unknown
RT-025429,0,,unknown
RT-025430,0,,unknown
RT-025431,0,,unknown
RT-025432,0,,unknown
RT-025433,0,,unknown
RT-025434,0,,unknown
RT-025435,0,,unknown
RT-025436,0,,unknown
RT-025437,0,,unknown
RT-025438,0,,unknown
RT-025439,0,,unknown
RT-025440,0,,unknown
RT-025441,0,,unknown
RT-025442,0,,unknown
RT-025443,1,23.0,competitor
RT-025444,0,,unknown
RT-025445,0,,unknown
RT-025446,0,,unknown
RT-025447,0,,unknown
RT-025448,0,,unknown
RT-025449,0,,unknown
RT-025450,0,,unknown
RT-025451,0,,unknown
RT-025452,0,,unknown
RT-025453,0,,unknown
RT-025454,0,,unknown
RT-025455,0,,unknown
RT-025456,0,,unknown
RT-025457,0,,unknown
RT-025458,0,,unknown
RT-025459,0,,unknown
RT-025460,1,24.0,tech_migration
RT-025461,0,,unknown
RT-025462,0,,unknown
RT-025463,0,,unknown
RT-025464,0,,unknown
RT-025465,0,,unknown
RT-025466,0,,unknown
RT-025467,1,22.0,tech_migration
RT-025468,0,,unknown
RT-025469,0,,unknown
RT-025470,0,,unknown
RT-025471,0,,unknown
RT-025472,0,,unknown
RT-025473,0,,unknown
RT-025474,1,24.0,competitor
RT-025475,1,24.0,tech_migration
RT-025476,0,,unknown
RT-025477,0,,unknown
RT-025478,0,,unknown
RT-025479,0,,unknown
RT-025480,0,,unknown
RT-025481,0,,unknown
RT-025482,0,,unknown
RT-025483,0,,unknown
RT-025484,0,,unknown
RT-025485,0,,unknown
RT-025486,0,,unknown
RT-025487,0,,unknown
RT-025488,0,,unknown
RT-025489,0,,unknown
RT-025490,0,,unknown
RT-025491,0,,unknown
RT-025492,0,,unknown
RT-025493,0,,unknown
RT-025494,0,,unknown
RT-025495,0,,unknown
RT-025496,0,,unknown
RT-025497,0,,unknown
RT-025498,0,,unknown
RT-025499,0,,unknown
RT-025500,0,,unknown
RT-025501,0,,unknown
RT-025502,1,22.0,unknown
RT-025503,0,,unknown
RT-025504,1,24.0,unknown
RT-025505,0,,unknown
RT-025506,0,,unknown
RT-025507,0,,unknown
RT-025508,0,,unknown
RT-025509,0,,unknown
RT-025510,1,20.0,unknown
RT-025511,0,,unknown
RT-025512,0,,unknown
RT-025513,0,,unknown
RT-025514,0,,unknown
RT-025515,0,,unknown
RT-025516,0,,unknown
RT-025517,0,,unknown
RT-025518,0,,unknown
RT-025519,0,,unknown
RT-025520,0,,unknown
RT-025521,0,,unknown
RT-025522,0,,unknown
RT-025523,0,,unknown
RT-025524,0,,unknown
RT-025525,0,,unknown
RT-025526,0,,unknown
RT-025527,0,,unknown
RT-025528,0,,unknown
RT-025529,0,,unknown
RT-025530,1,20.0,competitor
RT-025531,0,,unknown
RT-025532,0,,unknown
RT-025533,0,,unknown
RT-025534,0,,unknown
RT-025535,0,,unknown
RT-025536,1,20.0,unknown
RT-025537,0,,unknown
RT-025538,0,,unknown
RT-025539,0,,unknown
RT-025540,0,,unknown
RT-025541,0,,unknown
RT-025542,0,,unknown
RT-025543,0,,unknown
RT-025544,0,,unknown
RT-025545,0,,unknown
RT-025546,0,,unknown
RT-025547,0,,unknown
RT-025548,0,,unknown
RT-025549,0,,unknown
RT-025550,0,,unknown
RT-025551,0,,unknown
RT-025552,0,,unknown
RT-025553,0,,unknown
RT-025554,0,,unknown
RT-025555,0,,unknown
RT-025556,1,22.0,unknown
RT-025557,0,,unknown
RT-025558,0,,unknown
RT-025559,0,,unknown
RT-025560,0,,unknown
RT-025561,0,,unknown
RT-025562,0,,unknown
RT-025563,0,,unknown
RT-025564,0,,unknown
RT-025565,0,,unknown
RT-025566,0,,unknown
RT-025567,0,,unknown
RT-025568,0,,unknown
RT-025569,0,,unknown
RT-025570,0,,unknown
RT-025571,0,,unknown
RT-025572,0,,unknown
RT-025573,0,,unknown
RT-025574,0,,unknown
RT-025575,0,,unknown
RT-025576,0,,unknown
RT-025577,1,22.0,tech_migration
RT-025578,0,,unknown
RT-025579,0,,unknown
RT-025580,0,,unknown
RT-025581,0,,unknown
RT-025582,0,,unknown
RT-025583,0,,unknown
RT-025584,0,,unknown
RT-025585,0,,unknown
RT-025586,0,,unknown
RT-025587,0,,unknown
RT-025588,0,,unknown
RT-025589,0,,unknown
RT-025590,1,20.0,quality
RT-025591,0,,unknown
RT-025592,0,,unknown
RT-025593,0,,unknown
RT-025594,0,,unknown
RT-025595,0,,unknown
RT-025596,1,24.0,unknown
RT-025597,0,,unknown
RT-025598,0,,unknown
RT-025599,0,,unknown
RT-025600,0,,unknown
RT-025601,0,,unknown
RT-025602,0,,unknown
RT-025603,0,,unknown
RT-025604,0,,unknown
RT-025605,1,23.0,unknown
RT-025606,0,,unknown
RT-025607,0,,unknown
RT-025608,0,,unknown
RT-025609,0,,unknown
RT-025610,0,,unknown
RT-025611,0,,unknown
RT-025612,0,,unknown
RT-025613,0,,unknown
RT-025614,0,,unknown
RT-025615,1,24.0,tech_migration
RT-025616,0,,unknown
RT-025617,0,,unknown
RT-025618,0,,unknown
RT-025619,0,,unknown
RT-025620,0,,unknown
RT-025621,0,,unknown
RT-025622,0,,unknown
RT-025623,0,,unknown
RT-025624,1,24.0,unknown
RT-025625,0,,unknown
RT-025626,0,,unknown
RT-025627,0,,unknown
RT-025628,0,,unknown
RT-025629,0,,unknown
RT-025630,0,,unknown
RT-025631,0,,unknown
RT-025632,0,,unknown
RT-025633,0,,unknown
RT-025634,0,,unknown
RT-025635,1,23.0,price
RT-025636,0,,unknown
RT-025637,0,,unknown
RT-025638,0,,unknown
RT-025639,0,,unknown
RT-025640,0,,unknown
RT-025641,0,,unknown
RT-025642,0,,unknown
RT-025643,0,,unknown
RT-025644,0,,unknown
RT-025645,0,,unknown
RT-025646,0,,unknown
RT-025647,0,,unknown
RT-025648,0,,unknown
RT-025649,0,,unknown
RT-025650,0,,unknown
RT-025651,0,,unknown
RT-025652,0,,unknown
RT-025653,0,,unknown
RT-025654,0,,unknown
RT-025655,0,,unknown
RT-025656,0,,unknown
RT-025657,0,,unknown
RT-025658,0,,unknown
RT-025659,0,,unknown
RT-025660,0,,unknown
RT-025661,0,,unknown
RT-025662,0,,unknown
RT-025663,0,,unknown
RT-025664,0,,unknown
RT-025665,0,,unknown
RT-025666,0,,unknown
RT-025667,0,,unknown
RT-025668,0,,unknown
RT-025669,0,,unknown
RT-025670,0,,unknown
RT-025671,0,,unknown
RT-025672,0,,unknown
RT-025673,0,,unknown
RT-025674,0,,unknown
RT-025675,0,,unknown
RT-025676,0,,unknown
RT-025677,0,,unknown
RT-025678,0,,unknown
RT-025679,0,,unknown
RT-025680,0,,unknown
RT-025681,0,,unknown
RT-025682,0,,unknown
RT-025683,0,,unknown
RT-025684,0,,unknown
RT-025685,0,,unknown
RT-025686,0,,unknown
RT-025687,0,,unknown
RT-025688,0,,unknown
RT-025689,0,,unknown
RT-025690,0,,unknown
RT-025691,0,,unknown
RT-025692,0,,unknown
RT-025693,0,,unknown
RT-025694,0,,unknown
RT-025695,0,,unknown
RT-025696,0,,unknown
RT-025697,0,,unknown
RT-025698,0,,unknown
RT-025699,0,,unknown
RT-025700,0,,unknown
RT-025701,0,,unknown
RT-025702,0,,unknown
RT-025703,0,,unknown
RT-025704,0,,unknown
RT-025705,1,20.0,competitor
RT-025706,1,20.0,tech_migration
RT-025707,0,,unknown
RT-025708,0,,unknown
RT-025709,0,,unknown
RT-025710,0,,unknown
RT-025711,0,,unknown
RT-025712,0,,unknown
RT-025713,0,,unknown
RT-025714,0,,unknown
RT-025715,0,,unknown
RT-025716,0,,unknown
RT-025717,0,,unknown
RT-025718,0,,unknown
RT-025719,0,,unknown
RT-025720,0,,unknown
RT-025721,0,,unknown
RT-025722,0,,unknown
RT-025723,0,,unknown
RT-025724,0,,unknown
RT-025725,0,,unknown
RT-025726,0,,unknown
RT-025727,0,,unknown
RT-025728,0,,unknown
RT-025729,0,,unknown
RT-025730,0,,unknown
RT-025731,0,,unknown
RT-025732,0,,unknown
RT-025733,0,,unknown
RT-025734,0,,unknown
RT-025735,0,,unknown
RT-025736,1,23.0,price
RT-025737,0,,unknown
RT-025738,0,,unknown
RT-025739,0,,unknown
RT-025740,0,,unknown
RT-025741,0,,unknown
RT-025742,0,,unknown
RT-025743,0,,unknown
RT-025744,0,,unknown
RT-025745,0,,unknown
RT-025746,0,,unknown
RT-025747,0,,unknown
RT-025748,0,,unknown
RT-025749,0,,unknown
RT-025750,0,,unknown
RT-025751,0,,unknown
RT-025752,0,,unknown
RT-025753,0,,unknown
RT-025754,0,,unknown
RT-025755,0,,unknown
RT-025756,0,,unknown
RT-025757,0,,unknown
RT-025758,0,,unknown
RT-025759,0,,unknown
RT-025760,0,,unknown
RT-025761,0,,unknown
RT-025762,0,,unknown
RT-025763,0,,unknown
RT-025764,0,,unknown
RT-025765,0,,unknown
RT-025766,0,,unknown
RT-025767,0,,unknown
RT-025768,1,19.0,price
RT-025769,0,,unknown
RT-025770,0,,unknown
RT-025771,0,,unknown
RT-025772,0,,unknown
RT-025773,0,,unknown
RT-025774,0,,unknown
RT-025775,0,,unknown
RT-025776,0,,unknown
RT-025777,0,,unknown
RT-025778,0,,unknown
RT-025779,0,,unknown
RT-025780,0,,unknown
RT-025781,0,,unknown
RT-025782,0,,unknown
RT-025783,1,23.0,competitor
RT-025784,0,,unknown
RT-025785,0,,unknown
RT-025786,0,,unknown
RT-025787,0,,unknown
RT-025788,0,,unknown
RT-025789,0,,unknown
RT-025790,0,,unknown
RT-025791,0,,unknown
RT-025792,0,,unknown
RT-025793,0,,unknown
RT-025794,0,,unknown
RT-025795,1,23.0,unknown
RT-025796,0,,unknown
RT-025797,1,19.0,competitor
RT-025798,0,,unknown
RT-025799,0,,unknown
RT-025800,0,,unknown
RT-025801,0,,unknown
RT-025802,0,,unknown
RT-025803,0,,unknown
RT-025804,0,,unknown
RT-025805,0,,unknown
RT-025806,0,,unknown
RT-025807,0,,unknown
RT-025808,0,,unknown
RT-025809,0,,unknown
RT-025810,0,,unknown
RT-025811,0,,unknown
RT-025812,0,,unknown
RT-025813,0,,unknown
RT-025814,0,,unknown
RT-025815,1,24.0,price
RT-025816,0,,unknown
RT-025817,0,,unknown
RT-025818,0,,unknown
RT-025819,0,,unknown
RT-025820,0,,unknown
RT-025821,0,,unknown
RT-025822,0,,unknown
RT-025823,0,,unknown
RT-025824,0,,unknown
RT-025825,0,,unknown
RT-025826,0,,unknown
RT-025827,0,,unknown
RT-025828,0,,unknown
RT-025829,1,20.0,price
RT-025830,0,,unknown
RT-025831,0,,unknown
RT-025832,0,,unknown
RT-025833,0,,unknown
RT-025834,0,,unknown
RT-025835,0,,unknown
RT-025836,0,,unknown
RT-025837,1,19.0,quality
RT-025838,0,,unknown
RT-025839,0,,unknown
RT-025840,1,23.0,price
RT-025841,0,,unknown
RT-025842,0,,unknown
RT-025843,0,,unknown
RT-025844,0,,unknown
RT-025845,0,,unknown
RT-025846,1,24.0,unknown
RT-025847,0,,unknown
RT-025848,0,,unknown
RT-025849,0,,unknown
RT-025850,1,20.0,tech_migration
RT-025851,0,,unknown
RT-025852,0,,unknown
RT-025853,0,,unknown
RT-025854,0,,unknown
RT-025855,0,,unknown
RT-025856,0,,unknown
RT-025857,0,,unknown
RT-025858,0,,unknown
RT-025859,1,24.0,competitor
RT-025860,0,,unknown
RT-025861,0,,unknown
RT-025862,0,,unknown
RT-025863,0,,unknown
RT-025864,0,,unknown
RT-025865,0,,unknown
RT-025866,0,,unknown
RT-025867,0,,unknown
RT-025868,0,,unknown
RT-025869,0,,unknown
RT-025870,0,,unknown
RT-025871,0,,unknown
RT-025872,0,,unknown
RT-025873,0,,unknown
RT-025874,0,,unknown
RT-025875,0,,unknown
RT-025876,0,,unknown
RT-025877,0,,unknown
RT-025878,0,,unknown
RT-025879,0,,unknown
RT-025880,0,,unknown
RT-025881,0,,unknown
RT-025882,0,,unknown
RT-025883,0,,unknown
RT-025884,0,,unknown
RT-025885,0,,unknown
RT-025886,0,,unknown
RT-025887,0,,unknown
RT-025888,0,,unknown
RT-025889,0,,unknown
RT-025890,0,,unknown
RT-025891,0,,unknown
RT-025892,0,,unknown
RT-025893,0,,unknown
RT-025894,0,,unknown
RT-025895,1,23.0,competitor
RT-025896,0,,unknown
RT-025897,0,,unknown
RT-025898,0,,unknown
RT-025899,0,,unknown
RT-025900,0,,unknown
RT-025901,0,,unknown
RT-025902,0,,unknown
RT-025903,0,,unknown
RT-025904,0,,unknown
RT-025905,0,,unknown
RT-025906,0,,unknown
RT-025907,0,,unknown
RT-025908,0,,unknown
RT-025909,0,,unknown
RT-025910,0,,unknown
RT-025911,0,,unknown
RT-025912,1,24.0,price
RT-025913,0,,unknown
RT-025914,0,,unknown
RT-025915,0,,unknown
RT-025916,0,,unknown
RT-025917,0,,unknown
RT-025918,0,,unknown
RT-025919,0,,unknown
RT-025920,0,,unknown
RT-025921,0,,unknown
RT-025922,0,,unknown
RT-025923,0,,unknown
RT-025924,0,,unknown
RT-025925,1,24.0,price
RT-025926,0,,unknown
RT-025927,0,,unknown
RT-025928,0,,unknown
RT-025929,1,22.0,quality
RT-025930,0,,unknown
RT-025931,0,,unknown
RT-025932,1,24.0,unknown
RT-025933,0,,unknown
RT-025934,0,,unknown
RT-025935,0,,unknown
RT-025936,1,24.0,quality
RT-025937,0,,unknown
RT-025938,0,,unknown
RT-025939,0,,unknown
RT-025940,0,,unknown
RT-025941,0,,unknown
RT-025942,0,,unknown
RT-025943,0,,unknown
RT-025944,0,,unknown
RT-025945,0,,unknown
RT-025946,0,,unknown
RT-025947,1,24.0,quality
RT-025948,0,,unknown
RT-025949,0,,unknown
RT-025950,0,,unknown
RT-025951,0,,unknown
RT-025952,0,,unknown
RT-025953,0,,unknown
RT-025954,1,22.0,unknown
RT-025955,0,,unknown
RT-025956,0,,unknown
RT-025957,0,,unknown
RT-025958,0,,unknown
RT-025959,0,,unknown
RT-025960,0,,unknown
RT-025961,0,,unknown
RT-025962,1,23.0,quality
RT-025963,0,,unknown
RT-025964,0,,unknown
RT-025965,0,,unknown
RT-025966,0,,unknown
RT-025967,0,,unknown
RT-025968,0,,unknown
RT-025969,0,,unknown
RT-025970,0,,unknown
RT-025971,0,,unknown
RT-025972,0,,unknown
RT-025973,0,,unknown
RT-025974,0,,unknown
RT-025975,0,,unknown
RT-025976,0,,unknown
RT-025977,0,,unknown
RT-025978,0,,unknown
RT-025979,0,,unknown
RT-025980,0,,unknown
RT-025981,0,,unknown
RT-025982,0,,unknown
RT-025983,0,,unknown
RT-025984,0,,unknown
RT-025985,0,,unknown
RT-025986,0,,unknown
RT-025987,0,,unknown
RT-025988,0,,unknown
RT-025989,1,22.0,competitor
RT-025990,0,,unknown
RT-025991,0,,unknown
RT-025992,0,,unknown
RT-025993,0,,unknown
RT-025994,0,,unknown
RT-025995,1,21.0,competitor
RT-025996,0,,unknown
RT-025997,0,,unknown
RT-025998,0,,unknown
RT-025999,0,,unknown
RT-026000,0,,unknown
RT-026001,0,,unknown
RT-026002,1,24.0,tech_migration
RT-026003,0,,unknown
RT-026004,1,22.0,unknown
RT-026005,1,24.0,tech_migration
RT-026006,0,,unknown
RT-026007,0,,unknown
RT-026008,0,,unknown
RT-026009,0,,unknown
RT-026010,0,,unknown
RT-026011,0,,unknown
RT-026012,0,,unknown
RT-026013,0,,unknown
RT-026014,1,24.0,tech_migration
RT-026015,0,,unknown
RT-026016,0,,unknown
RT-026017,0,,unknown
RT-026018,0,,unknown
RT-026019,0,,unknown
RT-026020,1,24.0,competitor
RT-026021,0,,unknown
RT-026022,0,,unknown
RT-026023,0,,unknown
RT-026024,0,,unknown
RT-026025,0,,unknown
RT-026026,0,,unknown
RT-026027,0,,unknown
RT-026028,0,,unknown
RT-026029,0,,unknown
RT-026030,0,,unknown
RT-026031,0,,unknown
RT-026032,0,,unknown
RT-026033,0,,unknown
RT-026034,0,,unknown
RT-026035,0,,unknown
RT-026036,0,,unknown
RT-026037,0,,unknown
RT-026038,0,,unknown
RT-026039,0,,unknown
RT-026040,0,,unknown
RT-026041,0,,unknown
RT-026042,0,,unknown
RT-026043,0,,unknown
RT-026044,0,,unknown
RT-026045,0,,unknown
RT-026046,0,,unknown
RT-026047,0,,unknown
RT-026048,0,,unknown
RT-026049,0,,unknown
RT-026050,0,,unknown
RT-026051,0,,unknown
RT-026052,1,22.0,unknown
RT-026053,0,,unknown
RT-026054,0,,unknown
RT-026055,0,,unknown
RT-026056,0,,unknown
RT-026057,0,,unknown
RT-026058,0,,unknown
RT-026059,0,,unknown
RT-026060,1,22.0,unknown
RT-026061,0,,unknown
RT-026062,0,,unknown
RT-026063,0,,unknown
RT-026064,0,,unknown
RT-026065,0,,unknown
RT-026066,0,,unknown
RT-026067,1,23.0,price
RT-026068,0,,unknown
RT-026069,0,,unknown
RT-026070,1,20.0,unknown
RT-026071,0,,unknown
RT-026072,0,,unknown
RT-026073,0,,unknown
RT-026074,0,,unknown
RT-026075,0,,unknown
RT-026076,0,,unknown
RT-026077,0,,unknown
RT-026078,0,,unknown
RT-026079,1,22.0,unknown
RT-026080,0,,unknown
RT-026081,0,,unknown
RT-026082,0,,unknown
RT-026083,0,,unknown
RT-026084,0,,unknown
RT-026085,0,,unknown
RT-026086,0,,unknown
RT-026087,1,23.0,unknown
RT-026088,0,,unknown
RT-026089,0,,unknown
RT-026090,0,,unknown
RT-026091,0,,unknown
RT-026092,0,,unknown
RT-026093,0,,unknown
RT-026094,0,,unknown
RT-026095,0,,unknown
RT-026096,0,,unknown
RT-026097,0,,unknown
RT-026098,0,,unknown
RT-026099,0,,unknown
RT-026100,0,,unknown
RT-026101,0,,unknown
RT-026102,0,,unknown
RT-026103,0,,unknown
RT-026104,1,24.0,price
RT-026105,1,22.0,unknown
RT-026106,0,,unknown
RT-026107,0,,unknown
RT-026108,0,,unknown
RT-026109,0,,unknown
RT-026110,0,,unknown
RT-026111,1,20.0,competitor
RT-026112,0,,unknown
RT-026113,0,,unknown
RT-026114,0,,unknown
RT-026115,0,,unknown
RT-026116,0,,unknown
RT-026117,0,,unknown
RT-026118,0,,unknown
RT-026119,0,,unknown
RT-026120,0,,unknown
RT-026121,0,,unknown
RT-026122,0,,unknown
RT-026123,0,,unknown
RT-026124,0,,unknown
RT-026125,0,,unknown
RT-026126,0,,unknown
RT-026127,0,,unknown
RT-026128,0,,unknown
RT-026129,0,,unknown
RT-026130,0,,unknown
RT-026131,0,,unknown
RT-026132,1,22.0,tech_migration
RT-026133,0,,unknown
RT-026134,0,,unknown
RT-026135,0,,unknown
RT-026136,0,,unknown
RT-026137,0,,unknown
RT-026138,0,,unknown
RT-026139,0,,unknown
RT-026140,0,,unknown
RT-026141,0,,unknown
RT-026142,0,,unknown
RT-026143,0,,unknown
RT-026144,0,,unknown
RT-026145,0,,unknown
RT-026146,0,,unknown
RT-026147,0,,unknown
RT-026148,0,,unknown
RT-026149,0,,unknown
RT-026150,0,,unknown
RT-026151,0,,unknown
RT-026152,0,,unknown
RT-026153,0,,unknown
RT-026154,0,,unknown
RT-026155,0,,unknown
RT-026156,0,,unknown
RT-026157,0,,unknown
RT-026158,0,,unknown
RT-026159,0,,unknown
RT-026160,0,,unknown
RT-026161,0,,unknown
RT-026162,0,,unknown
RT-026163,1,22.0,competitor
RT-026164,0,,unknown
RT-026165,1,21.0,quality
RT-026166,0,,unknown
RT-026167,1,22.0,tech_migration
RT-026168,0,,unknown
RT-026169,0,,unknown
RT-026170,0,,unknown
RT-026171,0,,unknown
RT-026172,0,,unknown
RT-026173,0,,unknown
RT-026174,0,,unknown
RT-026175,0,,unknown
RT-026176,0,,unknown
RT-026177,0,,unknown
RT-026178,0,,unknown
RT-026179,0,,unknown
RT-026180,0,,unknown
RT-026181,0,,unknown
RT-026182,0,,unknown
RT-026183,1,21.0,tech_migration
RT-026184,0,,unknown
RT-026185,0,,unknown
RT-026186,0,,unknown
RT-026187,1,20.0,tech_migration
RT-026188,0,,unknown
RT-026189,0,,unknown
RT-026190,0,,unknown
RT-026191,0,,unknown
RT-026192,0,,unknown
RT-026193,0,,unknown
RT-026194,0,,unknown
RT-026195,0,,unknown
RT-026196,0,,unknown
RT-026197,1,22.0,tech_migration
RT-026198,0,,unknown
RT-026199,0,,unknown
RT-026200,0,,unknown
RT-026201,0,,unknown
RT-026202,0,,unknown
RT-026203,0,,unknown
RT-026204,0,,unknown
RT-026205,0,,unknown
RT-026206,1,24.0,quality
RT-026207,0,,unknown
RT-026208,0,,unknown
RT-026209,0,,unknown
RT-026210,0,,unknown
RT-026211,0,,unknown
RT-026212,0,,unknown
RT-026213,0,,unknown
RT-026214,0,,unknown
RT-026215,0,,unknown
RT-026216,0,,unknown
RT-026217,0,,unknown
RT-026218,1,20.0,unknown
RT-026219,1,23.0,tech_migration
RT-026220,1,23.0,tech_migration
RT-026221,0,,unknown
RT-026222,0,,unknown
RT-026223,0,,unknown
RT-026224,0,,unknown
RT-026225,0,,unknown
RT-026226,0,,unknown
RT-026227,0,,unknown
RT-026228,0,,unknown
RT-026229,0,,unknown
RT-026230,0,,unknown
RT-026231,1,20.0,price
RT-026232,0,,unknown
RT-026233,0,,unknown
RT-026234,0,,unknown
RT-026235,0,,unknown
RT-026236,0,,unknown
RT-026237,0,,unknown
RT-026238,0,,unknown
RT-026239,0,,unknown
RT-026240,0,,unknown
RT-026241,0,,unknown
RT-026242,0,,unknown
RT-026243,0,,unknown
RT-026244,0,,unknown
RT-026245,0,,unknown
RT-026246,0,,unknown
RT-026247,0,,unknown
RT-026248,0,,unknown
RT-026249,0,,unknown
RT-026250,0,,unknown
RT-026251,0,,unknown
RT-026252,0,,unknown
RT-026253,0,,unknown
RT-026254,0,,unknown
RT-026255,0,,unknown
RT-026256,0,,unknown
RT-026257,0,,unknown
RT-026258,0,,unknown
RT-026259,1,19.0,tech_migration
RT-026260,0,,unknown
RT-026261,0,,unknown
RT-026262,0,,unknown
RT-026263,0,,unknown
RT-026264,0,,unknown
RT-026265,1,23.0,price
RT-026266,0,,unknown
RT-026267,1,20.0,quality
RT-026268,0,,unknown
RT-026269,0,,unknown
RT-026270,0,,unknown
RT-026271,1,24.0,competitor
RT-026272,0,,unknown
RT-026273,0,,unknown
RT-026274,0,,unknown
RT-026275,0,,unknown
RT-026276,1,20.0,unknown
RT-026277,0,,unknown
RT-026278,0,,unknown
RT-026279,0,,unknown
RT-026280,0,,unknown
RT-026281,0,,unknown
RT-026282,0,,unknown
RT-026283,0,,unknown
RT-026284,0,,unknown
RT-026285,0,,unknown
RT-026286,0,,unknown
RT-026287,0,,unknown
RT-026288,0,,unknown
RT-026289,0,,unknown
RT-026290,0,,unknown
RT-026291,0,,unknown
RT-026292,0,,unknown
RT-026293,0,,unknown
RT-026294,0,,unknown
RT-026295,0,,unknown
RT-026296,0,,unknown
RT-026297,1,23.0,unknown
RT-026298,1,24.0,unknown
RT-026299,0,,unknown
RT-026300,0,,unknown
RT-026301,0,,unknown
RT-026302,0,,unknown
RT-026303,0,,unknown
RT-026304,0,,unknown
RT-026305,0,,unknown
RT-026306,0,,unknown
RT-026307,0,,unknown
RT-026308,0,,unknown
RT-026309,0,,unknown
RT-026310,0,,unknown
RT-026311,0,,unknown
RT-026312,0,,unknown
RT-026313,0,,unknown
RT-026314,0,,unknown
RT-026315,0,,unknown
RT-026316,0,,unknown
RT-026317,0,,unknown
RT-026318,0,,unknown
RT-026319,0,,unknown
RT-026320,0,,unknown
RT-026321,0,,unknown
RT-026322,0,,unknown
RT-026323,0,,unknown
RT-026324,0,,unknown
RT-026325,0,,unknown
RT-026326,0,,unknown
RT-026327,0,,unknown
RT-026328,0,,unknown
RT-026329,0,,unknown
RT-026330,1,24.0,unknown
RT-026331,1,23.0,tech_migration
RT-026332,0,,unknown
RT-026333,0,,unknown
RT-026334,1,23.0,tech_migration
RT-026335,0,,unknown
RT-026336,0,,unknown
RT-026337,1,20.0,tech_migration
RT-026338,0,,unknown
RT-026339,0,,unknown
RT-026340,0,,unknown
RT-026341,0,,unknown
RT-026342,1,24.0,quality
RT-026343,0,,unknown
RT-026344,0,,unknown
RT-026345,0,,unknown
RT-026346,0,,unknown
RT-026347,0,,unknown
RT-026348,0,,unknown
RT-026349,0,,unknown
RT-026350,0,,unknown
RT-026351,0,,unknown
RT-026352,0,,unknown
RT-026353,0,,unknown
RT-026354,0,,unknown
RT-026355,0,,unknown
RT-026356,0,,unknown
RT-026357,0,,unknown
RT-026358,0,,unknown
RT-026359,0,,unknown
RT-026360,0,,unknown
RT-026361,0,,unknown
RT-026362,0,,unknown
RT-026363,0,,unknown
RT-026364,0,,unknown
RT-026365,0,,unknown
RT-026366,0,,unknown
RT-026367,0,,unknown
RT-026368,0,,unknown
RT-026369,0,,unknown
RT-026370,0,,unknown
RT-026371,0,,unknown
RT-026372,0,,unknown
RT-026373,0,,unknown
RT-026374,1,24.0,unknown
RT-026375,0,,unknown
RT-026376,0,,unknown
RT-026377,0,,unknown
RT-026378,0,,unknown
RT-026379,0,,unknown
RT-026380,1,24.0,tech_migration
RT-026381,0,,unknown
RT-026382,0,,unknown
RT-026383,0,,unknown
RT-026384,0,,unknown
RT-026385,0,,unknown
RT-026386,0,,unknown
RT-026387,0,,unknown
RT-026388,1,21.0,tech_migration
RT-026389,0,,unknown
RT-026390,0,,unknown
RT-026391,0,,unknown
RT-026392,0,,unknown
RT-026393,0,,unknown
RT-026394,0,,unknown
RT-026395,0,,unknown
RT-026396,0,,unknown
RT-026397,0,,unknown
RT-026398,0,,unknown
RT-026399,0,,unknown
RT-026400,0,,unknown
RT-026401,0,,unknown
RT-026402,0,,unknown
RT-026403,0,,unknown
RT-026404,0,,unknown
RT-026405,0,,unknown
RT-026406,0,,unknown
RT-026407,0,,unknown
RT-026408,0,,unknown
RT-026409,0,,unknown
RT-026410,0,,unknown
RT-026411,0,,unknown
RT-026412,0,,unknown
RT-026413,1,23.0,competitor
RT-026414,0,,unknown
RT-026415,0,,unknown
RT-026416,0,,unknown
RT-026417,0,,unknown
RT-026418,0,,unknown
RT-026419,0,,unknown
RT-026420,0,,unknown
RT-026421,0,,unknown
RT-026422,0,,unknown
RT-026423,0,,unknown
RT-026424,0,,unknown
RT-026425,0,,unknown
RT-026426,1,24.0,price
RT-026427,0,,unknown
RT-026428,0,,unknown
RT-026429,1,24.0,competitor
RT-026430,0,,unknown
RT-026431,0,,unknown
RT-026432,0,,unknown
RT-026433,0,,unknown
RT-026434,0,,unknown
RT-026435,0,,unknown
RT-026436,0,,unknown
RT-026437,0,,unknown
RT-026438,1,23.0,quality
RT-026439,0,,unknown
RT-026440,0,,unknown
RT-026441,0,,unknown
RT-026442,0,,unknown
RT-026443,0,,unknown
RT-026444,0,,unknown
RT-026445,0,,unknown
RT-026446,0,,unknown
RT-026447,0,,unknown
RT-026448,0,,unknown
RT-026449,0,,unknown
RT-026450,0,,unknown
RT-026451,0,,unknown
RT-026452,0,,unknown
RT-026453,0,,unknown
RT-026454,0,,unknown
RT-026455,0,,unknown
RT-026456,0,,unknown
RT-026457,0,,unknown
RT-026458,0,,unknown
RT-026459,0,,unknown
RT-026460,0,,unknown
RT-026461,0,,unknown
RT-026462,0,,unknown
RT-026463,0,,unknown
RT-026464,0,,unknown
RT-026465,0,,unknown
RT-026466,0,,unknown
RT-026467,0,,unknown
RT-026468,0,,unknown
RT-026469,0,,unknown
RT-026470,0,,unknown
RT-026471,0,,unknown
RT-026472,0,,unknown
RT-026473,0,,unknown
RT-026474,0,,unknown
RT-026475,0,,unknown
RT-026476,0,,unknown
RT-026477,0,,unknown
RT-026478,0,,unknown
RT-026479,0,,unknown
RT-026480,0,,unknown
RT-026481,0,,unknown
RT-026482,0,,unknown
RT-026483,0,,unknown
RT-026484,0,,unknown
RT-026485,0,,unknown
RT-026486,0,,unknown
RT-026487,0,,unknown
RT-026488,0,,unknown
RT-026489,0,,unknown
RT-026490,0,,unknown
RT-026491,0,,unknown
RT-026492,0,,unknown
RT-026493,0,,unknown
RT-026494,0,,unknown
RT-026495,0,,unknown
RT-026496,0,,unknown
RT-026497,0,,unknown
RT-026498,0,,unknown
RT-026499,0,,unknown
RT-026500,0,,unknown
RT-026501,0,,unknown
RT-026502,0,,unknown
RT-026503,0,,unknown
RT-026504,0,,unknown
RT-026505,0,,unknown
RT-026506,1,19.0,quality
RT-026507,0,,unknown
RT-026508,0,,unknown
RT-026509,1,20.0,tech_migration
RT-026510,0,,unknown
RT-026511,0,,unknown
RT-026512,0,,unknown
RT-026513,0,,unknown
RT-026514,0,,unknown
RT-026515,0,,unknown
RT-026516,0,,unknown
RT-026517,0,,unknown
RT-026518,0,,unknown
RT-026519,0,,unknown
RT-026520,0,,unknown
RT-026521,0,,unknown
RT-026522,0,,unknown
RT-026523,0,,unknown
RT-026524,0,,unknown
RT-026525,0,,unknown
RT-026526,0,,unknown
RT-026527,0,,unknown
RT-026528,0,,unknown
RT-026529,0,,unknown
RT-026530,0,,unknown
RT-026531,0,,unknown
RT-026532,0,,unknown
RT-026533,0,,unknown
RT-026534,0,,unknown
RT-026535,0,,unknown
RT-026536,0,,unknown
RT-026537,0,,unknown
RT-026538,1,24.0,quality
RT-026539,0,,unknown
RT-026540,0,,unknown
RT-026541,0,,unknown
RT-026542,0,,unknown
RT-026543,0,,unknown
RT-026544,0,,unknown
RT-026545,0,,unknown
RT-026546,0,,unknown
RT-026547,1,23.0,unknown
RT-026548,0,,unknown
RT-026549,0,,unknown
RT-026550,0,,unknown
RT-026551,0,,unknown
RT-026552,0,,unknown
RT-026553,0,,unknown
RT-026554,0,,unknown
RT-026555,0,,unknown
RT-026556,0,,unknown
RT-026557,0,,unknown
RT-026558,0,,unknown
RT-026559,0,,unknown
RT-026560,0,,unknown
RT-026561,0,,unknown
RT-026562,0,,unknown
RT-026563,0,,unknown
RT-026564,0,,unknown
RT-026565,0,,unknown
RT-026566,0,,unknown
RT-026567,0,,unknown
RT-026568,0,,unknown
RT-026569,0,,unknown
RT-026570,0,,unknown
RT-026571,0,,unknown
RT-026572,1,22.0,unknown
RT-026573,0,,unknown
RT-026574,0,,unknown
RT-026575,0,,unknown
RT-026576,0,,unknown
RT-026577,0,,unknown
RT-026578,0,,unknown
RT-026579,0,,unknown
RT-026580,0,,unknown
RT-026581,1,24.0,competitor
RT-026582,0,,unknown
RT-026583,0,,unknown
RT-026584,0,,unknown
RT-026585,0,,unknown
RT-026586,0,,unknown
RT-026587,0,,unknown
RT-026588,1,24.0,price
RT-026589,0,,unknown
RT-026590,0,,unknown
RT-026591,0,,unknown
RT-026592,0,,unknown
RT-026593,0,,unknown
RT-026594,0,,unknown
RT-026595,0,,unknown
RT-026596,0,,unknown
RT-026597,0,,unknown
RT-026598,0,,unknown
RT-026599,0,,unknown
RT-026600,0,,unknown
RT-026601,0,,unknown
RT-026602,0,,unknown
RT-026603,0,,unknown
RT-026604,0,,unknown
RT-026605,0,,unknown
RT-026606,0,,unknown
RT-026607,1,22.0,quality
RT-026608,0,,unknown
RT-026609,1,24.0,unknown
RT-026610,0,,unknown
RT-026611,0,,unknown
RT-026612,0,,unknown
RT-026613,0,,unknown
RT-026614,1,20.0,competitor
RT-026615,0,,unknown
RT-026616,0,,unknown
RT-026617,1,23.0,tech_migration
RT-026618,0,,unknown
RT-026619,0,,unknown
RT-026620,0,,unknown
RT-026621,0,,unknown
RT-026622,0,,unknown
RT-026623,0,,unknown
RT-026624,0,,unknown
RT-026625,0,,unknown
RT-026626,0,,unknown
RT-026627,0,,unknown
RT-026628,0,,unknown
RT-026629,0,,unknown
RT-026630,0,,unknown
RT-026631,0,,unknown
RT-026632,0,,unknown
RT-026633,0,,unknown
RT-026634,0,,unknown
RT-026635,0,,unknown
RT-026636,0,,unknown
RT-026637,1,21.0,quality
RT-026638,0,,unknown
RT-026639,0,,unknown
RT-026640,0,,unknown
RT-026641,0,,unknown
RT-026642,0,,unknown
RT-026643,0,,unknown
RT-026644,0,,unknown
RT-026645,0,,unknown
RT-026646,0,,unknown
RT-026647,0,,unknown
RT-026648,0,,unknown
RT-026649,0,,unknown
RT-026650,0,,unknown
RT-026651,0,,unknown
RT-026652,0,,unknown
RT-026653,0,,unknown
RT-026654,0,,unknown
RT-026655,0,,unknown
RT-026656,0,,unknown
RT-026657,1,19.0,price
RT-026658,1,22.0,tech_migration
RT-026659,0,,unknown
RT-026660,0,,unknown
RT-026661,0,,unknown
RT-026662,0,,unknown
RT-026663,0,,unknown
RT-026664,0,,unknown
RT-026665,0,,unknown
RT-026666,0,,unknown
RT-026667,0,,unknown
RT-026668,0,,unknown
RT-026669,0,,unknown
RT-026670,1,24.0,quality
RT-026671,0,,unknown
RT-026672,0,,unknown
RT-026673,0,,unknown
RT-026674,0,,unknown
RT-026675,0,,unknown
RT-026676,0,,unknown
RT-026677,0,,unknown
RT-026678,0,,unknown
RT-026679,0,,unknown
RT-026680,0,,unknown
RT-026681,0,,unknown
RT-026682,0,,unknown
RT-026683,0,,unknown
RT-026684,0,,unknown
RT-026685,0,,unknown
RT-026686,0,,unknown
RT-026687,0,,unknown
RT-026688,0,,unknown
RT-026689,0,,unknown
RT-026690,1,19.0,tech_migration
RT-026691,0,,unknown
RT-026692,0,,unknown
RT-026693,0,,unknown
RT-026694,0,,unknown
RT-026695,0,,unknown
RT-026696,1,19.0,tech_migration
RT-026697,0,,unknown
RT-026698,0,,unknown
RT-026699,0,,unknown
RT-026700,0,,unknown
RT-026701,0,,unknown
RT-026702,0,,unknown
RT-026703,0,,unknown
RT-026704,0,,unknown
RT-026705,0,,unknown
RT-026706,1,24.0,tech_migration
RT-026707,0,,unknown
RT-026708,0,,unknown
RT-026709,0,,unknown
RT-026710,0,,unknown
RT-026711,0,,unknown
RT-026712,1,23.0,quality
RT-026713,0,,unknown
RT-026714,1,24.0,tech_migration
RT-026715,0,,unknown
RT-026716,1,20.0,unknown
RT-026717,0,,unknown
RT-026718,0,,unknown
RT-026719,1,24.0,unknown
RT-026720,0,,unknown
RT-026721,0,,unknown
RT-026722,0,,unknown
RT-026723,0,,unknown
RT-026724,0,,unknown
RT-026725,0,,unknown
RT-026726,0,,unknown
RT-026727,0,,unknown
RT-026728,0,,unknown
RT-026729,1,24.0,tech_migration
RT-026730,0,,unknown
RT-026731,0,,unknown
RT-026732,0,,unknown
RT-026733,0,,unknown
RT-026734,0,,unknown
RT-026735,0,,unknown
RT-026736,0,,unknown
RT-026737,0,,unknown
RT-026738,0,,unknown
RT-026739,0,,unknown
RT-026740,0,,unknown
RT-026741,0,,unknown
RT-026742,0,,unknown
RT-026743,0,,unknown
RT-026744,0,,unknown
RT-026745,0,,unknown
RT-026746,0,,unknown
RT-026747,1,24.0,quality
RT-026748,0,,unknown
RT-026749,0,,unknown
RT-026750,0,,unknown
RT-026751,0,,unknown
RT-026752,0,,unknown
RT-026753,0,,unknown
RT-026754,0,,unknown
RT-026755,0,,unknown
RT-026756,0,,unknown
RT-026757,0,,unknown
RT-026758,0,,unknown
RT-026759,1,21.0,quality
RT-026760,0,,unknown
RT-026761,0,,unknown
RT-026762,0,,unknown
RT-026763,1,23.0,quality
RT-026764,0,,unknown
RT-026765,0,,unknown
RT-026766,0,,unknown
RT-026767,0,,unknown
RT-026768,0,,unknown
RT-026769,0,,unknown
RT-026770,0,,unknown
RT-026771,0,,unknown
RT-026772,0,,unknown
RT-026773,0,,unknown
RT-026774,0,,unknown
RT-026775,0,,unknown
RT-026776,0,,unknown
RT-026777,0,,unknown
RT-026778,0,,unknown
RT-026779,0,,unknown
RT-026780,1,24.0,price
RT-026781,0,,unknown
RT-026782,0,,unknown
RT-026783,0,,unknown
RT-026784,0,,unknown
RT-026785,0,,unknown
RT-026786,1,24.0,price
RT-026787,0,,unknown
RT-026788,0,,unknown
RT-026789,0,,unknown
RT-026790,0,,unknown
RT-026791,0,,unknown
RT-026792,0,,unknown
RT-026793,0,,unknown
RT-026794,0,,unknown
RT-026795,0,,unknown
RT-026796,0,,unknown
RT-026797,0,,unknown
RT-026798,0,,unknown
RT-026799,0,,unknown
RT-026800,0,,unknown
RT-026801,0,,unknown
RT-026802,0,,unknown
RT-026803,0,,unknown
RT-026804,0,,unknown
RT-026805,0,,unknown
RT-026806,0,,unknown
RT-026807,0,,unknown
RT-026808,0,,unknown
RT-026809,0,,unknown
RT-026810,0,,unknown
RT-026811,0,,unknown
RT-026812,0,,unknown
RT-026813,1,21.0,unknown
RT-026814,0,,unknown
RT-026815,0,,unknown
RT-026816,0,,unknown
RT-026817,1,20.0,unknown
RT-026818,0,,unknown
RT-026819,0,,unknown
RT-026820,0,,unknown
RT-026821,0,,unknown
RT-026822,0,,unknown
RT-026823,0,,unknown
RT-026824,1,21.0,competitor
RT-026825,1,21.0,unknown
RT-026826,0,,unknown
RT-026827,0,,unknown
RT-026828,1,22.0,tech_migration
RT-026829,0,,unknown
RT-026830,0,,unknown
RT-026831,0,,unknown
RT-026832,0,,unknown
RT-026833,0,,unknown
RT-026834,0,,unknown
RT-026835,0,,unknown
RT-026836,0,,unknown
RT-026837,0,,unknown
RT-026838,0,,unknown
RT-026839,0,,unknown
RT-026840,0,,unknown
RT-026841,0,,unknown
RT-026842,0,,unknown
RT-026843,0,,unknown
RT-026844,0,,unknown
RT-026845,0,,unknown
RT-026846,0,,unknown
RT-026847,0,,unknown
RT-026848,0,,unknown
RT-026849,0,,unknown
RT-026850,0,,unknown
RT-026851,0,,unknown
RT-026852,0,,unknown
RT-026853,0,,unknown
RT-026854,0,,unknown
RT-026855,0,,unknown
RT-026856,0,,unknown
RT-026857,0,,unknown
RT-026858,0,,unknown
RT-026859,0,,unknown
RT-026860,0,,unknown
RT-026861,0,,unknown
RT-026862,0,,unknown
RT-026863,0,,unknown
RT-026864,0,,unknown
RT-026865,0,,unknown
RT-026866,0,,unknown
RT-026867,0,,unknown
RT-026868,1,23.0,price
RT-026869,0,,unknown
RT-026870,0,,unknown
RT-026871,1,19.0,unknown
RT-026872,0,,unknown
RT-026873,0,,unknown
RT-026874,0,,unknown
RT-026875,0,,unknown
RT-026876,0,,unknown
RT-026877,1,24.0,tech_migration
RT-026878,0,,unknown
RT-026879,0,,unknown
RT-026880,0,,unknown
RT-026881,0,,unknown
RT-026882,0,,unknown
RT-026883,0,,unknown
RT-026884,0,,unknown
RT-026885,0,,unknown
RT-026886,0,,unknown
RT-026887,0,,unknown
RT-026888,0,,unknown
RT-026889,0,,unknown
RT-026890,0,,unknown
RT-026891,0,,unknown
RT-026892,0,,unknown
RT-026893,0,,unknown
RT-026894,0,,unknown
RT-026895,0,,unknown
RT-026896,0,,unknown
RT-026897,0,,unknown
RT-026898,0,,unknown
RT-026899,1,23.0,tech_migration
RT-026900,1,24.0,unknown
RT-026901,0,,unknown
RT-026902,0,,unknown
RT-026903,0,,unknown
RT-026904,0,,unknown
RT-026905,0,,unknown
RT-026906,0,,unknown
RT-026907,0,,unknown
RT-026908,0,,unknown
RT-026909,1,23.0,tech_migration
RT-026910,0,,unknown
RT-026911,0,,unknown
RT-026912,1,22.0,tech_migration
RT-026913,0,,unknown
RT-026914,0,,unknown
RT-026915,0,,unknown
RT-026916,0,,unknown
RT-026917,0,,unknown
RT-026918,0,,unknown
RT-026919,0,,unknown
RT-026920,0,,unknown
RT-026921,0,,unknown
RT-026922,0,,unknown
RT-026923,0,,unknown
RT-026924,0,,unknown
RT-026925,0,,unknown
RT-026926,0,,unknown
RT-026927,0,,unknown
RT-026928,0,,unknown
RT-026929,1,24.0,tech_migration
RT-026930,0,,unknown
RT-026931,0,,unknown
RT-026932,0,,unknown
RT-026933,0,,unknown
RT-026934,1,24.0,price
RT-026935,0,,unknown
RT-026936,0,,unknown
RT-026937,0,,unknown
RT-026938,0,,unknown
RT-026939,0,,unknown
RT-026940,0,,unknown
RT-026941,0,,unknown
RT-026942,0,,unknown
RT-026943,1,24.0,competitor
RT-026944,0,,unknown
RT-026945,0,,unknown
RT-026946,1,21.0,price
RT-026947,0,,unknown
RT-026948,0,,unknown
RT-026949,0,,unknown
RT-026950,0,,unknown
RT-026951,0,,unknown
RT-026952,0,,unknown
RT-026953,0,,unknown
RT-026954,0,,unknown
RT-026955,0,,unknown
RT-026956,0,,unknown
RT-026957,1,19.0,unknown
RT-026958,0,,unknown
RT-026959,0,,unknown
RT-026960,0,,unknown
RT-026961,0,,unknown
RT-026962,0,,unknown
RT-026963,0,,unknown
RT-026964,0,,unknown
RT-026965,0,,unknown
RT-026966,0,,unknown
RT-026967,0,,unknown
RT-026968,0,,unknown
RT-026969,0,,unknown
RT-026970,0,,unknown
RT-026971,0,,unknown
RT-026972,0,,unknown
RT-026973,0,,unknown
RT-026974,0,,unknown
RT-026975,0,,unknown
RT-026976,1,21.0,price
RT-026977,0,,unknown
RT-026978,0,,unknown
RT-026979,0,,unknown
RT-026980,0,,unknown
RT-026981,0,,unknown
RT-026982,0,,unknown
RT-026983,0,,unknown
RT-026984,0,,unknown
RT-026985,0,,unknown
RT-026986,0,,unknown
RT-026987,0,,unknown
RT-026988,0,,unknown
RT-026989,0,,unknown
RT-026990,0,,unknown
RT-026991,0,,unknown
RT-026992,0,,unknown
RT-026993,0,,unknown
RT-026994,0,,unknown
RT-026995,0,,unknown
RT-026996,0,,unknown
RT-026997,0,,unknown
RT-026998,0,,unknown
RT-026999,0,,unknown
RT-027000,0,,unknown
RT-027001,1,24.0,quality
RT-027002,0,,unknown
RT-027003,0,,unknown
RT-027004,0,,unknown
RT-027005,0,,unknown
RT-027006,0,,unknown
RT-027007,0,,unknown
RT-027008,0,,unknown
RT-027009,0,,unknown
RT-027010,0,,unknown
RT-027011,0,,unknown
RT-027012,0,,unknown
RT-027013,0,,unknown
RT-027014,0,,unknown
RT-027015,0,,unknown
RT-027016,0,,unknown
RT-027017,0,,unknown
RT-027018,1,19.0,unknown
RT-027019,0,,unknown
RT-027020,0,,unknown
RT-027021,0,,unknown
RT-027022,0,,unknown
RT-027023,0,,unknown
RT-027024,1,24.0,quality
RT-027025,0,,unknown
RT-027026,0,,unknown
RT-027027,0,,unknown
RT-027028,1,24.0,price
RT-027029,0,,unknown
RT-027030,0,,unknown
RT-027031,0,,unknown
RT-027032,0,,unknown
RT-027033,0,,unknown
RT-027034,0,,unknown
RT-027035,0,,unknown
RT-027036,0,,unknown
RT-027037,0,,unknown
RT-027038,0,,unknown
RT-027039,0,,unknown
RT-027040,1,23.0,tech_migration
RT-027041,0,,unknown
RT-027042,0,,unknown
RT-027043,0,,unknown
RT-027044,0,,unknown
RT-027045,0,,unknown
RT-027046,0,,unknown
RT-027047,0,,unknown
RT-027048,0,,unknown
RT-027049,1,20.0,tech_migration
RT-027050,0,,unknown
RT-027051,0,,unknown
RT-027052,0,,unknown
RT-027053,0,,unknown
RT-027054,0,,unknown
RT-027055,0,,unknown
RT-027056,0,,unknown
RT-027057,0,,unknown
RT-027058,0,,unknown
RT-027059,0,,unknown
RT-027060,1,22.0,tech_migration
RT-027061,0,,unknown
RT-027062,0,,unknown
RT-027063,0,,unknown
RT-027064,0,,unknown
RT-027065,0,,unknown
RT-027066,0,,unknown
RT-027067,0,,unknown
RT-027068,0,,unknown
RT-027069,0,,unknown
RT-027070,1,24.0,competitor
RT-027071,0,,unknown
RT-027072,1,24.0,tech_migration
RT-027073,0,,unknown
RT-027074,0,,unknown
RT-027075,0,,unknown
RT-027076,0,,unknown
RT-027077,0,,unknown
RT-027078,0,,unknown
RT-027079,0,,unknown
RT-027080,0,,unknown
RT-027081,0,,unknown
RT-027082,0,,unknown
RT-027083,0,,unknown
RT-027084,0,,unknown
RT-027085,0,,unknown
RT-027086,0,,unknown
RT-027087,1,24.0,unknown
RT-027088,0,,unknown
RT-027089,0,,unknown
RT-027090,1,24.0,competitor
RT-027091,0,,unknown
RT-027092,0,,unknown
RT-027093,1,19.0,tech_migration
RT-027094,0,,unknown
RT-027095,0,,unknown
RT-027096,0,,unknown
RT-027097,0,,unknown
RT-027098,0,,unknown
RT-027099,0,,unknown
RT-027100,0,,unknown
RT-027101,0,,unknown
RT-027102,0,,unknown
RT-027103,1,20.0,unknown
RT-027104,0,,unknown
RT-027105,0,,unknown
RT-027106,0,,unknown
RT-027107,0,,unknown
RT-027108,0,,unknown
RT-027109,0,,unknown
RT-027110,0,,unknown
RT-027111,0,,unknown
RT-027112,0,,unknown
RT-027113,0,,unknown
RT-027114,0,,unknown
RT-027115,0,,unknown
RT-027116,0,,unknown
RT-027117,1,22.0,quality
RT-027118,0,,unknown
RT-027119,0,,unknown
RT-027120,0,,unknown
RT-027121,0,,unknown
RT-027122,0,,unknown
RT-027123,0,,unknown
RT-027124,0,,unknown
RT-027125,0,,unknown
RT-027126,0,,unknown
RT-027127,0,,unknown
RT-027128,0,,unknown
RT-027129,0,,unknown
RT-027130,0,,unknown
RT-027131,0,,unknown
RT-027132,0,,unknown
RT-027133,0,,unknown
RT-027134,0,,unknown
RT-027135,0,,unknown
RT-027136,0,,unknown
RT-027137,0,,unknown
RT-027138,0,,unknown
RT-027139,0,,unknown
RT-027140,0,,unknown
RT-027141,0,,unknown
RT-027142,0,,unknown
RT-027143,0,,unknown
RT-027144,0,,unknown
RT-027145,0,,unknown
RT-027146,0,,unknown
RT-027147,0,,unknown
RT-027148,0,,unknown
RT-027149,0,,unknown
RT-027150,0,,unknown
RT-027151,0,,unknown
RT-027152,0,,unknown
RT-027153,1,22.0,unknown
RT-027154,0,,unknown
RT-027155,0,,unknown
RT-027156,0,,unknown
RT-027157,0,,unknown
RT-027158,0,,unknown
RT-027159,0,,unknown
RT-027160,0,,unknown
RT-027161,0,,unknown
RT-027162,1,24.0,price
RT-027163,0,,unknown
RT-027164,0,,unknown
RT-027165,0,,unknown
RT-027166,0,,unknown
RT-027167,0,,unknown
RT-027168,0,,unknown
RT-027169,0,,unknown
RT-027170,0,,unknown
RT-027171,0,,unknown
RT-027172,0,,unknown
RT-027173,1,24.0,quality
RT-027174,0,,unknown
RT-027175,0,,unknown
RT-027176,0,,unknown
RT-027177,0,,unknown
RT-027178,0,,unknown
RT-027179,0,,unknown
RT-027180,0,,unknown
RT-027181,0,,unknown
RT-027182,0,,unknown
RT-027183,0,,unknown
RT-027184,0,,unknown
RT-027185,0,,unknown
RT-027186,0,,unknown
RT-027187,0,,unknown
RT-027188,0,,unknown
RT-027189,0,,unknown
RT-027190,0,,unknown
RT-027191,0,,unknown
RT-027192,1,24.0,competitor
RT-027193,0,,unknown
RT-027194,0,,unknown
RT-027195,0,,unknown
RT-027196,0,,unknown
RT-027197,0,,unknown
RT-027198,0,,unknown
RT-027199,0,,unknown
RT-027200,0,,unknown
RT-027201,0,,unknown
RT-027202,0,,unknown
RT-027203,1,22.0,unknown
RT-027204,0,,unknown
RT-027205,1,24.0,unknown
RT-027206,0,,unknown
RT-027207,0,,unknown
RT-027208,0,,unknown
RT-027209,0,,unknown
RT-027210,1,24.0,price
RT-027211,0,,unknown
RT-027212,0,,unknown
RT-027213,0,,unknown
RT-027214,0,,unknown
RT-027215,0,,unknown
RT-027216,0,,unknown
RT-027217,0,,unknown
RT-027218,0,,unknown
RT-027219,1,21.0,tech_migration
RT-027220,1,19.0,tech_migration
RT-027221,0,,unknown
RT-027222,0,,unknown
RT-027223,0,,unknown
RT-027224,0,,unknown
RT-027225,0,,unknown
RT-027226,0,,unknown
RT-027227,0,,unknown
RT-027228,0,,unknown
RT-027229,0,,unknown
RT-027230,0,,unknown
RT-027231,0,,unknown
RT-027232,0,,unknown
RT-027233,0,,unknown
RT-027234,0,,unknown
RT-027235,0,,unknown
RT-027236,0,,unknown
RT-027237,0,,unknown
RT-027238,0,,unknown
RT-027239,0,,unknown
RT-027240,0,,unknown
RT-027241,0,,unknown
RT-027242,0,,unknown
RT-027243,0,,unknown
RT-027244,0,,unknown
RT-027245,0,,unknown
RT-027246,0,,unknown
RT-027247,0,,unknown
RT-027248,0,,unknown
RT-027249,0,,unknown
RT-027250,0,,unknown
RT-027251,0,,unknown
RT-027252,0,,unknown
RT-027253,0,,unknown
RT-027254,0,,unknown
RT-027255,0,,unknown
RT-027256,0,,unknown
RT-027257,0,,unknown
RT-027258,0,,unknown
RT-027259,0,,unknown
RT-027260,0,,unknown
RT-027261,1,24.0,price
RT-027262,0,,unknown
RT-027263,0,,unknown
RT-027264,0,,unknown
RT-027265,0,,unknown
RT-027266,0,,unknown
RT-027267,1,24.0,unknown
RT-027268,0,,unknown
RT-027269,0,,unknown
RT-027270,0,,unknown
RT-027271,0,,unknown
RT-027272,0,,unknown
RT-027273,0,,unknown
RT-027274,0,,unknown
RT-027275,0,,unknown
RT-027276,0,,unknown
RT-027277,0,,unknown
RT-027278,0,,unknown
RT-027279,1,23.0,competitor
RT-027280,0,,unknown
RT-027281,0,,unknown
RT-027282,0,,unknown
RT-027283,0,,unknown
RT-027284,0,,unknown
RT-027285,0,,unknown
RT-027286,0,,unknown
RT-027287,0,,unknown
RT-027288,1,22.0,price
RT-027289,0,,unknown
RT-027290,0,,unknown
RT-027291,0,,unknown
RT-027292,0,,unknown
RT-027293,0,,unknown
RT-027294,0,,unknown
RT-027295,0,,unknown
RT-027296,0,,unknown
RT-027297,0,,unknown
RT-027298,0,,unknown
RT-027299,0,,unknown
RT-027300,0,,unknown
RT-027301,0,,unknown
RT-027302,1,24.0,tech_migration
RT-027303,0,,unknown
RT-027304,0,,unknown
RT-027305,0,,unknown
RT-027306,0,,unknown
RT-027307,0,,unknown
RT-027308,0,,unknown
RT-027309,0,,unknown
RT-027310,0,,unknown
RT-027311,1,23.0,tech_migration
RT-027312,0,,unknown
RT-027313,0,,unknown
RT-027314,0,,unknown
RT-027315,0,,unknown
RT-027316,0,,unknown
RT-027317,0,,unknown
RT-027318,1,24.0,unknown
RT-027319,0,,unknown
RT-027320,0,,unknown
RT-027321,0,,unknown
RT-027322,0,,unknown
RT-027323,0,,unknown
RT-027324,0,,unknown
RT-027325,0,,unknown
RT-027326,0,,unknown
RT-027327,0,,unknown
RT-027328,0,,unknown
RT-027329,0,,unknown
RT-027330,0,,unknown
RT-027331,0,,unknown
RT-027332,0,,unknown
RT-027333,0,,unknown
RT-027334,0,,unknown
RT-027335,0,,unknown
RT-027336,0,,unknown
RT-027337,0,,unknown
RT-027338,0,,unknown
RT-027339,0,,unknown
RT-027340,0,,unknown
RT-027341,1,21.0,quality
RT-027342,0,,unknown
RT-027343,0,,unknown
RT-027344,0,,unknown
RT-027345,0,,unknown
RT-027346,0,,unknown
RT-027347,1,23.0,tech_migration
RT-027348,0,,unknown
RT-027349,0,,unknown
RT-027350,1,21.0,tech_migration
RT-027351,0,,unknown
RT-027352,0,,unknown
RT-027353,0,,unknown
RT-027354,0,,unknown
RT-027355,0,,unknown
RT-027356,0,,unknown
RT-027357,0,,unknown
RT-027358,1,23.0,tech_migration
RT-027359,0,,unknown
RT-027360,0,,unknown
RT-027361,0,,unknown
RT-027362,0,,unknown
RT-027363,1,23.0,tech_migration
RT-027364,0,,unknown
RT-027365,0,,unknown
RT-027366,0,,unknown
RT-027367,0,,unknown
RT-027368,0,,unknown
RT-027369,1,23.0,tech_migration
RT-027370,0,,unknown
RT-027371,0,,unknown
RT-027372,0,,unknown
RT-027373,0,,unknown
RT-027374,0,,unknown
RT-027375,1,24.0,tech_migration
RT-027376,0,,unknown
RT-027377,0,,unknown
RT-027378,0,,unknown
RT-027379,0,,unknown
RT-027380,0,,unknown
RT-027381,0,,unknown
RT-027382,0,,unknown
RT-027383,0,,unknown
RT-027384,0,,unknown
RT-027385,0,,unknown
RT-027386,0,,unknown
RT-027387,0,,unknown
RT-027388,0,,unknown
RT-027389,0,,unknown
RT-027390,0,,unknown
RT-027391,0,,unknown
RT-027392,0,,unknown
RT-027393,0,,unknown
RT-027394,0,,unknown
RT-027395,0,,unknown
RT-027396,0,,unknown
RT-027397,0,,unknown
RT-027398,0,,unknown
RT-027399,1,20.0,quality
RT-027400,0,,unknown
RT-027401,0,,unknown
RT-027402,0,,unknown
RT-027403,0,,unknown
RT-027404,0,,unknown
RT-027405,0,,unknown
RT-027406,0,,unknown
RT-027407,0,,unknown
RT-027408,0,,unknown
RT-027409,0,,unknown
RT-027410,0,,unknown
RT-027411,0,,unknown
RT-027412,0,,unknown
RT-027413,1,21.0,tech_migration
RT-027414,0,,unknown
RT-027415,0,,unknown
RT-027416,1,23.0,price
RT-027417,0,,unknown
RT-027418,0,,unknown
RT-027419,0,,unknown
RT-027420,1,21.0,quality
RT-027421,1,22.0,unknown
RT-027422,0,,unknown
RT-027423,0,,unknown
RT-027424,0,,unknown
RT-027425,0,,unknown
RT-027426,0,,unknown
RT-027427,0,,unknown
RT-027428,0,,unknown
RT-027429,0,,unknown
RT-027430,0,,unknown
RT-027431,0,,unknown
RT-027432,0,,unknown
RT-027433,0,,unknown
RT-027434,0,,unknown
RT-027435,0,,unknown
RT-027436,1,22.0,competitor
RT-027437,0,,unknown
RT-027438,0,,unknown
RT-027439,0,,unknown
RT-027440,0,,unknown
RT-027441,0,,unknown
RT-027442,0,,unknown
RT-027443,0,,unknown
RT-027444,1,24.0,tech_migration
RT-027445,0,,unknown
RT-027446,0,,unknown
RT-027447,0,,unknown
RT-027448,0,,unknown
RT-027449,0,,unknown
RT-027450,0,,unknown
RT-027451,0,,unknown
RT-027452,0,,unknown
RT-027453,0,,unknown
RT-027454,0,,unknown
RT-027455,0,,unknown
RT-027456,1,24.0,quality
RT-027457,0,,unknown
RT-027458,1,22.0,competitor
RT-027459,0,,unknown
RT-027460,0,,unknown
RT-027461,1,24.0,tech_migration
RT-027462,0,,unknown
RT-027463,0,,unknown
RT-027464,0,,unknown
RT-027465,0,,unknown
RT-027466,0,,unknown
RT-027467,0,,unknown
RT-027468,0,,unknown
RT-027469,0,,unknown
RT-027470,1,24.0,tech_migration
RT-027471,0,,unknown
RT-027472,0,,unknown
RT-027473,0,,unknown
RT-027474,0,,unknown
RT-027475,0,,unknown
RT-027476,0,,unknown
RT-027477,0,,unknown
RT-027478,0,,unknown
RT-027479,0,,unknown
RT-027480,0,,unknown
RT-027481,0,,unknown
RT-027482,0,,unknown
RT-027483,0,,unknown
RT-027484,0,,unknown
RT-027485,0,,unknown
RT-027486,0,,unknown
RT-027487,0,,unknown
RT-027488,0,,unknown
RT-027489,0,,unknown
RT-027490,0,,unknown
RT-027491,0,,unknown
RT-027492,0,,unknown
RT-027493,0,,unknown
RT-027494,0,,unknown
RT-027495,1,20.0,price
RT-027496,1,24.0,price
RT-027497,0,,unknown
RT-027498,0,,unknown
RT-027499,0,,unknown
RT-027500,0,,unknown
RT-027501,0,,unknown
RT-027502,0,,unknown
RT-027503,0,,unknown
RT-027504,0,,unknown
RT-027505,0,,unknown
RT-027506,0,,unknown
RT-027507,0,,unknown
RT-027508,1,20.0,tech_migration
RT-027509,0,,unknown
RT-027510,0,,unknown
RT-027511,0,,unknown
RT-027512,0,,unknown
RT-027513,0,,unknown
RT-027514,0,,unknown
RT-027515,0,,unknown
RT-027516,0,,unknown
RT-027517,0,,unknown
RT-027518,0,,unknown
RT-027519,1,23.0,tech_migration
RT-027520,0,,unknown
RT-027521,0,,unknown
RT-027522,0,,unknown
RT-027523,0,,unknown
RT-027524,1,22.0,competitor
RT-027525,0,,unknown
RT-027526,0,,unknown
RT-027527,1,19.0,competitor
RT-027528,0,,unknown
RT-027529,0,,unknown
RT-027530,0,,unknown
RT-027531,0,,unknown
RT-027532,0,,unknown
RT-027533,0,,unknown
RT-027534,0,,unknown
RT-027535,0,,unknown
RT-027536,0,,unknown
RT-027537,0,,unknown
RT-027538,0,,unknown
RT-027539,0,,unknown
RT-027540,0,,unknown
RT-027541,0,,unknown
RT-027542,0,,unknown
RT-027543,0,,unknown
RT-027544,0,,unknown
RT-027545,0,,unknown
RT-027546,0,,unknown
RT-027547,0,,unknown
RT-027548,0,,unknown
RT-027549,0,,unknown
RT-027550,1,19.0,tech_migration
RT-027551,0,,unknown
RT-027552,0,,unknown
RT-027553,0,,unknown
RT-027554,0,,unknown
RT-027555,1,19.0,price
RT-027556,0,,unknown
RT-027557,0,,unknown
RT-027558,0,,unknown
RT-027559,0,,unknown
RT-027560,0,,unknown
RT-027561,0,,unknown
RT-027562,0,,unknown
RT-027563,0,,unknown
RT-027564,0,,unknown
RT-027565,0,,unknown
RT-027566,0,,unknown
RT-027567,0,,unknown
RT-027568,0,,unknown
RT-027569,0,,unknown
RT-027570,0,,unknown
RT-027571,0,,unknown
RT-027572,0,,unknown
RT-027573,0,,unknown
RT-027574,0,,unknown
RT-027575,0,,unknown
RT-027576,1,20.0,competitor
RT-027577,0,,unknown
RT-027578,0,,unknown
RT-027579,0,,unknown
RT-027580,0,,unknown
RT-027581,1,24.0,tech_migration
RT-027582,0,,unknown
RT-027583,0,,unknown
RT-027584,0,,unknown
RT-027585,0,,unknown
RT-027586,0,,unknown
RT-027587,0,,unknown
RT-027588,0,,unknown
RT-027589,0,,unknown
RT-027590,0,,unknown
RT-027591,1,24.0,competitor
RT-027592,0,,unknown
RT-027593,1,22.0,price
RT-027594,0,,unknown
RT-027595,0,,unknown
RT-027596,0,,unknown
RT-027597,1,22.0,price
RT-027598,0,,unknown
RT-027599,0,,unknown
RT-027600,0,,unknown
RT-027601,0,,unknown
RT-027602,0,,unknown
RT-027603,0,,unknown
RT-027604,0,,unknown
RT-027605,0,,unknown
RT-027606,0,,unknown
RT-027607,0,,unknown
RT-027608,0,,unknown
RT-027609,0,,unknown
RT-027610,0,,unknown
RT-027611,0,,unknown
RT-027612,1,22.0,unknown
RT-027613,0,,unknown
RT-027614,0,,unknown
RT-027615,0,,unknown
RT-027616,0,,unknown
RT-027617,0,,unknown
RT-027618,0,,unknown
RT-027619,0,,unknown
RT-027620,0,,unknown
RT-027621,0,,unknown
RT-027622,0,,unknown
RT-027623,1,24.0,tech_migration
RT-027624,0,,unknown
RT-027625,0,,unknown
RT-027626,1,19.0,competitor
RT-027627,0,,unknown
RT-027628,0,,unknown
RT-027629,1,22.0,price
RT-027630,1,21.0,price
RT-027631,0,,unknown
RT-027632,0,,unknown
RT-027633,0,,unknown
RT-027634,0,,unknown
RT-027635,0,,unknown
RT-027636,1,24.0,tech_migration
RT-027637,0,,unknown
RT-027638,0,,unknown
RT-027639,0,,unknown
RT-027640,0,,unknown
RT-027641,1,21.0,quality
RT-027642,0,,unknown
RT-027643,0,,unknown
RT-027644,0,,unknown
RT-027645,1,24.0,unknown
RT-027646,0,,unknown
RT-027647,0,,unknown
RT-027648,0,,unknown
RT-027649,0,,unknown
RT-027650,0,,unknown
RT-027651,0,,unknown
RT-027652,0,,unknown
RT-027653,0,,unknown
RT-027654,0,,unknown
RT-027655,0,,unknown
RT-027656,0,,unknown
RT-027657,0,,unknown
RT-027658,0,,unknown
RT-027659,1,20.0,quality
RT-027660,0,,unknown
RT-027661,0,,unknown
RT-027662,0,,unknown
RT-027663,0,,unknown
RT-027664,0,,unknown
RT-027665,0,,unknown
RT-027666,0,,unknown
RT-027667,0,,unknown
RT-027668,0,,unknown
RT-027669,1,21.0,tech_migration
RT-027670,0,,unknown
RT-027671,0,,unknown
RT-027672,1,24.0,price
RT-027673,0,,unknown
RT-027674,0,,unknown
RT-027675,0,,unknown
RT-027676,0,,unknown
RT-027677,0,,unknown
RT-027678,0,,unknown
RT-027679,0,,unknown
RT-027680,0,,unknown
RT-027681,0,,unknown
RT-027682,0,,unknown
RT-027683,1,20.0,price
RT-027684,0,,unknown
RT-027685,0,,unknown
RT-027686,0,,unknown
RT-027687,0,,unknown
RT-027688,0,,unknown
RT-027689,0,,unknown
RT-027690,1,23.0,quality
RT-027691,0,,unknown
RT-027692,0,,unknown
RT-027693,0,,unknown
RT-027694,1,22.0,tech_migration
RT-027695,0,,unknown
RT-027696,0,,unknown
RT-027697,0,,unknown
RT-027698,0,,unknown
RT-027699,0,,unknown
RT-027700,0,,unknown
RT-027701,0,,unknown
RT-027702,0,,unknown
RT-027703,0,,unknown
RT-027704,0,,unknown
RT-027705,0,,unknown
RT-027706,0,,unknown
RT-027707,0,,unknown
RT-027708,1,24.0,unknown
RT-027709,0,,unknown
RT-027710,0,,unknown
RT-027711,0,,unknown
RT-027712,0,,unknown
RT-027713,1,23.0,price
RT-027714,0,,unknown
RT-027715,0,,unknown
RT-027716,0,,unknown
RT-027717,0,,unknown
RT-027718,0,,unknown
RT-027719,0,,unknown
RT-027720,0,,unknown
RT-027721,0,,unknown
RT-027722,0,,unknown
RT-027723,0,,unknown
RT-027724,0,,unknown
RT-027725,0,,unknown
RT-027726,0,,unknown
RT-027727,0,,unknown
RT-027728,0,,unknown
RT-027729,1,22.0,price
RT-027730,0,,unknown
RT-027731,0,,unknown
RT-027732,0,,unknown
RT-027733,0,,unknown
RT-027734,0,,unknown
RT-027735,0,,unknown
RT-027736,0,,unknown
RT-027737,0,,unknown
RT-027738,0,,unknown
RT-027739,0,,unknown
RT-027740,0,,unknown
RT-027741,0,,unknown
RT-027742,0,,unknown
RT-027743,0,,unknown
RT-027744,0,,unknown
RT-027745,0,,unknown
RT-027746,0,,unknown
RT-027747,0,,unknown
RT-027748,0,,unknown
RT-027749,0,,unknown
RT-027750,0,,unknown
RT-027751,0,,unknown
RT-027752,0,,unknown
RT-027753,0,,unknown
RT-027754,0,,unknown
RT-027755,0,,unknown
RT-027756,0,,unknown
RT-027757,0,,unknown
RT-027758,0,,unknown
RT-027759,0,,unknown
RT-027760,0,,unknown
RT-027761,0,,unknown
RT-027762,0,,unknown
RT-027763,0,,unknown
RT-027764,0,,unknown
RT-027765,0,,unknown
RT-027766,0,,unknown
RT-027767,0,,unknown
RT-027768,0,,unknown
RT-027769,0,,unknown
RT-027770,1,24.0,price
RT-027771,0,,unknown
RT-027772,0,,unknown
RT-027773,0,,unknown
RT-027774,0,,unknown
RT-027775,0,,unknown
RT-027776,0,,unknown
RT-027777,0,,unknown
RT-027778,0,,unknown
RT-027779,0,,unknown
RT-027780,0,,unknown
RT-027781,0,,unknown
RT-027782,0,,unknown
RT-027783,0,,unknown
RT-027784,0,,unknown
RT-027785,0,,unknown
RT-027786,0,,unknown
RT-027787,0,,unknown
RT-027788,0,,unknown
RT-027789,0,,unknown
RT-027790,0,,unknown
RT-027791,0,,unknown
RT-027792,0,,unknown
RT-027793,0,,unknown
RT-027794,0,,unknown
RT-027795,0,,unknown
RT-027796,0,,unknown
RT-027797,0,,unknown
RT-027798,1,21.0,price
RT-027799,0,,unknown
RT-027800,0,,unknown
RT-027801,0,,unknown
RT-027802,0,,unknown
RT-027803,0,,unknown
RT-027804,0,,unknown
RT-027805,0,,unknown
RT-027806,0,,unknown
RT-027807,0,,unknown
RT-027808,0,,unknown
RT-027809,0,,unknown
RT-027810,0,,unknown
RT-027811,0,,unknown
RT-027812,0,,unknown
RT-027813,0,,unknown
RT-027814,1,20.0,unknown
RT-027815,0,,unknown
RT-027816,0,,unknown
RT-027817,0,,unknown
RT-027818,1,24.0,unknown
RT-027819,0,,unknown
RT-027820,0,,unknown
RT-027821,0,,unknown
RT-027822,0,,unknown
RT-027823,1,24.0,quality
RT-027824,0,,unknown
RT-027825,0,,unknown
RT-027826,0,,unknown
RT-027827,0,,unknown
RT-027828,0,,unknown
RT-027829,0,,unknown
RT-027830,0,,unknown
RT-027831,0,,unknown
RT-027832,1,19.0,price
RT-027833,0,,unknown
RT-027834,0,,unknown
RT-027835,0,,unknown
RT-027836,0,,unknown
RT-027837,0,,unknown
RT-027838,0,,unknown
RT-027839,0,,unknown
RT-027840,0,,unknown
RT-027841,0,,unknown
RT-027842,1,23.0,price
RT-027843,0,,unknown
RT-027844,0,,unknown
RT-027845,0,,unknown
RT-027846,0,,unknown
RT-027847,0,,unknown
RT-027848,1,22.0,tech_migration
RT-027849,0,,unknown
RT-027850,0,,unknown
RT-027851,0,,unknown
RT-027852,0,,unknown
RT-027853,0,,unknown
RT-027854,0,,unknown
RT-027855,0,,unknown
RT-027856,0,,unknown
RT-027857,0,,unknown
RT-027858,0,,unknown
RT-027859,0,,unknown
RT-027860,0,,unknown
RT-027861,0,,unknown
RT-027862,0,,unknown
RT-027863,0,,unknown
RT-027864,0,,unknown
RT-027865,0,,unknown
RT-027866,0,,unknown
RT-027867,0,,unknown
RT-027868,0,,unknown
RT-027869,0,,unknown
RT-027870,0,,unknown
RT-027871,0,,unknown
RT-027872,0,,unknown
RT-027873,0,,unknown
RT-027874,0,,unknown
RT-027875,0,,unknown
RT-027876,0,,unknown
RT-027877,0,,unknown
RT-027878,0,,unknown
RT-027879,0,,unknown
RT-027880,0,,unknown
RT-027881,1,21.0,tech_migration
RT-027882,0,,unknown
RT-027883,0,,unknown
RT-027884,0,,unknown
RT-027885,0,,unknown
RT-027886,0,,unknown
RT-027887,1,23.0,unknown
RT-027888,0,,unknown
RT-027889,1,19.0,quality
RT-027890,0,,unknown
RT-027891,0,,unknown
RT-027892,0,,unknown
RT-027893,0,,unknown
RT-027894,0,,unknown
RT-027895,0,,unknown
RT-027896,0,,unknown
RT-027897,0,,unknown
RT-027898,0,,unknown
RT-027899,1,21.0,competitor
RT-027900,0,,unknown
RT-027901,0,,unknown
RT-027902,0,,unknown
RT-027903,0,,unknown
RT-027904,0,,unknown
RT-027905,0,,unknown
RT-027906,0,,unknown
RT-027907,0,,unknown
RT-027908,0,,unknown
RT-027909,0,,unknown
RT-027910,0,,unknown
RT-027911,0,,unknown
RT-027912,0,,unknown
RT-027913,0,,unknown
RT-027914,0,,unknown
RT-027915,0,,unknown
RT-027916,1,24.0,price
RT-027917,0,,unknown
RT-027918,0,,unknown
RT-027919,0,,unknown
RT-027920,1,20.0,quality
RT-027921,0,,unknown
RT-027922,0,,unknown
RT-027923,0,,unknown
RT-027924,0,,unknown
RT-027925,0,,unknown
RT-027926,0,,unknown
RT-027927,0,,unknown
RT-027928,1,23.0,quality
RT-027929,0,,unknown
RT-027930,0,,unknown
RT-027931,0,,unknown
RT-027932,0,,unknown
RT-027933,1,23.0,competitor
RT-027934,0,,unknown
RT-027935,0,,unknown
RT-027936,0,,unknown
RT-027937,1,19.0,quality
RT-027938,0,,unknown
RT-027939,0,,unknown
RT-027940,0,,unknown
RT-027941,0,,unknown
RT-027942,1,21.0,price
RT-027943,0,,unknown
RT-027944,0,,unknown
RT-027945,0,,unknown
RT-027946,0,,unknown
RT-027947,0,,unknown
RT-027948,0,,unknown
RT-027949,0,,unknown
RT-027950,0,,unknown
RT-027951,0,,unknown
RT-027952,0,,unknown
RT-027953,0,,unknown
RT-027954,0,,unknown
RT-027955,1,23.0,quality
RT-027956,0,,unknown
RT-027957,0,,unknown
RT-027958,0,,unknown
RT-027959,0,,unknown
RT-027960,0,,unknown
RT-027961,0,,unknown
RT-027962,0,,unknown
RT-027963,0,,unknown
RT-027964,0,,unknown
RT-027965,0,,unknown
RT-027966,0,,unknown
RT-027967,1,20.0,price
RT-027968,0,,unknown
RT-027969,0,,unknown
RT-027970,0,,unknown
RT-027971,0,,unknown
RT-027972,0,,unknown
RT-027973,1,20.0,tech_migration
RT-027974,0,,unknown
RT-027975,0,,unknown
RT-027976,0,,unknown
RT-027977,0,,unknown
RT-027978,0,,unknown
RT-027979,0,,unknown
RT-027980,0,,unknown
RT-027981,0,,unknown
RT-027982,0,,unknown
RT-027983,0,,unknown
RT-027984,0,,unknown
RT-027985,0,,unknown
RT-027986,1,24.0,tech_migration
RT-027987,0,,unknown
RT-027988,0,,unknown
RT-027989,0,,unknown
RT-027990,0,,unknown
RT-027991,0,,unknown
RT-027992,0,,unknown
RT-027993,0,,unknown
RT-027994,0,,unknown
RT-027995,0,,unknown
RT-027996,0,,unknown
RT-027997,0,,unknown
RT-027998,0,,unknown
RT-027999,0,,unknown
RT-028000,0,,unknown
RT-028001,0,,unknown
RT-028002,0,,unknown
RT-028003,0,,unknown
RT-028004,0,,unknown
RT-028005,0,,unknown
RT-028006,0,,unknown
RT-028007,0,,unknown
RT-028008,0,,unknown
RT-028009,0,,unknown
RT-028010,0,,unknown
RT-028011,0,,unknown
RT-028012,0,,unknown
RT-028013,0,,unknown
RT-028014,0,,unknown
RT-028015,0,,unknown
RT-028016,0,,unknown
RT-028017,0,,unknown
RT-028018,0,,unknown
RT-028019,0,,unknown
RT-028020,1,19.0,unknown
RT-028021,0,,unknown
RT-028022,0,,unknown
RT-028023,0,,unknown
RT-028024,0,,unknown
RT-028025,1,20.0,unknown
RT-028026,0,,unknown
RT-028027,0,,unknown
RT-028028,0,,unknown
RT-028029,0,,unknown
RT-028030,0,,unknown
RT-028031,0,,unknown
RT-028032,0,,unknown
RT-028033,0,,unknown
RT-028034,0,,unknown
RT-028035,0,,unknown
RT-028036,0,,unknown
RT-028037,0,,unknown
RT-028038,0,,unknown
RT-028039,0,,unknown
RT-028040,0,,unknown
RT-028041,0,,unknown
RT-028042,0,,unknown
RT-028043,0,,unknown
RT-028044,0,,unknown
RT-028045,0,,unknown
RT-028046,1,24.0,unknown
RT-028047,1,24.0,price
RT-028048,0,,unknown
RT-028049,0,,unknown
RT-028050,0,,unknown
RT-028051,0,,unknown
RT-028052,0,,unknown
RT-028053,0,,unknown
RT-028054,0,,unknown
RT-028055,0,,unknown
RT-028056,0,,unknown
RT-028057,0,,unknown
RT-028058,0,,unknown
RT-028059,0,,unknown
RT-028060,0,,unknown
RT-028061,1,24.0,price
RT-028062,0,,unknown
RT-028063,0,,unknown
RT-028064,0,,unknown
RT-028065,1,23.0,unknown
RT-028066,0,,unknown
RT-028067,0,,unknown
RT-028068,0,,unknown
RT-028069,0,,unknown
RT-028070,0,,unknown
RT-028071,0,,unknown
RT-028072,1,22.0,quality
RT-028073,1,19.0,unknown
RT-028074,0,,unknown
RT-028075,0,,unknown
RT-028076,0,,unknown
RT-028077,0,,unknown
RT-028078,0,,unknown
RT-028079,0,,unknown
RT-028080,0,,unknown
RT-028081,0,,unknown
RT-028082,0,,unknown
RT-028083,0,,unknown
RT-028084,0,,unknown
RT-028085,0,,unknown
RT-028086,0,,unknown
RT-028087,0,,unknown
RT-028088,0,,unknown
RT-028089,0,,unknown
RT-028090,0,,unknown
RT-028091,0,,unknown
RT-028092,0,,unknown
RT-028093,0,,unknown
RT-028094,0,,unknown
RT-028095,0,,unknown
RT-028096,1,22.0,competitor
RT-028097,0,,unknown
RT-028098,0,,unknown
RT-028099,0,,unknown
RT-028100,0,,unknown
RT-028101,0,,unknown
RT-028102,0,,unknown
RT-028103,1,22.0,tech_migration
RT-028104,0,,unknown
RT-028105,1,21.0,price
RT-028106,0,,unknown
RT-028107,0,,unknown
RT-028108,0,,unknown
RT-028109,0,,unknown
RT-028110,0,,unknown
RT-028111,0,,unknown
RT-028112,0,,unknown
RT-028113,0,,unknown
RT-028114,0,,unknown
RT-028115,0,,unknown
RT-028116,0,,unknown
RT-028117,1,19.0,quality
RT-028118,0,,unknown
RT-028119,0,,unknown
RT-028120,0,,unknown
RT-028121,0,,unknown
RT-028122,0,,unknown
RT-028123,0,,unknown
RT-028124,0,,unknown
RT-028125,0,,unknown
RT-028126,0,,unknown
RT-028127,0,,unknown
RT-028128,0,,unknown
RT-028129,0,,unknown
RT-028130,0,,unknown
RT-028131,0,,unknown
RT-028132,0,,unknown
RT-028133,1,20.0,tech_migration
RT-028134,0,,unknown
RT-028135,0,,unknown
RT-028136,0,,unknown
RT-028137,0,,unknown
RT-028138,0,,unknown
RT-028139,0,,unknown
RT-028140,0,,unknown
RT-028141,0,,unknown
RT-028142,0,,unknown
RT-028143,0,,unknown
RT-028144,0,,unknown
RT-028145,0,,unknown
RT-028146,0,,unknown
RT-028147,0,,unknown
RT-028148,0,,unknown
RT-028149,0,,unknown
RT-028150,0,,unknown
RT-028151,0,,unknown
RT-028152,0,,unknown
RT-028153,0,,unknown
RT-028154,0,,unknown
RT-028155,0,,unknown
RT-028156,1,24.0,price
RT-028157,0,,unknown
RT-028158,0,,unknown
RT-028159,0,,unknown
RT-028160,0,,unknown
RT-028161,0,,unknown
RT-028162,0,,unknown
RT-028163,0,,unknown
RT-028164,0,,unknown
RT-028165,0,,unknown
RT-028166,0,,unknown
RT-028167,0,,unknown
RT-028168,0,,unknown
RT-028169,0,,unknown
RT-028170,0,,unknown
RT-028171,0,,unknown
RT-028172,0,,unknown
RT-028173,0,,unknown
RT-028174,0,,unknown
RT-028175,0,,unknown
RT-028176,0,,unknown
RT-028177,0,,unknown
RT-028178,0,,unknown
RT-028179,0,,unknown
RT-028180,0,,unknown
RT-028181,0,,unknown
RT-028182,0,,unknown
RT-028183,0,,unknown
RT-028184,0,,unknown
RT-028185,0,,unknown
RT-028186,0,,unknown
RT-028187,0,,unknown
RT-028188,0,,unknown
RT-028189,0,,unknown
RT-028190,0,,unknown
RT-028191,0,,unknown
RT-028192,0,,unknown
RT-028193,0,,unknown
RT-028194,0,,unknown
RT-028195,0,,unknown
RT-028196,0,,unknown
RT-028197,0,,unknown
RT-028198,1,23.0,tech_migration
RT-028199,0,,unknown
RT-028200,0,,unknown
RT-028201,0,,unknown
RT-028202,1,24.0,price
RT-028203,0,,unknown
RT-028204,0,,unknown
RT-028205,0,,unknown
RT-028206,1,20.0,competitor
RT-028207,1,24.0,unknown
RT-028208,0,,unknown
RT-028209,0,,unknown
RT-028210,0,,unknown
RT-028211,0,,unknown
RT-028212,0,,unknown
RT-028213,0,,unknown
RT-028214,0,,unknown
RT-028215,0,,unknown
RT-028216,0,,unknown
RT-028217,0,,unknown
RT-028218,0,,unknown
RT-028219,0,,unknown
RT-028220,0,,unknown
RT-028221,0,,unknown
RT-028222,0,,unknown
RT-028223,0,,unknown
RT-028224,0,,unknown
RT-028225,0,,unknown
RT-028226,0,,unknown
RT-028227,0,,unknown
RT-028228,0,,unknown
RT-028229,0,,unknown
RT-028230,0,,unknown
RT-028231,0,,unknown
RT-028232,0,,unknown
RT-028233,0,,unknown
RT-028234,0,,unknown
RT-028235,0,,unknown
RT-028236,0,,unknown
RT-028237,0,,unknown
RT-028238,0,,unknown
RT-028239,0,,unknown
RT-028240,0,,unknown
RT-028241,0,,unknown
RT-028242,0,,unknown
RT-028243,1,24.0,unknown
RT-028244,0,,unknown
RT-028245,1,24.0,unknown
RT-028246,0,,unknown
RT-028247,0,,unknown
RT-028248,0,,unknown
RT-028249,0,,unknown
RT-028250,0,,unknown
RT-028251,0,,unknown
RT-028252,0,,unknown
RT-028253,0,,unknown
RT-028254,0,,unknown
RT-028255,1,24.0,tech_migration
RT-028256,0,,unknown
RT-028257,0,,unknown
RT-028258,0,,unknown
RT-028259,0,,unknown
RT-028260,0,,unknown
RT-028261,0,,unknown
RT-028262,0,,unknown
RT-028263,0,,unknown
RT-028264,0,,unknown
RT-028265,0,,unknown
RT-028266,0,,unknown
RT-028267,1,22.0,quality
RT-028268,0,,unknown
RT-028269,0,,unknown
RT-028270,0,,unknown
RT-028271,0,,unknown
RT-028272,0,,unknown
RT-028273,0,,unknown
RT-028274,0,,unknown
RT-028275,0,,unknown
RT-028276,0,,unknown
RT-028277,1,21.0,price
RT-028278,0,,unknown
RT-028279,0,,unknown
RT-028280,0,,unknown
RT-028281,0,,unknown
RT-028282,0,,unknown
RT-028283,0,,unknown
RT-028284,0,,unknown
RT-028285,0,,unknown
RT-028286,0,,unknown
RT-028287,0,,unknown
RT-028288,0,,unknown
RT-028289,0,,unknown
RT-028290,0,,unknown
RT-028291,0,,unknown
RT-028292,0,,unknown
RT-028293,0,,unknown
RT-028294,1,19.0,price
RT-028295,0,,unknown
RT-028296,0,,unknown
RT-028297,0,,unknown
RT-028298,0,,unknown
RT-028299,0,,unknown
RT-028300,0,,unknown
RT-028301,0,,unknown
RT-028302,0,,unknown
RT-028303,0,,unknown
RT-028304,0,,unknown
RT-028305,0,,unknown
RT-028306,1,24.0,tech_migration
RT-028307,0,,unknown
RT-028308,0,,unknown
RT-028309,0,,unknown
RT-028310,0,,unknown
RT-028311,0,,unknown
RT-028312,0,,unknown
RT-028313,0,,unknown
RT-028314,0,,unknown
RT-028315,0,,unknown
RT-028316,0,,unknown
RT-028317,0,,unknown
RT-028318,0,,unknown
RT-028319,0,,unknown
RT-028320,0,,unknown
RT-028321,1,23.0,quality
RT-028322,0,,unknown
RT-028323,0,,unknown
RT-028324,0,,unknown
RT-028325,0,,unknown
RT-028326,0,,unknown
RT-028327,0,,unknown
RT-028328,0,,unknown
RT-028329,1,22.0,tech_migration
RT-028330,0,,unknown
RT-028331,0,,unknown
RT-028332,0,,unknown
RT-028333,0,,unknown
RT-028334,0,,unknown
RT-028335,0,,unknown
RT-028336,0,,unknown
RT-028337,0,,unknown
RT-028338,0,,unknown
RT-028339,0,,unknown
RT-028340,0,,unknown
RT-028341,0,,unknown
RT-028342,0,,unknown
RT-028343,0,,unknown
RT-028344,0,,unknown
RT-028345,0,,unknown
RT-028346,0,,unknown
RT-028347,0,,unknown
RT-028348,0,,unknown
RT-028349,0,,unknown
RT-028350,0,,unknown
RT-028351,1,24.0,competitor
RT-028352,0,,unknown
RT-028353,0,,unknown
RT-028354,0,,unknown
RT-028355,0,,unknown
RT-028356,0,,unknown
RT-028357,0,,unknown
RT-028358,0,,unknown
RT-028359,0,,unknown
RT-028360,0,,unknown
RT-028361,0,,unknown
RT-028362,0,,unknown
RT-028363,0,,unknown
RT-028364,0,,unknown
RT-028365,0,,unknown
RT-028366,0,,unknown
RT-028367,0,,unknown
RT-028368,1,19.0,price
RT-028369,0,,unknown
RT-028370,0,,unknown
RT-028371,0,,unknown
RT-028372,0,,unknown
RT-028373,0,,unknown
RT-028374,0,,unknown
RT-028375,0,,unknown
RT-028376,0,,unknown
RT-028377,1,21.0,tech_migration
RT-028378,0,,unknown
RT-028379,0,,unknown
RT-028380,0,,unknown
RT-028381,0,,unknown
RT-028382,0,,unknown
RT-028383,1,24.0,tech_migration
RT-028384,0,,unknown
RT-028385,0,,unknown
RT-028386,0,,unknown
RT-028387,0,,unknown
RT-028388,0,,unknown
RT-028389,0,,unknown
RT-028390,0,,unknown
RT-028391,0,,unknown
RT-028392,0,,unknown
RT-028393,0,,unknown
RT-028394,0,,unknown
RT-028395,0,,unknown
RT-028396,0,,unknown
RT-028397,0,,unknown
RT-028398,0,,unknown
RT-028399,0,,unknown
RT-028400,0,,unknown
RT-028401,0,,unknown
RT-028402,0,,unknown
RT-028403,0,,unknown
RT-028404,1,24.0,unknown
RT-028405,0,,unknown
RT-028406,0,,unknown
RT-028407,0,,unknown
RT-028408,0,,unknown
RT-028409,0,,unknown
RT-028410,0,,unknown
RT-028411,0,,unknown
RT-028412,1,22.0,competitor
RT-028413,0,,unknown
RT-028414,0,,unknown
RT-028415,0,,unknown
RT-028416,0,,unknown
RT-028417,0,,unknown
RT-028418,0,,unknown
RT-028419,1,21.0,unknown
RT-028420,0,,unknown
RT-028421,0,,unknown
RT-028422,1,22.0,unknown
RT-028423,0,,unknown
RT-028424,0,,unknown
RT-028425,0,,unknown
RT-028426,1,19.0,unknown
RT-028427,0,,unknown
RT-028428,1,23.0,unknown
RT-028429,0,,unknown
RT-028430,0,,unknown
RT-028431,0,,unknown
RT-028432,0,,unknown
RT-028433,1,21.0,tech_migration
RT-028434,0,,unknown
RT-028435,0,,unknown
RT-028436,0,,unknown
RT-028437,0,,unknown
RT-028438,0,,unknown
RT-028439,0,,unknown
RT-028440,0,,unknown
RT-028441,0,,unknown
RT-028442,1,23.0,price
RT-028443,0,,unknown
RT-028444,0,,unknown
RT-028445,0,,unknown
RT-028446,0,,unknown
RT-028447,0,,unknown
RT-028448,0,,unknown
RT-028449,0,,unknown
RT-028450,0,,unknown
RT-028451,0,,unknown
RT-028452,0,,unknown
RT-028453,0,,unknown
RT-028454,0,,unknown
RT-028455,0,,unknown
RT-028456,1,21.0,quality
RT-028457,0,,unknown
RT-028458,0,,unknown
RT-028459,0,,unknown
RT-028460,0,,unknown
RT-028461,0,,unknown
RT-028462,0,,unknown
RT-028463,0,,unknown
RT-028464,0,,unknown
RT-028465,0,,unknown
RT-028466,0,,unknown
RT-028467,0,,unknown
RT-028468,0,,unknown
RT-028469,0,,unknown
RT-028470,0,,unknown
RT-028471,0,,unknown
RT-028472,0,,unknown
RT-028473,1,24.0,tech_migration
RT-028474,0,,unknown
RT-028475,0,,unknown
RT-028476,0,,unknown
RT-028477,0,,unknown
RT-028478,0,,unknown
RT-028479,0,,unknown
RT-028480,0,,unknown
RT-028481,0,,unknown
RT-028482,1,24.0,tech_migration
RT-028483,0,,unknown
RT-028484,0,,unknown
RT-028485,0,,unknown
RT-028486,1,21.0,competitor
RT-028487,0,,unknown
RT-028488,1,22.0,tech_migration
RT-028489,0,,unknown
RT-028490,0,,unknown
RT-028491,0,,unknown
RT-028492,0,,unknown
RT-028493,0,,unknown
RT-028494,0,,unknown
RT-028495,0,,unknown
RT-028496,1,24.0,price
RT-028497,0,,unknown
RT-028498,1,19.0,price
RT-028499,0,,unknown
RT-028500,1,21.0,unknown
RT-028501,0,,unknown
RT-028502,0,,unknown
RT-028503,0,,unknown
RT-028504,0,,unknown
RT-028505,0,,unknown
RT-028506,0,,unknown
RT-028507,0,,unknown
RT-028508,0,,unknown
RT-028509,0,,unknown
RT-028510,0,,unknown
RT-028511,0,,unknown
RT-028512,0,,unknown
RT-028513,0,,unknown
RT-028514,0,,unknown
RT-028515,0,,unknown
RT-028516,0,,unknown
RT-028517,0,,unknown
RT-028518,0,,unknown
RT-028519,1,23.0,tech_migration
RT-028520,0,,unknown
RT-028521,0,,unknown
RT-028522,0,,unknown
RT-028523,0,,unknown
RT-028524,0,,unknown
RT-028525,0,,unknown
RT-028526,1,22.0,tech_migration
RT-028527,0,,unknown
RT-028528,0,,unknown
RT-028529,0,,unknown
RT-028530,0,,unknown
RT-028531,0,,unknown
RT-028532,0,,unknown
RT-028533,0,,unknown
RT-028534,0,,unknown
RT-028535,0,,unknown
RT-028536,0,,unknown
RT-028537,0,,unknown
RT-028538,1,24.0,tech_migration
RT-028539,0,,unknown
RT-028540,0,,unknown
RT-028541,0,,unknown
RT-028542,0,,unknown
RT-028543,0,,unknown
RT-028544,0,,unknown
RT-028545,0,,unknown
RT-028546,0,,unknown
RT-028547,0,,unknown
RT-028548,0,,unknown
RT-028549,0,,unknown
RT-028550,0,,unknown
RT-028551,0,,unknown
RT-028552,0,,unknown
RT-028553,0,,unknown
RT-028554,0,,unknown
RT-028555,0,,unknown
RT-028556,0,,unknown
RT-028557,0,,unknown
RT-028558,0,,unknown
RT-028559,0,,unknown
RT-028560,0,,unknown
RT-028561,0,,unknown
RT-028562,0,,unknown
RT-028563,0,,unknown
RT-028564,0,,unknown
RT-028565,0,,unknown
RT-028566,0,,unknown
RT-028567,1,19.0,price
RT-028568,0,,unknown
RT-028569,0,,unknown
RT-028570,0,,unknown
RT-028571,0,,unknown
RT-028572,0,,unknown
RT-028573,0,,unknown
RT-028574,0,,unknown
RT-028575,0,,unknown
RT-028576,0,,unknown
RT-028577,0,,unknown
RT-028578,0,,unknown
RT-028579,0,,unknown
RT-028580,0,,unknown
RT-028581,0,,unknown
RT-028582,0,,unknown
RT-028583,0,,unknown
RT-028584,0,,unknown
RT-028585,0,,unknown
RT-028586,0,,unknown
RT-028587,0,,unknown
RT-028588,0,,unknown
RT-028589,0,,unknown
RT-028590,0,,unknown
RT-028591,0,,unknown
RT-028592,0,,unknown
RT-028593,1,24.0,unknown
RT-028594,0,,unknown
RT-028595,0,,unknown
RT-028596,0,,unknown
RT-028597,0,,unknown
RT-028598,0,,unknown
RT-028599,0,,unknown
RT-028600,0,,unknown
RT-028601,0,,unknown
RT-028602,1,20.0,tech_migration
RT-028603,0,,unknown
RT-028604,0,,unknown
RT-028605,0,,unknown
RT-028606,0,,unknown
RT-028607,1,24.0,competitor
RT-028608,1,19.0,quality
RT-028609,0,,unknown
RT-028610,0,,unknown
RT-028611,0,,unknown
RT-028612,0,,unknown
RT-028613,0,,unknown
RT-028614,1,22.0,unknown
RT-028615,0,,unknown
RT-028616,0,,unknown
RT-028617,0,,unknown
RT-028618,0,,unknown
RT-028619,0,,unknown
RT-028620,0,,unknown
RT-028621,0,,unknown
RT-028622,0,,unknown
RT-028623,0,,unknown
RT-028624,0,,unknown
RT-028625,0,,unknown
RT-028626,0,,unknown
RT-028627,0,,unknown
RT-028628,0,,unknown
RT-028629,0,,unknown
RT-028630,0,,unknown
RT-028631,0,,unknown
RT-028632,0,,unknown
RT-028633,0,,unknown
RT-028634,0,,unknown
RT-028635,0,,unknown
RT-028636,0,,unknown
RT-028637,0,,unknown
RT-028638,0,,unknown
RT-028639,0,,unknown
RT-028640,0,,unknown
RT-028641,1,22.0,tech_migration
RT-028642,0,,unknown
RT-028643,0,,unknown
RT-028644,0,,unknown
RT-028645,0,,unknown
RT-028646,0,,unknown
RT-028647,0,,unknown
RT-028648,1,24.0,price
RT-028649,0,,unknown
RT-028650,0,,unknown
RT-028651,0,,unknown
RT-028652,0,,unknown
RT-028653,0,,unknown
RT-028654,0,,unknown
RT-028655,0,,unknown
RT-028656,1,24.0,price
RT-028657,0,,unknown
RT-028658,0,,unknown
RT-028659,0,,unknown
RT-028660,0,,unknown
RT-028661,0,,unknown
RT-028662,1,20.0,quality
RT-028663,0,,unknown
RT-028664,0,,unknown
RT-028665,0,,unknown
RT-028666,0,,unknown
RT-028667,0,,unknown
RT-028668,0,,unknown
RT-028669,0,,unknown
RT-028670,0,,unknown
RT-028671,0,,unknown
RT-028672,0,,unknown
RT-028673,0,,unknown
RT-028674,0,,unknown
RT-028675,0,,unknown
RT-028676,0,,unknown
RT-028677,1,20.0,tech_migration
RT-028678,0,,unknown
RT-028679,0,,unknown
RT-028680,0,,unknown
RT-028681,0,,unknown
RT-028682,0,,unknown
RT-028683,1,22.0,price
RT-028684,0,,unknown
RT-028685,0,,unknown
RT-028686,0,,unknown
RT-028687,0,,unknown
RT-028688,0,,unknown
RT-028689,0,,unknown
RT-028690,0,,unknown
RT-028691,0,,unknown
RT-028692,0,,unknown
RT-028693,0,,unknown
RT-028694,0,,unknown
RT-028695,0,,unknown
RT-028696,0,,unknown
RT-028697,0,,unknown
RT-028698,0,,unknown
RT-028699,0,,unknown
RT-028700,0,,unknown
RT-028701,0,,unknown
RT-028702,0,,unknown
RT-028703,0,,unknown
RT-028704,0,,unknown
RT-028705,0,,unknown
RT-028706,0,,unknown
RT-028707,0,,unknown
RT-028708,0,,unknown
RT-028709,0,,unknown
RT-028710,0,,unknown
RT-028711,0,,unknown
RT-028712,0,,unknown
RT-028713,0,,unknown
RT-028714,1,20.0,quality
RT-028715,0,,unknown
RT-028716,0,,unknown
RT-028717,0,,unknown
RT-028718,0,,unknown
RT-028719,0,,unknown
RT-028720,1,24.0,price
RT-028721,0,,unknown
RT-028722,0,,unknown
RT-028723,0,,unknown
RT-028724,0,,unknown
RT-028725,0,,unknown
RT-028726,0,,unknown
RT-028727,0,,unknown
RT-028728,0,,unknown
RT-028729,0,,unknown
RT-028730,1,20.0,competitor
RT-028731,0,,unknown
RT-028732,0,,unknown
RT-028733,0,,unknown
RT-028734,0,,unknown
RT-028735,0,,unknown
RT-028736,0,,unknown
RT-028737,0,,unknown
RT-028738,0,,unknown
RT-028739,0,,unknown
RT-028740,0,,unknown
RT-028741,0,,unknown
RT-028742,0,,unknown
RT-028743,0,,unknown
RT-028744,0,,unknown
RT-028745,0,,unknown
RT-028746,0,,unknown
RT-028747,0,,unknown
RT-028748,0,,unknown
RT-028749,0,,unknown
RT-028750,0,,unknown
RT-028751,1,24.0,quality
RT-028752,0,,unknown
RT-028753,0,,unknown
RT-028754,1,20.0,unknown
RT-028755,0,,unknown
RT-028756,0,,unknown
RT-028757,0,,unknown
RT-028758,1,19.0,unknown
RT-028759,1,19.0,competitor
RT-028760,0,,unknown
RT-028761,0,,unknown
RT-028762,0,,unknown
RT-028763,0,,unknown
RT-028764,0,,unknown
RT-028765,0,,unknown
RT-028766,0,,unknown
RT-028767,0,,unknown
RT-028768,0,,unknown
RT-028769,0,,unknown
RT-028770,0,,unknown
RT-028771,0,,unknown
RT-028772,0,,unknown
RT-028773,0,,unknown
RT-028774,0,,unknown
RT-028775,0,,unknown
RT-028776,0,,unknown
RT-028777,0,,unknown
RT-028778,0,,unknown
RT-028779,0,,unknown
RT-028780,0,,unknown
RT-028781,0,,unknown
RT-028782,0,,unknown
RT-028783,0,,unknown
RT-028784,0,,unknown
RT-028785,0,,unknown
RT-028786,0,,unknown
RT-028787,1,20.0,price
RT-028788,0,,unknown
RT-028789,0,,unknown
RT-028790,0,,unknown
RT-028791,0,,unknown
RT-028792,1,24.0,price
RT-028793,0,,unknown
RT-028794,0,,unknown
RT-028795,0,,unknown
RT-028796,0,,unknown
RT-028797,0,,unknown
RT-028798,0,,unknown
RT-028799,0,,unknown
RT-028800,1,20.0,tech_migration
RT-028801,0,,unknown
RT-028802,0,,unknown
RT-028803,0,,unknown
RT-028804,0,,unknown
RT-028805,0,,unknown
RT-028806,1,24.0,competitor
RT-028807,0,,unknown
RT-028808,0,,unknown
RT-028809,0,,unknown
RT-028810,0,,unknown
RT-028811,0,,unknown
RT-028812,0,,unknown
RT-028813,0,,unknown
RT-028814,0,,unknown
RT-028815,0,,unknown
RT-028816,0,,unknown
RT-028817,0,,unknown
RT-028818,0,,unknown
RT-028819,0,,unknown
RT-028820,1,23.0,tech_migration
RT-028821,0,,unknown
RT-028822,0,,unknown
RT-028823,0,,unknown
RT-028824,0,,unknown
RT-028825,0,,unknown
RT-028826,0,,unknown
RT-028827,1,24.0,unknown
RT-028828,1,19.0,tech_migration
RT-028829,0,,unknown
RT-028830,0,,unknown
RT-028831,0,,unknown
RT-028832,1,23.0,competitor
RT-028833,0,,unknown
RT-028834,0,,unknown
RT-028835,0,,unknown
RT-028836,0,,unknown
RT-028837,0,,unknown
RT-028838,0,,unknown
RT-028839,0,,unknown
RT-028840,0,,unknown
RT-028841,0,,unknown
RT-028842,0,,unknown
RT-028843,0,,unknown
RT-028844,1,24.0,price
RT-028845,0,,unknown
RT-028846,0,,unknown
RT-028847,0,,unknown
RT-028848,0,,unknown
RT-028849,1,19.0,price
RT-028850,0,,unknown
RT-028851,0,,unknown
RT-028852,1,24.0,tech_migration
RT-028853,0,,unknown
RT-028854,0,,unknown
RT-028855,0,,unknown
RT-028856,0,,unknown
RT-028857,0,,unknown
RT-028858,0,,unknown
RT-028859,1,19.0,tech_migration
RT-028860,0,,unknown
RT-028861,1,23.0,competitor
RT-028862,0,,unknown
RT-028863,0,,unknown
RT-028864,0,,unknown
RT-028865,0,,unknown
RT-028866,0,,unknown
RT-028867,0,,unknown
RT-028868,0,,unknown
RT-028869,0,,unknown
RT-028870,0,,unknown
RT-028871,0,,unknown
RT-028872,0,,unknown
RT-028873,0,,unknown
RT-028874,0,,unknown
RT-028875,0,,unknown
RT-028876,0,,unknown
RT-028877,0,,unknown
RT-028878,0,,unknown
RT-028879,0,,unknown
RT-028880,0,,unknown
RT-028881,0,,unknown
RT-028882,0,,unknown
RT-028883,0,,unknown
RT-028884,0,,unknown
RT-028885,0,,unknown
RT-028886,0,,unknown
RT-028887,0,,unknown
RT-028888,0,,unknown
RT-028889,0,,unknown
RT-028890,0,,unknown
RT-028891,0,,unknown
RT-028892,0,,unknown
RT-028893,0,,unknown
RT-028894,0,,unknown
RT-028895,0,,unknown
RT-028896,0,,unknown
RT-028897,0,,unknown
RT-028898,0,,unknown
RT-028899,0,,unknown
RT-028900,0,,unknown
RT-028901,0,,unknown
RT-028902,1,23.0,tech_migration
RT-028903,0,,unknown
RT-028904,0,,unknown
RT-028905,0,,unknown
RT-028906,1,21.0,price
RT-028907,0,,unknown
RT-028908,0,,unknown
RT-028909,0,,unknown
RT-028910,0,,unknown
RT-028911,0,,unknown
RT-028912,1,21.0,unknown
RT-028913,0,,unknown
RT-028914,0,,unknown
RT-028915,0,,unknown
RT-028916,0,,unknown
RT-028917,0,,unknown
RT-028918,0,,unknown
RT-028919,0,,unknown
RT-028920,0,,unknown
RT-028921,0,,unknown
RT-028922,0,,unknown
RT-028923,0,,unknown
RT-028924,0,,unknown
RT-028925,1,23.0,price
RT-028926,0,,unknown
RT-028927,0,,unknown
RT-028928,0,,unknown
RT-028929,0,,unknown
RT-028930,1,23.0,quality
RT-028931,0,,unknown
RT-028932,1,24.0,unknown
RT-028933,0,,unknown
RT-028934,0,,unknown
RT-028935,1,19.0,unknown
RT-028936,0,,unknown
RT-028937,0,,unknown
RT-028938,0,,unknown
RT-028939,0,,unknown
RT-028940,0,,unknown
RT-028941,0,,unknown
RT-028942,0,,unknown
RT-028943,0,,unknown
RT-028944,1,19.0,unknown
RT-028945,0,,unknown
RT-028946,0,,unknown
RT-028947,0,,unknown
RT-028948,0,,unknown
RT-028949,0,,unknown
RT-028950,0,,unknown
RT-028951,0,,unknown
RT-028952,0,,unknown
RT-028953,0,,unknown
RT-028954,0,,unknown
RT-028955,0,,unknown
RT-028956,0,,unknown
RT-028957,0,,unknown
RT-028958,0,,unknown
RT-028959,0,,unknown
RT-028960,0,,unknown
RT-028961,0,,unknown
RT-028962,0,,unknown
RT-028963,0,,unknown
RT-028964,0,,unknown
RT-028965,0,,unknown
RT-028966,0,,unknown
RT-028967,0,,unknown
RT-028968,0,,unknown
RT-028969,0,,unknown
RT-028970,0,,unknown
RT-028971,0,,unknown
RT-028972,0,,unknown
RT-028973,0,,unknown
RT-028974,0,,unknown
RT-028975,0,,unknown
RT-028976,0,,unknown
RT-028977,0,,unknown
RT-028978,0,,unknown
RT-028979,0,,unknown
RT-028980,0,,unknown
RT-028981,0,,unknown
RT-028982,0,,unknown
RT-028983,0,,unknown
RT-028984,0,,unknown
RT-028985,0,,unknown
RT-028986,0,,unknown
RT-028987,0,,unknown
RT-028988,0,,unknown
RT-028989,0,,unknown
RT-028990,1,22.0,price
RT-028991,0,,unknown
RT-028992,0,,unknown
RT-028993,0,,unknown
RT-028994,0,,unknown
RT-028995,0,,unknown
RT-028996,0,,unknown
RT-028997,0,,unknown
RT-028998,0,,unknown
RT-028999,0,,unknown
RT-029000,0,,unknown
RT-029001,0,,unknown
RT-029002,0,,unknown
RT-029003,0,,unknown
RT-029004,0,,unknown
RT-029005,0,,unknown
RT-029006,0,,unknown
RT-029007,0,,unknown
RT-029008,0,,unknown
RT-029009,0,,unknown
RT-029010,0,,unknown
RT-029011,0,,unknown
RT-029012,0,,unknown
RT-029013,0,,unknown
RT-029014,0,,unknown
RT-029015,0,,unknown
RT-029016,0,,unknown
RT-029017,0,,unknown
RT-029018,0,,unknown
RT-029019,0,,unknown
RT-029020,0,,unknown
RT-029021,0,,unknown
RT-029022,0,,unknown
RT-029023,0,,unknown
RT-029024,0,,unknown
RT-029025,0,,unknown
RT-029026,0,,unknown
RT-029027,0,,unknown
RT-029028,0,,unknown
RT-029029,0,,unknown
RT-029030,0,,unknown
RT-029031,0,,unknown
RT-029032,0,,unknown
RT-029033,1,22.0,tech_migration
RT-029034,0,,unknown
RT-029035,0,,unknown
RT-029036,0,,unknown
RT-029037,1,22.0,quality
RT-029038,0,,unknown
RT-029039,1,21.0,price
RT-029040,0,,unknown
RT-029041,0,,unknown
RT-029042,0,,unknown
RT-029043,1,22.0,tech_migration
RT-029044,0,,unknown
RT-029045,0,,unknown
RT-029046,0,,unknown
RT-029047,0,,unknown
RT-029048,0,,unknown
RT-029049,0,,unknown
RT-029050,0,,unknown
RT-029051,0,,unknown
RT-029052,0,,unknown
RT-029053,0,,unknown
RT-029054,0,,unknown
RT-029055,0,,unknown
RT-029056,0,,unknown
RT-029057,0,,unknown
RT-029058,0,,unknown
RT-029059,0,,unknown
RT-029060,0,,unknown
RT-029061,0,,unknown
RT-029062,0,,unknown
RT-029063,1,21.0,price
RT-029064,0,,unknown
RT-029065,0,,unknown
RT-029066,0,,unknown
RT-029067,0,,unknown
RT-029068,0,,unknown
RT-029069,0,,unknown
RT-029070,0,,unknown
RT-029071,0,,unknown
RT-029072,1,22.0,price
RT-029073,0,,unknown
RT-029074,0,,unknown
RT-029075,0,,unknown
RT-029076,0,,unknown
RT-029077,0,,unknown
RT-029078,0,,unknown
RT-029079,0,,unknown
RT-029080,0,,unknown
RT-029081,0,,unknown
RT-029082,0,,unknown
RT-029083,0,,unknown
RT-029084,0,,unknown
RT-029085,0,,unknown
RT-029086,0,,unknown
RT-029087,0,,unknown
RT-029088,0,,unknown
RT-029089,0,,unknown
RT-029090,0,,unknown
RT-029091,1,19.0,tech_migration
RT-029092,0,,unknown
RT-029093,0,,unknown
RT-029094,0,,unknown
RT-029095,0,,unknown
RT-029096,0,,unknown
RT-029097,0,,unknown
RT-029098,0,,unknown
RT-029099,0,,unknown
RT-029100,0,,unknown
RT-029101,0,,unknown
RT-029102,1,20.0,competitor
RT-029103,0,,unknown
RT-029104,0,,unknown
RT-029105,0,,unknown
RT-029106,0,,unknown
RT-029107,0,,unknown
RT-029108,1,23.0,competitor
RT-029109,0,,unknown
RT-029110,0,,unknown
RT-029111,1,24.0,tech_migration
RT-029112,0,,unknown
RT-029113,0,,unknown
RT-029114,0,,unknown
RT-029115,0,,unknown
RT-029116,0,,unknown
RT-029117,0,,unknown
RT-029118,0,,unknown
RT-029119,0,,unknown
RT-029120,1,24.0,unknown
RT-029121,0,,unknown
RT-029122,0,,unknown
RT-029123,0,,unknown
RT-029124,0,,unknown
RT-029125,0,,unknown
RT-029126,0,,unknown
RT-029127,0,,unknown
RT-029128,0,,unknown
RT-029129,0,,unknown
RT-029130,0,,unknown
RT-029131,1,22.0,tech_migration
RT-029132,0,,unknown
RT-029133,0,,unknown
RT-029134,0,,unknown
RT-029135,0,,unknown
RT-029136,0,,unknown
RT-029137,0,,unknown
RT-029138,0,,unknown
RT-029139,0,,unknown
RT-029140,0,,unknown
RT-029141,0,,unknown
RT-029142,0,,unknown
RT-029143,0,,unknown
RT-029144,0,,unknown
RT-029145,0,,unknown
RT-029146,1,23.0,unknown
RT-029147,0,,unknown
RT-029148,0,,unknown
RT-029149,0,,unknown
RT-029150,0,,unknown
RT-029151,1,24.0,tech_migration
RT-029152,0,,unknown
RT-029153,0,,unknown
RT-029154,0,,unknown
RT-029155,0,,unknown
RT-029156,0,,unknown
RT-029157,0,,unknown
RT-029158,0,,unknown
RT-029159,0,,unknown
RT-029160,0,,unknown
RT-029161,0,,unknown
RT-029162,0,,unknown
RT-029163,0,,unknown
RT-029164,0,,unknown
RT-029165,0,,unknown
RT-029166,0,,unknown
RT-029167,0,,unknown
RT-029168,0,,unknown
RT-029169,0,,unknown
RT-029170,0,,unknown
RT-029171,0,,unknown
RT-029172,0,,unknown
RT-029173,0,,unknown
RT-029174,1,24.0,price
RT-029175,0,,unknown
RT-029176,0,,unknown
RT-029177,0,,unknown
RT-029178,0,,unknown
RT-029179,0,,unknown
RT-029180,0,,unknown
RT-029181,0,,unknown
RT-029182,0,,unknown
RT-029183,0,,unknown
RT-029184,0,,unknown
RT-029185,0,,unknown
RT-029186,0,,unknown
RT-029187,0,,unknown
RT-029188,0,,unknown
RT-029189,1,24.0,competitor
RT-029190,0,,unknown
RT-029191,0,,unknown
RT-029192,0,,unknown
RT-029193,0,,unknown
RT-029194,0,,unknown
RT-029195,0,,unknown
RT-029196,0,,unknown
RT-029197,0,,unknown
RT-029198,0,,unknown
RT-029199,0,,unknown
RT-029200,0,,unknown
RT-029201,0,,unknown
RT-029202,0,,unknown
RT-029203,1,23.0,tech_migration
RT-029204,0,,unknown
RT-029205,0,,unknown
RT-029206,0,,unknown
RT-029207,0,,unknown
RT-029208,0,,unknown
RT-029209,0,,unknown
RT-029210,0,,unknown
RT-029211,0,,unknown
RT-029212,1,23.0,price
RT-029213,0,,unknown
RT-029214,0,,unknown
RT-029215,0,,unknown
RT-029216,0,,unknown
RT-029217,0,,unknown
RT-029218,0,,unknown
RT-029219,0,,unknown
RT-029220,0,,unknown
RT-029221,0,,unknown
RT-029222,0,,unknown
RT-029223,0,,unknown
RT-029224,0,,unknown
RT-029225,0,,unknown
RT-029226,0,,unknown
RT-029227,0,,unknown
RT-029228,0,,unknown
RT-029229,0,,unknown
RT-029230,0,,unknown
RT-029231,0,,unknown
RT-029232,0,,unknown
RT-029233,0,,unknown
RT-029234,0,,unknown
RT-029235,0,,unknown
RT-029236,0,,unknown
RT-029237,0,,unknown
RT-029238,0,,unknown
RT-029239,0,,unknown
RT-029240,0,,unknown
RT-029241,0,,unknown
RT-029242,0,,unknown
RT-029243,0,,unknown
RT-029244,0,,unknown
RT-029245,0,,unknown
RT-029246,0,,unknown
RT-029247,0,,unknown
RT-029248,0,,unknown
RT-029249,0,,unknown
RT-029250,0,,unknown
RT-029251,0,,unknown
RT-029252,0,,unknown
RT-029253,0,,unknown
RT-029254,0,,unknown
RT-029255,0,,unknown
RT-029256,0,,unknown
RT-029257,0,,unknown
RT-029258,0,,unknown
RT-029259,0,,unknown
RT-029260,0,,unknown
RT-029261,0,,unknown
RT-029262,0,,unknown
RT-029263,0,,unknown
RT-029264,0,,unknown
RT-029265,0,,unknown
RT-029266,0,,unknown
RT-029267,0,,unknown
RT-029268,0,,unknown
RT-029269,0,,unknown
RT-029270,0,,unknown
RT-029271,0,,unknown
RT-029272,0,,unknown
RT-029273,0,,unknown
RT-029274,1,22.0,quality
RT-029275,0,,unknown
RT-029276,0,,unknown
RT-029277,0,,unknown
RT-029278,0,,unknown
RT-029279,0,,unknown
RT-029280,0,,unknown
RT-029281,0,,unknown
RT-029282,0,,unknown
RT-029283,1,21.0,quality
RT-029284,0,,unknown
RT-029285,0,,unknown
RT-029286,0,,unknown
RT-029287,0,,unknown
RT-029288,0,,unknown
RT-029289,0,,unknown
RT-029290,0,,unknown
RT-029291,0,,unknown
RT-029292,0,,unknown
RT-029293,0,,unknown
RT-029294,0,,unknown
RT-029295,0,,unknown
RT-029296,0,,unknown
RT-029297,0,,unknown
RT-029298,0,,unknown
RT-029299,0,,unknown
RT-029300,0,,unknown
RT-029301,0,,unknown
RT-029302,0,,unknown
RT-029303,0,,unknown
RT-029304,0,,unknown
RT-029305,0,,unknown
RT-029306,0,,unknown
RT-029307,1,20.0,tech_migration
RT-029308,0,,unknown
RT-029309,0,,unknown
RT-029310,0,,unknown
RT-029311,0,,unknown
RT-029312,0,,unknown
RT-029313,0,,unknown
RT-029314,0,,unknown
RT-029315,1,22.0,tech_migration
RT-029316,0,,unknown
RT-029317,0,,unknown
RT-029318,0,,unknown
RT-029319,0,,unknown
RT-029320,0,,unknown
RT-029321,0,,unknown
RT-029322,0,,unknown
RT-029323,0,,unknown
RT-029324,0,,unknown
RT-029325,1,20.0,tech_migration
RT-029326,0,,unknown
RT-029327,0,,unknown
RT-029328,0,,unknown
RT-029329,0,,unknown
RT-029330,0,,unknown
RT-029331,0,,unknown
RT-029332,0,,unknown
RT-029333,0,,unknown
RT-029334,1,24.0,price
RT-029335,0,,unknown
RT-029336,1,24.0,unknown
RT-029337,0,,unknown
RT-029338,0,,unknown
RT-029339,0,,unknown
RT-029340,0,,unknown
RT-029341,0,,unknown
RT-029342,0,,unknown
RT-029343,0,,unknown
RT-029344,0,,unknown
RT-029345,0,,unknown
RT-029346,1,19.0,unknown
RT-029347,0,,unknown
RT-029348,0,,unknown
RT-029349,0,,unknown
RT-029350,0,,unknown
RT-029351,0,,unknown
RT-029352,0,,unknown
RT-029353,0,,unknown
RT-029354,0,,unknown
RT-029355,0,,unknown
RT-029356,0,,unknown
RT-029357,0,,unknown
RT-029358,0,,unknown
RT-029359,0,,unknown
RT-029360,0,,unknown
RT-029361,0,,unknown
RT-029362,1,24.0,price
RT-029363,0,,unknown
RT-029364,0,,unknown
RT-029365,0,,unknown
RT-029366,0,,unknown
RT-029367,0,,unknown
RT-029368,0,,unknown
RT-029369,0,,unknown
RT-029370,0,,unknown
RT-029371,1,24.0,unknown
RT-029372,0,,unknown
RT-029373,0,,unknown
RT-029374,1,21.0,quality
RT-029375,0,,unknown
RT-029376,0,,unknown
RT-029377,0,,unknown
RT-029378,0,,unknown
RT-029379,0,,unknown
RT-029380,0,,unknown
RT-029381,0,,unknown
RT-029382,0,,unknown
RT-029383,0,,unknown
RT-029384,0,,unknown
RT-029385,0,,unknown
RT-029386,0,,unknown
RT-029387,0,,unknown
RT-029388,0,,unknown
RT-029389,0,,unknown
RT-029390,0,,unknown
RT-029391,0,,unknown
RT-029392,0,,unknown
RT-029393,0,,unknown
RT-029394,0,,unknown
RT-029395,0,,unknown
RT-029396,0,,unknown
RT-029397,0,,unknown
RT-029398,0,,unknown
RT-029399,0,,unknown
RT-029400,0,,unknown
RT-029401,0,,unknown
RT-029402,0,,unknown
RT-029403,0,,unknown
RT-029404,0,,unknown
RT-029405,0,,unknown
RT-029406,0,,unknown
RT-029407,0,,unknown
RT-029408,0,,unknown
RT-029409,0,,unknown
RT-029410,0,,unknown
RT-029411,0,,unknown
RT-029412,0,,unknown
RT-029413,0,,unknown
RT-029414,0,,unknown
RT-029415,0,,unknown
RT-029416,0,,unknown
RT-029417,0,,unknown
RT-029418,0,,unknown
RT-029419,0,,unknown
RT-029420,0,,unknown
RT-029421,0,,unknown
RT-029422,0,,unknown
RT-029423,0,,unknown
RT-029424,0,,unknown
RT-029425,0,,unknown
RT-029426,0,,unknown
RT-029427,0,,unknown
RT-029428,0,,unknown
RT-029429,0,,unknown
RT-029430,0,,unknown
RT-029431,0,,unknown
RT-029432,0,,unknown
RT-029433,0,,unknown
RT-029434,0,,unknown
RT-029435,0,,unknown
RT-029436,0,,unknown
RT-029437,0,,unknown
RT-029438,0,,unknown
RT-029439,0,,unknown
RT-029440,0,,unknown
RT-029441,0,,unknown
RT-029442,0,,unknown
RT-029443,0,,unknown
RT-029444,0,,unknown
RT-029445,0,,unknown
RT-029446,0,,unknown
RT-029447,0,,unknown
RT-029448,0,,unknown
RT-029449,0,,unknown
RT-029450,0,,unknown
RT-029451,0,,unknown
RT-029452,0,,unknown
RT-029453,0,,unknown
RT-029454,0,,unknown
RT-029455,0,,unknown
RT-029456,0,,unknown
RT-029457,0,,unknown
RT-029458,0,,unknown
RT-029459,0,,unknown
RT-029460,0,,unknown
RT-029461,0,,unknown
RT-029462,0,,unknown
RT-029463,0,,unknown
RT-029464,0,,unknown
RT-029465,0,,unknown
RT-029466,0,,unknown
RT-029467,0,,unknown
RT-029468,0,,unknown
RT-029469,0,,unknown
RT-029470,0,,unknown
RT-029471,0,,unknown
RT-029472,0,,unknown
RT-029473,0,,unknown
RT-029474,0,,unknown
RT-029475,0,,unknown
RT-029476,0,,unknown
RT-029477,0,,unknown
RT-029478,0,,unknown
RT-029479,0,,unknown
RT-029480,0,,unknown
RT-029481,0,,unknown
RT-029482,0,,unknown
RT-029483,0,,unknown
RT-029484,0,,unknown
RT-029485,0,,unknown
RT-029486,0,,unknown
RT-029487,0,,unknown
RT-029488,0,,unknown
RT-029489,0,,unknown
RT-029490,0,,unknown
RT-029491,0,,unknown
RT-029492,1,20.0,unknown
RT-029493,0,,unknown
RT-029494,0,,unknown
RT-029495,0,,unknown
RT-029496,0,,unknown
RT-029497,0,,unknown
RT-029498,0,,unknown
RT-029499,0,,unknown
RT-029500,0,,unknown
RT-029501,0,,unknown
RT-029502,0,,unknown
RT-029503,0,,unknown
RT-029504,0,,unknown
RT-029505,0,,unknown
RT-029506,0,,unknown
RT-029507,0,,unknown
RT-029508,0,,unknown
RT-029509,1,20.0,unknown
RT-029510,0,,unknown
RT-029511,1,23.0,price
RT-029512,0,,unknown
RT-029513,0,,unknown
RT-029514,0,,unknown
RT-029515,0,,unknown
RT-029516,0,,unknown
RT-029517,0,,unknown
RT-029518,0,,unknown
RT-029519,0,,unknown
RT-029520,0,,unknown
RT-029521,0,,unknown
RT-029522,0,,unknown
RT-029523,0,,unknown
RT-029524,0,,unknown
RT-029525,0,,unknown
RT-029526,0,,unknown
RT-029527,0,,unknown
RT-029528,0,,unknown
RT-029529,0,,unknown
RT-029530,0,,unknown
RT-029531,0,,unknown
RT-029532,0,,unknown
RT-029533,0,,unknown
RT-029534,1,24.0,price
RT-029535,1,20.0,unknown
RT-029536,0,,unknown
RT-029537,0,,unknown
RT-029538,0,,unknown
RT-029539,0,,unknown
RT-029540,0,,unknown
RT-029541,0,,unknown
RT-029542,0,,unknown
RT-029543,0,,unknown
RT-029544,0,,unknown
RT-029545,0,,unknown
RT-029546,0,,unknown
RT-029547,0,,unknown
RT-029548,0,,unknown
RT-029549,0,,unknown
RT-029550,0,,unknown
RT-029551,0,,unknown
RT-029552,0,,unknown
RT-029553,0,,unknown
RT-029554,0,,unknown
RT-029555,0,,unknown
RT-029556,0,,unknown
RT-029557,0,,unknown
RT-029558,0,,unknown
RT-029559,0,,unknown
RT-029560,1,23.0,tech_migration
RT-029561,0,,unknown
RT-029562,0,,unknown
RT-029563,1,22.0,tech_migration
RT-029564,1,23.0,competitor
RT-029565,1,20.0,quality
RT-029566,1,19.0,tech_migration
RT-029567,0,,unknown
RT-029568,0,,unknown
RT-029569,1,21.0,competitor
RT-029570,0,,unknown
RT-029571,0,,unknown
RT-029572,0,,unknown
RT-029573,0,,unknown
RT-029574,1,24.0,price
RT-029575,0,,unknown
RT-029576,0,,unknown
RT-029577,0,,unknown
RT-029578,1,24.0,tech_migration
RT-029579,0,,unknown
RT-029580,0,,unknown
RT-029581,0,,unknown
RT-029582,0,,unknown
RT-029583,0,,unknown
RT-029584,0,,unknown
RT-029585,0,,unknown
RT-029586,0,,unknown
RT-029587,0,,unknown
RT-029588,0,,unknown
RT-029589,0,,unknown
RT-029590,0,,unknown
RT-029591,0,,unknown
RT-029592,0,,unknown
RT-029593,0,,unknown
RT-029594,0,,unknown
RT-029595,0,,unknown
RT-029596,0,,unknown
RT-029597,0,,unknown
RT-029598,0,,unknown
RT-029599,0,,unknown
RT-029600,0,,unknown
RT-029601,0,,unknown
RT-029602,0,,unknown
RT-029603,0,,unknown
RT-029604,0,,unknown
RT-029605,0,,unknown
RT-029606,0,,unknown
RT-029607,0,,unknown
RT-029608,0,,unknown
RT-029609,0,,unknown
RT-029610,0,,unknown
RT-029611,1,24.0,price
RT-029612,0,,unknown
RT-029613,0,,unknown
RT-029614,0,,unknown
RT-029615,0,,unknown
RT-029616,0,,unknown
RT-029617,0,,unknown
RT-029618,0,,unknown
RT-029619,0,,unknown
RT-029620,0,,unknown
RT-029621,0,,unknown
RT-029622,0,,unknown
RT-029623,1,20.0,tech_migration
RT-029624,0,,unknown
RT-029625,1,21.0,price
RT-029626,0,,unknown
RT-029627,1,23.0,competitor
RT-029628,0,,unknown
RT-029629,0,,unknown
RT-029630,0,,unknown
RT-029631,0,,unknown
RT-029632,0,,unknown
RT-029633,0,,unknown
RT-029634,0,,unknown
RT-029635,0,,unknown
RT-029636,0,,unknown
RT-029637,0,,unknown
RT-029638,0,,unknown
RT-029639,0,,unknown
RT-029640,0,,unknown
RT-029641,1,24.0,price
RT-029642,1,24.0,quality
RT-029643,0,,unknown
RT-029644,0,,unknown
RT-029645,0,,unknown
RT-029646,1,24.0,tech_migration
RT-029647,0,,unknown
RT-029648,1,24.0,tech_migration
RT-029649,0,,unknown
RT-029650,0,,unknown
RT-029651,0,,unknown
RT-029652,0,,unknown
RT-029653,0,,unknown
RT-029654,0,,unknown
RT-029655,0,,unknown
RT-029656,0,,unknown
RT-029657,0,,unknown
RT-029658,0,,unknown
RT-029659,0,,unknown
RT-029660,0,,unknown
RT-029661,0,,unknown
RT-029662,0,,unknown
RT-029663,0,,unknown
RT-029664,0,,unknown
RT-029665,0,,unknown
RT-029666,0,,unknown
RT-029667,0,,unknown
RT-029668,0,,unknown
RT-029669,0,,unknown
RT-029670,0,,unknown
RT-029671,0,,unknown
RT-029672,0,,unknown
RT-029673,0,,unknown
RT-029674,0,,unknown
RT-029675,0,,unknown
RT-029676,0,,unknown
RT-029677,0,,unknown
RT-029678,0,,unknown
RT-029679,0,,unknown
RT-029680,0,,unknown
RT-029681,0,,unknown
RT-029682,0,,unknown
RT-029683,0,,unknown
RT-029684,0,,unknown
RT-029685,1,24.0,quality
RT-029686,0,,unknown
RT-029687,0,,unknown
RT-029688,0,,unknown
RT-029689,0,,unknown
RT-029690,0,,unknown
RT-029691,0,,unknown
RT-029692,0,,unknown
RT-029693,0,,unknown
RT-029694,0,,unknown
RT-029695,0,,unknown
RT-029696,0,,unknown
RT-029697,0,,unknown
RT-029698,0,,unknown
RT-029699,0,,unknown
RT-029700,0,,unknown
RT-029701,0,,unknown
RT-029702,0,,unknown
RT-029703,0,,unknown
RT-029704,0,,unknown
RT-029705,0,,unknown
RT-029706,0,,unknown
RT-029707,0,,unknown
RT-029708,0,,unknown
RT-029709,0,,unknown
RT-029710,0,,unknown
RT-029711,0,,unknown
RT-029712,0,,unknown
RT-029713,0,,unknown
RT-029714,0,,unknown
RT-029715,0,,unknown
RT-029716,0,,unknown
RT-029717,0,,unknown
RT-029718,0,,unknown
RT-029719,0,,unknown
RT-029720,0,,unknown
RT-029721,0,,unknown
RT-029722,0,,unknown
RT-029723,0,,unknown
RT-029724,0,,unknown
RT-029725,0,,unknown
RT-029726,0,,unknown
RT-029727,0,,unknown
RT-029728,0,,unknown
RT-029729,0,,unknown
RT-029730,0,,unknown
RT-029731,0,,unknown
RT-029732,0,,unknown
RT-029733,0,,unknown
RT-029734,0,,unknown
RT-029735,0,,unknown
RT-029736,0,,unknown
RT-029737,0,,unknown
RT-029738,0,,unknown
RT-029739,0,,unknown
RT-029740,0,,unknown
RT-029741,0,,unknown
RT-029742,0,,unknown
RT-029743,0,,unknown
RT-029744,0,,unknown
RT-029745,0,,unknown
RT-029746,0,,unknown
RT-029747,0,,unknown
RT-029748,0,,unknown
RT-029749,0,,unknown
RT-029750,0,,unknown
RT-029751,0,,unknown
RT-029752,0,,unknown
RT-029753,0,,unknown
RT-029754,0,,unknown
RT-029755,0,,unknown
RT-029756,0,,unknown
RT-029757,0,,unknown
RT-029758,0,,unknown
RT-029759,0,,unknown
RT-029760,0,,unknown
RT-029761,0,,unknown
RT-029762,0,,unknown
RT-029763,1,22.0,competitor
RT-029764,1,21.0,price
RT-029765,0,,unknown
RT-029766,0,,unknown
RT-029767,0,,unknown
RT-029768,1,22.0,unknown
RT-029769,0,,unknown
RT-029770,0,,unknown
RT-029771,1,24.0,unknown
RT-029772,0,,unknown
RT-029773,0,,unknown
RT-029774,0,,unknown
RT-029775,0,,unknown
RT-029776,0,,unknown
RT-029777,0,,unknown
RT-029778,1,23.0,price
RT-029779,0,,unknown
RT-029780,0,,unknown
RT-029781,1,23.0,tech_migration
RT-029782,0,,unknown
RT-029783,0,,unknown
RT-029784,0,,unknown
RT-029785,0,,unknown
RT-029786,0,,unknown
RT-029787,0,,unknown
RT-029788,0,,unknown
RT-029789,0,,unknown
RT-029790,0,,unknown
RT-029791,0,,unknown
RT-029792,0,,unknown
RT-029793,0,,unknown
RT-029794,0,,unknown
RT-029795,0,,unknown
RT-029796,0,,unknown
RT-029797,0,,unknown
RT-029798,0,,unknown
RT-029799,0,,unknown
RT-029800,0,,unknown
RT-029801,0,,unknown
RT-029802,0,,unknown
RT-029803,0,,unknown
RT-029804,0,,unknown
RT-029805,0,,unknown
RT-029806,0,,unknown
RT-029807,0,,unknown
RT-029808,0,,unknown
RT-029809,0,,unknown
RT-029810,0,,unknown
RT-029811,0,,unknown
RT-029812,0,,unknown
RT-029813,0,,unknown
RT-029814,0,,unknown
RT-029815,0,,unknown
RT-029816,0,,unknown
RT-029817,0,,unknown
RT-029818,0,,unknown
RT-029819,0,,unknown
RT-029820,0,,unknown
RT-029821,0,,unknown
RT-029822,0,,unknown
RT-029823,0,,unknown
RT-029824,0,,unknown
RT-029825,0,,unknown
RT-029826,0,,unknown
RT-029827,0,,unknown
RT-029828,0,,unknown
RT-029829,0,,unknown
RT-029830,0,,unknown
RT-029831,0,,unknown
RT-029832,0,,unknown
RT-029833,1,24.0,unknown
RT-029834,0,,unknown
RT-029835,0,,unknown
RT-029836,0,,unknown
RT-029837,0,,unknown
RT-029838,0,,unknown
RT-029839,0,,unknown
RT-029840,0,,unknown
RT-029841,0,,unknown
RT-029842,0,,unknown
RT-029843,0,,unknown
RT-029844,0,,unknown
RT-029845,0,,unknown
RT-029846,0,,unknown
RT-029847,0,,unknown
RT-029848,0,,unknown
RT-029849,0,,unknown
RT-029850,0,,unknown
RT-029851,0,,unknown
RT-029852,0,,unknown
RT-029853,0,,unknown
RT-029854,0,,unknown
RT-029855,0,,unknown
RT-029856,0,,unknown
RT-029857,1,23.0,unknown
RT-029858,0,,unknown
RT-029859,0,,unknown
RT-029860,0,,unknown
RT-029861,0,,unknown
RT-029862,0,,unknown
RT-029863,0,,unknown
RT-029864,0,,unknown
RT-029865,0,,unknown
RT-029866,0,,unknown
RT-029867,0,,unknown
RT-029868,0,,unknown
RT-029869,0,,unknown
RT-029870,0,,unknown
RT-029871,0,,unknown
RT-029872,0,,unknown
RT-029873,0,,unknown
RT-029874,0,,unknown
RT-029875,0,,unknown
RT-029876,0,,unknown
RT-029877,0,,unknown
RT-029878,0,,unknown
RT-029879,0,,unknown
RT-029880,0,,unknown
RT-029881,0,,unknown
RT-029882,0,,unknown
RT-029883,0,,unknown
RT-029884,0,,unknown
RT-029885,0,,unknown
RT-029886,0,,unknown
RT-029887,0,,unknown
RT-029888,0,,unknown
RT-029889,0,,unknown
RT-029890,0,,unknown
RT-029891,0,,unknown
RT-029892,0,,unknown
RT-029893,0,,unknown
RT-029894,0,,unknown
RT-029895,0,,unknown
RT-029896,1,22.0,quality
RT-029897,1,22.0,unknown
RT-029898,0,,unknown
RT-029899,0,,unknown
RT-029900,0,,unknown
RT-029901,0,,unknown
RT-029902,0,,unknown
RT-029903,1,24.0,price
RT-029904,0,,unknown
RT-029905,0,,unknown
RT-029906,0,,unknown
RT-029907,1,24.0,quality
RT-029908,0,,unknown
RT-029909,0,,unknown
RT-029910,0,,unknown
RT-029911,1,21.0,unknown
RT-029912,0,,unknown
RT-029913,0,,unknown
RT-029914,0,,unknown
RT-029915,0,,unknown
RT-029916,0,,unknown
RT-029917,0,,unknown
RT-029918,1,24.0,competitor
RT-029919,0,,unknown
RT-029920,0,,unknown
RT-029921,0,,unknown
RT-029922,0,,unknown
RT-029923,0,,unknown
RT-029924,1,20.0,tech_migration
RT-029925,0,,unknown
RT-029926,0,,unknown
RT-029927,0,,unknown
RT-029928,0,,unknown
RT-029929,0,,unknown
RT-029930,0,,unknown
RT-029931,0,,unknown
RT-029932,0,,unknown
RT-029933,1,23.0,unknown
RT-029934,0,,unknown
RT-029935,0,,unknown
RT-029936,0,,unknown
RT-029937,0,,unknown
RT-029938,0,,unknown
RT-029939,0,,unknown
RT-029940,0,,unknown
RT-029941,0,,unknown
RT-029942,0,,unknown
RT-029943,1,20.0,quality
RT-029944,0,,unknown
RT-029945,0,,unknown
RT-029946,0,,unknown
RT-029947,0,,unknown
RT-029948,0,,unknown
RT-029949,0,,unknown
RT-029950,0,,unknown
RT-029951,0,,unknown
RT-029952,0,,unknown
RT-029953,0,,unknown
RT-029954,0,,unknown
RT-029955,0,,unknown
RT-029956,0,,unknown
RT-029957,0,,unknown
RT-029958,0,,unknown
RT-029959,0,,unknown
RT-029960,0,,unknown
RT-029961,0,,unknown
RT-029962,0,,unknown
RT-029963,0,,unknown
RT-029964,0,,unknown
RT-029965,1,24.0,price
RT-029966,0,,unknown
RT-029967,0,,unknown
RT-029968,0,,unknown
RT-029969,0,,unknown
RT-029970,0,,unknown
RT-029971,0,,unknown
RT-029972,0,,unknown
RT-029973,0,,unknown
RT-029974,0,,unknown
RT-029975,0,,unknown
RT-029976,0,,unknown
RT-029977,0,,unknown
RT-029978,0,,unknown
RT-029979,0,,unknown
RT-029980,0,,unknown
RT-029981,0,,unknown
RT-029982,1,23.0,competitor
RT-029983,0,,unknown
RT-029984,0,,unknown
RT-029985,0,,unknown
RT-029986,0,,unknown
RT-029987,0,,unknown
RT-029988,0,,unknown
RT-029989,0,,unknown
RT-029990,0,,unknown
RT-029991,0,,unknown
RT-029992,0,,unknown
RT-029993,0,,unknown
RT-029994,0,,unknown
RT-029995,0,,unknown
RT-029996,0,,unknown
RT-029997,0,,unknown
RT-029998,0,,unknown
RT-029999,0,,unknown
RT-030000,0,,unknown
