customer_id,treated,churned
RT-000001,1,0
RT-000002,0,0
RT-000003,1,1
RT-000004,0,0
RT-000005,0,0
RT-000006,0,0
RT-000007,0,0
RT-000008,1,0
RT-000009,0,1
RT-000010,0,0
RT-000011,0,0
RT-000012,0,0
RT-000013,1,0
RT-000014,0,0
RT-000015,0,0
RT-000016,0,0
RT-000017,1,0
RT-000018,0,0
RT-000019,0,0
RT-000020,0,0
RT-000021,0,0
RT-000022,0,0
RT-000023,0,0
RT-000024,0,0
RT-000025,1,0
RT-000026,1,0
RT-000027,1,0
RT-000028,1,0
RT-000029,1,0
RT-000030,1,0
RT-000031,0,0
RT-000032,1,0
RT-000033,0,0
RT-000034,0,0
RT-000035,0,0
RT-000036,0,0
RT-000037,0,1
RT-000038,1,0
RT-000039,0,0
RT-000040,1,0
RT-000041,0,1
RT-000042,0,0
RT-000043,0,0
RT-000044,0,0
RT-000045,0,0
RT-000046,0,0
RT-000047,0,0
RT-000048,0,0
RT-000049,0,0
RT-000050,0,0
RT-000051,0,0
RT-000052,1,0
RT-000053,0,0
RT-000054,0,0
RT-000055,0,0
RT-000056,0,0
RT-000057,0,0
RT-000058,1,0
RT-000059,0,0
RT-000060,0,1
RT-000061,0,0
RT-000062,0,0
RT-000063,0,0
RT-000064,0,0
RT-000065,0,0
RT-000066,1,0
RT-000067,0,1
RT-000068,0,0
RT-000069,0,0
RT-000070,0,0
RT-000071,0,0
RT-000072,1,0
RT-000073,1,0
RT-000074,0,0
RT-000075,0,0
RT-000076,0,0
RT-000077,1,0
RT-000078,0,0
RT-000079,1,0
RT-000080,0,0
RT-000081,0,0
RT-000082,0,0
RT-000083,1,0
RT-000084,0,0
RT-000085,0,0
RT-000086,0,0
RT-000087,1,0
RT-000088,0,0
RT-000089,0,0
RT-000090,1,0
RT-000091,0,0
RT-000092,0,0
RT-000093,0,0
RT-000094,0,0
RT-000095,0,0
RT-000096,0,0
RT-000097,0,0
RT-000098,1,0
RT-000099,0,0
RT-000100,0,0
RT-000101,0,0
RT-000102,1,0
RT-000103,1,0
RT-000104,0,1
RT-000105,1,0
RT-000106,0,0
RT-000107,0,0
RT-000108,0,0
RT-000109,0,0
RT-000110,0,0
RT-000111,0,0
RT-000112,1,0
RT-000113,0,0
RT-000114,0,0
RT-000115,0,0
RT-000116,0,0
RT-000117,0,0
RT-000118,1,0
RT-000119,1,0
RT-000120,0,0
RT-000121,0,0
RT-000122,0,0
RT-000123,0,0
RT-000124,0,1
RT-000125,0,0
RT-000126,1,0
RT-000127,0,0
RT-000128,0,0
RT-000129,0,0
RT-000130,1,0
RT-000131,0,0
RT-000132,1,0
RT-000133,0,0
RT-000134,0,0
RT-000135,1,0
RT-000136,0,0
RT-000137,0,0
RT-000138,0,0
RT-000139,0,0
RT-000140,0,0
RT-000141,0,0
RT-000142,0,0
RT-000143,0,0
RT-000144,1,0
RT-000145,0,0
RT-000146,0,0
RT-000147,0,0
RT-000148,1,0
RT-000149,1,0
RT-000150,1,0
RT-000151,0,0
RT-000152,1,0
RT-000153,0,0
RT-000154,0,0
RT-000155,0,0
RT-000156,0,0
RT-000157,0,0
RT-000158,0,0
RT-000159,0,0
RT-000160,1,0
RT-000161,0,1
RT-000162,0,0
RT-000163,0,0
RT-000164,0,0
RT-000165,0,0
RT-000166,1,0
RT-000167,1,0
RT-000168,0,0
RT-000169,1,0
RT-000170,0,0
RT-000171,1,0
RT-000172,1,0
RT-000173,0,0
RT-000174,0,1
RT-000175,1,0
RT-000176,0,0
RT-000177,0,0
RT-000178,1,0
RT-000179,0,0
RT-000180,0,0
RT-000181,0,0
RT-000182,1,0
RT-000183,0,0
RT-000184,1,0
RT-000185,1,0
RT-000186,1,0
RT-000187,0,0
RT-000188,0,0
RT-000189,0,0
RT-000190,1,0
RT-000191,1,0
RT-000192,0,0
RT-000193,1,0
RT-000194,0,0
RT-000195,0,1
RT-000196,0,0
RT-000197,0,0
RT-000198,1,0
RT-000199,1,0
RT-000200,0,0
RT-000201,0,0
RT-000202,1,0
RT-000203,0,0
RT-000204,0,0
RT-000205,0,0
RT-000206,0,0
RT-000207,0,0
RT-000208,0,0
RT-000209,0,0
RT-000210,1,0
RT-000211,0,0
RT-000212,1,0
RT-000213,1,0
RT-000214,0,0
RT-000215,1,0
RT-000216,0,0
RT-000217,0,1
RT-000218,0,0
RT-000219,0,0
RT-000220,1,0
RT-000221,0,0
RT-000222,0,0
RT-000223,1,0
RT-000224,1,0
RT-000225,1,0
RT-000226,0,1
RT-000227,0,0
RT-000228,1,0
RT-000229,1,0
RT-000230,0,0
RT-000231,1,0
RT-000232,1,0
RT-000233,0,0
RT-000234,0,0
RT-000235,0,0
RT-000236,0,0
RT-000237,0,0
RT-000238,0,0
RT-000239,0,0
RT-000240,0,0
RT-000241,0,0
RT-000242,1,0
RT-000243,0,0
RT-000244,0,0
RT-000245,0,0
RT-000246,0,0
RT-000247,0,0
RT-000248,0,0
RT-000249,1,0
RT-000250,1,1
RT-000251,0,1
RT-000252,0,0
RT-000253,0,0
RT-000254,0,0
RT-000255,0,0
RT-000256,0,1
RT-000257,0,0
RT-000258,1,0
RT-000259,0,0
RT-000260,0,0
RT-000261,1,0
RT-000262,0,0
RT-000263,0,0
RT-000264,0,0
RT-000265,0,0
RT-000266,0,1
RT-000267,1,0
RT-000268,0,1
RT-000269,0,0
RT-000270,0,0
RT-000271,0,0
RT-000272,1,0
RT-000273,0,0
RT-000274,0,0
RT-000275,0,0
RT-000276,1,0
RT-000277,0,0
RT-000278,0,0
RT-000279,0,0
RT-000280,0,0
RT-000281,1,0
RT-000282,0,0
RT-000283,0,0
RT-000284,1,0
RT-000285,1,0
RT-000286,1,0
RT-000287,1,0
RT-000288,1,0
RT-000289,0,0
RT-000290,0,0
RT-000291,0,0
RT-000292,1,0
RT-000293,0,0
RT-000294,0,0
RT-000295,1,0
RT-000296,0,0
RT-000297,1,0
RT-000298,1,0
RT-000299,1,0
RT-000300,1,0
RT-000301,0,0
RT-000302,0,0
RT-000303,0,0
RT-000304,0,0
RT-000305,0,0
RT-000306,1,0
RT-000307,0,0
RT-000308,1,0
RT-000309,0,0
RT-000310,1,0
RT-000311,1,0
RT-000312,0,0
RT-000313,1,0
RT-000314,1,0
RT-000315,0,0
RT-000316,0,1
RT-000317,0,0
RT-000318,0,0
RT-000319,0,0
RT-000320,0,0
RT-000321,1,0
RT-000322,0,0
RT-000323,0,0
RT-000324,1,0
RT-000325,0,0
RT-000326,0,0
RT-000327,0,0
RT-000328,0,0
RT-000329,1,0
RT-000330,1,0
RT-000331,0,0
RT-000332,0,0
RT-000333,0,0
RT-000334,0,0
RT-000335,0,0
RT-000336,0,0
RT-000337,0,0
RT-000338,0,0
RT-000339,0,0
RT-000340,0,1
RT-000341,1,0
RT-000342,1,0
RT-000343,1,0
RT-000344,0,0
RT-000345,0,0
RT-000346,1,0
RT-000347,0,1
RT-000348,0,0
RT-000349,0,0
RT-000350,1,0
RT-000351,0,1
RT-000352,0,0
RT-000353,1,0
RT-000354,0,0
RT-000355,1,0
RT-000356,0,0
RT-000357,0,0
RT-000358,0,0
RT-000359,0,0
RT-000360,0,0
RT-000361,0,0
RT-000362,0,0
RT-000363,0,0
RT-000364,0,0
RT-000365,1,0
RT-000366,1,0
RT-000367,0,0
RT-000368,0,0
RT-000369,0,0
RT-000370,1,0
RT-000371,1,0
RT-000372,1,0
RT-000373,0,0
RT-000374,0,0
RT-000375,0,0
RT-000376,1,0
RT-000377,0,0
RT-000378,0,0
RT-000379,1,0
RT-000380,1,0
RT-000381,0,0
RT-000382,0,0
RT-000383,1,0
RT-000384,0,0
RT-000385,1,0
RT-000386,1,0
RT-000387,1,0
RT-000388,0,0
RT-000389,0,0
RT-000390,1,0
RT-000391,1,0
RT-000392,0,0
RT-000393,0,0
RT-000394,0,0
RT-000395,0,0
RT-000396,0,0
RT-000397,1,0
RT-000398,0,0
RT-000399,0,0
RT-000400,0,0
RT-000401,0,0
RT-000402,1,0
RT-000403,1,1
RT-000404,0,0
RT-000405,0,0
RT-000406,0,0
RT-000407,0,0
RT-000408,0,0
RT-000409,0,0
RT-000410,0,0
RT-000411,0,0
RT-000412,0,0
RT-000413,0,0
RT-000414,0,0
RT-000415,0,0
RT-000416,1,0
RT-000417,1,0
RT-000418,0,0
RT-000419,1,0
RT-000420,1,0
RT-000421,0,0
RT-000422,1,0
RT-000423,0,0
RT-000424,0,0
RT-000425,1,0
RT-000426,0,0
RT-000427,0,0
RT-000428,0,0
RT-000429,0,0
RT-000430,0,0
RT-000431,0,0
RT-000432,0,0
RT-000433,0,0
RT-000434,1,1
RT-000435,1,0
RT-000436,0,0
RT-000437,1,0
RT-000438,0,0
RT-000439,1,0
RT-000440,1,0
RT-000441,0,0
RT-000442,0,1
RT-000443,0,0
RT-000444,1,0
RT-000445,0,0
RT-000446,0,0
RT-000447,0,0
RT-000448,1,0
RT-000449,0,0
RT-000450,1,0
RT-000451,0,0
RT-000452,1,0
RT-000453,0,0
RT-000454,0,0
RT-000455,0,1
RT-000456,0,0
RT-000457,1,0
RT-000458,0,0
RT-000459,0,0
RT-000460,0,0
RT-000461,0,0
RT-000462,0,0
RT-000463,0,0
RT-000464,0,0
RT-000465,0,0
RT-000466,1,0
RT-000467,0,0
RT-000468,0,0
RT-000469,1,0
RT-000470,0,0
RT-000471,1,0
RT-000472,0,1
RT-000473,0,0
RT-000474,0,0
RT-000475,0,0
RT-000476,0,0
RT-000477,0,0
RT-000478,0,0
RT-000479,1,0
RT-000480,0,0
RT-000481,0,0
RT-000482,0,0
RT-000483,0,0
RT-000484,0,0
RT-000485,1,0
RT-000486,0,0
RT-000487,0,0
RT-000488,0,0
RT-000489,0,0
RT-000490,0,0
RT-000491,0,0
RT-000492,0,0
RT-000493,0,0
RT-000494,1,0
RT-000495,0,0
RT-000496,0,0
RT-000497,0,0
RT-000498,0,0
RT-000499,0,0
RT-000500,0,0
RT-000501,1,0
RT-000502,0,0
RT-000503,1,0
RT-000504,0,0
RT-000505,0,0
RT-000506,0,0
RT-000507,0,0
RT-000508,0,0
RT-000509,0,0
RT-000510,0,0
RT-000511,1,0
RT-000512,0,0
RT-000513,0,1
RT-000514,1,0
RT-000515,0,0
RT-000516,0,0
RT-000517,0,0
RT-000518,1,0
RT-000519,1,0
RT-000520,0,0
RT-000521,0,0
RT-000522,0,0
RT-000523,0,0
RT-000524,0,0
RT-000525,0,0
RT-000526,0,0
RT-000527,0,1
RT-000528,1,0
RT-000529,1,1
RT-000530,0,0
RT-000531,0,0
RT-000532,0,0
RT-000533,0,0
RT-000534,1,0
RT-000535,0,0
RT-000536,0,0
RT-000537,0,0
RT-000538,0,0
RT-000539,0,0
RT-000540,0,0
RT-000541,0,0
RT-000542,0,0
RT-000543,0,0
RT-000544,0,0
RT-000545,0,0
RT-000546,1,0
RT-000547,0,1
RT-000548,0,0
RT-000549,0,0
RT-000550,1,0
RT-000551,1,0
RT-000552,0,0
RT-000553,0,0
RT-000554,1,0
RT-000555,1,0
RT-000556,1,0
RT-000557,0,0
RT-000558,0,0
RT-000559,1,0
RT-000560,0,0
RT-000561,1,0
RT-000562,0,0
RT-000563,0,0
RT-000564,0,0
RT-000565,0,0
RT-000566,0,0
RT-000567,0,0
RT-000568,0,0
RT-000569,0,0
RT-000570,1,0
RT-000571,0,1
RT-000572,0,0
RT-000573,0,0
RT-000574,0,0
RT-000575,1,0
RT-000576,0,0
RT-000577,1,0
RT-000578,0,0
RT-000579,0,0
RT-000580,0,0
RT-000581,1,0
RT-000582,0,0
RT-000583,0,0
RT-000584,1,0
RT-000585,0,0
RT-000586,0,0
RT-000587,0,0
RT-000588,0,0
RT-000589,0,0
RT-000590,0,0
RT-000591,0,1
RT-000592,1,0
RT-000593,1,0
RT-000594,0,0
RT-000595,0,0
RT-000596,0,0
RT-000597,1,0
RT-000598,1,0
RT-000599,1,0
RT-000600,0,1
RT-000601,1,0
RT-000602,0,0
RT-000603,0,0
RT-000604,0,0
RT-000605,0,0
RT-000606,1,0
RT-000607,0,0
RT-000608,0,0
RT-000609,0,0
RT-000610,0,0
RT-000611,1,0
RT-000612,0,0
RT-000613,1,0
RT-000614,0,0
RT-000615,1,0
RT-000616,0,0
RT-000617,0,0
RT-000618,0,0
RT-000619,0,0
RT-000620,0,0
RT-000621,0,0
RT-000622,0,0
RT-000623,0,1
RT-000624,0,0
RT-000625,0,1
RT-000626,0,0
RT-000627,0,0
RT-000628,0,0
RT-000629,0,0
RT-000630,0,1
RT-000631,0,0
RT-000632,0,0
RT-000633,1,0
RT-000634,1,0
RT-000635,1,0
RT-000636,1,0
RT-000637,0,0
RT-000638,1,0
RT-000639,1,0
RT-000640,0,0
RT-000641,0,0
RT-000642,0,0
RT-000643,0,0
RT-000644,0,0
RT-000645,0,0
RT-000646,0,0
RT-000647,0,0
RT-000648,0,1
RT-000649,0,0
RT-000650,0,0
RT-000651,1,0
RT-000652,0,0
RT-000653,0,0
RT-000654,1,0
RT-000655,1,0
RT-000656,0,0
RT-000657,0,0
RT-000658,0,0
RT-000659,0,0
RT-000660,0,0
RT-000661,0,0
RT-000662,0,1
RT-000663,0,0
RT-000664,1,0
RT-000665,1,0
RT-000666,0,0
RT-000667,0,0
RT-000668,0,0
RT-000669,0,0
RT-000670,1,0
RT-000671,0,0
RT-000672,0,0
RT-000673,0,0
RT-000674,1,0
RT-000675,1,0
RT-000676,0,0
RT-000677,0,0
RT-000678,1,1
RT-000679,0,0
RT-000680,0,0
RT-000681,0,0
RT-000682,0,0
RT-000683,0,0
RT-000684,0,0
RT-000685,1,0
RT-000686,1,0
RT-000687,1,0
RT-000688,0,0
RT-000689,0,0
RT-000690,1,1
RT-000691,0,0
RT-000692,0,0
RT-000693,1,0
RT-000694,0,0
RT-000695,0,0
RT-000696,1,0
RT-000697,0,0
RT-000698,0,1
RT-000699,0,0
RT-000700,0,0
RT-000701,1,0
RT-000702,0,0
RT-000703,0,0
RT-000704,1,0
RT-000705,1,0
RT-000706,1,0
RT-000707,0,0
RT-000708,0,0
RT-000709,0,0
RT-000710,0,0
RT-000711,0,0
RT-000712,0,0
RT-000713,0,0
RT-000714,0,0
RT-000715,0,0
RT-000716,0,0
RT-000717,0,0
RT-000718,0,0
RT-000719,1,0
RT-000720,0,0
RT-000721,0,0
RT-000722,1,0
RT-000723,0,0
RT-000724,0,0
RT-000725,0,0
RT-000726,1,0
RT-000727,1,0
RT-000728,0,0
RT-000729,0,0
RT-000730,0,0
RT-000731,0,0
RT-000732,1,0
RT-000733,1,0
RT-000734,0,0
RT-000735,0,0
RT-000736,0,0
RT-000737,1,1
RT-000738,0,0
RT-000739,0,0
RT-000740,0,0
RT-000741,0,0
RT-000742,0,0
RT-000743,1,0
RT-000744,0,0
RT-000745,0,0
RT-000746,1,0
RT-000747,0,0
RT-000748,1,0
RT-000749,1,0
RT-000750,1,0
RT-000751,0,1
RT-000752,0,0
RT-000753,1,0
RT-000754,0,0
RT-000755,0,0
RT-000756,0,0
RT-000757,0,0
RT-000758,0,0
RT-000759,0,0
RT-000760,0,0
RT-000761,0,0
RT-000762,1,0
RT-000763,1,0
RT-000764,1,0
RT-000765,0,0
RT-000766,1,0
RT-000767,1,0
RT-000768,0,0
RT-000769,0,0
RT-000770,1,0
RT-000771,1,0
RT-000772,0,0
RT-000773,1,0
RT-000774,0,0
RT-000775,0,0
RT-000776,0,0
RT-000777,1,0
RT-000778,0,0
RT-000779,1,0
RT-000780,0,0
RT-000781,0,0
RT-000782,0,0
RT-000783,1,0
RT-000784,1,0
RT-000785,0,0
RT-000786,0,0
RT-000787,1,0
RT-000788,0,0
RT-000789,0,1
RT-000790,1,0
RT-000791,0,0
RT-000792,0,1
RT-000793,0,0
RT-000794,0,0
RT-000795,1,1
RT-000796,1,0
RT-000797,0,0
RT-000798,1,0
RT-000799,0,0
RT-000800,0,0
RT-000801,0,0
RT-000802,0,0
RT-000803,0,0
RT-000804,0,1
RT-000805,0,0
RT-000806,0,0
RT-000807,0,0
RT-000808,0,0
RT-000809,0,1
RT-000810,0,0
RT-000811,1,0
RT-000812,0,0
RT-000813,0,0
RT-000814,0,1
RT-000815,0,0
RT-000816,0,0
RT-000817,0,0
RT-000818,0,0
RT-000819,0,0
RT-000820,0,0
RT-000821,1,0
RT-000822,0,0
RT-000823,1,0
RT-000824,1,0
RT-000825,0,0
RT-000826,0,0
RT-000827,0,0
RT-000828,1,0
RT-000829,0,0
RT-000830,0,0
RT-000831,0,1
RT-000832,0,0
RT-000833,0,0
RT-000834,0,0
RT-000835,0,0
RT-000836,0,0
RT-000837,0,0
RT-000838,0,0
RT-000839,1,0
RT-000840,1,0
RT-000841,0,0
RT-000842,0,0
RT-000843,0,0
RT-000844,1,0
RT-000845,0,0
RT-000846,0,0
RT-000847,0,0
RT-000848,1,0
RT-000849,1,0
RT-000850,1,0
RT-000851,1,0
RT-000852,0,0
RT-000853,1,1
RT-000854,0,0
RT-000855,1,0
RT-000856,0,1
RT-000857,1,0
RT-000858,0,0
RT-000859,0,0
RT-000860,0,0
RT-000861,1,0
RT-000862,0,0
RT-000863,0,0
RT-000864,0,0
RT-000865,0,0
RT-000866,1,0
RT-000867,1,0
RT-000868,0,1
RT-000869,0,0
RT-000870,0,0
RT-000871,0,1
RT-000872,0,0
RT-000873,0,0
RT-000874,1,0
RT-000875,0,1
RT-000876,0,0
RT-000877,0,0
RT-000878,0,0
RT-000879,0,0
RT-000880,0,0
RT-000881,1,0
RT-000882,1,0
RT-000883,0,0
RT-000884,0,1
RT-000885,1,0
RT-000886,1,0
RT-000887,0,0
RT-000888,0,0
RT-000889,0,0
RT-000890,0,0
RT-000891,1,0
RT-000892,0,0
RT-000893,1,0
RT-000894,0,0
RT-000895,0,0
RT-000896,0,0
RT-000897,0,0
RT-000898,0,0
RT-000899,1,0
RT-000900,0,0
RT-000901,0,0
RT-000902,0,0
RT-000903,1,0
RT-000904,0,0
RT-000905,0,0
RT-000906,0,0
RT-000907,0,0
RT-000908,0,0
RT-000909,0,0
RT-000910,0,0
RT-000911,0,0
RT-000912,0,0
RT-000913,0,0
RT-000914,0,1
RT-000915,1,0
RT-000916,0,0
RT-000917,0,0
RT-000918,0,0
RT-000919,1,0
RT-000920,1,0
RT-000921,0,0
RT-000922,0,0
RT-000923,0,0
RT-000924,1,0
RT-000925,0,0
RT-000926,0,0
RT-000927,1,0
RT-000928,0,0
RT-000929,0,0
RT-000930,1,0
RT-000931,0,0
RT-000932,0,0
RT-000933,0,0
RT-000934,0,1
RT-000935,0,0
RT-000936,0,0
RT-000937,1,0
RT-000938,0,0
RT-000939,0,0
RT-000940,0,0
RT-000941,0,0
RT-000942,0,1
RT-000943,1,0
RT-000944,0,0
RT-000945,1,0
RT-000946,1,0
RT-000947,0,0
RT-000948,0,0
RT-000949,1,0
RT-000950,0,0
RT-000951,1,0
RT-000952,0,0
RT-000953,1,0
RT-000954,0,0
RT-000955,0,0
RT-000956,0,0
RT-000957,0,0
RT-000958,0,0
RT-000959,0,0
RT-000960,1,0
RT-000961,1,0
RT-000962,0,0
RT-000963,0,0
RT-000964,0,0
RT-000965,0,0
RT-000966,0,0
RT-000967,1,0
RT-000968,0,0
RT-000969,0,1
RT-000970,0,1
RT-000971,0,0
RT-000972,0,1
RT-000973,0,0
RT-000974,1,0
RT-000975,0,0
RT-000976,0,0
RT-000977,0,0
RT-000978,1,0
RT-000979,0,0
RT-000980,1,0
RT-000981,0,0
RT-000982,1,0
RT-000983,1,0
RT-000984,0,0
RT-000985,1,0
RT-000986,0,0
RT-000987,0,1
RT-000988,0,0
RT-000989,0,0
RT-000990,1,0
RT-000991,0,0
RT-000992,0,0
RT-000993,0,0
RT-000994,0,1
RT-000995,0,0
RT-000996,1,0
RT-000997,0,0
RT-000998,1,0
RT-000999,0,0
RT-001000,0,0
RT-001001,0,0
RT-001002,0,0
RT-001003,1,0
RT-001004,1,0
RT-001005,0,0
RT-001006,1,0
RT-001007,0,1
RT-001008,1,0
RT-001009,0,0
RT-001010,0,0
RT-001011,0,0
RT-001012,0,0
RT-001013,0,0
RT-001014,0,0
RT-001015,1,0
RT-001016,1,0
RT-001017,0,0
RT-001018,0,1
RT-001019,1,0
RT-001020,0,0
RT-001021,0,1
RT-001022,0,0
RT-001023,0,0
RT-001024,0,0
RT-001025,0,0
RT-001026,1,0
RT-001027,0,1
RT-001028,1,0
RT-001029,0,0
RT-001030,1,0
RT-001031,1,0
RT-001032,0,0
RT-001033,0,0
RT-001034,1,0
RT-001035,0,0
RT-001036,0,0
RT-001037,0,0
RT-001038,1,0
RT-001039,0,0
RT-001040,1,0
RT-001041,1,0
RT-001042,0,0
RT-001043,1,0
RT-001044,0,0
RT-001045,0,0
RT-001046,1,0
RT-001047,0,0
RT-001048,0,0
RT-001049,1,0
RT-001050,1,1
RT-001051,1,0
RT-001052,1,0
RT-001053,1,0
RT-001054,0,0
RT-001055,1,0
RT-001056,1,0
RT-001057,0,0
RT-001058,0,0
RT-001059,0,0
RT-001060,1,0
RT-001061,1,0
RT-001062,1,0
RT-001063,0,0
RT-001064,0,0
RT-001065,0,0
RT-001066,0,0
RT-001067,0,0
RT-001068,0,0
RT-001069,0,0
RT-001070,0,0
RT-001071,0,0
RT-001072,0,0
RT-001073,0,0
RT-001074,0,0
RT-001075,0,0
RT-001076,0,1
RT-001077,0,0
RT-001078,0,0
RT-001079,1,0
RT-001080,1,0
RT-001081,1,0
RT-001082,0,0
RT-001083,1,0
RT-001084,0,0
RT-001085,0,1
RT-001086,0,0
RT-001087,1,0
RT-001088,0,0
RT-001089,0,0
RT-001090,1,0
RT-001091,1,0
RT-001092,1,0
RT-001093,1,0
RT-001094,0,0
RT-001095,0,0
RT-001096,1,0
RT-001097,0,0
RT-001098,0,0
RT-001099,1,0
RT-001100,0,0
RT-001101,0,0
RT-001102,0,0
RT-001103,1,0
RT-001104,1,0
RT-001105,0,0
RT-001106,1,0
RT-001107,0,0
RT-001108,1,0
RT-001109,0,0
RT-001110,0,0
RT-001111,0,0
RT-001112,0,0
RT-001113,0,0
RT-001114,1,1
RT-001115,1,0
RT-001116,0,0
RT-001117,0,0
RT-001118,0,0
RT-001119,1,0
RT-001120,0,0
RT-001121,0,0
RT-001122,0,0
RT-001123,0,0
RT-001124,1,0
RT-001125,1,0
RT-001126,0,0
RT-001127,0,0
RT-001128,1,0
RT-001129,0,1
RT-001130,0,0
RT-001131,0,1
RT-001132,1,0
RT-001133,0,0
RT-001134,0,0
RT-001135,0,0
RT-001136,0,0
RT-001137,0,1
RT-001138,1,0
RT-001139,1,0
RT-001140,0,0
RT-001141,0,0
RT-001142,0,0
RT-001143,0,0
RT-001144,1,0
RT-001145,0,0
RT-001146,0,0
RT-001147,1,0
RT-001148,1,0
RT-001149,0,0
RT-001150,0,0
RT-001151,0,0
RT-001152,0,0
RT-001153,0,0
RT-001154,0,0
RT-001155,0,0
RT-001156,0,0
RT-001157,1,0
RT-001158,0,0
RT-001159,1,0
RT-001160,0,0
RT-001161,0,0
RT-001162,0,0
RT-001163,1,0
RT-001164,1,0
RT-001165,0,0
RT-001166,1,0
RT-001167,0,0
RT-001168,0,0
RT-001169,0,0
RT-001170,0,0
RT-001171,1,0
RT-001172,0,0
RT-001173,1,0
RT-001174,0,0
RT-001175,0,1
RT-001176,1,0
RT-001177,1,0
RT-001178,1,0
RT-001179,0,0
RT-001180,0,0
RT-001181,0,0
RT-001182,0,0
RT-001183,0,0
RT-001184,0,0
RT-001185,0,0
RT-001186,0,0
RT-001187,0,0
RT-001188,0,0
RT-001189,0,0
RT-001190,0,0
RT-001191,1,0
RT-001192,0,1
RT-001193,1,0
RT-001194,0,0
RT-001195,0,1
RT-001196,0,0
RT-001197,1,0
RT-001198,1,0
RT-001199,0,0
RT-001200,0,0
RT-001201,0,0
RT-001202,1,0
RT-001203,0,0
RT-001204,0,0
RT-001205,1,0
RT-001206,0,0
RT-001207,1,0
RT-001208,0,0
RT-001209,0,0
RT-001210,0,0
RT-001211,0,0
RT-001212,0,0
RT-001213,0,0
RT-001214,1,0
RT-001215,0,0
RT-001216,0,0
RT-001217,0,0
RT-001218,1,1
RT-001219,0,1
RT-001220,1,0
RT-001221,1,0
RT-001222,0,0
RT-001223,0,1
RT-001224,0,1
RT-001225,0,0
RT-001226,1,0
RT-001227,0,0
RT-001228,0,1
RT-001229,0,0
RT-001230,0,0
RT-001231,0,0
RT-001232,0,0
RT-001233,0,0
RT-001234,1,0
RT-001235,0,0
RT-001236,0,1
RT-001237,1,0
RT-001238,1,0
RT-001239,0,0
RT-001240,0,0
RT-001241,1,0
RT-001242,0,0
RT-001243,0,0
RT-001244,1,0
RT-001245,0,0
RT-001246,1,0
RT-001247,1,0
RT-001248,0,0
RT-001249,1,0
RT-001250,0,0
RT-001251,0,0
RT-001252,0,0
RT-001253,1,0
RT-001254,0,0
RT-001255,0,0
RT-001256,0,0
RT-001257,0,0
RT-001258,1,0
RT-001259,0,0
RT-001260,1,0
RT-001261,0,0
RT-001262,0,0
RT-001263,0,0
RT-001264,0,0
RT-001265,1,0
RT-001266,0,0
RT-001267,0,0
RT-001268,1,0
RT-001269,0,0
RT-001270,0,0
RT-001271,0,0
RT-001272,1,0
RT-001273,1,0
RT-001274,1,0
RT-001275,1,0
RT-001276,0,0
RT-001277,1,0
RT-001278,0,0
RT-001279,0,1
RT-001280,0,0
RT-001281,0,0
RT-001282,0,0
RT-001283,0,0
RT-001284,1,0
RT-001285,1,0
RT-001286,0,0
RT-001287,1,0
RT-001288,0,0
RT-001289,1,1
RT-001290,0,0
RT-001291,0,0
RT-001292,1,1
RT-001293,0,0
RT-001294,1,0
RT-001295,0,0
RT-001296,0,0
RT-001297,0,0
RT-001298,0,0
RT-001299,0,0
RT-001300,0,0
RT-001301,1,0
RT-001302,0,0
RT-001303,1,0
RT-001304,0,0
RT-001305,0,1
RT-001306,0,1
RT-001307,1,0
RT-001308,1,0
RT-001309,0,1
RT-001310,1,0
RT-001311,0,0
RT-001312,1,0
RT-001313,0,0
RT-001314,0,0
RT-001315,1,0
RT-001316,0,0
RT-001317,0,0
RT-001318,0,0
RT-001319,0,0
RT-001320,1,0
RT-001321,1,0
RT-001322,0,0
RT-001323,1,0
RT-001324,0,0
RT-001325,0,0
RT-001326,1,0
RT-001327,0,0
RT-001328,1,0
RT-001329,0,0
RT-001330,1,0
RT-001331,0,0
RT-001332,0,0
RT-001333,1,0
RT-001334,0,0
RT-001335,1,0
RT-001336,0,0
RT-001337,0,0
RT-001338,0,0
RT-001339,0,1
RT-001340,0,0
RT-001341,1,0
RT-001342,1,0
RT-001343,0,0
RT-001344,0,0
RT-001345,0,0
RT-001346,0,0
RT-001347,1,0
RT-001348,0,0
RT-001349,1,0
RT-001350,0,0
RT-001351,1,0
RT-001352,0,0
RT-001353,0,0
RT-001354,0,0
RT-001355,0,0
RT-001356,0,0
RT-001357,1,0
RT-001358,1,0
RT-001359,0,1
RT-001360,1,0
RT-001361,0,0
RT-001362,1,0
RT-001363,1,0
RT-001364,0,0
RT-001365,0,0
RT-001366,1,0
RT-001367,1,0
RT-001368,1,0
RT-001369,0,0
RT-001370,0,0
RT-001371,1,0
RT-001372,0,0
RT-001373,0,0
RT-001374,1,0
RT-001375,0,0
RT-001376,1,0
RT-001377,0,0
RT-001378,0,0
RT-001379,1,0
RT-001380,0,0
RT-001381,0,0
RT-001382,0,0
RT-001383,0,0
RT-001384,0,0
RT-001385,0,0
RT-001386,1,0
RT-001387,1,0
RT-001388,1,0
RT-001389,1,0
RT-001390,1,0
RT-001391,0,0
RT-001392,0,0
RT-001393,1,0
RT-001394,0,0
RT-001395,0,0
RT-001396,1,0
RT-001397,0,0
RT-001398,1,1
RT-001399,0,0
RT-001400,0,0
RT-001401,0,0
RT-001402,0,0
RT-001403,0,0
RT-001404,0,0
RT-001405,0,0
RT-001406,0,0
RT-001407,1,0
RT-001408,0,0
RT-001409,0,1
RT-001410,0,0
RT-001411,0,1
RT-001412,0,0
RT-001413,1,0
RT-001414,0,0
RT-001415,0,0
RT-001416,1,0
RT-001417,0,0
RT-001418,1,0
RT-001419,1,0
RT-001420,0,0
RT-001421,1,0
RT-001422,1,0
RT-001423,0,0
RT-001424,0,0
RT-001425,1,0
RT-001426,0,0
RT-001427,1,0
RT-001428,1,0
RT-001429,1,0
RT-001430,0,0
RT-001431,0,0
RT-001432,0,0
RT-001433,0,0
RT-001434,0,0
RT-001435,1,0
RT-001436,1,0
RT-001437,0,0
RT-001438,1,0
RT-001439,0,1
RT-001440,0,1
RT-001441,0,0
RT-001442,0,1
RT-001443,1,0
RT-001444,1,0
RT-001445,0,0
RT-001446,0,0
RT-001447,0,0
RT-001448,0,0
RT-001449,0,0
RT-001450,1,0
RT-001451,0,0
RT-001452,1,0
RT-001453,1,0
RT-001454,0,0
RT-001455,1,0
RT-001456,0,0
RT-001457,0,0
RT-001458,0,0
RT-001459,0,0
RT-001460,0,0
RT-001461,0,0
RT-001462,1,0
RT-001463,0,0
RT-001464,0,0
RT-001465,0,0
RT-001466,0,0
RT-001467,1,0
RT-001468,0,0
RT-001469,1,0
RT-001470,0,0
RT-001471,0,0
RT-001472,0,0
RT-001473,0,0
RT-001474,1,0
RT-001475,0,1
RT-001476,1,0
RT-001477,0,0
RT-001478,0,0
RT-001479,0,0
RT-001480,0,0
RT-001481,0,0
RT-001482,0,0
RT-001483,1,0
RT-001484,0,0
RT-001485,0,0
RT-001486,0,0
RT-001487,0,1
RT-001488,1,0
RT-001489,1,0
RT-001490,0,0
RT-001491,0,0
RT-001492,0,0
RT-001493,1,0
RT-001494,0,0
RT-001495,1,0
RT-001496,1,0
RT-001497,0,0
RT-001498,1,0
RT-001499,1,0
RT-001500,0,0
RT-001501,0,0
RT-001502,0,0
RT-001503,0,0
RT-001504,0,0
RT-001505,0,0
RT-001506,0,0
RT-001507,0,0
RT-001508,0,0
RT-001509,0,0
RT-001510,0,0
RT-001511,0,0
RT-001512,0,0
RT-001513,0,1
RT-001514,0,0
RT-001515,1,0
RT-001516,0,0
RT-001517,0,0
RT-001518,0,0
RT-001519,0,0
RT-001520,0,0
RT-001521,1,0
RT-001522,0,0
RT-001523,0,0
RT-001524,0,0
RT-001525,0,0
RT-001526,0,0
RT-001527,0,0
RT-001528,0,0
RT-001529,0,0
RT-001530,0,0
RT-001531,0,0
RT-001532,0,0
RT-001533,1,0
RT-001534,0,0
RT-001535,0,0
RT-001536,0,0
RT-001537,0,0
RT-001538,0,1
RT-001539,0,0
RT-001540,0,0
RT-001541,0,0
RT-001542,0,0
RT-001543,0,0
RT-001544,0,0
RT-001545,0,0
RT-001546,0,0
RT-001547,0,0
RT-001548,0,0
RT-001549,0,0
RT-001550,1,0
RT-001551,0,0
RT-001552,0,0
RT-001553,1,0
RT-001554,0,0
RT-001555,1,0
RT-001556,0,0
RT-001557,0,0
RT-001558,0,0
RT-001559,1,0
RT-001560,0,0
RT-001561,0,1
RT-001562,1,0
RT-001563,1,0
RT-001564,0,0
RT-001565,0,1
RT-001566,0,0
RT-001567,0,0
RT-001568,0,0
RT-001569,0,0
RT-001570,1,0
RT-001571,0,0
RT-001572,0,0
RT-001573,1,0
RT-001574,0,0
RT-001575,0,0
RT-001576,0,0
RT-001577,1,0
RT-001578,0,0
RT-001579,0,0
RT-001580,0,0
RT-001581,1,0
RT-001582,1,0
RT-001583,1,0
RT-001584,0,1
RT-001585,0,0
RT-001586,1,0
RT-001587,0,0
RT-001588,1,0
RT-001589,1,0
RT-001590,0,0
RT-001591,0,0
RT-001592,1,1
RT-001593,0,0
RT-001594,0,0
RT-001595,0,1
RT-001596,0,0
RT-001597,1,0
RT-001598,0,0
RT-001599,0,0
RT-001600,0,0
RT-001601,0,0
RT-001602,1,0
RT-001603,0,0
RT-001604,0,0
RT-001605,0,0
RT-001606,0,0
RT-001607,1,0
RT-001608,0,0
RT-001609,0,0
RT-001610,1,0
RT-001611,0,0
RT-001612,0,1
RT-001613,1,0
RT-001614,0,0
RT-001615,0,0
RT-001616,0,0
RT-001617,0,0
RT-001618,0,0
RT-001619,1,0
RT-001620,0,0
RT-001621,1,0
RT-001622,0,0
RT-001623,0,0
RT-001624,0,0
RT-001625,0,0
RT-001626,0,0
RT-001627,0,0
RT-001628,0,1
RT-001629,0,0
RT-001630,1,0
RT-001631,0,0
RT-001632,0,0
RT-001633,0,0
RT-001634,0,0
RT-001635,0,0
RT-001636,0,0
RT-001637,0,0
RT-001638,1,0
RT-001639,0,0
RT-001640,0,0
RT-001641,0,0
RT-001642,0,0
RT-001643,0,0
RT-001644,0,0
RT-001645,0,0
RT-001646,0,0
RT-001647,0,0
RT-001648,1,0
RT-001649,0,0
RT-001650,1,1
RT-001651,1,0
RT-001652,0,1
RT-001653,0,0
RT-001654,1,0
RT-001655,0,1
RT-001656,0,0
RT-001657,0,0
RT-001658,0,1
RT-001659,0,0
RT-001660,1,0
RT-001661,0,0
RT-001662,1,0
RT-001663,0,1
RT-001664,0,0
RT-001665,0,0
RT-001666,0,0
RT-001667,0,0
RT-001668,0,0
RT-001669,0,0
RT-001670,0,0
RT-001671,0,0
RT-001672,1,0
RT-001673,0,0
RT-001674,0,0
RT-001675,1,0
RT-001676,1,0
RT-001677,1,0
RT-001678,1,0
RT-001679,1,0
RT-001680,1,0
RT-001681,0,0
RT-001682,0,0
RT-001683,0,0
RT-001684,0,0
RT-001685,1,0
RT-001686,0,0
RT-001687,0,0
RT-001688,0,0
RT-001689,0,0
RT-001690,0,0
RT-001691,0,1
RT-001692,0,0
RT-001693,0,0
RT-001694,1,0
RT-001695,0,0
RT-001696,1,0
RT-001697,0,0
RT-001698,1,1
RT-001699,0,1
RT-001700,0,0
RT-001701,0,0
RT-001702,0,0
RT-001703,0,0
RT-001704,1,0
RT-001705,0,0
RT-001706,0,0
RT-001707,0,0
RT-001708,1,0
RT-001709,1,0
RT-001710,0,0
RT-001711,0,0
RT-001712,0,0
RT-001713,1,1
RT-001714,0,0
RT-001715,0,0
RT-001716,0,0
RT-001717,0,0
RT-001718,0,0
RT-001719,1,0
RT-001720,0,0
RT-001721,1,0
RT-001722,0,0
RT-001723,1,0
RT-001724,0,0
RT-001725,1,0
RT-001726,0,0
RT-001727,0,0
RT-001728,0,0
RT-001729,0,0
RT-001730,0,0
RT-001731,0,0
RT-001732,1,0
RT-001733,0,0
RT-001734,0,0
RT-001735,0,0
RT-001736,1,0
RT-001737,0,0
RT-001738,0,0
RT-001739,1,0
RT-001740,0,0
RT-001741,0,0
RT-001742,0,1
RT-001743,0,0
RT-001744,0,0
RT-001745,0,0
RT-001746,0,0
RT-001747,1,0
RT-001748,0,1
RT-001749,1,0
RT-001750,0,1
RT-001751,1,0
RT-001752,1,0
RT-001753,0,0
RT-001754,0,0
RT-001755,0,0
RT-001756,0,0
RT-001757,0,0
RT-001758,0,0
RT-001759,1,0
RT-001760,1,0
RT-001761,0,0
RT-001762,1,0
RT-001763,0,0
RT-001764,1,0
RT-001765,0,1
RT-001766,0,0
RT-001767,1,0
RT-001768,0,0
RT-001769,0,0
RT-001770,0,1
RT-001771,0,0
RT-001772,1,0
RT-001773,1,0
RT-001774,0,0
RT-001775,1,0
RT-001776,1,0
RT-001777,0,0
RT-001778,1,0
RT-001779,1,0
RT-001780,1,0
RT-001781,1,0
RT-001782,0,0
RT-001783,1,0
RT-001784,1,0
RT-001785,1,0
RT-001786,1,0
RT-001787,0,0
RT-001788,0,0
RT-001789,1,0
RT-001790,0,0
RT-001791,0,0
RT-001792,1,0
RT-001793,1,0
RT-001794,0,1
RT-001795,0,0
RT-001796,1,0
RT-001797,0,0
RT-001798,0,0
RT-001799,0,0
RT-001800,0,0
RT-001801,0,0
RT-001802,1,0
RT-001803,0,0
RT-001804,1,0
RT-001805,0,0
RT-001806,0,0
RT-001807,0,0
RT-001808,0,0
RT-001809,0,0
RT-001810,0,0
RT-001811,0,0
RT-001812,1,0
RT-001813,0,0
RT-001814,0,0
RT-001815,0,0
RT-001816,0,0
RT-001817,1,0
RT-001818,1,0
RT-001819,0,1
RT-001820,1,0
RT-001821,0,0
RT-001822,1,0
RT-001823,0,0
RT-001824,0,0
RT-001825,1,0
RT-001826,1,0
RT-001827,0,0
RT-001828,0,0
RT-001829,0,0
RT-001830,0,0
RT-001831,0,0
RT-001832,1,0
RT-001833,0,0
RT-001834,0,0
RT-001835,1,0
RT-001836,0,0
RT-001837,1,1
RT-001838,1,0
RT-001839,0,0
RT-001840,1,0
RT-001841,0,0
RT-001842,0,0
RT-001843,1,0
RT-001844,1,0
RT-001845,1,0
RT-001846,0,0
RT-001847,0,0
RT-001848,1,0
RT-001849,0,0
RT-001850,0,0
RT-001851,0,1
RT-001852,0,0
RT-001853,0,0
RT-001854,1,0
RT-001855,0,1
RT-001856,0,0
RT-001857,0,0
RT-001858,0,0
RT-001859,0,0
RT-001860,1,0
RT-001861,0,0
RT-001862,0,0
RT-001863,0,1
RT-001864,0,0
RT-001865,0,0
RT-001866,0,0
RT-001867,0,0
RT-001868,1,0
RT-001869,1,1
RT-001870,0,0
RT-001871,0,0
RT-001872,0,0
RT-001873,1,0
RT-001874,0,0
RT-001875,0,0
RT-001876,0,0
RT-001877,0,0
RT-001878,1,0
RT-001879,1,0
RT-001880,0,0
RT-001881,0,1
RT-001882,0,1
RT-001883,1,0
RT-001884,0,0
RT-001885,1,0
RT-001886,1,0
RT-001887,0,0
RT-001888,1,0
RT-001889,1,0
RT-001890,1,0
RT-001891,0,0
RT-001892,0,0
RT-001893,0,0
RT-001894,0,0
RT-001895,0,0
RT-001896,0,1
RT-001897,0,0
RT-001898,0,0
RT-001899,1,0
RT-001900,0,0
RT-001901,0,1
RT-001902,1,0
RT-001903,1,0
RT-001904,0,1
RT-001905,1,0
RT-001906,0,0
RT-001907,1,0
RT-001908,1,0
RT-001909,0,0
RT-001910,0,0
RT-001911,1,0
RT-001912,1,1
RT-001913,0,0
RT-001914,0,0
RT-001915,0,0
RT-001916,0,0
RT-001917,1,0
RT-001918,1,0
RT-001919,1,0
RT-001920,0,0
RT-001921,0,0
RT-001922,0,0
RT-001923,0,0
RT-001924,0,0
RT-001925,0,0
RT-001926,1,0
RT-001927,0,0
RT-001928,1,0
RT-001929,0,0
RT-001930,0,0
RT-001931,0,0
RT-001932,0,0
RT-001933,0,0
RT-001934,1,0
RT-001935,0,0
RT-001936,0,0
RT-001937,1,0
RT-001938,0,0
RT-001939,0,0
RT-001940,0,0
RT-001941,1,0
RT-001942,0,0
RT-001943,1,0
RT-001944,1,0
RT-001945,0,0
RT-001946,0,0
RT-001947,0,0
RT-001948,0,0
RT-001949,0,0
RT-001950,0,0
RT-001951,0,0
RT-001952,1,0
RT-001953,0,0
RT-001954,0,1
RT-001955,0,0
RT-001956,1,0
RT-001957,1,0
RT-001958,0,0
RT-001959,1,0
RT-001960,1,0
RT-001961,0,0
RT-001962,0,0
RT-001963,0,1
RT-001964,1,0
RT-001965,0,0
RT-001966,1,0
RT-001967,0,1
RT-001968,1,0
RT-001969,0,0
RT-001970,1,0
RT-001971,0,0
RT-001972,0,1
RT-001973,0,0
RT-001974,0,1
RT-001975,1,0
RT-001976,0,0
RT-001977,0,0
RT-001978,1,0
RT-001979,0,0
RT-001980,1,0
RT-001981,1,0
RT-001982,0,0
RT-001983,0,0
RT-001984,0,0
RT-001985,0,1
RT-001986,1,0
RT-001987,0,0
RT-001988,0,0
RT-001989,0,0
RT-001990,0,0
RT-001991,0,0
RT-001992,1,0
RT-001993,1,0
RT-001994,1,0
RT-001995,0,0
RT-001996,0,0
RT-001997,1,0
RT-001998,1,0
RT-001999,0,0
RT-002000,0,0
RT-002001,1,0
RT-002002,1,0
RT-002003,0,0
RT-002004,0,0
RT-002005,1,0
RT-002006,0,0
RT-002007,1,0
RT-002008,1,0
RT-002009,0,0
RT-002010,0,0
RT-002011,0,0
RT-002012,0,0
RT-002013,1,0
RT-002014,1,0
RT-002015,0,1
RT-002016,1,0
RT-002017,1,0
RT-002018,0,0
RT-002019,0,0
RT-002020,0,0
RT-002021,0,0
RT-002022,0,0
RT-002023,0,0
RT-002024,1,0
RT-002025,1,0
RT-002026,0,0
RT-002027,0,0
RT-002028,0,0
RT-002029,0,1
RT-002030,0,1
RT-002031,0,1
RT-002032,0,0
RT-002033,0,0
RT-002034,0,0
RT-002035,0,0
RT-002036,0,0
RT-002037,1,0
RT-002038,1,0
RT-002039,0,0
RT-002040,0,0
RT-002041,0,0
RT-002042,1,0
RT-002043,0,0
RT-002044,1,0
RT-002045,0,0
RT-002046,1,0
RT-002047,0,0
RT-002048,0,0
RT-002049,1,0
RT-002050,1,0
RT-002051,1,0
RT-002052,0,0
RT-002053,0,0
RT-002054,0,0
RT-002055,0,0
RT-002056,1,0
RT-002057,1,0
RT-002058,1,0
RT-002059,0,0
RT-002060,0,0
RT-002061,1,0
RT-002062,1,0
RT-002063,1,0
RT-002064,0,0
RT-002065,0,0
RT-002066,0,0
RT-002067,1,0
RT-002068,0,0
RT-002069,0,0
RT-002070,1,0
RT-002071,0,0
RT-002072,0,0
RT-002073,1,0
RT-002074,0,0
RT-002075,0,0
RT-002076,0,0
RT-002077,0,0
RT-002078,1,0
RT-002079,0,0
RT-002080,0,0
RT-002081,0,0
RT-002082,0,0
RT-002083,0,0
RT-002084,0,0
RT-002085,1,0
RT-002086,0,0
RT-002087,0,0
RT-002088,1,0
RT-002089,1,0
RT-002090,0,0
RT-002091,0,0
RT-002092,0,1
RT-002093,1,0
RT-002094,0,0
RT-002095,1,1
RT-002096,0,1
RT-002097,1,0
RT-002098,0,0
RT-002099,0,0
RT-002100,1,1
RT-002101,0,0
RT-002102,0,0
RT-002103,0,0
RT-002104,0,1
RT-002105,0,0
RT-002106,0,0
RT-002107,0,0
RT-002108,0,1
RT-002109,1,0
RT-002110,0,0
RT-002111,0,0
RT-002112,1,0
RT-002113,0,0
RT-002114,0,0
RT-002115,0,0
RT-002116,0,0
RT-002117,0,1
RT-002118,0,0
RT-002119,0,0
RT-002120,0,0
RT-002121,0,0
RT-002122,0,0
RT-002123,1,0
RT-002124,1,0
RT-002125,0,0
RT-002126,0,1
RT-002127,0,1
RT-002128,1,0
RT-002129,0,0
RT-002130,1,0
RT-002131,0,0
RT-002132,0,0
RT-002133,0,0
RT-002134,1,0
RT-002135,1,0
RT-002136,1,0
RT-002137,1,0
RT-002138,1,0
RT-002139,1,0
RT-002140,0,0
RT-002141,0,0
RT-002142,0,0
RT-002143,0,0
RT-002144,0,0
RT-002145,0,0
RT-002146,1,0
RT-002147,1,0
RT-002148,0,0
RT-002149,1,0
RT-002150,0,0
RT-002151,0,0
RT-002152,0,0
RT-002153,1,0
RT-002154,0,0
RT-002155,0,0
RT-002156,0,0
RT-002157,1,0
RT-002158,0,0
RT-002159,0,0
RT-002160,0,0
RT-002161,0,0
RT-002162,0,0
RT-002163,0,0
RT-002164,0,0
RT-002165,0,0
RT-002166,1,0
RT-002167,0,0
RT-002168,0,0
RT-002169,0,1
RT-002170,1,0
RT-002171,0,0
RT-002172,1,0
RT-002173,1,0
RT-002174,0,0
RT-002175,0,0
RT-002176,1,0
RT-002177,0,0
RT-002178,1,0
RT-002179,1,0
RT-002180,0,0
RT-002181,1,0
RT-002182,1,0
RT-002183,0,0
RT-002184,1,0
RT-002185,1,0
RT-002186,0,1
RT-002187,1,0
RT-002188,0,0
RT-002189,1,0
RT-002190,0,0
RT-002191,0,0
RT-002192,0,0
RT-002193,1,0
RT-002194,0,0
RT-002195,0,0
RT-002196,0,1
RT-002197,0,0
RT-002198,0,0
RT-002199,1,0
RT-002200,0,0
RT-002201,0,0
RT-002202,0,0
RT-002203,0,1
RT-002204,1,0
RT-002205,0,1
RT-002206,0,0
RT-002207,0,0
RT-002208,0,0
RT-002209,1,0
RT-002210,0,0
RT-002211,0,0
RT-002212,1,0
RT-002213,0,0
RT-002214,0,0
RT-002215,1,0
RT-002216,1,0
RT-002217,0,0
RT-002218,0,1
RT-002219,0,0
RT-002220,0,0
RT-002221,0,0
RT-002222,0,0
RT-002223,0,0
RT-002224,0,0
RT-002225,1,0
RT-002226,0,0
RT-002227,0,0
RT-002228,0,0
RT-002229,0,0
RT-002230,0,0
RT-002231,0,0
RT-002232,0,0
RT-002233,0,0
RT-002234,0,0
RT-002235,1,0
RT-002236,0,0
RT-002237,0,0
RT-002238,1,0
RT-002239,1,0
RT-002240,0,0
RT-002241,0,0
RT-002242,0,0
RT-002243,1,0
RT-002244,0,0
RT-002245,1,0
RT-002246,0,0
RT-002247,1,0
RT-002248,0,0
RT-002249,0,0
RT-002250,1,0
RT-002251,1,0
RT-002252,0,0
RT-002253,0,0
RT-002254,0,0
RT-002255,0,0
RT-002256,0,0
RT-002257,1,1
RT-002258,1,0
RT-002259,0,0
RT-002260,1,0
RT-002261,0,0
RT-002262,0,0
RT-002263,0,0
RT-002264,0,0
RT-002265,1,0
RT-002266,1,0
RT-002267,0,1
RT-002268,0,0
RT-002269,1,0
RT-002270,0,0
RT-002271,1,0
RT-002272,1,0
RT-002273,1,0
RT-002274,0,0
RT-002275,0,0
RT-002276,1,0
RT-002277,1,0
RT-002278,0,0
RT-002279,0,0
RT-002280,1,0
RT-002281,0,0
RT-002282,0,0
RT-002283,1,0
RT-002284,0,1
RT-002285,0,0
RT-002286,0,0
RT-002287,0,0
RT-002288,0,0
RT-002289,0,0
RT-002290,0,0
RT-002291,0,1
RT-002292,0,0
RT-002293,0,0
RT-002294,0,0
RT-002295,0,0
RT-002296,1,0
RT-002297,0,0
RT-002298,0,0
RT-002299,1,0
RT-002300,1,0
RT-002301,1,0
RT-002302,0,1
RT-002303,1,0
RT-002304,1,0
RT-002305,0,0
RT-002306,0,0
RT-002307,0,0
RT-002308,1,0
RT-002309,0,0
RT-002310,1,0
RT-002311,0,0
RT-002312,1,0
RT-002313,0,1
RT-002314,0,0
RT-002315,0,0
RT-002316,0,0
RT-002317,0,0
RT-002318,0,0
RT-002319,1,0
RT-002320,0,1
RT-002321,0,1
RT-002322,0,0
RT-002323,0,0
RT-002324,0,0
RT-002325,0,0
RT-002326,0,0
RT-002327,0,0
RT-002328,0,0
RT-002329,0,0
RT-002330,0,1
RT-002331,1,0
RT-002332,0,0
RT-002333,1,0
RT-002334,1,0
RT-002335,0,0
RT-002336,0,0
RT-002337,1,0
RT-002338,0,0
RT-002339,0,0
RT-002340,0,0
RT-002341,0,0
RT-002342,1,0
RT-002343,1,0
RT-002344,0,0
RT-002345,1,0
RT-002346,1,0
RT-002347,0,0
RT-002348,0,0
RT-002349,0,0
RT-002350,0,0
RT-002351,0,0
RT-002352,0,0
RT-002353,0,0
RT-002354,0,0
RT-002355,0,0
RT-002356,0,0
RT-002357,0,0
RT-002358,0,0
RT-002359,0,0
RT-002360,1,1
RT-002361,0,0
RT-002362,0,0
RT-002363,0,0
RT-002364,1,1
RT-002365,1,0
RT-002366,0,0
RT-002367,0,0
RT-002368,0,0
RT-002369,0,1
RT-002370,0,0
RT-002371,0,0
RT-002372,0,0
RT-002373,0,0
RT-002374,0,0
RT-002375,1,0
RT-002376,1,0
RT-002377,0,0
RT-002378,1,0
RT-002379,1,0
RT-002380,0,1
RT-002381,1,0
RT-002382,1,0
RT-002383,0,0
RT-002384,0,0
RT-002385,1,0
RT-002386,0,0
RT-002387,0,0
RT-002388,0,0
RT-002389,0,1
RT-002390,0,1
RT-002391,1,0
RT-002392,0,0
RT-002393,0,0
RT-002394,0,0
RT-002395,0,0
RT-002396,1,0
RT-002397,0,0
RT-002398,0,0
RT-002399,0,0
RT-002400,0,0
RT-002401,0,0
RT-002402,0,0
RT-002403,0,0
RT-002404,1,0
RT-002405,1,0
RT-002406,0,0
RT-002407,0,0
RT-002408,1,0
RT-002409,0,0
RT-002410,1,0
RT-002411,0,0
RT-002412,0,1
RT-002413,0,0
RT-002414,1,0
RT-002415,1,0
RT-002416,1,0
RT-002417,0,0
RT-002418,1,0
RT-002419,0,0
RT-002420,1,0
RT-002421,0,0
RT-002422,0,0
RT-002423,0,1
RT-002424,1,0
RT-002425,1,0
RT-002426,0,0
RT-002427,0,0
RT-002428,1,0
RT-002429,1,0
RT-002430,0,0
RT-002431,0,0
RT-002432,1,1
RT-002433,0,0
RT-002434,1,0
RT-002435,1,0
RT-002436,0,0
RT-002437,0,0
RT-002438,0,0
RT-002439,0,0
RT-002440,0,0
RT-002441,1,0
RT-002442,1,0
RT-002443,1,0
RT-002444,0,0
RT-002445,1,1
RT-002446,0,0
RT-002447,0,0
RT-002448,0,0
RT-002449,0,0
RT-002450,1,0
RT-002451,0,0
RT-002452,0,0
RT-002453,0,0
RT-002454,1,0
RT-002455,0,0
RT-002456,0,0
RT-002457,0,0
RT-002458,1,0
RT-002459,0,0
RT-002460,1,0
RT-002461,0,0
RT-002462,0,0
RT-002463,0,0
RT-002464,0,0
RT-002465,0,1
RT-002466,0,0
RT-002467,0,0
RT-002468,1,0
RT-002469,1,0
RT-002470,1,0
RT-002471,0,0
RT-002472,0,1
RT-002473,0,0
RT-002474,0,0
RT-002475,0,0
RT-002476,0,0
RT-002477,1,0
RT-002478,0,0
RT-002479,0,0
RT-002480,1,0
RT-002481,0,0
RT-002482,1,1
RT-002483,0,0
RT-002484,0,0
RT-002485,0,0
RT-002486,1,0
RT-002487,1,0
RT-002488,0,0
RT-002489,0,0
RT-002490,0,1
RT-002491,0,0
RT-002492,0,0
RT-002493,0,0
RT-002494,0,0
RT-002495,0,0
RT-002496,0,0
RT-002497,1,0
RT-002498,0,0
RT-002499,1,0
RT-002500,0,0
RT-002501,0,0
RT-002502,1,0
RT-002503,0,1
RT-002504,0,0
RT-002505,1,0
RT-002506,0,0
RT-002507,0,0
RT-002508,0,1
RT-002509,0,0
RT-002510,1,0
RT-002511,1,0
RT-002512,1,0
RT-002513,0,0
RT-002514,0,0
RT-002515,0,0
RT-002516,1,0
RT-002517,0,0
RT-002518,0,0
RT-002519,1,0
RT-002520,1,0
RT-002521,0,0
RT-002522,1,0
RT-002523,0,0
RT-002524,0,0
RT-002525,0,0
RT-002526,0,0
RT-002527,0,0
RT-002528,0,1
RT-002529,0,0
RT-002530,0,0
RT-002531,0,0
RT-002532,1,0
RT-002533,0,0
RT-002534,0,0
RT-002535,0,0
RT-002536,0,1
RT-002537,1,0
RT-002538,0,0
RT-002539,0,0
RT-002540,1,0
RT-002541,1,0
RT-002542,0,0
RT-002543,1,0
RT-002544,0,0
RT-002545,0,1
RT-002546,1,0
RT-002547,0,0
RT-002548,0,0
RT-002549,0,0
RT-002550,1,0
RT-002551,0,0
RT-002552,0,0
RT-002553,0,0
RT-002554,0,0
RT-002555,0,1
RT-002556,0,1
RT-002557,0,0
RT-002558,0,0
RT-002559,0,0
RT-002560,0,0
RT-002561,1,0
RT-002562,0,0
RT-002563,1,0
RT-002564,0,0
RT-002565,1,0
RT-002566,0,0
RT-002567,1,0
RT-002568,1,0
RT-002569,0,1
RT-002570,0,0
RT-002571,0,0
RT-002572,1,1
RT-002573,0,0
RT-002574,0,0
RT-002575,0,0
RT-002576,0,0
RT-002577,1,0
RT-002578,0,0
RT-002579,0,0
RT-002580,0,1
RT-002581,1,0
RT-002582,0,0
RT-002583,1,1
RT-002584,1,0
RT-002585,1,0
RT-002586,0,0
RT-002587,0,1
RT-002588,0,0
RT-002589,0,0
RT-002590,1,0
RT-002591,0,1
RT-002592,1,0
RT-002593,0,0
RT-002594,1,0
RT-002595,0,0
RT-002596,1,1
RT-002597,0,0
RT-002598,0,1
RT-002599,0,1
RT-002600,0,0
RT-002601,1,0
RT-002602,0,0
RT-002603,0,0
RT-002604,0,0
RT-002605,0,0
RT-002606,0,0
RT-002607,0,1
RT-002608,1,0
RT-002609,1,0
RT-002610,0,1
RT-002611,0,0
RT-002612,1,0
RT-002613,0,0
RT-002614,1,0
RT-002615,0,0
RT-002616,0,0
RT-002617,0,1
RT-002618,1,0
RT-002619,1,0
RT-002620,0,0
RT-002621,0,1
RT-002622,1,0
RT-002623,0,1
RT-002624,0,0
RT-002625,0,0
RT-002626,1,0
RT-002627,1,0
RT-002628,0,0
RT-002629,0,0
RT-002630,0,1
RT-002631,0,1
RT-002632,0,0
RT-002633,1,0
RT-002634,0,1
RT-002635,1,0
RT-002636,0,0
RT-002637,0,0
RT-002638,0,0
RT-002639,1,0
RT-002640,0,0
RT-002641,0,0
RT-002642,0,0
RT-002643,0,0
RT-002644,0,0
RT-002645,1,0
RT-002646,0,0
RT-002647,0,0
RT-002648,0,0
RT-002649,1,0
RT-002650,0,0
RT-002651,0,0
RT-002652,0,0
RT-002653,0,1
RT-002654,1,0
RT-002655,0,0
RT-002656,0,0
RT-002657,1,0
RT-002658,0,0
RT-002659,1,0
RT-002660,0,0
RT-002661,1,0
RT-002662,0,0
RT-002663,1,0
RT-002664,0,0
RT-002665,1,0
RT-002666,1,0
RT-002667,0,0
RT-002668,0,0
RT-002669,1,0
RT-002670,0,0
RT-002671,0,0
RT-002672,0,1
RT-002673,0,0
RT-002674,1,0
RT-002675,0,0
RT-002676,1,0
RT-002677,0,0
RT-002678,1,0
RT-002679,1,0
RT-002680,1,0
RT-002681,1,0
RT-002682,1,0
RT-002683,0,0
RT-002684,1,0
RT-002685,1,0
RT-002686,1,0
RT-002687,0,0
RT-002688,0,0
RT-002689,0,0
RT-002690,0,0
RT-002691,0,0
RT-002692,0,0
RT-002693,0,0
RT-002694,1,0
RT-002695,0,0
RT-002696,1,0
RT-002697,1,0
RT-002698,0,0
RT-002699,0,0
RT-002700,1,0
RT-002701,1,0
RT-002702,0,0
RT-002703,0,0
RT-002704,1,0
RT-002705,0,0
RT-002706,0,0
RT-002707,0,0
RT-002708,0,1
RT-002709,0,0
RT-002710,1,1
RT-002711,1,0
RT-002712,0,0
RT-002713,0,0
RT-002714,1,0
RT-002715,1,0
RT-002716,0,0
RT-002717,0,0
RT-002718,1,0
RT-002719,0,0
RT-002720,0,0
RT-002721,0,0
RT-002722,1,0
RT-002723,1,0
RT-002724,1,0
RT-002725,0,0
RT-002726,0,0
RT-002727,0,0
RT-002728,0,0
RT-002729,1,0
RT-002730,0,0
RT-002731,0,0
RT-002732,0,0
RT-002733,0,0
RT-002734,0,0
RT-002735,0,0
RT-002736,1,0
RT-002737,0,0
RT-002738,0,0
RT-002739,1,0
RT-002740,0,0
RT-002741,0,0
RT-002742,1,0
RT-002743,1,0
RT-002744,1,0
RT-002745,1,0
RT-002746,1,0
RT-002747,0,0
RT-002748,0,0
RT-002749,0,0
RT-002750,1,0
RT-002751,1,0
RT-002752,0,0
RT-002753,0,0
RT-002754,0,0
RT-002755,0,1
RT-002756,1,0
RT-002757,0,0
RT-002758,1,0
RT-002759,1,0
RT-002760,0,0
RT-002761,0,0
RT-002762,1,0
RT-002763,0,0
RT-002764,0,0
RT-002765,1,0
RT-002766,0,0
RT-002767,1,0
RT-002768,0,0
RT-002769,0,1
RT-002770,0,0
RT-002771,1,0
RT-002772,0,0
RT-002773,0,0
RT-002774,0,0
RT-002775,0,0
RT-002776,0,0
RT-002777,0,0
RT-002778,0,0
RT-002779,0,0
RT-002780,1,0
RT-002781,0,0
RT-002782,0,0
RT-002783,0,0
RT-002784,0,0
RT-002785,1,0
RT-002786,0,0
RT-002787,0,1
RT-002788,0,0
RT-002789,1,0
RT-002790,1,0
RT-002791,0,0
RT-002792,0,0
RT-002793,0,0
RT-002794,0,0
RT-002795,0,0
RT-002796,0,1
RT-002797,1,0
RT-002798,0,0
RT-002799,1,0
RT-002800,0,0
RT-002801,0,0
RT-002802,0,0
RT-002803,1,0
RT-002804,1,1
RT-002805,1,0
RT-002806,0,0
RT-002807,0,0
RT-002808,1,0
RT-002809,0,0
RT-002810,0,0
RT-002811,0,0
RT-002812,1,0
RT-002813,1,0
RT-002814,0,0
RT-002815,1,0
RT-002816,0,0
RT-002817,0,0
RT-002818,1,0
RT-002819,0,0
RT-002820,0,0
RT-002821,0,0
RT-002822,0,0
RT-002823,0,0
RT-002824,0,0
RT-002825,0,1
RT-002826,0,0
RT-002827,1,0
RT-002828,0,0
RT-002829,0,1
RT-002830,0,0
RT-002831,0,0
RT-002832,0,0
RT-002833,0,0
RT-002834,0,0
RT-002835,0,0
RT-002836,0,0
RT-002837,1,0
RT-002838,1,0
RT-002839,0,0
RT-002840,1,0
RT-002841,1,0
RT-002842,1,0
RT-002843,1,0
RT-002844,0,0
RT-002845,0,0
RT-002846,0,0
RT-002847,1,0
RT-002848,1,0
RT-002849,0,0
RT-002850,0,0
RT-002851,0,0
RT-002852,0,0
RT-002853,1,1
RT-002854,0,0
RT-002855,1,0
RT-002856,1,0
RT-002857,1,0
RT-002858,0,0
RT-002859,0,0
RT-002860,0,0
RT-002861,0,0
RT-002862,0,0
RT-002863,1,0
RT-002864,1,0
RT-002865,0,0
RT-002866,0,0
RT-002867,0,0
RT-002868,1,0
RT-002869,1,0
RT-002870,1,0
RT-002871,0,0
RT-002872,1,0
RT-002873,0,0
RT-002874,0,0
RT-002875,1,0
RT-002876,0,0
RT-002877,0,0
RT-002878,0,0
RT-002879,1,0
RT-002880,0,0
RT-002881,1,0
RT-002882,0,0
RT-002883,0,0
RT-002884,0,0
RT-002885,1,0
RT-002886,0,0
RT-002887,1,0
RT-002888,0,1
RT-002889,0,0
RT-002890,1,0
RT-002891,0,0
RT-002892,0,0
RT-002893,0,0
RT-002894,1,0
RT-002895,1,0
RT-002896,0,0
RT-002897,0,0
RT-002898,1,0
RT-002899,0,0
RT-002900,0,0
RT-002901,0,0
RT-002902,0,0
RT-002903,0,0
RT-002904,0,0
RT-002905,1,0
RT-002906,1,0
RT-002907,0,1
RT-002908,0,0
RT-002909,0,0
RT-002910,0,1
RT-002911,0,0
RT-002912,0,0
RT-002913,0,0
RT-002914,1,0
RT-002915,1,0
RT-002916,0,0
RT-002917,0,0
RT-002918,0,0
RT-002919,0,0
RT-002920,0,0
RT-002921,0,0
RT-002922,0,0
RT-002923,1,0
RT-002924,0,0
RT-002925,0,0
RT-002926,0,0
RT-002927,1,0
RT-002928,0,0
RT-002929,0,0
RT-002930,0,0
RT-002931,0,0
RT-002932,0,0
RT-002933,0,0
RT-002934,0,0
RT-002935,1,0
RT-002936,1,0
RT-002937,0,0
RT-002938,0,0
RT-002939,0,0
RT-002940,0,0
RT-002941,1,0
RT-002942,0,0
RT-002943,0,0
RT-002944,1,0
RT-002945,0,0
RT-002946,0,0
RT-002947,0,0
RT-002948,0,0
RT-002949,1,0
RT-002950,0,0
RT-002951,0,0
RT-002952,0,0
RT-002953,0,0
RT-002954,0,0
RT-002955,0,0
RT-002956,1,0
RT-002957,0,0
RT-002958,1,0
RT-002959,0,0
RT-002960,1,0
RT-002961,0,0
RT-002962,0,0
RT-002963,0,0
RT-002964,0,0
RT-002965,1,0
RT-002966,1,0
RT-002967,0,0
RT-002968,1,0
RT-002969,1,0
RT-002970,0,0
RT-002971,0,0
RT-002972,0,0
RT-002973,0,0
RT-002974,0,0
RT-002975,0,0
RT-002976,0,1
RT-002977,0,0
RT-002978,0,0
RT-002979,0,0
RT-002980,0,0
RT-002981,1,0
RT-002982,1,0
RT-002983,0,0
RT-002984,0,0
RT-002985,1,0
RT-002986,0,0
RT-002987,0,0
RT-002988,0,0
RT-002989,1,0
RT-002990,0,0
RT-002991,1,0
RT-002992,1,0
RT-002993,0,0
RT-002994,0,0
RT-002995,1,0
RT-002996,1,0
RT-002997,0,0
RT-002998,0,0
RT-002999,0,0
RT-003000,0,0
RT-003001,1,0
RT-003002,0,0
RT-003003,0,0
RT-003004,1,0
RT-003005,1,0
RT-003006,1,0
RT-003007,1,0
RT-003008,0,0
RT-003009,0,0
RT-003010,0,0
RT-003011,1,0
RT-003012,1,1
RT-003013,1,0
RT-003014,0,0
RT-003015,0,0
RT-003016,0,0
RT-003017,0,1
RT-003018,1,0
RT-003019,0,0
RT-003020,0,0
RT-003021,0,0
RT-003022,1,0
RT-003023,1,0
RT-003024,0,0
RT-003025,0,0
RT-003026,1,0
RT-003027,0,0
RT-003028,1,0
RT-003029,0,0
RT-003030,1,0
RT-003031,0,0
RT-003032,1,0
RT-003033,1,0
RT-003034,1,0
RT-003035,0,0
RT-003036,0,0
RT-003037,1,0
RT-003038,0,0
RT-003039,0,0
RT-003040,0,0
RT-003041,0,0
RT-003042,0,0
RT-003043,1,0
RT-003044,0,0
RT-003045,1,0
RT-003046,1,0
RT-003047,0,0
RT-003048,0,0
RT-003049,0,0
RT-003050,1,0
RT-003051,0,0
RT-003052,0,0
RT-003053,0,0
RT-003054,0,0
RT-003055,0,0
RT-003056,0,1
RT-003057,0,0
RT-003058,1,0
RT-003059,0,0
RT-003060,0,0
RT-003061,1,0
RT-003062,0,0
RT-003063,0,0
RT-003064,1,0
RT-003065,1,0
RT-003066,0,0
RT-003067,0,0
RT-003068,1,0
RT-003069,1,0
RT-003070,1,0
RT-003071,0,0
RT-003072,0,0
RT-003073,1,0
RT-003074,0,0
RT-003075,0,0
RT-003076,1,0
RT-003077,0,0
RT-003078,0,0
RT-003079,1,0
RT-003080,0,0
RT-003081,1,0
RT-003082,0,0
RT-003083,1,0
RT-003084,1,0
RT-003085,0,1
RT-003086,1,1
RT-003087,1,0
RT-003088,0,0
RT-003089,0,0
RT-003090,1,0
RT-003091,0,0
RT-003092,1,0
RT-003093,0,0
RT-003094,0,0
RT-003095,1,0
RT-003096,0,0
RT-003097,0,0
RT-003098,0,0
RT-003099,0,0
RT-003100,0,0
RT-003101,0,0
RT-003102,1,0
RT-003103,0,0
RT-003104,0,0
RT-003105,0,0
RT-003106,1,0
RT-003107,0,0
RT-003108,0,0
RT-003109,0,0
RT-003110,1,0
RT-003111,0,0
RT-003112,0,1
RT-003113,1,0
RT-003114,0,0
RT-003115,1,0
RT-003116,1,0
RT-003117,1,0
RT-003118,0,0
RT-003119,1,0
RT-003120,1,0
RT-003121,0,0
RT-003122,0,0
RT-003123,1,0
RT-003124,1,0
RT-003125,1,0
RT-003126,0,0
RT-003127,0,0
RT-003128,0,0
RT-003129,0,0
RT-003130,0,1
RT-003131,1,0
RT-003132,0,1
RT-003133,1,0
RT-003134,1,0
RT-003135,0,0
RT-003136,0,0
RT-003137,0,0
RT-003138,1,0
RT-003139,0,0
RT-003140,0,0
RT-003141,0,0
RT-003142,0,0
RT-003143,0,1
RT-003144,1,0
RT-003145,0,0
RT-003146,0,0
RT-003147,0,0
RT-003148,0,0
RT-003149,0,1
RT-003150,0,0
RT-003151,1,0
RT-003152,0,0
RT-003153,1,0
RT-003154,1,0
RT-003155,1,0
RT-003156,0,0
RT-003157,0,0
RT-003158,1,0
RT-003159,0,0
RT-003160,1,0
RT-003161,1,0
RT-003162,0,0
RT-003163,0,0
RT-003164,0,0
RT-003165,0,0
RT-003166,0,0
RT-003167,0,0
RT-003168,0,0
RT-003169,0,0
RT-003170,0,0
RT-003171,0,0
RT-003172,0,0
RT-003173,0,0
RT-003174,1,1
RT-003175,1,0
RT-003176,1,0
RT-003177,0,1
RT-003178,0,0
RT-003179,0,0
RT-003180,0,0
RT-003181,0,0
RT-003182,0,0
RT-003183,1,0
RT-003184,0,0
RT-003185,1,0
RT-003186,0,0
RT-003187,0,0
RT-003188,1,0
RT-003189,0,0
RT-003190,0,0
RT-003191,0,0
RT-003192,1,0
RT-003193,1,0
RT-003194,0,0
RT-003195,0,0
RT-003196,0,0
RT-003197,0,0
RT-003198,0,0
RT-003199,0,0
RT-003200,0,0
RT-003201,0,0
RT-003202,1,0
RT-003203,0,0
RT-003204,0,0
RT-003205,0,0
RT-003206,0,0
RT-003207,1,0
RT-003208,0,0
RT-003209,0,0
RT-003210,1,0
RT-003211,1,0
RT-003212,1,0
RT-003213,0,0
RT-003214,0,0
RT-003215,0,0
RT-003216,0,0
RT-003217,0,0
RT-003218,1,0
RT-003219,0,0
RT-003220,0,0
RT-003221,1,0
RT-003222,1,0
RT-003223,0,0
RT-003224,1,0
RT-003225,0,0
RT-003226,0,0
RT-003227,0,0
RT-003228,0,0
RT-003229,1,0
RT-003230,0,0
RT-003231,1,0
RT-003232,0,0
RT-003233,1,0
RT-003234,1,0
RT-003235,1,0
RT-003236,0,0
RT-003237,1,0
RT-003238,0,0
RT-003239,0,0
RT-003240,0,0
RT-003241,1,0
RT-003242,0,0
RT-003243,0,0
RT-003244,0,0
RT-003245,1,0
RT-003246,0,0
RT-003247,1,0
RT-003248,0,0
RT-003249,0,0
RT-003250,1,0
RT-003251,0,0
RT-003252,0,0
RT-003253,1,0
RT-003254,0,0
RT-003255,0,0
RT-003256,0,0
RT-003257,0,0
RT-003258,0,0
RT-003259,0,0
RT-003260,0,0
RT-003261,1,0
RT-003262,1,0
RT-003263,1,0
RT-003264,0,0
RT-003265,0,0
RT-003266,1,0
RT-003267,0,0
RT-003268,0,0
RT-003269,0,0
RT-003270,0,0
RT-003271,1,0
RT-003272,1,0
RT-003273,1,0
RT-003274,1,0
RT-003275,0,0
RT-003276,0,0
RT-003277,0,1
RT-003278,1,0
RT-003279,0,0
RT-003280,0,1
RT-003281,1,0
RT-003282,0,1
RT-003283,0,0
RT-003284,1,0
RT-003285,0,0
RT-003286,0,0
RT-003287,0,0
RT-003288,0,0
RT-003289,0,0
RT-003290,0,0
RT-003291,0,0
RT-003292,1,0
RT-003293,1,0
RT-003294,0,0
RT-003295,0,0
RT-003296,1,0
RT-003297,0,0
RT-003298,0,0
RT-003299,1,0
RT-003300,0,0
RT-003301,0,1
RT-003302,0,0
RT-003303,1,0
RT-003304,0,0
RT-003305,1,0
RT-003306,1,0
RT-003307,0,0
RT-003308,1,0
RT-003309,1,0
RT-003310,0,0
RT-003311,0,1
RT-003312,0,1
RT-003313,0,0
RT-003314,0,0
RT-003315,1,0
RT-003316,1,0
RT-003317,1,0
RT-003318,0,0
RT-003319,0,0
RT-003320,0,0
RT-003321,0,0
RT-003322,0,0
RT-003323,0,0
RT-003324,0,0
RT-003325,0,0
RT-003326,1,0
RT-003327,0,0
RT-003328,1,0
RT-003329,0,0
RT-003330,0,0
RT-003331,0,0
RT-003332,1,0
RT-003333,1,0
RT-003334,0,0
RT-003335,1,0
RT-003336,1,0
RT-003337,0,0
RT-003338,0,0
RT-003339,1,0
RT-003340,0,0
RT-003341,0,1
RT-003342,0,0
RT-003343,1,0
RT-003344,0,0
RT-003345,0,0
RT-003346,0,0
RT-003347,1,0
RT-003348,0,0
RT-003349,0,0
RT-003350,0,0
RT-003351,0,0
RT-003352,0,0
RT-003353,0,0
RT-003354,1,0
RT-003355,0,0
RT-003356,0,0
RT-003357,1,0
RT-003358,1,0
RT-003359,1,0
RT-003360,0,0
RT-003361,0,0
RT-003362,0,0
RT-003363,0,0
RT-003364,0,0
RT-003365,0,0
RT-003366,0,0
RT-003367,0,0
RT-003368,0,0
RT-003369,0,0
RT-003370,0,0
RT-003371,1,0
RT-003372,1,0
RT-003373,1,0
RT-003374,1,0
RT-003375,0,0
RT-003376,0,0
RT-003377,0,0
RT-003378,0,0
RT-003379,0,0
RT-003380,0,1
RT-003381,1,0
RT-003382,1,0
RT-003383,0,0
RT-003384,0,0
RT-003385,1,0
RT-003386,0,0
RT-003387,0,0
RT-003388,0,0
RT-003389,0,0
RT-003390,0,0
RT-003391,0,0
RT-003392,1,0
RT-003393,0,0
RT-003394,0,0
RT-003395,0,0
RT-003396,0,0
RT-003397,0,0
RT-003398,0,0
RT-003399,0,0
RT-003400,0,0
RT-003401,1,0
RT-003402,1,0
RT-003403,0,0
RT-003404,0,0
RT-003405,0,0
RT-003406,0,0
RT-003407,1,0
RT-003408,0,0
RT-003409,0,0
RT-003410,0,0
RT-003411,1,0
RT-003412,1,0
RT-003413,0,0
RT-003414,0,0
RT-003415,1,0
RT-003416,1,0
RT-003417,0,0
RT-003418,1,0
RT-003419,0,0
RT-003420,1,0
RT-003421,1,0
RT-003422,0,0
RT-003423,0,0
RT-003424,0,0
RT-003425,0,0
RT-003426,0,0
RT-003427,0,0
RT-003428,0,0
RT-003429,0,0
RT-003430,0,0
RT-003431,0,0
RT-003432,1,0
RT-003433,0,0
RT-003434,1,0
RT-003435,1,0
RT-003436,0,0
RT-003437,1,0
RT-003438,1,0
RT-003439,1,0
RT-003440,1,0
RT-003441,1,0
RT-003442,0,0
RT-003443,0,0
RT-003444,0,1
RT-003445,1,0
RT-003446,0,0
RT-003447,0,0
RT-003448,1,0
RT-003449,0,0
RT-003450,0,0
RT-003451,1,0
RT-003452,0,0
RT-003453,1,0
RT-003454,1,0
RT-003455,0,0
RT-003456,0,0
RT-003457,1,0
RT-003458,0,0
RT-003459,1,0
RT-003460,0,0
RT-003461,1,0
RT-003462,1,0
RT-003463,0,0
RT-003464,0,0
RT-003465,0,0
RT-003466,0,0
RT-003467,0,0
RT-003468,0,0
RT-003469,1,0
RT-003470,0,0
RT-003471,0,0
RT-003472,1,0
RT-003473,0,0
RT-003474,1,0
RT-003475,0,0
RT-003476,1,0
RT-003477,0,0
RT-003478,0,0
RT-003479,0,0
RT-003480,0,0
RT-003481,1,0
RT-003482,1,0
RT-003483,0,0
RT-003484,1,0
RT-003485,0,0
RT-003486,0,0
RT-003487,1,0
RT-003488,0,0
RT-003489,0,0
RT-003490,0,0
RT-003491,1,0
RT-003492,1,0
RT-003493,0,0
RT-003494,0,0
RT-003495,0,0
RT-003496,0,0
RT-003497,0,0
RT-003498,0,0
RT-003499,1,0
RT-003500,1,0
RT-003501,0,0
RT-003502,0,0
RT-003503,0,0
RT-003504,0,0
RT-003505,1,0
RT-003506,0,0
RT-003507,0,1
RT-003508,1,0
RT-003509,0,0
RT-003510,0,0
RT-003511,0,0
RT-003512,0,0
RT-003513,1,0
RT-003514,0,0
RT-003515,0,0
RT-003516,0,0
RT-003517,1,0
RT-003518,0,0
RT-003519,0,0
RT-003520,0,0
RT-003521,0,0
RT-003522,0,0
RT-003523,0,0
RT-003524,0,0
RT-003525,0,0
RT-003526,0,0
RT-003527,0,0
RT-003528,1,0
RT-003529,0,0
RT-003530,0,0
RT-003531,0,0
RT-003532,0,0
RT-003533,1,0
RT-003534,0,0
RT-003535,0,0
RT-003536,0,0
RT-003537,0,0
RT-003538,1,0
RT-003539,0,0
RT-003540,0,0
RT-003541,0,0
RT-003542,0,0
RT-003543,1,0
RT-003544,0,0
RT-003545,0,0
RT-003546,0,0
RT-003547,1,0
RT-003548,0,0
RT-003549,0,0
RT-003550,0,0
RT-003551,1,0
RT-003552,0,0
RT-003553,0,0
RT-003554,0,0
RT-003555,0,0
RT-003556,0,0
RT-003557,1,0
RT-003558,1,0
RT-003559,0,0
RT-003560,0,0
RT-003561,0,0
RT-003562,0,0
RT-003563,0,0
RT-003564,1,0
RT-003565,0,1
RT-003566,0,0
RT-003567,0,0
RT-003568,0,0
RT-003569,0,0
RT-003570,0,1
RT-003571,0,0
RT-003572,0,0
RT-003573,1,0
RT-003574,1,0
RT-003575,1,0
RT-003576,1,0
RT-003577,0,0
RT-003578,0,1
RT-003579,0,0
RT-003580,0,0
RT-003581,1,0
RT-003582,0,0
RT-003583,0,0
RT-003584,0,0
RT-003585,0,0
RT-003586,0,0
RT-003587,0,0
RT-003588,1,0
RT-003589,0,0
RT-003590,1,0
RT-003591,1,0
RT-003592,1,0
RT-003593,1,0
RT-003594,0,0
RT-003595,0,0
RT-003596,1,0
RT-003597,1,0
RT-003598,0,0
RT-003599,0,1
RT-003600,1,0
RT-003601,1,0
RT-003602,0,0
RT-003603,0,0
RT-003604,0,0
RT-003605,0,0
RT-003606,0,0
RT-003607,1,0
RT-003608,1,0
RT-003609,0,0
RT-003610,0,0
RT-003611,0,0
RT-003612,0,0
RT-003613,1,0
RT-003614,0,0
RT-003615,0,1
RT-003616,0,0
RT-003617,0,0
RT-003618,0,0
RT-003619,0,0
RT-003620,0,1
RT-003621,0,0
RT-003622,0,0
RT-003623,0,0
RT-003624,0,0
RT-003625,1,0
RT-003626,0,0
RT-003627,0,0
RT-003628,0,0
RT-003629,0,0
RT-003630,0,0
RT-003631,1,0
RT-003632,1,0
RT-003633,1,0
RT-003634,0,0
RT-003635,1,0
RT-003636,0,0
RT-003637,0,0
RT-003638,0,0
RT-003639,0,0
RT-003640,0,0
RT-003641,0,0
RT-003642,1,0
RT-003643,0,0
RT-003644,0,0
RT-003645,1,0
RT-003646,1,0
RT-003647,0,1
RT-003648,1,0
RT-003649,0,0
RT-003650,0,0
RT-003651,0,1
RT-003652,0,0
RT-003653,1,0
RT-003654,1,0
RT-003655,0,1
RT-003656,0,0
RT-003657,0,0
RT-003658,1,0
RT-003659,0,1
RT-003660,1,0
RT-003661,0,0
RT-003662,0,0
RT-003663,0,0
RT-003664,0,0
RT-003665,0,0
RT-003666,0,0
RT-003667,1,0
RT-003668,1,0
RT-003669,0,0
RT-003670,0,1
RT-003671,1,0
RT-003672,1,0
RT-003673,0,1
RT-003674,0,0
RT-003675,1,0
RT-003676,0,0
RT-003677,0,0
RT-003678,1,0
RT-003679,0,0
RT-003680,0,1
RT-003681,0,0
RT-003682,1,0
RT-003683,0,0
RT-003684,0,1
RT-003685,1,0
RT-003686,0,0
RT-003687,1,0
RT-003688,0,0
RT-003689,0,1
RT-003690,1,0
RT-003691,0,0
RT-003692,0,0
RT-003693,0,0
RT-003694,1,0
RT-003695,0,0
RT-003696,0,0
RT-003697,0,0
RT-003698,1,0
RT-003699,0,0
RT-003700,1,0
RT-003701,0,0
RT-003702,0,0
RT-003703,1,0
RT-003704,0,0
RT-003705,0,0
RT-003706,0,0
RT-003707,0,0
RT-003708,0,0
RT-003709,1,0
RT-003710,0,0
RT-003711,1,1
RT-003712,0,1
RT-003713,0,0
RT-003714,0,0
RT-003715,1,0
RT-003716,0,0
RT-003717,0,0
RT-003718,1,0
RT-003719,0,0
RT-003720,1,0
RT-003721,1,0
RT-003722,0,1
RT-003723,0,0
RT-003724,1,0
RT-003725,0,0
RT-003726,1,0
RT-003727,0,0
RT-003728,0,0
RT-003729,0,0
RT-003730,0,0
RT-003731,0,0
RT-003732,0,0
RT-003733,1,0
RT-003734,1,0
RT-003735,0,0
RT-003736,0,0
RT-003737,0,0
RT-003738,1,0
RT-003739,0,1
RT-003740,0,0
RT-003741,1,0
RT-003742,0,0
RT-003743,1,0
RT-003744,0,0
RT-003745,0,0
RT-003746,0,0
RT-003747,0,0
RT-003748,0,0
RT-003749,1,0
RT-003750,0,0
RT-003751,0,0
RT-003752,1,0
RT-003753,0,0
RT-003754,1,0
RT-003755,0,0
RT-003756,1,0
RT-003757,0,0
RT-003758,0,0
RT-003759,1,0
RT-003760,0,0
RT-003761,0,0
RT-003762,0,0
RT-003763,0,0
RT-003764,1,0
RT-003765,0,0
RT-003766,0,0
RT-003767,0,0
RT-003768,0,0
RT-003769,0,0
RT-003770,0,0
RT-003771,0,1
RT-003772,1,0
RT-003773,0,0
RT-003774,0,0
RT-003775,0,0
RT-003776,1,0
RT-003777,0,0
RT-003778,0,0
RT-003779,0,1
RT-003780,0,0
RT-003781,1,0
RT-003782,1,0
RT-003783,0,1
RT-003784,0,0
RT-003785,0,0
RT-003786,0,0
RT-003787,1,0
RT-003788,0,0
RT-003789,1,0
RT-003790,0,0
RT-003791,0,0
RT-003792,1,0
RT-003793,0,0
RT-003794,1,0
RT-003795,1,0
RT-003796,0,0
RT-003797,1,0
RT-003798,0,0
RT-003799,1,0
RT-003800,0,0
RT-003801,0,0
RT-003802,1,0
RT-003803,0,0
RT-003804,0,0
RT-003805,0,0
RT-003806,0,0
RT-003807,1,0
RT-003808,1,0
RT-003809,0,0
RT-003810,0,0
RT-003811,0,1
RT-003812,1,0
RT-003813,0,1
RT-003814,1,0
RT-003815,0,0
RT-003816,0,0
RT-003817,0,0
RT-003818,0,0
RT-003819,1,0
RT-003820,0,0
RT-003821,0,0
RT-003822,0,0
RT-003823,0,1
RT-003824,1,0
RT-003825,0,0
RT-003826,0,0
RT-003827,0,0
RT-003828,1,0
RT-003829,0,0
RT-003830,0,0
RT-003831,0,0
RT-003832,0,0
RT-003833,0,0
RT-003834,0,0
RT-003835,0,1
RT-003836,0,0
RT-003837,0,0
RT-003838,0,0
RT-003839,0,1
RT-003840,1,0
RT-003841,0,1
RT-003842,0,0
RT-003843,0,0
RT-003844,1,0
RT-003845,1,0
RT-003846,0,0
RT-003847,1,0
RT-003848,1,0
RT-003849,0,0
RT-003850,0,0
RT-003851,0,0
RT-003852,0,0
RT-003853,0,0
RT-003854,0,0
RT-003855,0,0
RT-003856,1,0
RT-003857,0,0
RT-003858,0,0
RT-003859,0,0
RT-003860,0,0
RT-003861,0,0
RT-003862,0,0
RT-003863,0,0
RT-003864,0,0
RT-003865,0,0
RT-003866,0,0
RT-003867,0,0
RT-003868,0,0
RT-003869,0,1
RT-003870,0,0
RT-003871,0,0
RT-003872,0,0
RT-003873,0,0
RT-003874,1,0
RT-003875,0,1
RT-003876,0,0
RT-003877,1,0
RT-003878,0,1
RT-003879,0,0
RT-003880,0,0
RT-003881,0,0
RT-003882,0,1
RT-003883,0,0
RT-003884,0,0
RT-003885,0,0
RT-003886,0,0
RT-003887,0,0
RT-003888,1,0
RT-003889,0,0
RT-003890,0,0
RT-003891,0,0
RT-003892,0,0
RT-003893,0,0
RT-003894,1,0
RT-003895,0,1
RT-003896,0,0
RT-003897,1,0
RT-003898,0,0
RT-003899,1,0
RT-003900,1,0
RT-003901,0,0
RT-003902,1,0
RT-003903,1,0
RT-003904,0,0
RT-003905,0,0
RT-003906,0,0
RT-003907,1,0
RT-003908,1,0
RT-003909,0,0
RT-003910,1,0
RT-003911,1,0
RT-003912,1,0
RT-003913,0,0
RT-003914,1,0
RT-003915,0,0
RT-003916,1,0
RT-003917,0,0
RT-003918,1,0
RT-003919,0,0
RT-003920,0,0
RT-003921,0,0
RT-003922,0,0
RT-003923,0,0
RT-003924,0,0
RT-003925,1,0
RT-003926,1,0
RT-003927,1,0
RT-003928,1,0
RT-003929,0,0
RT-003930,0,0
RT-003931,0,0
RT-003932,0,1
RT-003933,0,0
RT-003934,0,1
RT-003935,0,1
RT-003936,0,1
RT-003937,0,0
RT-003938,1,0
RT-003939,0,0
RT-003940,0,0
RT-003941,0,0
RT-003942,0,0
RT-003943,1,0
RT-003944,0,1
RT-003945,0,0
RT-003946,0,0
RT-003947,0,0
RT-003948,1,0
RT-003949,1,0
RT-003950,0,1
RT-003951,1,0
RT-003952,0,0
RT-003953,0,0
RT-003954,0,0
RT-003955,0,0
RT-003956,0,0
RT-003957,1,0
RT-003958,1,0
RT-003959,0,0
RT-003960,1,0
RT-003961,0,0
RT-003962,0,0
RT-003963,0,0
RT-003964,0,0
RT-003965,0,1
RT-003966,0,0
RT-003967,0,0
RT-003968,1,0
RT-003969,0,0
RT-003970,0,0
RT-003971,0,1
RT-003972,1,0
RT-003973,0,0
RT-003974,0,0
RT-003975,1,0
RT-003976,1,0
RT-003977,0,0
RT-003978,0,0
RT-003979,0,0
RT-003980,0,0
RT-003981,1,0
RT-003982,0,0
RT-003983,1,0
RT-003984,0,0
RT-003985,0,0
RT-003986,0,0
RT-003987,0,0
RT-003988,0,0
RT-003989,1,0
RT-003990,0,0
RT-003991,1,0
RT-003992,0,0
RT-003993,0,0
RT-003994,1,0
RT-003995,0,0
RT-003996,0,0
RT-003997,0,0
RT-003998,0,0
RT-003999,0,0
RT-004000,0,0
RT-004001,1,0
RT-004002,0,0
RT-004003,1,0
RT-004004,1,0
RT-004005,0,0
RT-004006,0,0
RT-004007,0,0
RT-004008,0,1
RT-004009,1,0
RT-004010,0,0
RT-004011,0,0
RT-004012,1,0
RT-004013,0,0
RT-004014,0,0
RT-004015,1,0
RT-004016,1,0
RT-004017,0,0
RT-004018,0,0
RT-004019,0,0
RT-004020,0,1
RT-004021,1,0
RT-004022,0,0
RT-004023,1,0
RT-004024,1,0
RT-004025,1,0
RT-004026,0,1
RT-004027,0,1
RT-004028,0,0
RT-004029,0,0
RT-004030,0,0
RT-004031,1,0
RT-004032,1,0
RT-004033,0,0
RT-004034,1,0
RT-004035,0,0
RT-004036,1,0
RT-004037,0,0
RT-004038,0,0
RT-004039,1,0
RT-004040,0,0
RT-004041,1,0
RT-004042,1,0
RT-004043,0,0
RT-004044,1,0
RT-004045,0,0
RT-004046,0,1
RT-004047,1,0
RT-004048,0,0
RT-004049,0,1
RT-004050,0,0
RT-004051,1,0
RT-004052,0,0
RT-004053,1,0
RT-004054,0,0
RT-004055,0,1
RT-004056,1,0
RT-004057,1,0
RT-004058,1,0
RT-004059,0,0
RT-004060,1,1
RT-004061,0,1
RT-004062,0,0
RT-004063,1,0
RT-004064,0,0
RT-004065,0,0
RT-004066,0,0
RT-004067,1,0
RT-004068,0,0
RT-004069,0,0
RT-004070,0,0
RT-004071,0,0
RT-004072,1,0
RT-004073,1,0
RT-004074,0,0
RT-004075,0,0
RT-004076,0,0
RT-004077,0,0
RT-004078,1,0
RT-004079,0,0
RT-004080,1,0
RT-004081,0,0
RT-004082,0,0
RT-004083,0,0
RT-004084,1,0
RT-004085,1,0
RT-004086,1,0
RT-004087,1,0
RT-004088,0,0
RT-004089,0,0
RT-004090,1,0
RT-004091,1,0
RT-004092,1,0
RT-004093,1,0
RT-004094,0,0
RT-004095,0,0
RT-004096,1,0
RT-004097,1,0
RT-004098,0,0
RT-004099,0,0
RT-004100,0,0
RT-004101,0,0
RT-004102,0,0
RT-004103,0,0
RT-004104,1,0
RT-004105,0,0
RT-004106,0,1
RT-004107,0,0
RT-004108,0,0
RT-004109,0,0
RT-004110,1,0
RT-004111,0,0
RT-004112,0,0
RT-004113,1,0
RT-004114,0,0
RT-004115,0,1
RT-004116,1,0
RT-004117,0,0
RT-004118,0,0
RT-004119,0,0
RT-004120,0,0
RT-004121,0,0
RT-004122,0,0
RT-004123,0,0
RT-004124,0,0
RT-004125,0,1
RT-004126,0,0
RT-004127,0,0
RT-004128,0,0
RT-004129,0,0
RT-004130,0,0
RT-004131,1,0
RT-004132,1,0
RT-004133,1,0
RT-004134,0,0
RT-004135,0,0
RT-004136,0,0
RT-004137,1,0
RT-004138,0,0
RT-004139,0,0
RT-004140,1,0
RT-004141,0,0
RT-004142,1,0
RT-004143,0,0
RT-004144,0,0
RT-004145,1,0
RT-004146,0,0
RT-004147,0,0
RT-004148,0,1
RT-004149,1,0
RT-004150,0,0
RT-004151,1,0
RT-004152,0,0
RT-004153,0,0
RT-004154,0,0
RT-004155,0,0
RT-004156,0,0
RT-004157,0,1
RT-004158,0,0
RT-004159,1,1
RT-004160,0,0
RT-004161,0,0
RT-004162,0,0
RT-004163,1,0
RT-004164,1,1
RT-004165,0,0
RT-004166,0,0
RT-004167,0,0
RT-004168,0,0
RT-004169,1,0
RT-004170,0,0
RT-004171,0,1
RT-004172,0,0
RT-004173,0,0
RT-004174,0,0
RT-004175,0,0
RT-004176,0,0
RT-004177,0,0
RT-004178,0,0
RT-004179,0,0
RT-004180,0,1
RT-004181,1,0
RT-004182,1,0
RT-004183,0,1
RT-004184,0,0
RT-004185,0,0
RT-004186,0,1
RT-004187,0,0
RT-004188,1,0
RT-004189,0,0
RT-004190,0,0
RT-004191,0,0
RT-004192,1,0
RT-004193,0,0
RT-004194,0,0
RT-004195,0,0
RT-004196,0,0
RT-004197,1,0
RT-004198,0,0
RT-004199,0,0
RT-004200,0,0
RT-004201,1,0
RT-004202,0,0
RT-004203,0,0
RT-004204,1,0
RT-004205,0,0
RT-004206,0,0
RT-004207,0,0
RT-004208,1,0
RT-004209,0,0
RT-004210,1,0
RT-004211,1,0
RT-004212,1,0
RT-004213,1,0
RT-004214,1,0
RT-004215,1,1
RT-004216,0,0
RT-004217,0,0
RT-004218,1,0
RT-004219,0,0
RT-004220,0,0
RT-004221,0,0
RT-004222,0,0
RT-004223,0,1
RT-004224,0,0
RT-004225,1,0
RT-004226,1,0
RT-004227,0,0
RT-004228,0,1
RT-004229,0,0
RT-004230,1,0
RT-004231,0,0
RT-004232,0,0
RT-004233,0,0
RT-004234,1,0
RT-004235,0,0
RT-004236,1,0
RT-004237,0,0
RT-004238,0,0
RT-004239,1,0
RT-004240,0,1
RT-004241,0,0
RT-004242,1,0
RT-004243,1,0
RT-004244,0,0
RT-004245,0,0
RT-004246,0,0
RT-004247,0,0
RT-004248,0,0
RT-004249,0,0
RT-004250,1,0
RT-004251,1,0
RT-004252,0,0
RT-004253,1,0
RT-004254,0,0
RT-004255,0,0
RT-004256,0,1
RT-004257,1,0
RT-004258,0,0
RT-004259,0,0
RT-004260,1,0
RT-004261,0,0
RT-004262,1,0
RT-004263,1,0
RT-004264,0,1
RT-004265,0,0
RT-004266,1,0
RT-004267,1,0
RT-004268,1,0
RT-004269,0,0
RT-004270,1,0
RT-004271,0,0
RT-004272,1,0
RT-004273,0,0
RT-004274,0,0
RT-004275,0,0
RT-004276,0,0
RT-004277,1,0
RT-004278,0,1
RT-004279,0,0
RT-004280,0,0
RT-004281,0,0
RT-004282,0,1
RT-004283,0,0
RT-004284,0,0
RT-004285,0,1
RT-004286,0,0
RT-004287,0,0
RT-004288,1,0
RT-004289,0,0
RT-004290,0,0
RT-004291,0,0
RT-004292,0,0
RT-004293,0,0
RT-004294,0,0
RT-004295,0,0
RT-004296,0,0
RT-004297,1,0
RT-004298,0,0
RT-004299,0,0
RT-004300,0,0
RT-004301,0,0
RT-004302,0,0
RT-004303,1,0
RT-004304,0,0
RT-004305,0,0
RT-004306,0,0
RT-004307,1,0
RT-004308,0,0
RT-004309,1,0
RT-004310,0,0
RT-004311,1,0
RT-004312,0,0
RT-004313,0,0
RT-004314,0,0
RT-004315,0,0
RT-004316,0,0
RT-004317,0,0
RT-004318,0,0
RT-004319,1,0
RT-004320,1,0
RT-004321,1,0
RT-004322,1,0
RT-004323,0,0
RT-004324,0,1
RT-004325,0,0
RT-004326,0,1
RT-004327,1,0
RT-004328,0,0
RT-004329,0,1
RT-004330,0,1
RT-004331,0,0
RT-004332,0,1
RT-004333,1,0
RT-004334,1,0
RT-004335,1,0
RT-004336,1,0
RT-004337,0,0
RT-004338,1,0
RT-004339,1,0
RT-004340,0,0
RT-004341,1,0
RT-004342,1,0
RT-004343,1,0
RT-004344,0,1
RT-004345,1,0
RT-004346,1,0
RT-004347,0,0
RT-004348,0,0
RT-004349,0,0
RT-004350,0,0
RT-004351,1,0
RT-004352,1,0
RT-004353,0,0
RT-004354,0,0
RT-004355,1,0
RT-004356,1,0
RT-004357,0,0
RT-004358,1,0
RT-004359,0,1
RT-004360,0,1
RT-004361,0,0
RT-004362,0,0
RT-004363,1,0
RT-004364,0,0
RT-004365,1,0
RT-004366,0,0
RT-004367,0,0
RT-004368,1,0
RT-004369,0,0
RT-004370,0,0
RT-004371,0,0
RT-004372,0,1
RT-004373,0,0
RT-004374,0,0
RT-004375,0,0
RT-004376,1,0
RT-004377,0,0
RT-004378,0,0
RT-004379,1,0
RT-004380,0,0
RT-004381,0,0
RT-004382,0,0
RT-004383,0,0
RT-004384,0,0
RT-004385,0,0
RT-004386,0,0
RT-004387,0,0
RT-004388,0,1
RT-004389,1,0
RT-004390,0,1
RT-004391,0,1
RT-004392,0,0
RT-004393,0,0
RT-004394,0,0
RT-004395,0,0
RT-004396,0,0
RT-004397,0,0
RT-004398,1,0
RT-004399,0,0
RT-004400,0,0
RT-004401,0,1
RT-004402,1,0
RT-004403,0,0
RT-004404,1,0
RT-004405,1,0
RT-004406,0,0
RT-004407,0,0
RT-004408,0,0
RT-004409,0,0
RT-004410,0,0
RT-004411,0,0
RT-004412,0,0
RT-004413,0,0
RT-004414,0,0
RT-004415,0,0
RT-004416,0,0
RT-004417,0,0
RT-004418,1,0
RT-004419,0,0
RT-004420,0,0
RT-004421,0,0
RT-004422,0,0
RT-004423,0,0
RT-004424,1,0
RT-004425,0,0
RT-004426,0,0
RT-004427,1,0
RT-004428,0,0
RT-004429,0,0
RT-004430,1,0
RT-004431,0,0
RT-004432,0,0
RT-004433,0,0
RT-004434,1,0
RT-004435,1,0
RT-004436,1,0
RT-004437,0,0
RT-004438,0,0
RT-004439,1,0
RT-004440,0,1
RT-004441,0,0
RT-004442,0,1
RT-004443,1,0
RT-004444,0,0
RT-004445,0,1
RT-004446,0,0
RT-004447,0,0
RT-004448,1,0
RT-004449,1,0
RT-004450,0,0
RT-004451,0,0
RT-004452,0,0
RT-004453,0,0
RT-004454,0,0
RT-004455,0,0
RT-004456,0,0
RT-004457,0,0
RT-004458,0,0
RT-004459,0,0
RT-004460,0,0
RT-004461,0,0
RT-004462,1,0
RT-004463,1,0
RT-004464,0,0
RT-004465,0,0
RT-004466,0,0
RT-004467,0,0
RT-004468,0,0
RT-004469,0,1
RT-004470,0,0
RT-004471,0,0
RT-004472,0,0
RT-004473,0,0
RT-004474,1,0
RT-004475,0,0
RT-004476,0,0
RT-004477,0,0
RT-004478,0,0
RT-004479,1,0
RT-004480,0,0
RT-004481,0,0
RT-004482,1,0
RT-004483,0,0
RT-004484,0,0
RT-004485,0,0
RT-004486,0,0
RT-004487,0,0
RT-004488,0,0
RT-004489,1,0
RT-004490,1,0
RT-004491,1,0
RT-004492,0,0
RT-004493,1,0
RT-004494,0,0
RT-004495,0,0
RT-004496,0,0
RT-004497,0,0
RT-004498,0,0
RT-004499,0,1
RT-004500,0,0
RT-004501,0,0
RT-004502,1,0
RT-004503,1,0
RT-004504,1,0
RT-004505,0,0
RT-004506,0,0
RT-004507,0,0
RT-004508,0,0
RT-004509,0,1
RT-004510,1,0
RT-004511,1,0
RT-004512,0,0
RT-004513,1,0
RT-004514,0,0
RT-004515,1,0
RT-004516,0,0
RT-004517,0,0
RT-004518,0,0
RT-004519,0,0
RT-004520,0,0
RT-004521,0,0
RT-004522,0,0
RT-004523,1,0
RT-004524,0,0
RT-004525,0,0
RT-004526,1,0
RT-004527,0,0
RT-004528,0,0
RT-004529,0,0
RT-004530,0,0
RT-004531,1,0
RT-004532,0,0
RT-004533,0,0
RT-004534,0,0
RT-004535,0,0
RT-004536,0,1
RT-004537,0,0
RT-004538,0,0
RT-004539,1,0
RT-004540,0,0
RT-004541,1,0
RT-004542,1,0
RT-004543,0,0
RT-004544,1,0
RT-004545,0,0
RT-004546,0,0
RT-004547,1,0
RT-004548,0,0
RT-004549,0,0
RT-004550,0,0
RT-004551,0,1
RT-004552,0,0
RT-004553,1,0
RT-004554,0,0
RT-004555,0,0
RT-004556,0,0
RT-004557,0,0
RT-004558,0,0
RT-004559,0,0
RT-004560,0,0
RT-004561,0,0
RT-004562,1,0
RT-004563,0,0
RT-004564,0,0
RT-004565,1,0
RT-004566,0,1
RT-004567,1,0
RT-004568,0,0
RT-004569,0,0
RT-004570,1,0
RT-004571,0,0
RT-004572,0,0
RT-004573,0,0
RT-004574,1,1
RT-004575,0,0
RT-004576,0,0
RT-004577,0,0
RT-004578,0,0
RT-004579,0,0
RT-004580,0,1
RT-004581,0,0
RT-004582,0,0
RT-004583,0,0
RT-004584,1,0
RT-004585,1,0
RT-004586,1,0
RT-004587,1,0
RT-004588,0,0
RT-004589,1,0
RT-004590,0,0
RT-004591,1,0
RT-004592,0,0
RT-004593,0,0
RT-004594,0,0
RT-004595,0,0
RT-004596,0,1
RT-004597,1,0
RT-004598,0,0
RT-004599,0,0
RT-004600,1,0
RT-004601,0,0
RT-004602,0,0
RT-004603,1,0
RT-004604,1,0
RT-004605,1,0
RT-004606,1,0
RT-004607,0,0
RT-004608,1,0
RT-004609,0,0
RT-004610,0,0
RT-004611,0,0
RT-004612,0,0
RT-004613,0,0
RT-004614,1,0
RT-004615,0,0
RT-004616,0,0
RT-004617,0,1
RT-004618,0,0
RT-004619,1,0
RT-004620,0,1
RT-004621,1,0
RT-004622,0,0
RT-004623,0,1
RT-004624,0,0
RT-004625,0,0
RT-004626,0,0
RT-004627,0,0
RT-004628,0,0
RT-004629,0,0
RT-004630,0,0
RT-004631,0,0
RT-004632,0,0
RT-004633,1,0
RT-004634,0,0
RT-004635,0,0
RT-004636,1,0
RT-004637,0,0
RT-004638,0,0
RT-004639,1,0
RT-004640,0,0
RT-004641,0,0
RT-004642,0,0
RT-004643,0,0
RT-004644,0,0
RT-004645,0,0
RT-004646,1,0
RT-004647,0,0
RT-004648,0,0
RT-004649,0,1
RT-004650,1,0
RT-004651,0,0
RT-004652,0,0
RT-004653,0,0
RT-004654,0,0
RT-004655,0,0
RT-004656,0,0
RT-004657,0,0
RT-004658,0,0
RT-004659,0,0
RT-004660,0,1
RT-004661,0,0
RT-004662,1,0
RT-004663,0,0
RT-004664,1,0
RT-004665,1,0
RT-004666,0,0
RT-004667,0,0
RT-004668,0,0
RT-004669,0,0
RT-004670,0,0
RT-004671,0,0
RT-004672,1,0
RT-004673,0,0
RT-004674,0,0
RT-004675,0,0
RT-004676,0,0
RT-004677,0,0
RT-004678,0,0
RT-004679,0,0
RT-004680,1,0
RT-004681,0,0
RT-004682,0,0
RT-004683,0,1
RT-004684,0,1
RT-004685,0,0
RT-004686,0,0
RT-004687,1,0
RT-004688,0,0
RT-004689,1,0
RT-004690,0,0
RT-004691,0,0
RT-004692,0,0
RT-004693,0,0
RT-004694,0,1
RT-004695,0,0
RT-004696,0,0
RT-004697,0,0
RT-004698,0,0
RT-004699,1,0
RT-004700,0,0
RT-004701,1,0
RT-004702,0,0
RT-004703,0,0
RT-004704,0,0
RT-004705,0,0
RT-004706,0,0
RT-004707,0,0
RT-004708,1,0
RT-004709,0,0
RT-004710,1,0
RT-004711,0,1
RT-004712,0,0
RT-004713,1,0
RT-004714,0,0
RT-004715,0,0
RT-004716,0,0
RT-004717,0,0
RT-004718,0,0
RT-004719,1,0
RT-004720,1,0
RT-004721,1,0
RT-004722,0,1
RT-004723,0,0
RT-004724,0,0
RT-004725,0,0
RT-004726,0,0
RT-004727,0,1
RT-004728,0,0
RT-004729,1,0
RT-004730,1,0
RT-004731,0,0
RT-004732,0,0
RT-004733,0,0
RT-004734,0,0
RT-004735,0,0
RT-004736,0,0
RT-004737,0,0
RT-004738,1,0
RT-004739,0,0
RT-004740,0,1
RT-004741,0,0
RT-004742,0,0
RT-004743,0,0
RT-004744,0,0
RT-004745,1,0
RT-004746,0,0
RT-004747,1,0
RT-004748,0,0
RT-004749,0,0
RT-004750,0,0
RT-004751,0,0
RT-004752,0,0
RT-004753,0,0
RT-004754,0,0
RT-004755,0,0
RT-004756,0,0
RT-004757,0,1
RT-004758,0,1
RT-004759,0,0
RT-004760,0,0
RT-004761,1,0
RT-004762,0,0
RT-004763,0,0
RT-004764,0,0
RT-004765,1,0
RT-004766,0,0
RT-004767,0,0
RT-004768,1,0
RT-004769,1,0
RT-004770,0,0
RT-004771,0,0
RT-004772,0,0
RT-004773,0,0
RT-004774,0,0
RT-004775,0,0
RT-004776,0,0
RT-004777,0,0
RT-004778,0,0
RT-004779,0,0
RT-004780,0,0
RT-004781,1,0
RT-004782,0,0
RT-004783,0,0
RT-004784,1,0
RT-004785,1,0
RT-004786,0,0
RT-004787,0,0
RT-004788,0,0
RT-004789,0,0
RT-004790,1,0
RT-004791,0,0
RT-004792,1,0
RT-004793,1,0
RT-004794,1,0
RT-004795,0,0
RT-004796,0,0
RT-004797,1,0
RT-004798,0,0
RT-004799,1,0
RT-004800,1,0
RT-004801,0,0
RT-004802,0,0
RT-004803,1,0
RT-004804,0,0
RT-004805,0,0
RT-004806,1,0
RT-004807,1,0
RT-004808,1,0
RT-004809,0,0
RT-004810,1,0
RT-004811,0,1
RT-004812,1,0
RT-004813,1,0
RT-004814,0,0
RT-004815,0,1
RT-004816,0,0
RT-004817,0,0
RT-004818,0,0
RT-004819,0,0
RT-004820,0,0
RT-004821,0,0
RT-004822,0,0
RT-004823,1,0
RT-004824,1,0
RT-004825,0,0
RT-004826,1,0
RT-004827,0,0
RT-004828,0,0
RT-004829,0,0
RT-004830,0,0
RT-004831,1,0
RT-004832,0,0
RT-004833,0,0
RT-004834,0,0
RT-004835,1,0
RT-004836,0,1
RT-004837,0,0
RT-004838,1,1
RT-004839,0,0
RT-004840,0,0
RT-004841,1,0
RT-004842,1,0
RT-004843,0,0
RT-004844,1,0
RT-004845,0,0
RT-004846,1,0
RT-004847,1,0
RT-004848,0,0
RT-004849,0,1
RT-004850,0,0
RT-004851,0,0
RT-004852,0,0
RT-004853,0,0
RT-004854,1,0
RT-004855,0,0
RT-004856,1,0
RT-004857,0,0
RT-004858,0,0
RT-004859,0,0
RT-004860,0,0
RT-004861,0,0
RT-004862,0,0
RT-004863,0,0
RT-004864,0,0
RT-004865,1,1
RT-004866,0,0
RT-004867,1,0
RT-004868,0,0
RT-004869,0,0
RT-004870,1,0
RT-004871,0,0
RT-004872,0,0
RT-004873,0,0
RT-004874,0,0
RT-004875,0,0
RT-004876,1,0
RT-004877,0,0
RT-004878,0,0
RT-004879,1,0
RT-004880,0,0
RT-004881,1,0
RT-004882,0,1
RT-004883,0,0
RT-004884,0,0
RT-004885,0,1
RT-004886,1,0
RT-004887,0,0
RT-004888,1,0
RT-004889,0,0
RT-004890,0,0
RT-004891,0,0
RT-004892,1,0
RT-004893,0,0
RT-004894,0,0
RT-004895,0,0
RT-004896,1,0
RT-004897,1,0
RT-004898,1,0
RT-004899,1,0
RT-004900,0,0
RT-004901,0,0
RT-004902,0,0
RT-004903,0,0
RT-004904,0,0
RT-004905,0,0
RT-004906,0,0
RT-004907,0,0
RT-004908,1,0
RT-004909,0,0
RT-004910,1,0
RT-004911,0,0
RT-004912,0,0
RT-004913,0,0
RT-004914,0,0
RT-004915,1,0
RT-004916,0,0
RT-004917,0,0
RT-004918,0,0
RT-004919,0,0
RT-004920,1,0
RT-004921,0,0
RT-004922,0,0
RT-004923,1,0
RT-004924,0,0
RT-004925,1,0
RT-004926,1,0
RT-004927,0,0
RT-004928,1,0
RT-004929,0,0
RT-004930,1,0
RT-004931,1,0
RT-004932,1,0
RT-004933,1,0
RT-004934,1,0
RT-004935,0,0
RT-004936,0,0
RT-004937,1,0
RT-004938,1,0
RT-004939,0,0
RT-004940,0,0
RT-004941,0,0
RT-004942,0,0
RT-004943,0,0
RT-004944,0,0
RT-004945,1,0
RT-004946,1,0
RT-004947,1,0
RT-004948,0,0
RT-004949,0,0
RT-004950,0,0
RT-004951,0,0
RT-004952,0,0
RT-004953,1,0
RT-004954,0,1
RT-004955,1,0
RT-004956,0,0
RT-004957,0,1
RT-004958,0,0
RT-004959,0,0
RT-004960,0,0
RT-004961,0,0
RT-004962,0,0
RT-004963,1,0
RT-004964,0,0
RT-004965,1,0
RT-004966,0,0
RT-004967,0,1
RT-004968,0,0
RT-004969,0,0
RT-004970,0,1
RT-004971,1,0
RT-004972,0,0
RT-004973,0,0
RT-004974,0,1
RT-004975,0,0
RT-004976,0,0
RT-004977,0,0
RT-004978,1,0
RT-004979,1,0
RT-004980,1,0
RT-004981,0,0
RT-004982,1,1
RT-004983,0,0
RT-004984,0,0
RT-004985,0,0
RT-004986,0,0
RT-004987,0,0
RT-004988,0,0
RT-004989,0,0
RT-004990,0,0
RT-004991,0,0
RT-004992,0,0
RT-004993,1,0
RT-004994,0,0
RT-004995,0,0
RT-004996,0,0
RT-004997,0,0
RT-004998,0,0
RT-004999,0,0
RT-005000,0,0
RT-005001,1,0
RT-005002,1,0
RT-005003,0,0
RT-005004,1,0
RT-005005,0,0
RT-005006,0,0
RT-005007,1,0
RT-005008,0,0
RT-005009,0,0
RT-005010,0,0
RT-005011,0,0
RT-005012,0,0
RT-005013,0,0
RT-005014,0,0
RT-005015,0,0
RT-005016,0,0
RT-005017,0,0
RT-005018,1,0
RT-005019,0,0
RT-005020,0,0
RT-005021,0,0
RT-005022,1,0
RT-005023,0,0
RT-005024,0,0
RT-005025,0,0
RT-005026,1,0
RT-005027,0,1
RT-005028,0,0
RT-005029,0,0
RT-005030,1,0
RT-005031,0,0
RT-005032,0,0
RT-005033,1,0
RT-005034,0,0
RT-005035,1,0
RT-005036,0,0
RT-005037,0,0
RT-005038,0,0
RT-005039,0,0
RT-005040,1,0
RT-005041,0,0
RT-005042,0,0
RT-005043,0,0
RT-005044,0,1
RT-005045,0,0
RT-005046,1,0
RT-005047,0,0
RT-005048,1,0
RT-005049,1,0
RT-005050,0,0
RT-005051,0,0
RT-005052,0,0
RT-005053,0,0
RT-005054,0,1
RT-005055,0,0
RT-005056,1,0
RT-005057,1,0
RT-005058,0,0
RT-005059,0,0
RT-005060,0,1
RT-005061,0,0
RT-005062,1,0
RT-005063,0,0
RT-005064,0,0
RT-005065,0,0
RT-005066,1,0
RT-005067,0,0
RT-005068,0,0
RT-005069,0,0
RT-005070,0,0
RT-005071,0,0
RT-005072,0,0
RT-005073,0,0
RT-005074,0,0
RT-005075,1,0
RT-005076,0,0
RT-005077,1,0
RT-005078,0,0
RT-005079,0,0
RT-005080,0,0
RT-005081,0,0
RT-005082,1,0
RT-005083,0,0
RT-005084,0,0
RT-005085,1,0
RT-005086,0,0
RT-005087,0,0
RT-005088,1,0
RT-005089,1,0
RT-005090,0,0
RT-005091,0,0
RT-005092,0,0
RT-005093,1,0
RT-005094,1,0
RT-005095,1,0
RT-005096,1,0
RT-005097,1,0
RT-005098,0,0
RT-005099,1,0
RT-005100,0,0
RT-005101,0,0
RT-005102,1,0
RT-005103,0,0
RT-005104,0,0
RT-005105,0,0
RT-005106,1,0
RT-005107,1,0
RT-005108,0,0
RT-005109,0,0
RT-005110,0,0
RT-005111,1,0
RT-005112,0,0
RT-005113,0,0
RT-005114,0,1
RT-005115,1,0
RT-005116,0,1
RT-005117,1,0
RT-005118,0,0
RT-005119,0,0
RT-005120,1,0
RT-005121,0,0
RT-005122,1,0
RT-005123,0,1
RT-005124,0,0
RT-005125,0,0
RT-005126,0,0
RT-005127,1,0
RT-005128,0,0
RT-005129,0,0
RT-005130,0,0
RT-005131,0,0
RT-005132,0,0
RT-005133,0,0
RT-005134,0,0
RT-005135,0,0
RT-005136,1,0
RT-005137,1,0
RT-005138,0,1
RT-005139,0,0
RT-005140,0,0
RT-005141,0,0
RT-005142,1,0
RT-005143,0,0
RT-005144,1,0
RT-005145,0,0
RT-005146,0,0
RT-005147,1,0
RT-005148,0,0
RT-005149,0,0
RT-005150,0,0
RT-005151,1,0
RT-005152,1,0
RT-005153,0,0
RT-005154,0,0
RT-005155,0,0
RT-005156,1,0
RT-005157,1,0
RT-005158,0,0
RT-005159,1,0
RT-005160,0,0
RT-005161,1,0
RT-005162,0,0
RT-005163,0,0
RT-005164,0,0
RT-005165,1,0
RT-005166,0,0
RT-005167,0,1
RT-005168,0,0
RT-005169,0,0
RT-005170,1,0
RT-005171,0,0
RT-005172,0,0
RT-005173,0,0
RT-005174,0,0
RT-005175,0,1
RT-005176,0,0
RT-005177,1,0
RT-005178,0,0
RT-005179,1,0
RT-005180,0,0
RT-005181,1,0
RT-005182,0,0
RT-005183,0,0
RT-005184,0,0
RT-005185,0,0
RT-005186,0,0
RT-005187,1,0
RT-005188,0,0
RT-005189,0,0
RT-005190,1,0
RT-005191,0,0
RT-005192,1,0
RT-005193,0,0
RT-005194,1,0
RT-005195,0,0
RT-005196,0,0
RT-005197,0,0
RT-005198,1,0
RT-005199,1,1
RT-005200,1,0
RT-005201,1,0
RT-005202,0,0
RT-005203,1,0
RT-005204,0,0
RT-005205,1,0
RT-005206,1,0
RT-005207,1,0
RT-005208,0,0
RT-005209,1,0
RT-005210,1,0
RT-005211,1,0
RT-005212,0,0
RT-005213,0,0
RT-005214,1,0
RT-005215,1,0
RT-005216,1,0
RT-005217,0,0
RT-005218,1,0
RT-005219,0,0
RT-005220,1,0
RT-005221,0,0
RT-005222,1,0
RT-005223,1,0
RT-005224,1,0
RT-005225,0,0
RT-005226,0,0
RT-005227,1,0
RT-005228,0,0
RT-005229,0,0
RT-005230,0,0
RT-005231,0,0
RT-005232,0,0
RT-005233,1,0
RT-005234,1,0
RT-005235,0,1
RT-005236,0,0
RT-005237,0,0
RT-005238,0,0
RT-005239,1,0
RT-005240,0,0
RT-005241,1,0
RT-005242,1,0
RT-005243,1,0
RT-005244,1,0
RT-005245,0,0
RT-005246,1,0
RT-005247,1,0
RT-005248,0,0
RT-005249,0,0
RT-005250,0,0
RT-005251,1,0
RT-005252,0,0
RT-005253,0,1
RT-005254,0,0
RT-005255,0,0
RT-005256,0,0
RT-005257,1,0
RT-005258,1,0
RT-005259,1,0
RT-005260,0,0
RT-005261,0,0
RT-005262,0,0
RT-005263,0,0
RT-005264,0,0
RT-005265,0,0
RT-005266,1,0
RT-005267,0,0
RT-005268,1,0
RT-005269,0,0
RT-005270,0,0
RT-005271,0,0
RT-005272,0,0
RT-005273,0,0
RT-005274,0,0
RT-005275,0,0
RT-005276,1,0
RT-005277,1,0
RT-005278,0,0
RT-005279,0,0
RT-005280,1,0
RT-005281,1,0
RT-005282,1,0
RT-005283,1,0
RT-005284,0,0
RT-005285,0,0
RT-005286,0,0
RT-005287,1,0
RT-005288,0,0
RT-005289,0,0
RT-005290,0,0
RT-005291,1,0
RT-005292,0,0
RT-005293,0,0
RT-005294,1,0
RT-005295,0,1
RT-005296,1,0
RT-005297,0,0
RT-005298,0,0
RT-005299,0,1
RT-005300,1,0
RT-005301,1,0
RT-005302,1,0
RT-005303,0,0
RT-005304,1,0
RT-005305,1,0
RT-005306,0,0
RT-005307,0,0
RT-005308,1,0
RT-005309,0,0
RT-005310,0,1
RT-005311,0,0
RT-005312,0,0
RT-005313,1,0
RT-005314,0,0
RT-005315,0,0
RT-005316,0,0
RT-005317,0,0
RT-005318,0,0
RT-005319,0,0
RT-005320,1,0
RT-005321,0,0
RT-005322,1,0
RT-005323,0,0
RT-005324,1,0
RT-005325,0,0
RT-005326,0,0
RT-005327,0,0
RT-005328,1,0
RT-005329,0,0
RT-005330,0,0
RT-005331,0,0
RT-005332,0,0
RT-005333,0,0
RT-005334,0,0
RT-005335,1,0
RT-005336,0,0
RT-005337,0,0
RT-005338,0,0
RT-005339,1,0
RT-005340,1,0
RT-005341,0,0
RT-005342,0,0
RT-005343,1,0
RT-005344,0,0
RT-005345,0,0
RT-005346,0,0
RT-005347,1,0
RT-005348,0,0
RT-005349,0,0
RT-005350,1,0
RT-005351,1,0
RT-005352,1,0
RT-005353,0,0
RT-005354,0,0
RT-005355,1,0
RT-005356,0,1
RT-005357,0,0
RT-005358,0,0
RT-005359,0,0
RT-005360,0,0
RT-005361,0,0
RT-005362,0,0
RT-005363,0,0
RT-005364,0,0
RT-005365,1,0
RT-005366,1,0
RT-005367,0,0
RT-005368,0,0
RT-005369,0,0
RT-005370,0,0
RT-005371,0,0
RT-005372,0,0
RT-005373,1,0
RT-005374,1,0
RT-005375,1,0
RT-005376,0,0
RT-005377,0,0
RT-005378,1,0
RT-005379,1,0
RT-005380,0,1
RT-005381,1,0
RT-005382,1,0
RT-005383,1,0
RT-005384,0,0
RT-005385,0,0
RT-005386,0,0
RT-005387,1,0
RT-005388,1,0
RT-005389,0,0
RT-005390,0,0
RT-005391,0,0
RT-005392,0,0
RT-005393,0,0
RT-005394,0,0
RT-005395,0,0
RT-005396,1,0
RT-005397,0,0
RT-005398,0,0
RT-005399,0,1
RT-005400,1,0
RT-005401,0,0
RT-005402,1,0
RT-005403,0,0
RT-005404,1,0
RT-005405,0,1
RT-005406,1,0
RT-005407,0,0
RT-005408,0,0
RT-005409,0,0
RT-005410,0,0
RT-005411,0,0
RT-005412,1,0
RT-005413,0,0
RT-005414,0,1
RT-005415,0,0
RT-005416,0,0
RT-005417,1,0
RT-005418,0,0
RT-005419,1,0
RT-005420,1,0
RT-005421,0,0
RT-005422,1,0
RT-005423,1,0
RT-005424,1,0
RT-005425,0,0
RT-005426,0,0
RT-005427,0,0
RT-005428,0,0
RT-005429,0,1
RT-005430,1,0
RT-005431,0,0
RT-005432,0,0
RT-005433,0,0
RT-005434,0,0
RT-005435,0,0
RT-005436,0,0
RT-005437,0,1
RT-005438,0,0
RT-005439,0,0
RT-005440,1,0
RT-005441,0,0
RT-005442,0,0
RT-005443,0,0
RT-005444,0,0
RT-005445,0,0
RT-005446,1,0
RT-005447,1,0
RT-005448,0,0
RT-005449,0,0
RT-005450,1,0
RT-005451,1,0
RT-005452,0,1
RT-005453,1,0
RT-005454,0,0
RT-005455,1,0
RT-005456,0,0
RT-005457,0,0
RT-005458,0,0
RT-005459,0,0
RT-005460,0,0
RT-005461,0,1
RT-005462,1,0
RT-005463,0,0
RT-005464,0,1
RT-005465,0,0
RT-005466,0,0
RT-005467,0,0
RT-005468,0,0
RT-005469,1,0
RT-005470,1,0
RT-005471,0,0
RT-005472,0,0
RT-005473,0,0
RT-005474,0,0
RT-005475,1,0
RT-005476,0,0
RT-005477,1,0
RT-005478,1,0
RT-005479,0,0
RT-005480,0,1
RT-005481,0,0
RT-005482,1,0
RT-005483,0,0
RT-005484,0,0
RT-005485,0,0
RT-005486,0,0
RT-005487,0,1
RT-005488,0,0
RT-005489,0,0
RT-005490,0,1
RT-005491,1,0
RT-005492,0,1
RT-005493,1,0
RT-005494,0,0
RT-005495,0,0
RT-005496,0,0
RT-005497,0,0
RT-005498,0,0
RT-005499,0,0
RT-005500,0,0
RT-005501,0,0
RT-005502,0,0
RT-005503,1,0
RT-005504,1,0
RT-005505,0,0
RT-005506,0,0
RT-005507,0,0
RT-005508,0,0
RT-005509,0,0
RT-005510,0,0
RT-005511,1,0
RT-005512,0,0
RT-005513,0,0
RT-005514,0,0
RT-005515,0,0
RT-005516,1,0
RT-005517,0,0
RT-005518,0,0
RT-005519,0,0
RT-005520,1,0
RT-005521,0,0
RT-005522,1,0
RT-005523,1,0
RT-005524,0,0
RT-005525,1,0
RT-005526,0,0
RT-005527,0,0
RT-005528,1,0
RT-005529,0,0
RT-005530,1,0
RT-005531,1,1
RT-005532,0,0
RT-005533,0,0
RT-005534,0,0
RT-005535,1,0
RT-005536,1,0
RT-005537,1,0
RT-005538,0,1
RT-005539,1,0
RT-005540,1,0
RT-005541,0,0
RT-005542,0,0
RT-005543,0,0
RT-005544,1,0
RT-005545,0,0
RT-005546,0,0
RT-005547,0,1
RT-005548,0,0
RT-005549,0,0
RT-005550,1,0
RT-005551,0,0
RT-005552,1,0
RT-005553,0,1
RT-005554,1,0
RT-005555,0,0
RT-005556,0,0
RT-005557,1,0
RT-005558,0,0
RT-005559,0,0
RT-005560,0,0
RT-005561,0,0
RT-005562,0,0
RT-005563,1,0
RT-005564,1,0
RT-005565,1,0
RT-005566,1,0
RT-005567,0,0
RT-005568,1,0
RT-005569,0,0
RT-005570,1,0
RT-005571,0,0
RT-005572,1,0
RT-005573,0,0
RT-005574,0,0
RT-005575,0,0
RT-005576,0,0
RT-005577,0,1
RT-005578,0,0
RT-005579,0,0
RT-005580,0,1
RT-005581,1,0
RT-005582,0,0
RT-005583,0,0
RT-005584,1,0
RT-005585,1,0
RT-005586,1,0
RT-005587,0,0
RT-005588,0,1
RT-005589,0,0
RT-005590,0,0
RT-005591,0,1
RT-005592,0,0
RT-005593,0,0
RT-005594,1,0
RT-005595,0,0
RT-005596,1,0
RT-005597,1,0
RT-005598,0,0
RT-005599,0,1
RT-005600,1,0
RT-005601,0,0
RT-005602,0,0
RT-005603,0,0
RT-005604,0,1
RT-005605,0,0
RT-005606,0,0
RT-005607,0,0
RT-005608,1,0
RT-005609,0,0
RT-005610,0,0
RT-005611,0,0
RT-005612,0,0
RT-005613,0,0
RT-005614,0,0
RT-005615,1,0
RT-005616,1,0
RT-005617,0,0
RT-005618,0,1
RT-005619,0,0
RT-005620,0,0
RT-005621,1,0
RT-005622,0,0
RT-005623,0,1
RT-005624,0,1
RT-005625,1,1
RT-005626,1,0
RT-005627,1,0
RT-005628,0,0
RT-005629,1,0
RT-005630,0,0
RT-005631,1,0
RT-005632,0,0
RT-005633,0,0
RT-005634,0,0
RT-005635,1,0
RT-005636,1,0
RT-005637,0,0
RT-005638,0,0
RT-005639,0,0
RT-005640,0,0
RT-005641,0,0
RT-005642,0,0
RT-005643,0,1
RT-005644,0,0
RT-005645,0,0
RT-005646,1,0
RT-005647,1,0
RT-005648,0,0
RT-005649,1,0
RT-005650,0,0
RT-005651,0,0
RT-005652,0,0
RT-005653,1,0
RT-005654,1,0
RT-005655,1,0
RT-005656,1,0
RT-005657,0,0
RT-005658,0,0
RT-005659,1,0
RT-005660,1,0
RT-005661,0,0
RT-005662,0,0
RT-005663,1,0
RT-005664,0,0
RT-005665,0,0
RT-005666,1,0
RT-005667,0,0
RT-005668,0,0
RT-005669,0,0
RT-005670,1,0
RT-005671,0,0
RT-005672,0,0
RT-005673,0,0
RT-005674,0,0
RT-005675,0,0
RT-005676,1,0
RT-005677,0,0
RT-005678,0,0
RT-005679,0,0
RT-005680,1,0
RT-005681,1,0
RT-005682,0,0
RT-005683,1,0
RT-005684,0,0
RT-005685,0,0
RT-005686,1,0
RT-005687,0,0
RT-005688,1,0
RT-005689,1,0
RT-005690,0,0
RT-005691,0,0
RT-005692,0,0
RT-005693,0,0
RT-005694,0,0
RT-005695,0,0
RT-005696,1,0
RT-005697,0,0
RT-005698,1,0
RT-005699,1,0
RT-005700,0,0
RT-005701,0,0
RT-005702,0,0
RT-005703,0,0
RT-005704,0,0
RT-005705,1,0
RT-005706,0,0
RT-005707,0,0
RT-005708,1,0
RT-005709,0,0
RT-005710,0,0
RT-005711,1,0
RT-005712,0,0
RT-005713,0,0
RT-005714,0,0
RT-005715,0,0
RT-005716,1,0
RT-005717,0,0
RT-005718,1,0
RT-005719,0,0
RT-005720,1,0
RT-005721,0,0
RT-005722,0,0
RT-005723,1,0
RT-005724,0,0
RT-005725,0,0
RT-005726,0,0
RT-005727,0,0
RT-005728,0,0
RT-005729,0,0
RT-005730,0,0
RT-005731,0,0
RT-005732,0,0
RT-005733,0,0
RT-005734,0,0
RT-005735,0,0
RT-005736,0,0
RT-005737,1,0
RT-005738,1,0
RT-005739,0,0
RT-005740,0,0
RT-005741,0,0
RT-005742,1,0
RT-005743,0,0
RT-005744,0,1
RT-005745,0,0
RT-005746,0,0
RT-005747,0,0
RT-005748,1,0
RT-005749,0,0
RT-005750,0,0
RT-005751,1,0
RT-005752,0,0
RT-005753,0,0
RT-005754,0,0
RT-005755,0,0
RT-005756,0,0
RT-005757,1,0
RT-005758,0,0
RT-005759,0,0
RT-005760,1,0
RT-005761,0,0
RT-005762,0,0
RT-005763,0,0
RT-005764,0,1
RT-005765,0,0
RT-005766,0,0
RT-005767,1,0
RT-005768,0,0
RT-005769,0,0
RT-005770,0,0
RT-005771,0,0
RT-005772,0,1
RT-005773,0,0
RT-005774,1,0
RT-005775,0,0
RT-005776,1,0
RT-005777,1,0
RT-005778,0,1
RT-005779,0,0
RT-005780,0,0
RT-005781,0,0
RT-005782,0,0
RT-005783,1,0
RT-005784,1,0
RT-005785,0,0
RT-005786,1,0
RT-005787,0,0
RT-005788,0,0
RT-005789,1,0
RT-005790,0,0
RT-005791,1,0
RT-005792,0,0
RT-005793,0,0
RT-005794,1,0
RT-005795,1,1
RT-005796,0,1
RT-005797,1,0
RT-005798,1,0
RT-005799,0,0
RT-005800,1,0
RT-005801,0,0
RT-005802,0,0
RT-005803,0,0
RT-005804,1,0
RT-005805,0,0
RT-005806,0,0
RT-005807,0,0
RT-005808,0,0
RT-005809,1,0
RT-005810,0,0
RT-005811,0,0
RT-005812,1,0
RT-005813,1,0
RT-005814,1,0
RT-005815,0,0
RT-005816,1,0
RT-005817,0,0
RT-005818,0,0
RT-005819,0,0
RT-005820,0,0
RT-005821,1,0
RT-005822,0,0
RT-005823,0,0
RT-005824,0,0
RT-005825,0,0
RT-005826,0,0
RT-005827,0,0
RT-005828,0,0
RT-005829,0,0
RT-005830,0,0
RT-005831,1,0
RT-005832,1,0
RT-005833,0,0
RT-005834,0,0
RT-005835,0,0
RT-005836,0,0
RT-005837,0,0
RT-005838,0,0
RT-005839,0,0
RT-005840,0,1
RT-005841,1,0
RT-005842,0,0
RT-005843,0,1
RT-005844,1,0
RT-005845,0,0
RT-005846,0,0
RT-005847,1,0
RT-005848,1,0
RT-005849,1,0
RT-005850,0,0
RT-005851,1,0
RT-005852,0,0
RT-005853,0,0
RT-005854,0,0
RT-005855,1,0
RT-005856,0,0
RT-005857,0,0
RT-005858,0,0
RT-005859,1,0
RT-005860,0,0
RT-005861,0,0
RT-005862,1,0
RT-005863,0,0
RT-005864,1,0
RT-005865,0,0
RT-005866,0,1
RT-005867,1,0
RT-005868,0,0
RT-005869,1,0
RT-005870,0,0
RT-005871,1,0
RT-005872,0,0
RT-005873,0,0
RT-005874,1,0
RT-005875,1,0
RT-005876,1,0
RT-005877,0,0
RT-005878,1,0
RT-005879,0,0
RT-005880,1,0
RT-005881,1,0
RT-005882,0,0
RT-005883,0,0
RT-005884,1,0
RT-005885,0,0
RT-005886,1,0
RT-005887,1,0
RT-005888,0,0
RT-005889,0,0
RT-005890,1,0
RT-005891,1,0
RT-005892,0,0
RT-005893,1,0
RT-005894,1,0
RT-005895,0,0
RT-005896,0,0
RT-005897,1,0
RT-005898,0,0
RT-005899,0,0
RT-005900,1,0
RT-005901,0,0
RT-005902,0,0
RT-005903,0,0
RT-005904,1,0
RT-005905,0,0
RT-005906,0,0
RT-005907,0,0
RT-005908,1,0
RT-005909,0,0
RT-005910,1,0
RT-005911,0,1
RT-005912,0,0
RT-005913,0,0
RT-005914,0,0
RT-005915,0,0
RT-005916,0,0
RT-005917,0,0
RT-005918,0,0
RT-005919,0,0
RT-005920,1,0
RT-005921,0,0
RT-005922,0,0
RT-005923,1,0
RT-005924,0,0
RT-005925,0,0
RT-005926,0,0
RT-005927,0,0
RT-005928,1,0
RT-005929,0,0
RT-005930,0,0
RT-005931,0,0
RT-005932,0,0
RT-005933,0,0
RT-005934,1,0
RT-005935,0,0
RT-005936,1,0
RT-005937,0,0
RT-005938,0,0
RT-005939,0,0
RT-005940,1,0
RT-005941,0,0
RT-005942,0,0
RT-005943,1,0
RT-005944,1,0
RT-005945,1,0
RT-005946,1,0
RT-005947,0,0
RT-005948,0,1
RT-005949,0,0
RT-005950,0,0
RT-005951,1,0
RT-005952,0,0
RT-005953,0,0
RT-005954,1,0
RT-005955,1,0
RT-005956,1,0
RT-005957,0,0
RT-005958,0,1
RT-005959,1,1
RT-005960,0,0
RT-005961,0,0
RT-005962,1,0
RT-005963,1,0
RT-005964,0,0
RT-005965,1,0
RT-005966,0,0
RT-005967,1,0
RT-005968,1,0
RT-005969,1,0
RT-005970,0,0
RT-005971,1,0
RT-005972,0,0
RT-005973,1,0
RT-005974,0,0
RT-005975,0,0
RT-005976,0,0
RT-005977,0,0
RT-005978,0,0
RT-005979,0,0
RT-005980,0,0
RT-005981,0,0
RT-005982,0,0
RT-005983,0,0
RT-005984,1,0
RT-005985,1,0
RT-005986,0,1
RT-005987,0,0
RT-005988,1,0
RT-005989,0,0
RT-005990,0,0
RT-005991,0,0
RT-005992,0,0
RT-005993,0,0
RT-005994,0,0
RT-005995,0,0
RT-005996,0,0
RT-005997,0,0
RT-005998,0,1
RT-005999,1,0
RT-006000,0,0
RT-006001,1,0
RT-006002,0,0
RT-006003,0,1
RT-006004,1,0
RT-006005,0,0
RT-006006,0,0
RT-006007,1,0
RT-006008,0,0
RT-006009,0,0
RT-006010,0,0
RT-006011,1,0
RT-006012,0,0
RT-006013,0,1
RT-006014,0,0
RT-006015,0,0
RT-006016,0,0
RT-006017,0,0
RT-006018,0,0
RT-006019,1,0
RT-006020,1,1
RT-006021,1,0
RT-006022,1,0
RT-006023,1,0
RT-006024,0,0
RT-006025,1,0
RT-006026,0,0
RT-006027,0,0
RT-006028,1,0
RT-006029,0,0
RT-006030,0,0
RT-006031,1,0
RT-006032,1,0
RT-006033,0,0
RT-006034,0,0
RT-006035,0,1
RT-006036,0,0
RT-006037,1,0
RT-006038,0,0
RT-006039,1,0
RT-006040,0,0
RT-006041,0,0
RT-006042,0,0
RT-006043,0,0
RT-006044,0,1
RT-006045,0,0
RT-006046,0,0
RT-006047,0,0
RT-006048,0,0
RT-006049,0,0
RT-006050,1,0
RT-006051,1,0
RT-006052,0,0
RT-006053,0,0
RT-006054,1,0
RT-006055,0,1
RT-006056,0,0
RT-006057,1,0
RT-006058,0,0
RT-006059,0,0
RT-006060,1,0
RT-006061,1,0
RT-006062,1,0
RT-006063,0,1
RT-006064,1,0
RT-006065,1,0
RT-006066,0,0
RT-006067,0,0
RT-006068,0,0
RT-006069,0,0
RT-006070,0,0
RT-006071,0,0
RT-006072,1,0
RT-006073,1,0
RT-006074,1,0
RT-006075,0,0
RT-006076,0,0
RT-006077,0,0
RT-006078,0,0
RT-006079,0,0
RT-006080,1,0
RT-006081,0,0
RT-006082,1,0
RT-006083,0,0
RT-006084,0,0
RT-006085,0,0
RT-006086,0,0
RT-006087,0,0
RT-006088,1,0
RT-006089,1,0
RT-006090,1,1
RT-006091,0,0
RT-006092,1,0
RT-006093,1,0
RT-006094,0,0
RT-006095,1,0
RT-006096,0,0
RT-006097,0,0
RT-006098,0,0
RT-006099,0,0
RT-006100,1,0
RT-006101,0,1
RT-006102,0,0
RT-006103,0,0
RT-006104,1,0
RT-006105,0,0
RT-006106,1,0
RT-006107,0,1
RT-006108,0,0
RT-006109,0,1
RT-006110,1,0
RT-006111,0,0
RT-006112,0,0
RT-006113,1,0
RT-006114,1,0
RT-006115,0,0
RT-006116,1,0
RT-006117,0,0
RT-006118,0,0
RT-006119,0,0
RT-006120,0,0
RT-006121,1,0
RT-006122,0,0
RT-006123,0,0
RT-006124,1,0
RT-006125,1,0
RT-006126,0,0
RT-006127,1,0
RT-006128,1,0
RT-006129,1,0
RT-006130,1,0
RT-006131,1,0
RT-006132,1,0
RT-006133,0,0
RT-006134,0,0
RT-006135,1,0
RT-006136,0,0
RT-006137,0,1
RT-006138,0,0
RT-006139,0,0
RT-006140,0,0
RT-006141,0,0
RT-006142,0,0
RT-006143,1,0
RT-006144,0,0
RT-006145,0,0
RT-006146,1,0
RT-006147,0,0
RT-006148,0,0
RT-006149,0,1
RT-006150,1,0
RT-006151,0,1
RT-006152,1,0
RT-006153,0,0
RT-006154,0,0
RT-006155,0,0
RT-006156,0,0
RT-006157,0,0
RT-006158,0,1
RT-006159,1,0
RT-006160,0,0
RT-006161,1,0
RT-006162,1,0
RT-006163,0,0
RT-006164,0,0
RT-006165,0,0
RT-006166,1,0
RT-006167,1,0
RT-006168,0,0
RT-006169,0,0
RT-006170,0,0
RT-006171,0,0
RT-006172,1,0
RT-006173,0,0
RT-006174,0,0
RT-006175,0,0
RT-006176,0,0
RT-006177,0,0
RT-006178,1,0
RT-006179,1,0
RT-006180,0,0
RT-006181,0,0
RT-006182,1,0
RT-006183,0,0
RT-006184,1,0
RT-006185,1,0
RT-006186,0,0
RT-006187,0,1
RT-006188,0,0
RT-006189,0,0
RT-006190,1,0
RT-006191,0,0
RT-006192,0,0
RT-006193,0,0
RT-006194,0,0
RT-006195,0,0
RT-006196,0,0
RT-006197,0,0
RT-006198,0,0
RT-006199,0,0
RT-006200,0,0
RT-006201,0,0
RT-006202,0,0
RT-006203,0,0
RT-006204,1,0
RT-006205,0,0
RT-006206,0,0
RT-006207,0,0
RT-006208,0,0
RT-006209,1,0
RT-006210,0,0
RT-006211,1,0
RT-006212,0,0
RT-006213,0,0
RT-006214,0,0
RT-006215,1,0
RT-006216,1,0
RT-006217,0,0
RT-006218,0,0
RT-006219,0,0
RT-006220,0,0
RT-006221,0,0
RT-006222,0,0
RT-006223,0,0
RT-006224,0,0
RT-006225,0,0
RT-006226,1,0
RT-006227,0,0
RT-006228,1,0
RT-006229,0,0
RT-006230,0,0
RT-006231,0,0
RT-006232,0,0
RT-006233,0,0
RT-006234,1,0
RT-006235,0,0
RT-006236,0,0
RT-006237,0,1
RT-006238,0,0
RT-006239,0,0
RT-006240,0,0
RT-006241,0,0
RT-006242,0,0
RT-006243,0,0
RT-006244,0,0
RT-006245,1,0
RT-006246,0,0
RT-006247,1,1
RT-006248,1,0
RT-006249,0,0
RT-006250,1,0
RT-006251,0,0
RT-006252,0,0
RT-006253,0,0
RT-006254,0,0
RT-006255,0,0
RT-006256,1,0
RT-006257,1,0
RT-006258,0,0
RT-006259,0,0
RT-006260,1,0
RT-006261,0,0
RT-006262,1,0
RT-006263,0,0
RT-006264,1,0
RT-006265,0,0
RT-006266,0,0
RT-006267,0,0
RT-006268,0,1
RT-006269,1,0
RT-006270,1,0
RT-006271,1,0
RT-006272,1,0
RT-006273,0,0
RT-006274,0,0
RT-006275,0,0
RT-006276,0,0
RT-006277,0,1
RT-006278,0,1
RT-006279,1,0
RT-006280,0,0
RT-006281,0,1
RT-006282,0,0
RT-006283,1,0
RT-006284,1,0
RT-006285,0,0
RT-006286,0,0
RT-006287,0,0
RT-006288,1,0
RT-006289,0,0
RT-006290,1,0
RT-006291,0,0
RT-006292,1,0
RT-006293,0,0
RT-006294,0,0
RT-006295,1,0
RT-006296,1,0
RT-006297,0,0
RT-006298,0,0
RT-006299,0,0
RT-006300,0,1
RT-006301,1,0
RT-006302,0,0
RT-006303,1,0
RT-006304,1,0
RT-006305,0,0
RT-006306,1,0
RT-006307,0,0
RT-006308,1,0
RT-006309,0,0
RT-006310,1,0
RT-006311,0,1
RT-006312,1,0
RT-006313,1,0
RT-006314,1,0
RT-006315,1,0
RT-006316,0,0
RT-006317,0,0
RT-006318,1,0
RT-006319,0,0
RT-006320,1,0
RT-006321,0,0
RT-006322,1,0
RT-006323,0,0
RT-006324,1,0
RT-006325,0,0
RT-006326,0,0
RT-006327,0,0
RT-006328,0,0
RT-006329,0,0
RT-006330,1,0
RT-006331,0,0
RT-006332,0,0
RT-006333,1,0
RT-006334,1,0
RT-006335,1,0
RT-006336,1,0
RT-006337,1,0
RT-006338,0,0
RT-006339,1,0
RT-006340,0,0
RT-006341,1,0
RT-006342,0,0
RT-006343,0,0
RT-006344,0,0
RT-006345,1,0
RT-006346,0,0
RT-006347,0,1
RT-006348,0,0
RT-006349,0,0
RT-006350,0,0
RT-006351,0,0
RT-006352,1,0
RT-006353,0,1
RT-006354,0,0
RT-006355,0,0
RT-006356,0,0
RT-006357,0,0
RT-006358,1,0
RT-006359,0,1
RT-006360,0,0
RT-006361,1,0
RT-006362,0,0
RT-006363,1,0
RT-006364,1,0
RT-006365,1,0
RT-006366,0,1
RT-006367,1,0
RT-006368,1,1
RT-006369,0,0
RT-006370,0,0
RT-006371,0,0
RT-006372,0,0
RT-006373,0,0
RT-006374,0,0
RT-006375,1,1
RT-006376,1,0
RT-006377,0,0
RT-006378,1,0
RT-006379,0,1
RT-006380,1,0
RT-006381,0,0
RT-006382,0,0
RT-006383,0,0
RT-006384,0,0
RT-006385,0,0
RT-006386,0,0
RT-006387,1,0
RT-006388,0,0
RT-006389,0,1
RT-006390,0,0
RT-006391,0,1
RT-006392,1,0
RT-006393,0,0
RT-006394,1,0
RT-006395,0,1
RT-006396,0,0
RT-006397,0,0
RT-006398,0,0
RT-006399,0,0
RT-006400,1,0
RT-006401,0,0
RT-006402,0,0
RT-006403,0,0
RT-006404,1,0
RT-006405,0,0
RT-006406,0,0
RT-006407,0,0
RT-006408,0,0
RT-006409,0,0
RT-006410,0,0
RT-006411,0,0
RT-006412,0,0
RT-006413,1,0
RT-006414,1,0
RT-006415,0,0
RT-006416,1,0
RT-006417,0,0
RT-006418,0,0
RT-006419,0,0
RT-006420,1,0
RT-006421,1,0
RT-006422,0,0
RT-006423,0,0
RT-006424,0,0
RT-006425,0,0
RT-006426,0,1
RT-006427,1,0
RT-006428,1,0
RT-006429,0,0
RT-006430,0,1
RT-006431,0,0
RT-006432,0,0
RT-006433,1,0
RT-006434,1,0
RT-006435,0,0
RT-006436,0,0
RT-006437,1,0
RT-006438,0,0
RT-006439,0,0
RT-006440,1,0
RT-006441,0,0
RT-006442,0,0
RT-006443,0,1
RT-006444,0,0
RT-006445,0,0
RT-006446,0,0
RT-006447,0,0
RT-006448,0,0
RT-006449,0,0
RT-006450,0,0
RT-006451,0,0
RT-006452,0,0
RT-006453,1,0
RT-006454,0,0
RT-006455,0,0
RT-006456,0,0
RT-006457,1,0
RT-006458,1,0
RT-006459,1,0
RT-006460,0,0
RT-006461,0,0
RT-006462,0,0
RT-006463,1,1
RT-006464,1,0
RT-006465,1,1
RT-006466,0,0
RT-006467,1,0
RT-006468,0,0
RT-006469,1,0
RT-006470,1,0
RT-006471,0,0
RT-006472,1,0
RT-006473,0,0
RT-006474,1,0
RT-006475,0,0
RT-006476,0,0
RT-006477,0,0
RT-006478,0,0
RT-006479,0,0
RT-006480,1,0
RT-006481,1,0
RT-006482,0,0
RT-006483,0,0
RT-006484,0,0
RT-006485,1,0
RT-006486,0,0
RT-006487,1,0
RT-006488,1,0
RT-006489,0,0
RT-006490,0,0
RT-006491,0,0
RT-006492,0,0
RT-006493,0,0
RT-006494,0,0
RT-006495,0,0
RT-006496,0,0
RT-006497,0,0
RT-006498,0,1
RT-006499,1,0
RT-006500,0,0
RT-006501,0,0
RT-006502,0,0
RT-006503,1,0
RT-006504,1,0
RT-006505,0,0
RT-006506,0,0
RT-006507,0,0
RT-006508,0,0
RT-006509,1,0
RT-006510,0,0
RT-006511,0,0
RT-006512,0,0
RT-006513,0,0
RT-006514,0,0
RT-006515,0,0
RT-006516,1,0
RT-006517,1,0
RT-006518,0,0
RT-006519,1,0
RT-006520,0,0
RT-006521,1,0
RT-006522,0,0
RT-006523,0,0
RT-006524,0,0
RT-006525,0,0
RT-006526,0,0
RT-006527,1,0
RT-006528,1,0
RT-006529,1,0
RT-006530,0,0
RT-006531,0,0
RT-006532,0,0
RT-006533,0,0
RT-006534,0,0
RT-006535,1,0
RT-006536,0,0
RT-006537,0,0
RT-006538,0,1
RT-006539,1,0
RT-006540,1,0
RT-006541,0,0
RT-006542,0,1
RT-006543,0,0
RT-006544,0,0
RT-006545,0,0
RT-006546,1,0
RT-006547,0,0
RT-006548,0,0
RT-006549,1,0
RT-006550,0,0
RT-006551,0,0
RT-006552,0,0
RT-006553,1,0
RT-006554,0,0
RT-006555,0,0
RT-006556,1,0
RT-006557,0,0
RT-006558,0,0
RT-006559,1,0
RT-006560,0,0
RT-006561,0,0
RT-006562,0,0
RT-006563,1,0
RT-006564,0,0
RT-006565,0,0
RT-006566,0,0
RT-006567,0,0
RT-006568,0,0
RT-006569,0,0
RT-006570,0,0
RT-006571,0,0
RT-006572,0,0
RT-006573,0,0
RT-006574,0,0
RT-006575,1,0
RT-006576,1,0
RT-006577,0,0
RT-006578,0,0
RT-006579,0,0
RT-006580,1,0
RT-006581,1,0
RT-006582,0,1
RT-006583,0,0
RT-006584,1,0
RT-006585,1,0
RT-006586,0,0
RT-006587,0,0
RT-006588,0,0
RT-006589,0,0
RT-006590,0,1
RT-006591,0,0
RT-006592,0,0
RT-006593,0,0
RT-006594,0,0
RT-006595,1,0
RT-006596,0,0
RT-006597,1,0
RT-006598,0,0
RT-006599,0,0
RT-006600,1,0
RT-006601,0,0
RT-006602,0,0
RT-006603,0,1
RT-006604,1,0
RT-006605,0,0
RT-006606,0,0
RT-006607,1,1
RT-006608,0,0
RT-006609,1,0
RT-006610,0,0
RT-006611,1,0
RT-006612,0,0
RT-006613,1,0
RT-006614,0,0
RT-006615,1,0
RT-006616,0,0
RT-006617,0,0
RT-006618,0,0
RT-006619,0,0
RT-006620,1,0
RT-006621,0,0
RT-006622,0,0
RT-006623,0,0
RT-006624,0,0
RT-006625,0,0
RT-006626,0,0
RT-006627,0,0
RT-006628,0,0
RT-006629,1,0
RT-006630,1,1
RT-006631,1,0
RT-006632,1,0
RT-006633,1,0
RT-006634,1,1
RT-006635,0,0
RT-006636,0,0
RT-006637,0,0
RT-006638,0,0
RT-006639,0,0
RT-006640,0,0
RT-006641,0,0
RT-006642,0,0
RT-006643,1,0
RT-006644,0,0
RT-006645,0,0
RT-006646,0,1
RT-006647,0,0
RT-006648,0,0
RT-006649,0,0
RT-006650,0,0
RT-006651,0,0
RT-006652,1,0
RT-006653,0,0
RT-006654,0,0
RT-006655,1,1
RT-006656,0,0
RT-006657,0,0
RT-006658,0,0
RT-006659,0,1
RT-006660,0,0
RT-006661,0,0
RT-006662,0,0
RT-006663,0,0
RT-006664,0,0
RT-006665,0,1
RT-006666,1,0
RT-006667,0,0
RT-006668,0,0
RT-006669,0,0
RT-006670,0,0
RT-006671,0,0
RT-006672,1,0
RT-006673,1,0
RT-006674,0,0
RT-006675,0,0
RT-006676,1,0
RT-006677,0,0
RT-006678,0,1
RT-006679,0,0
RT-006680,0,0
RT-006681,0,0
RT-006682,0,0
RT-006683,0,0
RT-006684,0,0
RT-006685,1,0
RT-006686,0,0
RT-006687,0,1
RT-006688,0,0
RT-006689,0,0
RT-006690,0,0
RT-006691,0,0
RT-006692,0,0
RT-006693,0,0
RT-006694,0,0
RT-006695,1,0
RT-006696,0,0
RT-006697,0,0
RT-006698,0,0
RT-006699,0,0
RT-006700,0,0
RT-006701,0,0
RT-006702,1,0
RT-006703,1,1
RT-006704,0,0
RT-006705,0,0
RT-006706,1,0
RT-006707,1,0
RT-006708,0,0
RT-006709,0,0
RT-006710,1,0
RT-006711,0,0
RT-006712,1,0
RT-006713,1,0
RT-006714,0,0
RT-006715,1,0
RT-006716,0,0
RT-006717,0,0
RT-006718,0,0
RT-006719,0,1
RT-006720,0,0
RT-006721,0,0
RT-006722,1,0
RT-006723,0,0
RT-006724,0,0
RT-006725,1,0
RT-006726,0,1
RT-006727,1,0
RT-006728,0,0
RT-006729,0,0
RT-006730,0,0
RT-006731,0,1
RT-006732,0,0
RT-006733,0,0
RT-006734,0,0
RT-006735,0,0
RT-006736,0,0
RT-006737,0,0
RT-006738,0,0
RT-006739,0,0
RT-006740,0,0
RT-006741,0,0
RT-006742,1,0
RT-006743,1,0
RT-006744,0,0
RT-006745,0,0
RT-006746,0,0
RT-006747,0,0
RT-006748,0,0
RT-006749,0,0
RT-006750,0,0
RT-006751,0,0
RT-006752,0,0
RT-006753,1,0
RT-006754,1,0
RT-006755,0,0
RT-006756,0,0
RT-006757,0,0
RT-006758,1,0
RT-006759,0,0
RT-006760,0,0
RT-006761,0,0
RT-006762,0,0
RT-006763,0,0
RT-006764,0,0
RT-006765,0,0
RT-006766,0,0
RT-006767,0,0
RT-006768,0,0
RT-006769,0,0
RT-006770,1,0
RT-006771,1,0
RT-006772,1,0
RT-006773,1,0
RT-006774,0,0
RT-006775,0,0
RT-006776,0,0
RT-006777,0,0
RT-006778,0,0
RT-006779,0,0
RT-006780,0,0
RT-006781,0,0
RT-006782,0,0
RT-006783,0,0
RT-006784,0,0
RT-006785,0,0
RT-006786,0,0
RT-006787,0,0
RT-006788,0,0
RT-006789,1,0
RT-006790,0,0
RT-006791,0,0
RT-006792,0,1
RT-006793,0,0
RT-006794,0,0
RT-006795,0,0
RT-006796,0,0
RT-006797,1,0
RT-006798,0,1
RT-006799,0,0
RT-006800,0,0
RT-006801,0,0
RT-006802,0,0
RT-006803,0,0
RT-006804,0,0
RT-006805,0,0
RT-006806,0,0
RT-006807,0,0
RT-006808,1,0
RT-006809,0,0
RT-006810,0,0
RT-006811,1,0
RT-006812,0,0
RT-006813,0,0
RT-006814,0,0
RT-006815,0,0
RT-006816,0,0
RT-006817,1,0
RT-006818,0,0
RT-006819,1,0
RT-006820,0,0
RT-006821,0,0
RT-006822,0,0
RT-006823,1,0
RT-006824,1,0
RT-006825,1,0
RT-006826,0,0
RT-006827,0,0
RT-006828,0,0
RT-006829,0,0
RT-006830,0,0
RT-006831,0,0
RT-006832,0,0
RT-006833,0,0
RT-006834,0,0
RT-006835,0,0
RT-006836,0,0
RT-006837,1,0
RT-006838,1,0
RT-006839,0,0
RT-006840,0,0
RT-006841,0,0
RT-006842,0,0
RT-006843,0,0
RT-006844,0,0
RT-006845,0,1
RT-006846,1,0
RT-006847,0,0
RT-006848,0,0
RT-006849,0,0
RT-006850,0,0
RT-006851,1,0
RT-006852,0,0
RT-006853,1,0
RT-006854,0,0
RT-006855,0,0
RT-006856,1,0
RT-006857,0,0
RT-006858,1,0
RT-006859,0,0
RT-006860,1,0
RT-006861,0,0
RT-006862,0,0
RT-006863,1,1
RT-006864,0,0
RT-006865,0,0
RT-006866,0,0
RT-006867,0,0
RT-006868,0,0
RT-006869,1,0
RT-006870,0,0
RT-006871,0,0
RT-006872,0,0
RT-006873,1,0
RT-006874,1,0
RT-006875,1,0
RT-006876,0,0
RT-006877,0,0
RT-006878,0,0
RT-006879,0,0
RT-006880,0,0
RT-006881,0,0
RT-006882,0,1
RT-006883,0,1
RT-006884,0,0
RT-006885,0,0
RT-006886,0,0
RT-006887,0,0
RT-006888,0,0
RT-006889,1,0
RT-006890,0,0
RT-006891,0,0
RT-006892,0,0
RT-006893,0,0
RT-006894,0,1
RT-006895,1,0
RT-006896,0,0
RT-006897,0,0
RT-006898,0,0
RT-006899,1,0
RT-006900,0,1
RT-006901,1,0
RT-006902,0,0
RT-006903,0,0
RT-006904,0,0
RT-006905,1,0
RT-006906,0,0
RT-006907,1,0
RT-006908,0,0
RT-006909,0,0
RT-006910,0,0
RT-006911,0,0
RT-006912,0,0
RT-006913,0,0
RT-006914,1,0
RT-006915,0,0
RT-006916,1,0
RT-006917,1,0
RT-006918,1,0
RT-006919,0,0
RT-006920,0,0
RT-006921,0,0
RT-006922,0,1
RT-006923,1,0
RT-006924,0,0
RT-006925,1,0
RT-006926,0,0
RT-006927,0,0
RT-006928,1,0
RT-006929,1,0
RT-006930,0,0
RT-006931,0,0
RT-006932,0,0
RT-006933,0,0
RT-006934,0,0
RT-006935,1,0
RT-006936,0,0
RT-006937,1,0
RT-006938,0,0
RT-006939,0,0
RT-006940,0,0
RT-006941,0,1
RT-006942,1,0
RT-006943,0,0
RT-006944,1,0
RT-006945,0,0
RT-006946,1,0
RT-006947,1,0
RT-006948,0,0
RT-006949,0,0
RT-006950,1,0
RT-006951,0,0
RT-006952,1,0
RT-006953,1,1
RT-006954,1,0
RT-006955,0,0
RT-006956,1,0
RT-006957,1,0
RT-006958,0,0
RT-006959,0,0
RT-006960,0,1
RT-006961,0,0
RT-006962,1,0
RT-006963,0,0
RT-006964,0,0
RT-006965,0,0
RT-006966,1,0
RT-006967,0,0
RT-006968,1,0
RT-006969,1,0
RT-006970,1,0
RT-006971,1,0
RT-006972,0,1
RT-006973,0,0
RT-006974,0,1
RT-006975,0,0
RT-006976,0,0
RT-006977,1,0
RT-006978,1,0
RT-006979,1,0
RT-006980,0,0
RT-006981,1,1
RT-006982,1,0
RT-006983,0,0
RT-006984,0,0
RT-006985,1,0
RT-006986,1,0
RT-006987,0,0
RT-006988,0,0
RT-006989,0,0
RT-006990,0,1
RT-006991,0,0
RT-006992,0,0
RT-006993,1,0
RT-006994,1,0
RT-006995,0,0
RT-006996,0,0
RT-006997,0,0
RT-006998,0,0
RT-006999,0,1
RT-007000,1,0
RT-007001,0,0
RT-007002,0,0
RT-007003,1,0
RT-007004,0,0
RT-007005,0,0
RT-007006,0,1
RT-007007,0,0
RT-007008,1,0
RT-007009,0,0
RT-007010,0,0
RT-007011,0,0
RT-007012,0,0
RT-007013,0,0
RT-007014,0,0
RT-007015,0,0
RT-007016,1,0
RT-007017,0,0
RT-007018,0,0
RT-007019,0,0
RT-007020,0,0
RT-007021,1,0
RT-007022,1,0
RT-007023,1,0
RT-007024,1,0
RT-007025,0,0
RT-007026,0,0
RT-007027,0,0
RT-007028,0,1
RT-007029,0,0
RT-007030,0,0
RT-007031,0,0
RT-007032,0,0
RT-007033,0,0
RT-007034,0,0
RT-007035,0,0
RT-007036,1,0
RT-007037,0,0
RT-007038,0,0
RT-007039,1,0
RT-007040,1,0
RT-007041,0,0
RT-007042,1,0
RT-007043,1,0
RT-007044,1,0
RT-007045,0,0
RT-007046,0,0
RT-007047,0,0
RT-007048,1,0
RT-007049,0,0
RT-007050,0,0
RT-007051,0,0
RT-007052,0,0
RT-007053,1,0
RT-007054,1,0
RT-007055,1,1
RT-007056,1,0
RT-007057,1,0
RT-007058,0,0
RT-007059,1,1
RT-007060,0,0
RT-007061,1,0
RT-007062,0,0
RT-007063,0,0
RT-007064,0,0
RT-007065,0,0
RT-007066,1,0
RT-007067,1,0
RT-007068,0,0
RT-007069,0,1
RT-007070,0,0
RT-007071,0,0
RT-007072,0,0
RT-007073,0,0
RT-007074,0,0
RT-007075,0,0
RT-007076,1,1
RT-007077,0,0
RT-007078,0,0
RT-007079,0,0
RT-007080,0,1
RT-007081,0,0
RT-007082,0,0
RT-007083,0,0
RT-007084,1,0
RT-007085,0,1
RT-007086,0,0
RT-007087,0,0
RT-007088,0,0
RT-007089,1,0
RT-007090,0,0
RT-007091,1,1
RT-007092,0,0
RT-007093,0,0
RT-007094,0,0
RT-007095,1,0
RT-007096,0,0
RT-007097,0,0
RT-007098,0,0
RT-007099,0,0
RT-007100,0,0
RT-007101,0,0
RT-007102,0,0
RT-007103,0,0
RT-007104,0,0
RT-007105,0,0
RT-007106,0,0
RT-007107,0,0
RT-007108,0,0
RT-007109,0,0
RT-007110,0,0
RT-007111,0,0
RT-007112,0,1
RT-007113,0,1
RT-007114,0,0
RT-007115,0,0
RT-007116,0,0
RT-007117,1,0
RT-007118,0,0
RT-007119,0,0
RT-007120,0,0
RT-007121,0,0
RT-007122,1,0
RT-007123,1,0
RT-007124,0,0
RT-007125,0,0
RT-007126,0,1
RT-007127,0,0
RT-007128,0,0
RT-007129,0,0
RT-007130,0,0
RT-007131,1,0
RT-007132,0,0
RT-007133,0,0
RT-007134,0,0
RT-007135,0,0
RT-007136,0,0
RT-007137,0,0
RT-007138,0,0
RT-007139,1,0
RT-007140,0,0
RT-007141,1,0
RT-007142,0,0
RT-007143,0,0
RT-007144,0,1
RT-007145,0,0
RT-007146,0,0
RT-007147,0,0
RT-007148,1,0
RT-007149,0,1
RT-007150,0,0
RT-007151,0,0
RT-007152,0,0
RT-007153,0,0
RT-007154,0,0
RT-007155,0,0
RT-007156,0,0
RT-007157,0,0
RT-007158,0,1
RT-007159,0,0
RT-007160,0,1
RT-007161,1,0
RT-007162,0,0
RT-007163,0,0
RT-007164,0,0
RT-007165,0,1
RT-007166,0,0
RT-007167,0,0
RT-007168,0,0
RT-007169,0,0
RT-007170,0,0
RT-007171,0,0
RT-007172,0,0
RT-007173,1,0
RT-007174,1,0
RT-007175,0,0
RT-007176,1,0
RT-007177,0,0
RT-007178,0,0
RT-007179,0,0
RT-007180,0,0
RT-007181,0,0
RT-007182,0,0
RT-007183,1,0
RT-007184,0,0
RT-007185,1,0
RT-007186,1,0
RT-007187,0,0
RT-007188,0,0
RT-007189,1,0
RT-007190,0,0
RT-007191,1,0
RT-007192,0,0
RT-007193,0,0
RT-007194,0,0
RT-007195,0,0
RT-007196,0,0
RT-007197,0,0
RT-007198,0,0
RT-007199,0,0
RT-007200,0,0
RT-007201,0,0
RT-007202,1,0
RT-007203,0,0
RT-007204,0,0
RT-007205,0,0
RT-007206,0,0
RT-007207,0,0
RT-007208,0,0
RT-007209,0,1
RT-007210,1,0
RT-007211,1,0
RT-007212,1,0
RT-007213,0,0
RT-007214,1,0
RT-007215,0,0
RT-007216,1,0
RT-007217,1,1
RT-007218,0,0
RT-007219,1,0
RT-007220,0,0
RT-007221,0,0
RT-007222,0,0
RT-007223,1,0
RT-007224,0,0
RT-007225,1,0
RT-007226,0,0
RT-007227,0,0
RT-007228,1,0
RT-007229,0,0
RT-007230,0,0
RT-007231,0,0
RT-007232,0,0
RT-007233,0,0
RT-007234,0,0
RT-007235,1,0
RT-007236,0,0
RT-007237,0,0
RT-007238,0,0
RT-007239,0,0
RT-007240,0,0
RT-007241,0,0
RT-007242,0,0
RT-007243,0,0
RT-007244,1,0
RT-007245,0,0
RT-007246,0,1
RT-007247,0,0
RT-007248,0,0
RT-007249,1,0
RT-007250,0,0
RT-007251,0,0
RT-007252,0,0
RT-007253,1,0
RT-007254,0,0
RT-007255,1,0
RT-007256,0,0
RT-007257,0,0
RT-007258,0,0
RT-007259,1,1
RT-007260,0,0
RT-007261,1,0
RT-007262,0,0
RT-007263,0,0
RT-007264,0,0
RT-007265,0,0
RT-007266,1,0
RT-007267,0,0
RT-007268,1,0
RT-007269,0,0
RT-007270,0,1
RT-007271,0,0
RT-007272,0,0
RT-007273,1,0
RT-007274,0,0
RT-007275,1,0
RT-007276,0,0
RT-007277,1,0
RT-007278,1,0
RT-007279,1,0
RT-007280,0,0
RT-007281,1,0
RT-007282,0,1
RT-007283,1,0
RT-007284,1,0
RT-007285,1,0
RT-007286,1,0
RT-007287,0,0
RT-007288,1,0
RT-007289,1,0
RT-007290,0,0
RT-007291,0,0
RT-007292,0,0
RT-007293,0,0
RT-007294,1,0
RT-007295,0,1
RT-007296,0,0
RT-007297,0,0
RT-007298,0,0
RT-007299,1,0
RT-007300,0,0
RT-007301,0,0
RT-007302,1,0
RT-007303,0,0
RT-007304,0,0
RT-007305,1,0
RT-007306,1,0
RT-007307,0,0
RT-007308,0,0
RT-007309,1,1
RT-007310,1,0
RT-007311,0,0
RT-007312,0,0
RT-007313,1,0
RT-007314,0,0
RT-007315,1,0
RT-007316,1,0
RT-007317,0,0
RT-007318,0,0
RT-007319,0,0
RT-007320,1,0
RT-007321,0,0
RT-007322,0,0
RT-007323,0,0
RT-007324,1,0
RT-007325,0,0
RT-007326,0,0
RT-007327,1,1
RT-007328,0,0
RT-007329,0,1
RT-007330,0,0
RT-007331,1,0
RT-007332,0,0
RT-007333,1,0
RT-007334,0,0
RT-007335,0,0
RT-007336,1,0
RT-007337,0,0
RT-007338,1,0
RT-007339,0,0
RT-007340,0,0
RT-007341,0,0
RT-007342,0,0
RT-007343,0,0
RT-007344,1,0
RT-007345,1,0
RT-007346,1,0
RT-007347,0,0
RT-007348,0,0
RT-007349,1,0
RT-007350,1,0
RT-007351,0,0
RT-007352,0,0
RT-007353,1,0
RT-007354,0,0
RT-007355,1,0
RT-007356,1,0
RT-007357,0,0
RT-007358,0,0
RT-007359,0,0
RT-007360,0,0
RT-007361,1,0
RT-007362,1,0
RT-007363,0,1
RT-007364,1,0
RT-007365,0,0
RT-007366,0,1
RT-007367,0,0
RT-007368,1,0
RT-007369,0,0
RT-007370,1,0
RT-007371,0,0
RT-007372,1,0
RT-007373,0,0
RT-007374,0,0
RT-007375,0,0
RT-007376,1,0
RT-007377,1,0
RT-007378,1,0
RT-007379,0,0
RT-007380,0,0
RT-007381,0,0
RT-007382,0,0
RT-007383,0,0
RT-007384,0,0
RT-007385,0,0
RT-007386,0,0
RT-007387,1,1
RT-007388,1,0
RT-007389,0,0
RT-007390,0,0
RT-007391,1,0
RT-007392,1,0
RT-007393,1,0
RT-007394,0,1
RT-007395,0,0
RT-007396,1,0
RT-007397,1,0
RT-007398,0,0
RT-007399,0,0
RT-007400,0,0
RT-007401,0,0
RT-007402,0,0
RT-007403,1,0
RT-007404,1,0
RT-007405,0,0
RT-007406,0,0
RT-007407,0,1
RT-007408,0,0
RT-007409,0,0
RT-007410,1,0
RT-007411,0,0
RT-007412,0,0
RT-007413,0,0
RT-007414,1,0
RT-007415,0,0
RT-007416,1,0
RT-007417,0,0
RT-007418,0,0
RT-007419,0,0
RT-007420,1,0
RT-007421,0,0
RT-007422,0,0
RT-007423,0,0
RT-007424,0,0
RT-007425,1,0
RT-007426,0,0
RT-007427,0,0
RT-007428,0,0
RT-007429,1,0
RT-007430,1,0
RT-007431,0,1
RT-007432,0,0
RT-007433,0,0
RT-007434,0,0
RT-007435,0,1
RT-007436,1,0
RT-007437,1,0
RT-007438,1,0
RT-007439,0,0
RT-007440,1,0
RT-007441,0,0
RT-007442,1,0
RT-007443,0,1
RT-007444,1,0
RT-007445,0,0
RT-007446,0,0
RT-007447,0,0
RT-007448,0,1
RT-007449,0,0
RT-007450,1,0
RT-007451,1,0
RT-007452,0,0
RT-007453,0,0
RT-007454,1,0
RT-007455,0,1
RT-007456,1,0
RT-007457,0,0
RT-007458,0,0
RT-007459,1,0
RT-007460,0,1
RT-007461,0,0
RT-007462,0,0
RT-007463,0,0
RT-007464,0,0
RT-007465,0,0
RT-007466,1,0
RT-007467,0,0
RT-007468,0,0
RT-007469,0,0
RT-007470,0,0
RT-007471,0,0
RT-007472,0,1
RT-007473,0,0
RT-007474,0,0
RT-007475,0,0
RT-007476,0,0
RT-007477,0,0
RT-007478,0,0
RT-007479,1,0
RT-007480,1,0
RT-007481,0,0
RT-007482,1,0
RT-007483,1,0
RT-007484,1,0
RT-007485,0,0
RT-007486,0,0
RT-007487,1,0
RT-007488,0,0
RT-007489,0,0
RT-007490,0,0
RT-007491,1,1
RT-007492,0,1
RT-007493,1,0
RT-007494,0,0
RT-007495,1,0
RT-007496,0,0
RT-007497,1,0
RT-007498,1,0
RT-007499,1,0
RT-007500,0,0
RT-007501,0,0
RT-007502,0,0
RT-007503,0,0
RT-007504,1,0
RT-007505,0,0
RT-007506,1,0
RT-007507,0,0
RT-007508,1,0
RT-007509,1,0
RT-007510,1,0
RT-007511,1,0
RT-007512,0,0
RT-007513,0,0
RT-007514,0,0
RT-007515,0,0
RT-007516,0,0
RT-007517,0,0
RT-007518,1,0
RT-007519,0,0
RT-007520,0,0
RT-007521,0,1
RT-007522,0,0
RT-007523,0,0
RT-007524,0,0
RT-007525,0,0
RT-007526,1,0
RT-007527,0,0
RT-007528,0,0
RT-007529,0,0
RT-007530,0,0
RT-007531,0,0
RT-007532,0,0
RT-007533,0,0
RT-007534,1,0
RT-007535,1,0
RT-007536,0,0
RT-007537,0,0
RT-007538,0,0
RT-007539,0,0
RT-007540,0,0
RT-007541,0,0
RT-007542,1,0
RT-007543,1,0
RT-007544,0,0
RT-007545,1,0
RT-007546,1,0
RT-007547,0,0
RT-007548,1,0
RT-007549,1,0
RT-007550,0,0
RT-007551,1,0
RT-007552,1,0
RT-007553,0,0
RT-007554,0,0
RT-007555,0,0
RT-007556,0,0
RT-007557,1,0
RT-007558,0,0
RT-007559,0,0
RT-007560,1,0
RT-007561,0,0
RT-007562,0,0
RT-007563,0,0
RT-007564,0,0
RT-007565,0,0
RT-007566,1,0
RT-007567,1,0
RT-007568,1,0
RT-007569,1,0
RT-007570,0,0
RT-007571,0,0
RT-007572,1,0
RT-007573,1,0
RT-007574,0,0
RT-007575,0,0
RT-007576,1,0
RT-007577,0,0
RT-007578,1,0
RT-007579,0,0
RT-007580,1,0
RT-007581,1,0
RT-007582,0,0
RT-007583,1,0
RT-007584,0,0
RT-007585,1,0
RT-007586,0,1
RT-007587,1,1
RT-007588,0,0
RT-007589,0,0
RT-007590,0,0
RT-007591,0,0
RT-007592,0,1
RT-007593,1,0
RT-007594,0,0
RT-007595,0,0
RT-007596,0,0
RT-007597,0,0
RT-007598,0,0
RT-007599,0,0
RT-007600,0,0
RT-007601,0,0
RT-007602,0,1
RT-007603,1,0
RT-007604,0,1
RT-007605,0,1
RT-007606,0,0
RT-007607,1,0
RT-007608,0,0
RT-007609,0,0
RT-007610,1,0
RT-007611,0,0
RT-007612,1,0
RT-007613,0,0
RT-007614,0,0
RT-007615,0,0
RT-007616,0,0
RT-007617,0,0
RT-007618,0,0
RT-007619,0,0
RT-007620,1,0
RT-007621,0,0
RT-007622,0,0
RT-007623,0,0
RT-007624,0,0
RT-007625,1,0
RT-007626,1,0
RT-007627,0,0
RT-007628,1,0
RT-007629,0,0
RT-007630,0,0
RT-007631,1,0
RT-007632,0,0
RT-007633,0,0
RT-007634,0,0
RT-007635,0,0
RT-007636,1,0
RT-007637,0,1
RT-007638,0,1
RT-007639,0,1
RT-007640,1,0
RT-007641,0,0
RT-007642,0,0
RT-007643,1,0
RT-007644,0,1
RT-007645,0,0
RT-007646,0,0
RT-007647,1,0
RT-007648,1,0
RT-007649,1,0
RT-007650,0,1
RT-007651,0,0
RT-007652,0,0
RT-007653,0,0
RT-007654,0,1
RT-007655,0,0
RT-007656,1,0
RT-007657,0,0
RT-007658,0,0
RT-007659,0,0
RT-007660,0,0
RT-007661,1,0
RT-007662,0,0
RT-007663,0,0
RT-007664,0,0
RT-007665,0,0
RT-007666,0,0
RT-007667,0,0
RT-007668,1,0
RT-007669,1,0
RT-007670,0,0
RT-007671,0,0
RT-007672,1,0
RT-007673,0,0
RT-007674,0,0
RT-007675,0,0
RT-007676,0,0
RT-007677,0,0
RT-007678,0,0
RT-007679,0,0
RT-007680,0,0
RT-007681,0,1
RT-007682,0,0
RT-007683,0,0
RT-007684,0,1
RT-007685,1,0
RT-007686,0,0
RT-007687,0,1
RT-007688,0,0
RT-007689,1,0
RT-007690,1,0
RT-007691,1,0
RT-007692,0,0
RT-007693,0,0
RT-007694,0,0
RT-007695,0,0
RT-007696,0,0
RT-007697,1,0
RT-007698,1,0
RT-007699,0,0
RT-007700,0,0
RT-007701,1,0
RT-007702,0,0
RT-007703,0,0
RT-007704,0,0
RT-007705,0,1
RT-007706,0,0
RT-007707,1,0
RT-007708,0,0
RT-007709,1,0
RT-007710,1,0
RT-007711,1,0
RT-007712,0,0
RT-007713,0,0
RT-007714,0,0
RT-007715,0,0
RT-007716,0,0
RT-007717,1,0
RT-007718,0,0
RT-007719,1,0
RT-007720,0,0
RT-007721,1,0
RT-007722,1,0
RT-007723,0,0
RT-007724,0,0
RT-007725,1,0
RT-007726,0,0
RT-007727,1,1
RT-007728,0,0
RT-007729,0,0
RT-007730,1,0
RT-007731,0,0
RT-007732,0,0
RT-007733,0,0
RT-007734,1,0
RT-007735,0,0
RT-007736,0,0
RT-007737,0,0
RT-007738,0,0
RT-007739,1,0
RT-007740,0,0
RT-007741,1,0
RT-007742,0,0
RT-007743,0,0
RT-007744,0,0
RT-007745,0,0
RT-007746,1,0
RT-007747,0,0
RT-007748,0,0
RT-007749,1,0
RT-007750,0,0
RT-007751,0,0
RT-007752,0,0
RT-007753,1,1
RT-007754,0,0
RT-007755,1,0
RT-007756,1,0
RT-007757,1,0
RT-007758,0,0
RT-007759,0,1
RT-007760,0,0
RT-007761,1,0
RT-007762,0,1
RT-007763,0,0
RT-007764,0,0
RT-007765,0,0
RT-007766,0,0
RT-007767,0,0
RT-007768,1,0
RT-007769,0,0
RT-007770,0,0
RT-007771,1,0
RT-007772,0,0
RT-007773,0,0
RT-007774,1,0
RT-007775,0,1
RT-007776,0,0
RT-007777,1,0
RT-007778,1,0
RT-007779,0,0
RT-007780,1,0
RT-007781,0,0
RT-007782,0,0
RT-007783,0,0
RT-007784,0,0
RT-007785,0,0
RT-007786,0,1
RT-007787,0,0
RT-007788,0,0
RT-007789,0,0
RT-007790,0,0
RT-007791,1,0
RT-007792,0,0
RT-007793,0,0
RT-007794,0,0
RT-007795,1,0
RT-007796,1,0
RT-007797,0,1
RT-007798,0,0
RT-007799,1,0
RT-007800,0,0
RT-007801,0,0
RT-007802,0,0
RT-007803,0,0
RT-007804,0,0
RT-007805,0,0
RT-007806,1,0
RT-007807,1,0
RT-007808,0,0
RT-007809,0,1
RT-007810,0,0
RT-007811,0,1
RT-007812,1,0
RT-007813,1,0
RT-007814,1,0
RT-007815,0,0
RT-007816,1,0
RT-007817,0,0
RT-007818,0,0
RT-007819,0,0
RT-007820,0,0
RT-007821,0,0
RT-007822,0,0
RT-007823,0,0
RT-007824,1,0
RT-007825,0,1
RT-007826,0,0
RT-007827,0,0
RT-007828,0,0
RT-007829,0,0
RT-007830,1,0
RT-007831,0,0
RT-007832,0,0
RT-007833,1,0
RT-007834,0,0
RT-007835,0,0
RT-007836,1,0
RT-007837,0,0
RT-007838,0,0
RT-007839,0,0
RT-007840,0,0
RT-007841,0,0
RT-007842,1,0
RT-007843,0,0
RT-007844,0,0
RT-007845,0,0
RT-007846,1,0
RT-007847,0,0
RT-007848,1,0
RT-007849,1,0
RT-007850,0,0
RT-007851,1,0
RT-007852,0,0
RT-007853,0,0
RT-007854,0,0
RT-007855,0,0
RT-007856,1,0
RT-007857,0,0
RT-007858,0,0
RT-007859,0,0
RT-007860,0,0
RT-007861,0,0
RT-007862,1,0
RT-007863,0,0
RT-007864,0,0
RT-007865,0,0
RT-007866,0,0
RT-007867,1,0
RT-007868,1,0
RT-007869,0,0
RT-007870,1,0
RT-007871,0,0
RT-007872,1,0
RT-007873,1,0
RT-007874,0,1
RT-007875,1,0
RT-007876,0,0
RT-007877,1,0
RT-007878,1,1
RT-007879,0,0
RT-007880,0,0
RT-007881,1,0
RT-007882,1,0
RT-007883,1,0
RT-007884,1,0
RT-007885,0,0
RT-007886,0,0
RT-007887,1,0
RT-007888,0,0
RT-007889,0,0
RT-007890,0,0
RT-007891,0,0
RT-007892,0,0
RT-007893,1,0
RT-007894,1,0
RT-007895,0,0
RT-007896,1,0
RT-007897,0,0
RT-007898,0,0
RT-007899,0,0
RT-007900,0,0
RT-007901,0,0
RT-007902,0,0
RT-007903,1,0
RT-007904,0,0
RT-007905,0,0
RT-007906,0,0
RT-007907,0,0
RT-007908,0,0
RT-007909,0,0
RT-007910,0,0
RT-007911,0,0
RT-007912,0,0
RT-007913,0,0
RT-007914,1,0
RT-007915,1,0
RT-007916,0,0
RT-007917,0,0
RT-007918,1,0
RT-007919,0,0
RT-007920,1,0
RT-007921,0,0
RT-007922,0,0
RT-007923,1,0
RT-007924,0,0
RT-007925,1,0
RT-007926,0,0
RT-007927,0,0
RT-007928,0,0
RT-007929,1,0
RT-007930,0,1
RT-007931,1,0
RT-007932,0,0
RT-007933,0,1
RT-007934,0,0
RT-007935,0,0
RT-007936,0,0
RT-007937,0,0
RT-007938,0,0
RT-007939,1,0
RT-007940,0,1
RT-007941,1,0
RT-007942,0,0
RT-007943,0,0
RT-007944,0,0
RT-007945,0,0
RT-007946,0,0
RT-007947,0,0
RT-007948,0,0
RT-007949,1,0
RT-007950,1,0
RT-007951,0,0
RT-007952,1,0
RT-007953,0,0
RT-007954,0,0
RT-007955,0,0
RT-007956,0,0
RT-007957,0,0
RT-007958,0,0
RT-007959,1,0
RT-007960,0,0
RT-007961,0,0
RT-007962,1,0
RT-007963,0,0
RT-007964,1,0
RT-007965,1,0
RT-007966,0,0
RT-007967,0,0
RT-007968,0,0
RT-007969,0,0
RT-007970,0,0
RT-007971,0,0
RT-007972,0,0
RT-007973,0,0
RT-007974,0,0
RT-007975,0,0
RT-007976,0,0
RT-007977,1,0
RT-007978,1,0
RT-007979,0,0
RT-007980,1,0
RT-007981,1,0
RT-007982,0,0
RT-007983,0,0
RT-007984,1,0
RT-007985,1,0
RT-007986,0,0
RT-007987,0,1
RT-007988,0,0
RT-007989,0,0
RT-007990,0,0
RT-007991,0,0
RT-007992,0,0
RT-007993,0,0
RT-007994,1,0
RT-007995,0,0
RT-007996,1,0
RT-007997,1,0
RT-007998,0,0
RT-007999,0,0
RT-008000,0,1
RT-008001,1,0
RT-008002,0,0
RT-008003,0,0
RT-008004,1,0
RT-008005,0,0
RT-008006,0,0
RT-008007,0,1
RT-008008,0,0
RT-008009,0,0
RT-008010,0,0
RT-008011,0,0
RT-008012,0,0
RT-008013,0,0
RT-008014,0,0
RT-008015,0,0
RT-008016,0,0
RT-008017,0,1
RT-008018,0,0
RT-008019,1,0
RT-008020,0,0
RT-008021,0,0
RT-008022,0,0
RT-008023,1,0
RT-008024,1,0
RT-008025,0,0
RT-008026,0,0
RT-008027,1,0
RT-008028,1,0
RT-008029,0,0
RT-008030,0,1
RT-008031,0,0
RT-008032,0,0
RT-008033,1,0
RT-008034,0,0
RT-008035,0,1
RT-008036,0,0
RT-008037,1,0
RT-008038,0,0
RT-008039,0,0
RT-008040,1,0
RT-008041,0,0
RT-008042,0,0
RT-008043,0,0
RT-008044,0,0
RT-008045,0,1
RT-008046,1,0
RT-008047,1,0
RT-008048,0,0
RT-008049,0,0
RT-008050,0,0
RT-008051,1,0
RT-008052,0,0
RT-008053,0,1
RT-008054,1,0
RT-008055,0,1
RT-008056,0,0
RT-008057,1,0
RT-008058,0,0
RT-008059,0,0
RT-008060,0,0
RT-008061,0,0
RT-008062,0,0
RT-008063,0,0
RT-008064,1,0
RT-008065,1,0
RT-008066,0,0
RT-008067,0,0
RT-008068,0,0
RT-008069,0,0
RT-008070,0,0
RT-008071,1,0
RT-008072,1,0
RT-008073,1,0
RT-008074,0,0
RT-008075,0,0
RT-008076,0,1
RT-008077,0,0
RT-008078,0,0
RT-008079,0,0
RT-008080,1,0
RT-008081,0,0
RT-008082,0,0
RT-008083,1,0
RT-008084,0,0
RT-008085,1,0
RT-008086,0,0
RT-008087,1,0
RT-008088,0,0
RT-008089,1,0
RT-008090,0,0
RT-008091,0,0
RT-008092,1,0
RT-008093,0,0
RT-008094,0,0
RT-008095,0,0
RT-008096,1,0
RT-008097,0,0
RT-008098,0,1
RT-008099,0,0
RT-008100,1,0
RT-008101,0,0
RT-008102,0,0
RT-008103,0,0
RT-008104,0,0
RT-008105,0,0
RT-008106,0,0
RT-008107,0,0
RT-008108,0,0
RT-008109,0,0
RT-008110,0,0
RT-008111,1,0
RT-008112,0,0
RT-008113,1,0
RT-008114,1,0
RT-008115,0,0
RT-008116,1,0
RT-008117,0,0
RT-008118,1,0
RT-008119,0,0
RT-008120,0,0
RT-008121,0,0
RT-008122,0,0
RT-008123,1,0
RT-008124,1,0
RT-008125,1,0
RT-008126,1,0
RT-008127,0,0
RT-008128,0,0
RT-008129,0,0
RT-008130,0,1
RT-008131,0,0
RT-008132,0,0
RT-008133,0,1
RT-008134,1,0
RT-008135,1,0
RT-008136,0,0
RT-008137,0,0
RT-008138,0,0
RT-008139,0,0
RT-008140,0,0
RT-008141,0,1
RT-008142,1,0
RT-008143,0,0
RT-008144,0,0
RT-008145,0,0
RT-008146,0,0
RT-008147,0,0
RT-008148,0,0
RT-008149,1,0
RT-008150,0,0
RT-008151,1,0
RT-008152,0,0
RT-008153,0,1
RT-008154,1,0
RT-008155,0,0
RT-008156,0,0
RT-008157,0,0
RT-008158,0,0
RT-008159,0,0
RT-008160,0,0
RT-008161,0,0
RT-008162,0,0
RT-008163,0,1
RT-008164,0,0
RT-008165,0,0
RT-008166,0,0
RT-008167,0,0
RT-008168,1,0
RT-008169,0,0
RT-008170,0,0
RT-008171,0,0
RT-008172,1,0
RT-008173,1,0
RT-008174,0,0
RT-008175,1,0
RT-008176,0,0
RT-008177,1,0
RT-008178,0,0
RT-008179,1,0
RT-008180,0,0
RT-008181,0,0
RT-008182,0,0
RT-008183,0,0
RT-008184,0,0
RT-008185,0,0
RT-008186,0,1
RT-008187,0,0
RT-008188,0,0
RT-008189,0,0
RT-008190,0,0
RT-008191,0,0
RT-008192,1,0
RT-008193,0,0
RT-008194,0,0
RT-008195,0,0
RT-008196,0,0
RT-008197,0,1
RT-008198,0,0
RT-008199,1,0
RT-008200,0,0
RT-008201,0,0
RT-008202,0,0
RT-008203,0,1
RT-008204,1,0
RT-008205,0,0
RT-008206,1,0
RT-008207,0,0
RT-008208,0,0
RT-008209,0,0
RT-008210,0,0
RT-008211,1,0
RT-008212,1,0
RT-008213,0,0
RT-008214,1,0
RT-008215,0,0
RT-008216,0,0
RT-008217,0,0
RT-008218,1,0
RT-008219,0,0
RT-008220,0,1
RT-008221,0,0
RT-008222,0,0
RT-008223,0,0
RT-008224,0,0
RT-008225,1,0
RT-008226,0,0
RT-008227,0,0
RT-008228,1,0
RT-008229,0,1
RT-008230,0,0
RT-008231,0,0
RT-008232,0,0
RT-008233,0,0
RT-008234,0,0
RT-008235,1,0
RT-008236,1,1
RT-008237,1,0
RT-008238,0,0
RT-008239,0,0
RT-008240,0,0
RT-008241,0,0
RT-008242,1,0
RT-008243,0,1
RT-008244,0,0
RT-008245,0,0
RT-008246,0,0
RT-008247,0,0
RT-008248,0,0
RT-008249,0,0
RT-008250,0,0
RT-008251,0,0
RT-008252,0,0
RT-008253,0,0
RT-008254,0,0
RT-008255,0,1
RT-008256,0,0
RT-008257,0,0
RT-008258,0,0
RT-008259,1,0
RT-008260,0,0
RT-008261,0,0
RT-008262,0,1
RT-008263,0,0
RT-008264,0,1
RT-008265,0,0
RT-008266,1,0
RT-008267,0,1
RT-008268,0,0
RT-008269,1,1
RT-008270,0,0
RT-008271,1,0
RT-008272,0,0
RT-008273,0,0
RT-008274,0,0
RT-008275,1,0
RT-008276,0,0
RT-008277,0,0
RT-008278,0,0
RT-008279,0,0
RT-008280,0,0
RT-008281,0,0
RT-008282,0,0
RT-008283,1,0
RT-008284,1,0
RT-008285,1,0
RT-008286,0,0
RT-008287,0,0
RT-008288,0,0
RT-008289,1,0
RT-008290,0,0
RT-008291,1,0
RT-008292,0,0
RT-008293,0,0
RT-008294,0,0
RT-008295,1,0
RT-008296,1,0
RT-008297,0,1
RT-008298,0,0
RT-008299,0,0
RT-008300,0,0
RT-008301,0,0
RT-008302,0,0
RT-008303,0,0
RT-008304,0,0
RT-008305,0,0
RT-008306,1,0
RT-008307,1,0
RT-008308,1,0
RT-008309,0,0
RT-008310,1,0
RT-008311,1,0
RT-008312,0,0
RT-008313,0,0
RT-008314,0,0
RT-008315,0,0
RT-008316,0,0
RT-008317,1,0
RT-008318,1,0
RT-008319,0,0
RT-008320,1,0
RT-008321,0,0
RT-008322,0,0
RT-008323,0,0
RT-008324,1,0
RT-008325,0,0
RT-008326,0,0
RT-008327,0,0
RT-008328,0,0
RT-008329,0,0
RT-008330,1,0
RT-008331,1,0
RT-008332,0,0
RT-008333,0,0
RT-008334,0,0
RT-008335,1,0
RT-008336,0,0
RT-008337,1,0
RT-008338,1,0
RT-008339,0,0
RT-008340,0,0
RT-008341,0,0
RT-008342,0,1
RT-008343,0,0
RT-008344,0,0
RT-008345,0,0
RT-008346,1,0
RT-008347,0,0
RT-008348,1,0
RT-008349,1,0
RT-008350,0,0
RT-008351,0,0
RT-008352,0,0
RT-008353,1,0
RT-008354,1,0
RT-008355,0,0
RT-008356,0,0
RT-008357,0,0
RT-008358,1,0
RT-008359,0,0
RT-008360,0,0
RT-008361,0,0
RT-008362,0,0
RT-008363,0,0
RT-008364,0,0
RT-008365,1,0
RT-008366,0,1
RT-008367,1,0
RT-008368,0,0
RT-008369,0,0
RT-008370,0,1
RT-008371,0,0
RT-008372,0,0
RT-008373,0,0
RT-008374,0,0
RT-008375,0,0
RT-008376,0,0
RT-008377,1,0
RT-008378,0,0
RT-008379,1,0
RT-008380,0,0
RT-008381,0,0
RT-008382,0,0
RT-008383,0,0
RT-008384,1,0
RT-008385,0,0
RT-008386,0,0
RT-008387,1,0
RT-008388,0,0
RT-008389,0,0
RT-008390,0,0
RT-008391,1,0
RT-008392,1,0
RT-008393,0,0
RT-008394,0,0
RT-008395,0,0
RT-008396,0,0
RT-008397,0,0
RT-008398,1,1
RT-008399,0,0
RT-008400,0,1
RT-008401,0,0
RT-008402,1,0
RT-008403,0,0
RT-008404,0,0
RT-008405,1,0
RT-008406,0,0
RT-008407,0,0
RT-008408,0,0
RT-008409,0,0
RT-008410,1,0
RT-008411,1,0
RT-008412,1,0
RT-008413,0,0
RT-008414,0,0
RT-008415,1,0
RT-008416,0,1
RT-008417,0,0
RT-008418,1,0
RT-008419,1,0
RT-008420,0,0
RT-008421,1,0
RT-008422,0,0
RT-008423,0,0
RT-008424,0,0
RT-008425,0,0
RT-008426,0,0
RT-008427,1,0
RT-008428,0,0
RT-008429,0,0
RT-008430,1,0
RT-008431,1,0
RT-008432,0,0
RT-008433,1,0
RT-008434,1,0
RT-008435,0,0
RT-008436,0,0
RT-008437,1,0
RT-008438,1,0
RT-008439,1,0
RT-008440,0,0
RT-008441,0,0
RT-008442,0,0
RT-008443,0,0
RT-008444,0,0
RT-008445,0,0
RT-008446,0,0
RT-008447,0,0
RT-008448,0,1
RT-008449,0,0
RT-008450,0,1
RT-008451,0,0
RT-008452,0,0
RT-008453,1,0
RT-008454,0,0
RT-008455,1,0
RT-008456,0,0
RT-008457,0,1
RT-008458,0,1
RT-008459,0,0
RT-008460,0,1
RT-008461,0,0
RT-008462,0,0
RT-008463,0,0
RT-008464,0,0
RT-008465,1,0
RT-008466,1,0
RT-008467,1,0
RT-008468,0,0
RT-008469,1,0
RT-008470,0,0
RT-008471,1,0
RT-008472,0,0
RT-008473,1,0
RT-008474,0,1
RT-008475,0,0
RT-008476,0,0
RT-008477,0,0
RT-008478,0,0
RT-008479,0,0
RT-008480,0,0
RT-008481,1,0
RT-008482,0,0
RT-008483,0,0
RT-008484,0,0
RT-008485,0,0
RT-008486,0,0
RT-008487,0,0
RT-008488,0,0
RT-008489,0,0
RT-008490,1,0
RT-008491,0,0
RT-008492,0,0
RT-008493,0,0
RT-008494,1,0
RT-008495,0,0
RT-008496,0,0
RT-008497,0,0
RT-008498,1,0
RT-008499,0,0
RT-008500,0,0
RT-008501,0,0
RT-008502,0,0
RT-008503,0,0
RT-008504,1,0
RT-008505,0,0
RT-008506,0,0
RT-008507,0,0
RT-008508,0,0
RT-008509,0,0
RT-008510,0,0
RT-008511,0,0
RT-008512,1,0
RT-008513,1,0
RT-008514,0,0
RT-008515,0,0
RT-008516,0,0
RT-008517,1,0
RT-008518,0,0
RT-008519,0,0
RT-008520,0,0
RT-008521,0,0
RT-008522,0,0
RT-008523,0,0
RT-008524,0,0
RT-008525,0,0
RT-008526,0,0
RT-008527,1,0
RT-008528,0,0
RT-008529,0,0
RT-008530,0,0
RT-008531,0,0
RT-008532,0,0
RT-008533,0,0
RT-008534,0,0
RT-008535,0,0
RT-008536,0,0
RT-008537,0,0
RT-008538,1,0
RT-008539,0,0
RT-008540,0,0
RT-008541,1,0
RT-008542,0,0
RT-008543,0,0
RT-008544,0,0
RT-008545,0,0
RT-008546,0,0
RT-008547,0,0
RT-008548,1,0
RT-008549,1,0
RT-008550,1,0
RT-008551,0,0
RT-008552,0,0
RT-008553,0,0
RT-008554,0,0
RT-008555,0,0
RT-008556,0,0
RT-008557,0,0
RT-008558,1,0
RT-008559,0,0
RT-008560,1,0
RT-008561,1,0
RT-008562,0,0
RT-008563,1,0
RT-008564,0,0
RT-008565,0,0
RT-008566,0,0
RT-008567,0,0
RT-008568,0,0
RT-008569,0,0
RT-008570,1,0
RT-008571,0,0
RT-008572,0,1
RT-008573,1,0
RT-008574,1,0
RT-008575,1,0
RT-008576,1,0
RT-008577,0,0
RT-008578,1,0
RT-008579,1,0
RT-008580,0,0
RT-008581,0,0
RT-008582,0,0
RT-008583,0,0
RT-008584,0,0
RT-008585,1,0
RT-008586,0,0
RT-008587,1,0
RT-008588,0,0
RT-008589,0,0
RT-008590,0,0
RT-008591,1,1
RT-008592,1,0
RT-008593,0,0
RT-008594,0,0
RT-008595,1,0
RT-008596,1,0
RT-008597,0,0
RT-008598,0,0
RT-008599,0,0
RT-008600,0,0
RT-008601,0,0
RT-008602,0,0
RT-008603,0,0
RT-008604,1,0
RT-008605,0,0
RT-008606,0,0
RT-008607,0,0
RT-008608,1,0
RT-008609,1,0
RT-008610,0,0
RT-008611,1,0
RT-008612,1,0
RT-008613,0,0
RT-008614,0,0
RT-008615,0,0
RT-008616,0,0
RT-008617,0,0
RT-008618,1,0
RT-008619,0,0
RT-008620,1,0
RT-008621,1,0
RT-008622,0,0
RT-008623,0,0
RT-008624,0,0
RT-008625,0,0
RT-008626,0,0
RT-008627,0,0
RT-008628,1,0
RT-008629,0,1
RT-008630,1,0
RT-008631,1,0
RT-008632,0,0
RT-008633,0,0
RT-008634,0,0
RT-008635,1,0
RT-008636,0,0
RT-008637,0,0
RT-008638,1,0
RT-008639,0,0
RT-008640,1,0
RT-008641,0,0
RT-008642,0,0
RT-008643,0,0
RT-008644,0,0
RT-008645,0,0
RT-008646,0,0
RT-008647,1,0
RT-008648,0,0
RT-008649,0,0
RT-008650,1,0
RT-008651,0,0
RT-008652,0,0
RT-008653,0,0
RT-008654,1,0
RT-008655,0,0
RT-008656,0,0
RT-008657,0,0
RT-008658,0,0
RT-008659,0,0
RT-008660,0,0
RT-008661,0,0
RT-008662,0,1
RT-008663,0,0
RT-008664,1,0
RT-008665,0,1
RT-008666,0,0
RT-008667,0,0
RT-008668,0,0
RT-008669,0,0
RT-008670,0,0
RT-008671,0,0
RT-008672,1,0
RT-008673,1,0
RT-008674,0,0
RT-008675,1,0
RT-008676,1,0
RT-008677,0,0
RT-008678,1,0
RT-008679,1,0
RT-008680,1,0
RT-008681,0,0
RT-008682,0,0
RT-008683,0,0
RT-008684,0,0
RT-008685,0,0
RT-008686,0,0
RT-008687,1,0
RT-008688,0,0
RT-008689,1,0
RT-008690,0,1
RT-008691,0,0
RT-008692,1,0
RT-008693,0,1
RT-008694,0,0
RT-008695,0,0
RT-008696,1,0
RT-008697,0,0
RT-008698,0,0
RT-008699,1,0
RT-008700,0,0
RT-008701,1,0
RT-008702,0,0
RT-008703,0,0
RT-008704,0,0
RT-008705,0,0
RT-008706,1,0
RT-008707,0,0
RT-008708,1,0
RT-008709,0,0
RT-008710,0,0
RT-008711,1,0
RT-008712,1,0
RT-008713,0,0
RT-008714,0,0
RT-008715,0,0
RT-008716,1,0
RT-008717,0,0
RT-008718,0,0
RT-008719,0,0
RT-008720,0,0
RT-008721,0,1
RT-008722,0,0
RT-008723,1,0
RT-008724,0,0
RT-008725,1,0
RT-008726,1,0
RT-008727,0,1
RT-008728,0,0
RT-008729,0,0
RT-008730,1,0
RT-008731,1,0
RT-008732,0,0
RT-008733,0,0
RT-008734,1,0
RT-008735,0,0
RT-008736,0,0
RT-008737,0,0
RT-008738,1,0
RT-008739,0,0
RT-008740,0,0
RT-008741,0,0
RT-008742,0,0
RT-008743,1,0
RT-008744,0,0
RT-008745,1,0
RT-008746,0,0
RT-008747,1,0
RT-008748,1,0
RT-008749,0,0
RT-008750,1,0
RT-008751,0,0
RT-008752,0,0
RT-008753,0,1
RT-008754,0,1
RT-008755,0,0
RT-008756,0,0
RT-008757,0,0
RT-008758,0,0
RT-008759,0,0
RT-008760,0,0
RT-008761,1,0
RT-008762,0,1
RT-008763,0,0
RT-008764,1,0
RT-008765,0,0
RT-008766,0,0
RT-008767,1,1
RT-008768,1,0
RT-008769,0,0
RT-008770,0,0
RT-008771,1,0
RT-008772,1,0
RT-008773,0,0
RT-008774,0,0
RT-008775,0,1
RT-008776,1,0
RT-008777,0,0
RT-008778,1,0
RT-008779,0,0
RT-008780,1,0
RT-008781,0,0
RT-008782,0,0
RT-008783,0,0
RT-008784,0,0
RT-008785,0,0
RT-008786,1,0
RT-008787,1,0
RT-008788,0,0
RT-008789,1,0
RT-008790,0,0
RT-008791,1,0
RT-008792,1,0
RT-008793,0,0
RT-008794,0,1
RT-008795,0,0
RT-008796,0,0
RT-008797,0,0
RT-008798,0,0
RT-008799,0,0
RT-008800,0,0
RT-008801,1,0
RT-008802,0,0
RT-008803,0,0
RT-008804,0,0
RT-008805,0,0
RT-008806,0,0
RT-008807,0,0
RT-008808,0,0
RT-008809,0,0
RT-008810,0,0
RT-008811,0,0
RT-008812,0,0
RT-008813,0,1
RT-008814,0,0
RT-008815,1,0
RT-008816,0,0
RT-008817,0,0
RT-008818,0,0
RT-008819,0,0
RT-008820,0,0
RT-008821,0,0
RT-008822,1,0
RT-008823,1,0
RT-008824,1,0
RT-008825,0,0
RT-008826,0,0
RT-008827,0,0
RT-008828,1,0
RT-008829,0,0
RT-008830,1,0
RT-008831,1,0
RT-008832,0,0
RT-008833,0,0
RT-008834,0,0
RT-008835,1,0
RT-008836,0,0
RT-008837,0,0
RT-008838,1,0
RT-008839,0,0
RT-008840,0,0
RT-008841,1,0
RT-008842,0,0
RT-008843,0,0
RT-008844,0,0
RT-008845,0,1
RT-008846,0,0
RT-008847,1,0
RT-008848,0,0
RT-008849,1,0
RT-008850,0,0
RT-008851,0,0
RT-008852,0,0
RT-008853,1,0
RT-008854,0,0
RT-008855,0,0
RT-008856,1,0
RT-008857,1,0
RT-008858,1,0
RT-008859,0,0
RT-008860,0,0
RT-008861,0,0
RT-008862,0,1
RT-008863,0,0
RT-008864,0,1
RT-008865,0,1
RT-008866,0,0
RT-008867,0,0
RT-008868,0,0
RT-008869,0,0
RT-008870,1,0
RT-008871,0,0
RT-008872,1,0
RT-008873,0,0
RT-008874,0,0
RT-008875,1,0
RT-008876,1,0
RT-008877,1,0
RT-008878,1,0
RT-008879,0,0
RT-008880,1,0
RT-008881,0,0
RT-008882,0,0
RT-008883,0,0
RT-008884,1,0
RT-008885,1,0
RT-008886,0,0
RT-008887,0,0
RT-008888,1,0
RT-008889,0,0
RT-008890,1,1
RT-008891,0,0
RT-008892,1,0
RT-008893,1,0
RT-008894,0,0
RT-008895,0,0
RT-008896,0,1
RT-008897,0,0
RT-008898,0,0
RT-008899,1,0
RT-008900,1,0
RT-008901,1,0
RT-008902,0,0
RT-008903,0,0
RT-008904,1,0
RT-008905,0,0
RT-008906,0,0
RT-008907,1,0
RT-008908,0,0
RT-008909,0,0
RT-008910,0,0
RT-008911,0,0
RT-008912,1,0
RT-008913,0,0
RT-008914,1,0
RT-008915,0,0
RT-008916,0,0
RT-008917,0,0
RT-008918,0,0
RT-008919,0,0
RT-008920,1,0
RT-008921,0,0
RT-008922,0,0
RT-008923,0,0
RT-008924,1,0
RT-008925,0,0
RT-008926,0,1
RT-008927,1,0
RT-008928,0,0
RT-008929,0,0
RT-008930,0,0
RT-008931,0,0
RT-008932,0,0
RT-008933,0,0
RT-008934,0,0
RT-008935,1,0
RT-008936,0,0
RT-008937,1,0
RT-008938,0,0
RT-008939,0,0
RT-008940,0,0
RT-008941,0,0
RT-008942,0,0
RT-008943,0,0
RT-008944,0,0
RT-008945,1,0
RT-008946,0,0
RT-008947,0,0
RT-008948,0,0
RT-008949,1,0
RT-008950,0,0
RT-008951,0,0
RT-008952,0,0
RT-008953,0,0
RT-008954,0,0
RT-008955,0,0
RT-008956,0,0
RT-008957,1,0
RT-008958,0,1
RT-008959,0,0
RT-008960,1,0
RT-008961,0,1
RT-008962,1,0
RT-008963,1,0
RT-008964,0,0
RT-008965,1,0
RT-008966,0,1
RT-008967,0,0
RT-008968,0,0
RT-008969,0,0
RT-008970,1,0
RT-008971,0,0
RT-008972,1,0
RT-008973,1,0
RT-008974,0,0
RT-008975,0,0
RT-008976,1,0
RT-008977,1,0
RT-008978,0,0
RT-008979,0,1
RT-008980,0,0
RT-008981,0,0
RT-008982,0,0
RT-008983,1,0
RT-008984,0,0
RT-008985,0,1
RT-008986,0,0
RT-008987,1,0
RT-008988,0,0
RT-008989,0,0
RT-008990,0,0
RT-008991,0,0
RT-008992,0,0
RT-008993,1,0
RT-008994,0,0
RT-008995,1,0
RT-008996,0,1
RT-008997,1,0
RT-008998,0,0
RT-008999,1,0
RT-009000,0,0
RT-009001,1,0
RT-009002,1,0
RT-009003,1,0
RT-009004,1,0
RT-009005,1,0
RT-009006,0,0
RT-009007,0,1
RT-009008,0,0
RT-009009,1,0
RT-009010,0,0
RT-009011,0,0
RT-009012,0,0
RT-009013,0,0
RT-009014,0,1
RT-009015,0,1
RT-009016,1,0
RT-009017,1,0
RT-009018,1,0
RT-009019,0,0
RT-009020,0,0
RT-009021,0,1
RT-009022,0,0
RT-009023,0,0
RT-009024,1,0
RT-009025,1,0
RT-009026,0,0
RT-009027,0,1
RT-009028,1,0
RT-009029,1,0
RT-009030,1,0
RT-009031,0,0
RT-009032,0,0
RT-009033,0,0
RT-009034,0,1
RT-009035,0,0
RT-009036,0,0
RT-009037,1,0
RT-009038,1,0
RT-009039,0,0
RT-009040,0,0
RT-009041,1,0
RT-009042,0,0
RT-009043,0,0
RT-009044,0,0
RT-009045,0,0
RT-009046,0,0
RT-009047,1,0
RT-009048,0,0
RT-009049,0,0
RT-009050,0,0
RT-009051,0,0
RT-009052,1,0
RT-009053,0,0
RT-009054,0,0
RT-009055,0,1
RT-009056,0,0
RT-009057,0,0
RT-009058,0,0
RT-009059,0,0
RT-009060,1,0
RT-009061,0,1
RT-009062,0,0
RT-009063,1,0
RT-009064,0,0
RT-009065,1,0
RT-009066,0,1
RT-009067,0,0
RT-009068,0,0
RT-009069,0,0
RT-009070,1,0
RT-009071,0,0
RT-009072,0,0
RT-009073,1,0
RT-009074,1,0
RT-009075,1,0
RT-009076,1,0
RT-009077,1,0
RT-009078,1,0
RT-009079,0,0
RT-009080,0,0
RT-009081,1,0
RT-009082,1,0
RT-009083,0,1
RT-009084,1,0
RT-009085,0,0
RT-009086,1,0
RT-009087,1,0
RT-009088,1,0
RT-009089,0,0
RT-009090,0,0
RT-009091,1,0
RT-009092,0,0
RT-009093,1,0
RT-009094,1,0
RT-009095,0,0
RT-009096,0,0
RT-009097,0,0
RT-009098,1,0
RT-009099,0,0
RT-009100,0,0
RT-009101,1,0
RT-009102,0,0
RT-009103,0,1
RT-009104,0,0
RT-009105,0,1
RT-009106,1,0
RT-009107,0,0
RT-009108,0,0
RT-009109,0,0
RT-009110,1,0
RT-009111,1,0
RT-009112,0,0
RT-009113,0,0
RT-009114,1,0
RT-009115,0,0
RT-009116,1,0
RT-009117,0,1
RT-009118,0,0
RT-009119,0,1
RT-009120,1,0
RT-009121,1,0
RT-009122,1,1
RT-009123,0,0
RT-009124,1,0
RT-009125,1,0
RT-009126,0,0
RT-009127,0,0
RT-009128,1,0
RT-009129,0,0
RT-009130,0,0
RT-009131,1,0
RT-009132,0,0
RT-009133,0,1
RT-009134,1,0
RT-009135,0,0
RT-009136,0,0
RT-009137,0,0
RT-009138,0,0
RT-009139,0,0
RT-009140,0,0
RT-009141,0,0
RT-009142,0,1
RT-009143,1,0
RT-009144,1,0
RT-009145,0,0
RT-009146,0,0
RT-009147,0,0
RT-009148,1,0
RT-009149,0,0
RT-009150,0,0
RT-009151,0,0
RT-009152,1,0
RT-009153,0,0
RT-009154,0,0
RT-009155,1,0
RT-009156,0,0
RT-009157,0,0
RT-009158,0,0
RT-009159,0,0
RT-009160,0,0
RT-009161,1,0
RT-009162,1,0
RT-009163,0,0
RT-009164,1,0
RT-009165,1,0
RT-009166,0,0
RT-009167,0,0
RT-009168,0,0
RT-009169,0,0
RT-009170,0,0
RT-009171,1,0
RT-009172,1,0
RT-009173,0,0
RT-009174,1,0
RT-009175,1,0
RT-009176,0,0
RT-009177,0,0
RT-009178,0,0
RT-009179,0,0
RT-009180,0,0
RT-009181,1,0
RT-009182,1,1
RT-009183,0,0
RT-009184,0,0
RT-009185,1,0
RT-009186,0,0
RT-009187,1,0
RT-009188,0,0
RT-009189,0,0
RT-009190,0,0
RT-009191,0,0
RT-009192,0,0
RT-009193,1,0
RT-009194,0,0
RT-009195,0,0
RT-009196,0,0
RT-009197,0,0
RT-009198,0,1
RT-009199,0,0
RT-009200,0,0
RT-009201,0,0
RT-009202,0,0
RT-009203,1,0
RT-009204,1,0
RT-009205,0,0
RT-009206,1,0
RT-009207,1,0
RT-009208,1,0
RT-009209,1,0
RT-009210,0,0
RT-009211,0,0
RT-009212,0,0
RT-009213,0,0
RT-009214,0,0
RT-009215,0,0
RT-009216,0,0
RT-009217,0,0
RT-009218,0,1
RT-009219,0,0
RT-009220,0,0
RT-009221,0,0
RT-009222,0,0
RT-009223,1,0
RT-009224,0,0
RT-009225,0,0
RT-009226,0,1
RT-009227,0,0
RT-009228,0,0
RT-009229,0,0
RT-009230,0,0
RT-009231,0,1
RT-009232,1,0
RT-009233,0,0
RT-009234,0,0
RT-009235,0,0
RT-009236,0,0
RT-009237,0,0
RT-009238,1,0
RT-009239,0,0
RT-009240,0,0
RT-009241,1,0
RT-009242,1,0
RT-009243,0,0
RT-009244,0,1
RT-009245,1,0
RT-009246,0,1
RT-009247,1,0
RT-009248,0,0
RT-009249,0,0
RT-009250,1,0
RT-009251,1,0
RT-009252,0,0
RT-009253,0,0
RT-009254,0,0
RT-009255,1,0
RT-009256,1,0
RT-009257,1,0
RT-009258,1,0
RT-009259,0,0
RT-009260,0,0
RT-009261,0,0
RT-009262,0,0
RT-009263,0,0
RT-009264,1,0
RT-009265,0,0
RT-009266,1,0
RT-009267,0,0
RT-009268,0,0
RT-009269,1,0
RT-009270,0,0
RT-009271,1,0
RT-009272,1,0
RT-009273,1,0
RT-009274,1,0
RT-009275,1,0
RT-009276,1,0
RT-009277,0,0
RT-009278,1,0
RT-009279,0,0
RT-009280,0,0
RT-009281,0,0
RT-009282,0,0
RT-009283,0,0
RT-009284,0,0
RT-009285,0,0
RT-009286,1,0
RT-009287,0,0
RT-009288,0,0
RT-009289,1,0
RT-009290,0,0
RT-009291,0,0
RT-009292,1,0
RT-009293,1,0
RT-009294,0,0
RT-009295,0,0
RT-009296,0,0
RT-009297,1,0
RT-009298,0,0
RT-009299,0,1
RT-009300,0,0
RT-009301,0,0
RT-009302,0,0
RT-009303,0,0
RT-009304,0,0
RT-009305,0,0
RT-009306,0,0
RT-009307,1,0
RT-009308,0,1
RT-009309,0,0
RT-009310,0,0
RT-009311,1,1
RT-009312,0,0
RT-009313,1,0
RT-009314,0,0
RT-009315,0,0
RT-009316,0,0
RT-009317,0,1
RT-009318,0,1
RT-009319,1,0
RT-009320,0,0
RT-009321,1,0
RT-009322,0,0
RT-009323,1,0
RT-009324,0,0
RT-009325,1,0
RT-009326,1,0
RT-009327,0,0
RT-009328,0,0
RT-009329,0,0
RT-009330,1,0
RT-009331,1,0
RT-009332,1,0
RT-009333,0,0
RT-009334,0,0
RT-009335,0,0
RT-009336,0,1
RT-009337,0,1
RT-009338,0,0
RT-009339,1,0
RT-009340,0,0
RT-009341,0,0
RT-009342,0,0
RT-009343,0,0
RT-009344,0,1
RT-009345,0,0
RT-009346,0,0
RT-009347,1,0
RT-009348,0,0
RT-009349,0,0
RT-009350,0,0
RT-009351,0,0
RT-009352,0,0
RT-009353,0,0
RT-009354,0,1
RT-009355,1,0
RT-009356,0,0
RT-009357,0,0
RT-009358,0,0
RT-009359,1,0
RT-009360,0,0
RT-009361,0,0
RT-009362,0,0
RT-009363,1,0
RT-009364,1,1
RT-009365,0,1
RT-009366,1,0
RT-009367,1,0
RT-009368,0,0
RT-009369,1,0
RT-009370,0,0
RT-009371,0,0
RT-009372,0,0
RT-009373,1,0
RT-009374,0,0
RT-009375,1,0
RT-009376,0,0
RT-009377,1,0
RT-009378,0,0
RT-009379,0,0
RT-009380,0,0
RT-009381,0,0
RT-009382,0,0
RT-009383,1,0
RT-009384,0,0
RT-009385,1,0
RT-009386,0,0
RT-009387,0,0
RT-009388,0,0
RT-009389,0,0
RT-009390,1,0
RT-009391,1,0
RT-009392,0,0
RT-009393,1,0
RT-009394,0,0
RT-009395,1,0
RT-009396,0,0
RT-009397,0,0
RT-009398,0,1
RT-009399,0,0
RT-009400,1,0
RT-009401,0,0
RT-009402,0,1
RT-009403,1,0
RT-009404,0,0
RT-009405,0,0
RT-009406,0,1
RT-009407,0,0
RT-009408,0,0
RT-009409,0,0
RT-009410,0,0
RT-009411,1,0
RT-009412,1,0
RT-009413,0,0
RT-009414,1,0
RT-009415,0,0
RT-009416,0,0
RT-009417,1,0
RT-009418,1,0
RT-009419,0,0
RT-009420,0,1
RT-009421,0,0
RT-009422,0,0
RT-009423,1,0
RT-009424,1,0
RT-009425,0,0
RT-009426,1,0
RT-009427,1,0
RT-009428,0,0
RT-009429,1,0
RT-009430,0,1
RT-009431,0,1
RT-009432,1,0
RT-009433,0,0
RT-009434,0,0
RT-009435,1,0
RT-009436,1,0
RT-009437,0,0
RT-009438,0,0
RT-009439,0,0
RT-009440,1,0
RT-009441,0,0
RT-009442,0,0
RT-009443,1,0
RT-009444,1,0
RT-009445,1,0
RT-009446,1,0
RT-009447,0,0
RT-009448,0,0
RT-009449,0,0
RT-009450,0,0
RT-009451,0,0
RT-009452,0,0
RT-009453,0,0
RT-009454,0,0
RT-009455,1,0
RT-009456,0,0
RT-009457,1,0
RT-009458,1,0
RT-009459,0,0
RT-009460,0,1
RT-009461,1,0
RT-009462,0,0
RT-009463,0,0
RT-009464,1,0
RT-009465,0,0
RT-009466,1,0
RT-009467,0,1
RT-009468,0,0
RT-009469,0,0
RT-009470,0,0
RT-009471,0,0
RT-009472,0,0
RT-009473,0,0
RT-009474,0,0
RT-009475,1,0
RT-009476,0,0
RT-009477,1,0
RT-009478,1,0
RT-009479,0,0
RT-009480,0,0
RT-009481,0,0
RT-009482,1,0
RT-009483,0,0
RT-009484,1,0
RT-009485,0,0
RT-009486,0,0
RT-009487,1,0
RT-009488,1,0
RT-009489,0,1
RT-009490,0,0
RT-009491,0,0
RT-009492,0,1
RT-009493,0,1
RT-009494,0,0
RT-009495,1,0
RT-009496,0,0
RT-009497,1,0
RT-009498,1,0
RT-009499,0,0
RT-009500,0,0
RT-009501,0,0
RT-009502,0,0
RT-009503,0,0
RT-009504,0,0
RT-009505,1,0
RT-009506,0,0
RT-009507,0,0
RT-009508,1,0
RT-009509,0,0
RT-009510,0,0
RT-009511,0,0
RT-009512,0,0
RT-009513,0,1
RT-009514,1,0
RT-009515,0,1
RT-009516,0,0
RT-009517,1,0
RT-009518,0,0
RT-009519,0,0
RT-009520,0,0
RT-009521,0,0
RT-009522,0,0
RT-009523,1,0
RT-009524,1,0
RT-009525,0,0
RT-009526,0,0
RT-009527,1,0
RT-009528,0,0
RT-009529,0,0
RT-009530,1,0
RT-009531,1,0
RT-009532,0,1
RT-009533,1,0
RT-009534,0,0
RT-009535,0,0
RT-009536,0,0
RT-009537,1,0
RT-009538,0,0
RT-009539,0,0
RT-009540,0,0
RT-009541,0,0
RT-009542,1,0
RT-009543,0,0
RT-009544,0,0
RT-009545,1,0
RT-009546,0,0
RT-009547,1,0
RT-009548,1,0
RT-009549,0,0
RT-009550,0,1
RT-009551,0,0
RT-009552,1,0
RT-009553,0,0
RT-009554,0,0
RT-009555,0,0
RT-009556,1,0
RT-009557,1,0
RT-009558,1,0
RT-009559,0,0
RT-009560,1,0
RT-009561,1,0
RT-009562,1,0
RT-009563,0,0
RT-009564,0,0
RT-009565,0,0
RT-009566,1,0
RT-009567,0,0
RT-009568,0,0
RT-009569,0,0
RT-009570,0,0
RT-009571,0,0
RT-009572,0,0
RT-009573,0,0
RT-009574,0,0
RT-009575,1,0
RT-009576,1,0
RT-009577,0,0
RT-009578,0,0
RT-009579,1,0
RT-009580,0,0
RT-009581,1,0
RT-009582,1,0
RT-009583,1,0
RT-009584,0,0
RT-009585,1,0
RT-009586,0,0
RT-009587,0,0
RT-009588,1,0
RT-009589,0,0
RT-009590,1,0
RT-009591,1,0
RT-009592,0,0
RT-009593,0,0
RT-009594,0,0
RT-009595,0,0
RT-009596,0,0
RT-009597,0,0
RT-009598,0,0
RT-009599,1,0
RT-009600,0,0
RT-009601,0,0
RT-009602,0,0
RT-009603,1,0
RT-009604,0,0
RT-009605,0,0
RT-009606,0,0
RT-009607,0,0
RT-009608,0,0
RT-009609,1,0
RT-009610,0,0
RT-009611,0,0
RT-009612,1,0
RT-009613,0,0
RT-009614,0,0
RT-009615,0,0
RT-009616,1,0
RT-009617,0,0
RT-009618,0,0
RT-009619,0,0
RT-009620,0,0
RT-009621,0,0
RT-009622,0,0
RT-009623,0,0
RT-009624,0,0
RT-009625,1,0
RT-009626,1,0
RT-009627,0,0
RT-009628,1,0
RT-009629,0,0
RT-009630,0,0
RT-009631,0,0
RT-009632,0,0
RT-009633,0,0
RT-009634,1,0
RT-009635,1,0
RT-009636,1,0
RT-009637,0,0
RT-009638,0,0
RT-009639,0,1
RT-009640,0,0
RT-009641,0,0
RT-009642,0,0
RT-009643,0,0
RT-009644,0,0
RT-009645,0,0
RT-009646,1,0
RT-009647,0,0
RT-009648,0,0
RT-009649,0,0
RT-009650,0,0
RT-009651,0,0
RT-009652,0,0
RT-009653,0,0
RT-009654,0,0
RT-009655,0,0
RT-009656,0,0
RT-009657,0,0
RT-009658,1,0
RT-009659,0,1
RT-009660,0,0
RT-009661,1,0
RT-009662,0,0
RT-009663,1,0
RT-009664,1,0
RT-009665,1,0
RT-009666,0,0
RT-009667,0,1
RT-009668,0,0
RT-009669,0,0
RT-009670,0,0
RT-009671,1,0
RT-009672,0,0
RT-009673,0,0
RT-009674,1,1
RT-009675,0,0
RT-009676,0,0
RT-009677,1,0
RT-009678,0,0
RT-009679,0,1
RT-009680,0,0
RT-009681,0,0
RT-009682,0,0
RT-009683,1,0
RT-009684,0,0
RT-009685,1,0
RT-009686,0,0
RT-009687,0,0
RT-009688,0,0
RT-009689,0,0
RT-009690,1,0
RT-009691,0,0
RT-009692,0,0
RT-009693,0,1
RT-009694,0,0
RT-009695,1,0
RT-009696,0,0
RT-009697,0,0
RT-009698,1,0
RT-009699,1,0
RT-009700,1,0
RT-009701,0,0
RT-009702,0,0
RT-009703,1,0
RT-009704,0,0
RT-009705,0,0
RT-009706,0,0
RT-009707,1,0
RT-009708,1,1
RT-009709,0,0
RT-009710,0,0
RT-009711,1,0
RT-009712,0,0
RT-009713,1,0
RT-009714,0,1
RT-009715,0,0
RT-009716,1,0
RT-009717,0,0
RT-009718,0,0
RT-009719,1,1
RT-009720,0,0
RT-009721,0,0
RT-009722,1,0
RT-009723,1,0
RT-009724,1,0
RT-009725,0,0
RT-009726,0,0
RT-009727,0,0
RT-009728,1,0
RT-009729,0,0
RT-009730,0,0
RT-009731,0,0
RT-009732,0,0
RT-009733,1,0
RT-009734,1,0
RT-009735,0,0
RT-009736,1,0
RT-009737,0,0
RT-009738,0,0
RT-009739,1,0
RT-009740,0,0
RT-009741,1,0
RT-009742,0,0
RT-009743,1,0
RT-009744,0,0
RT-009745,0,0
RT-009746,0,0
RT-009747,0,0
RT-009748,1,0
RT-009749,1,0
RT-009750,1,0
RT-009751,0,0
RT-009752,0,0
RT-009753,1,0
RT-009754,0,0
RT-009755,0,0
RT-009756,0,0
RT-009757,1,0
RT-009758,1,0
RT-009759,0,0
RT-009760,0,0
RT-009761,1,0
RT-009762,1,0
RT-009763,0,0
RT-009764,1,0
RT-009765,0,0
RT-009766,1,0
RT-009767,0,1
RT-009768,0,0
RT-009769,1,0
RT-009770,1,0
RT-009771,0,0
RT-009772,0,0
RT-009773,1,0
RT-009774,0,1
RT-009775,0,0
RT-009776,1,0
RT-009777,0,0
RT-009778,1,0
RT-009779,0,0
RT-009780,1,0
RT-009781,0,0
RT-009782,0,1
RT-009783,0,0
RT-009784,0,0
RT-009785,0,0
RT-009786,0,0
RT-009787,1,0
RT-009788,0,0
RT-009789,0,0
RT-009790,0,0
RT-009791,0,0
RT-009792,0,0
RT-009793,0,0
RT-009794,0,0
RT-009795,0,0
RT-009796,1,0
RT-009797,1,0
RT-009798,0,0
RT-009799,1,0
RT-009800,0,1
RT-009801,0,0
RT-009802,1,0
RT-009803,0,0
RT-009804,1,0
RT-009805,0,0
RT-009806,1,0
RT-009807,0,0
RT-009808,1,0
RT-009809,0,0
RT-009810,0,0
RT-009811,0,0
RT-009812,1,0
RT-009813,0,0
RT-009814,0,0
RT-009815,0,0
RT-009816,0,0
RT-009817,0,0
RT-009818,0,0
RT-009819,1,0
RT-009820,1,0
RT-009821,0,0
RT-009822,0,1
RT-009823,1,0
RT-009824,0,0
RT-009825,0,0
RT-009826,0,0
RT-009827,0,0
RT-009828,0,1
RT-009829,1,0
RT-009830,1,0
RT-009831,1,0
RT-009832,0,0
RT-009833,0,1
RT-009834,0,1
RT-009835,0,0
RT-009836,0,0
RT-009837,0,0
RT-009838,1,0
RT-009839,0,0
RT-009840,1,0
RT-009841,0,0
RT-009842,1,0
RT-009843,0,0
RT-009844,0,0
RT-009845,1,0
RT-009846,1,0
RT-009847,0,1
RT-009848,1,0
RT-009849,0,0
RT-009850,0,0
RT-009851,0,0
RT-009852,0,0
RT-009853,0,0
RT-009854,0,0
RT-009855,0,1
RT-009856,0,0
RT-009857,0,0
RT-009858,0,0
RT-009859,1,0
RT-009860,0,0
RT-009861,1,0
RT-009862,0,0
RT-009863,0,0
RT-009864,0,1
RT-009865,0,0
RT-009866,0,0
RT-009867,1,0
RT-009868,0,0
RT-009869,0,0
RT-009870,1,0
RT-009871,0,0
RT-009872,0,0
RT-009873,1,0
RT-009874,0,0
RT-009875,0,0
RT-009876,0,0
RT-009877,0,0
RT-009878,0,0
RT-009879,0,0
RT-009880,1,0
RT-009881,0,0
RT-009882,1,0
RT-009883,0,0
RT-009884,0,0
RT-009885,0,0
RT-009886,0,0
RT-009887,0,0
RT-009888,0,0
RT-009889,1,0
RT-009890,0,0
RT-009891,0,0
RT-009892,0,0
RT-009893,1,0
RT-009894,1,0
RT-009895,1,0
RT-009896,0,0
RT-009897,0,0
RT-009898,0,0
RT-009899,0,0
RT-009900,0,0
RT-009901,0,0
RT-009902,1,0
RT-009903,0,0
RT-009904,1,0
RT-009905,0,0
RT-009906,0,0
RT-009907,0,0
RT-009908,0,0
RT-009909,0,0
RT-009910,0,0
RT-009911,0,0
RT-009912,0,0
RT-009913,0,0
RT-009914,0,0
RT-009915,0,0
RT-009916,0,0
RT-009917,0,1
RT-009918,1,0
RT-009919,1,0
RT-009920,1,0
RT-009921,0,0
RT-009922,1,0
RT-009923,1,0
RT-009924,0,0
RT-009925,1,0
RT-009926,0,0
RT-009927,1,0
RT-009928,0,0
RT-009929,0,0
RT-009930,0,0
RT-009931,0,0
RT-009932,0,0
RT-009933,1,0
RT-009934,0,0
RT-009935,1,0
RT-009936,0,0
RT-009937,1,0
RT-009938,1,0
RT-009939,1,0
RT-009940,0,0
RT-009941,0,0
RT-009942,0,0
RT-009943,0,0
RT-009944,1,0
RT-009945,0,0
RT-009946,0,0
RT-009947,1,0
RT-009948,0,0
RT-009949,0,0
RT-009950,0,0
RT-009951,0,0
RT-009952,1,0
RT-009953,0,0
RT-009954,1,0
RT-009955,0,0
RT-009956,0,0
RT-009957,1,0
RT-009958,1,0
RT-009959,0,0
RT-009960,0,0
RT-009961,0,0
RT-009962,0,0
RT-009963,0,0
RT-009964,1,0
RT-009965,1,0
RT-009966,0,0
RT-009967,1,0
RT-009968,0,0
RT-009969,0,0
RT-009970,0,0
RT-009971,0,0
RT-009972,1,0
RT-009973,0,1
RT-009974,0,0
RT-009975,1,0
RT-009976,0,0
RT-009977,1,0
RT-009978,1,0
RT-009979,0,0
RT-009980,0,0
RT-009981,0,0
RT-009982,1,0
RT-009983,0,0
RT-009984,1,1
RT-009985,0,0
RT-009986,1,0
RT-009987,1,0
RT-009988,1,1
RT-009989,0,0
RT-009990,1,0
RT-009991,0,0
RT-009992,0,0
RT-009993,0,0
RT-009994,0,0
RT-009995,0,0
RT-009996,0,0
RT-009997,1,0
RT-009998,1,0
RT-009999,0,1
RT-010000,0,0
RT-010001,1,1
RT-010002,0,0
RT-010003,0,0
RT-010004,0,0
RT-010005,0,0
RT-010006,0,0
RT-010007,0,0
RT-010008,0,0
RT-010009,1,0
RT-010010,0,0
RT-010011,0,0
RT-010012,1,0
RT-010013,1,0
RT-010014,0,0
RT-010015,0,0
RT-010016,0,0
RT-010017,0,0
RT-010018,0,0
RT-010019,0,0
RT-010020,1,0
RT-010021,1,0
RT-010022,0,0
RT-010023,1,0
RT-010024,0,1
RT-010025,0,1
RT-010026,0,0
RT-010027,0,1
RT-010028,0,0
RT-010029,1,0
RT-010030,1,0
RT-010031,0,0
RT-010032,0,0
RT-010033,0,0
RT-010034,0,0
RT-010035,0,0
RT-010036,0,0
RT-010037,0,0
RT-010038,1,0
RT-010039,1,0
RT-010040,0,0
RT-010041,0,0
RT-010042,0,0
RT-010043,1,0
RT-010044,1,0
RT-010045,0,0
RT-010046,0,0
RT-010047,0,0
RT-010048,0,0
RT-010049,0,0
RT-010050,0,0
RT-010051,1,0
RT-010052,1,0
RT-010053,0,0
RT-010054,0,0
RT-010055,0,0
RT-010056,1,0
RT-010057,0,0
RT-010058,1,0
RT-010059,0,0
RT-010060,0,0
RT-010061,0,0
RT-010062,1,0
RT-010063,0,0
RT-010064,1,0
RT-010065,0,0
RT-010066,0,0
RT-010067,1,0
RT-010068,0,0
RT-010069,0,0
RT-010070,0,0
RT-010071,0,0
RT-010072,0,0
RT-010073,0,0
RT-010074,1,0
RT-010075,0,0
RT-010076,1,0
RT-010077,1,0
RT-010078,0,0
RT-010079,0,0
RT-010080,1,0
RT-010081,0,0
RT-010082,0,0
RT-010083,1,0
RT-010084,0,0
RT-010085,1,1
RT-010086,0,0
RT-010087,0,0
RT-010088,0,0
RT-010089,0,0
RT-010090,0,0
RT-010091,1,0
RT-010092,1,0
RT-010093,0,0
RT-010094,0,0
RT-010095,1,0
RT-010096,0,0
RT-010097,0,0
RT-010098,0,0
RT-010099,0,0
RT-010100,0,0
RT-010101,0,0
RT-010102,0,0
RT-010103,0,0
RT-010104,0,0
RT-010105,0,0
RT-010106,0,1
RT-010107,0,0
RT-010108,1,0
RT-010109,0,1
RT-010110,0,0
RT-010111,0,0
RT-010112,1,0
RT-010113,0,0
RT-010114,1,0
RT-010115,0,0
RT-010116,0,0
RT-010117,0,0
RT-010118,0,0
RT-010119,0,0
RT-010120,1,0
RT-010121,0,0
RT-010122,0,0
RT-010123,1,0
RT-010124,1,0
RT-010125,0,0
RT-010126,1,0
RT-010127,0,0
RT-010128,1,0
RT-010129,0,0
RT-010130,0,0
RT-010131,0,0
RT-010132,1,0
RT-010133,1,0
RT-010134,0,0
RT-010135,1,0
RT-010136,0,0
RT-010137,0,0
RT-010138,0,0
RT-010139,0,0
RT-010140,0,0
RT-010141,0,0
RT-010142,0,0
RT-010143,1,0
RT-010144,0,0
RT-010145,0,1
RT-010146,0,0
RT-010147,0,0
RT-010148,1,0
RT-010149,0,0
RT-010150,1,0
RT-010151,1,0
RT-010152,1,0
RT-010153,1,0
RT-010154,0,0
RT-010155,1,0
RT-010156,0,0
RT-010157,0,0
RT-010158,1,0
RT-010159,1,0
RT-010160,0,0
RT-010161,0,0
RT-010162,1,0
RT-010163,1,0
RT-010164,1,0
RT-010165,0,0
RT-010166,0,0
RT-010167,0,0
RT-010168,0,0
RT-010169,0,0
RT-010170,0,0
RT-010171,0,0
RT-010172,0,0
RT-010173,0,0
RT-010174,1,0
RT-010175,0,0
RT-010176,0,0
RT-010177,0,0
RT-010178,0,0
RT-010179,1,0
RT-010180,1,0
RT-010181,0,0
RT-010182,1,0
RT-010183,0,0
RT-010184,1,0
RT-010185,0,0
RT-010186,1,0
RT-010187,0,0
RT-010188,0,0
RT-010189,1,0
RT-010190,1,0
RT-010191,0,0
RT-010192,1,0
RT-010193,0,0
RT-010194,0,0
RT-010195,1,0
RT-010196,0,0
RT-010197,1,0
RT-010198,1,0
RT-010199,0,0
RT-010200,0,0
RT-010201,0,0
RT-010202,1,0
RT-010203,1,0
RT-010204,1,0
RT-010205,1,0
RT-010206,0,0
RT-010207,0,0
RT-010208,0,1
RT-010209,0,1
RT-010210,0,0
RT-010211,0,0
RT-010212,0,1
RT-010213,1,0
RT-010214,0,0
RT-010215,0,0
RT-010216,0,0
RT-010217,1,0
RT-010218,0,0
RT-010219,0,0
RT-010220,1,0
RT-010221,1,0
RT-010222,1,0
RT-010223,0,0
RT-010224,0,0
RT-010225,0,0
RT-010226,0,0
RT-010227,0,0
RT-010228,0,0
RT-010229,0,0
RT-010230,1,0
RT-010231,0,0
RT-010232,0,0
RT-010233,0,0
RT-010234,1,0
RT-010235,0,0
RT-010236,0,0
RT-010237,0,0
RT-010238,0,1
RT-010239,0,0
RT-010240,0,0
RT-010241,0,0
RT-010242,0,0
RT-010243,1,0
RT-010244,0,0
RT-010245,0,0
RT-010246,1,0
RT-010247,0,0
RT-010248,1,0
RT-010249,1,0
RT-010250,0,1
RT-010251,0,0
RT-010252,0,0
RT-010253,0,0
RT-010254,0,0
RT-010255,0,0
RT-010256,1,0
RT-010257,1,0
RT-010258,1,0
RT-010259,0,1
RT-010260,0,0
RT-010261,1,0
RT-010262,0,0
RT-010263,1,0
RT-010264,0,0
RT-010265,1,0
RT-010266,0,0
RT-010267,0,0
RT-010268,1,0
RT-010269,0,0
RT-010270,1,0
RT-010271,0,0
RT-010272,0,0
RT-010273,0,0
RT-010274,1,1
RT-010275,0,0
RT-010276,0,0
RT-010277,1,0
RT-010278,0,0
RT-010279,0,0
RT-010280,0,0
RT-010281,0,1
RT-010282,1,0
RT-010283,1,0
RT-010284,0,0
RT-010285,0,0
RT-010286,0,0
RT-010287,0,0
RT-010288,1,0
RT-010289,1,0
RT-010290,1,0
RT-010291,0,0
RT-010292,0,0
RT-010293,1,0
RT-010294,0,0
RT-010295,1,0
RT-010296,0,0
RT-010297,1,0
RT-010298,1,0
RT-010299,0,1
RT-010300,1,0
RT-010301,0,0
RT-010302,0,0
RT-010303,0,0
RT-010304,0,0
RT-010305,0,0
RT-010306,1,0
RT-010307,0,0
RT-010308,1,0
RT-010309,0,0
RT-010310,1,0
RT-010311,0,0
RT-010312,1,0
RT-010313,1,0
RT-010314,0,0
RT-010315,1,0
RT-010316,0,0
RT-010317,1,0
RT-010318,0,0
RT-010319,0,0
RT-010320,0,0
RT-010321,0,0
RT-010322,0,1
RT-010323,1,0
RT-010324,0,1
RT-010325,0,0
RT-010326,0,0
RT-010327,0,0
RT-010328,0,0
RT-010329,1,0
RT-010330,0,0
RT-010331,1,0
RT-010332,0,0
RT-010333,0,0
RT-010334,1,0
RT-010335,0,0
RT-010336,0,0
RT-010337,1,0
RT-010338,0,0
RT-010339,1,0
RT-010340,0,0
RT-010341,0,0
RT-010342,0,0
RT-010343,0,0
RT-010344,0,0
RT-010345,1,0
RT-010346,0,0
RT-010347,0,0
RT-010348,1,0
RT-010349,0,0
RT-010350,0,0
RT-010351,1,0
RT-010352,0,0
RT-010353,0,0
RT-010354,1,0
RT-010355,0,0
RT-010356,0,0
RT-010357,0,0
RT-010358,1,0
RT-010359,0,1
RT-010360,0,0
RT-010361,1,0
RT-010362,1,0
RT-010363,0,1
RT-010364,1,0
RT-010365,1,0
RT-010366,0,0
RT-010367,1,0
RT-010368,1,0
RT-010369,1,0
RT-010370,0,0
RT-010371,1,0
RT-010372,0,0
RT-010373,1,0
RT-010374,0,0
RT-010375,1,0
RT-010376,0,0
RT-010377,1,0
RT-010378,0,0
RT-010379,0,0
RT-010380,0,0
RT-010381,0,0
RT-010382,1,0
RT-010383,0,0
RT-010384,1,0
RT-010385,0,0
RT-010386,0,0
RT-010387,0,1
RT-010388,0,1
RT-010389,0,0
RT-010390,0,0
RT-010391,0,0
RT-010392,1,0
RT-010393,0,0
RT-010394,0,0
RT-010395,0,0
RT-010396,1,0
RT-010397,0,0
RT-010398,0,0
RT-010399,0,0
RT-010400,1,0
RT-010401,1,0
RT-010402,1,0
RT-010403,1,0
RT-010404,0,0
RT-010405,0,0
RT-010406,0,0
RT-010407,0,0
RT-010408,1,0
RT-010409,0,0
RT-010410,0,0
RT-010411,0,0
RT-010412,0,0
RT-010413,0,0
RT-010414,0,0
RT-010415,0,0
RT-010416,0,1
RT-010417,0,0
RT-010418,0,1
RT-010419,0,0
RT-010420,1,0
RT-010421,0,1
RT-010422,1,0
RT-010423,0,0
RT-010424,1,0
RT-010425,0,0
RT-010426,0,0
RT-010427,1,0
RT-010428,0,0
RT-010429,1,0
RT-010430,1,0
RT-010431,0,0
RT-010432,0,0
RT-010433,1,0
RT-010434,1,0
RT-010435,0,0
RT-010436,0,0
RT-010437,1,0
RT-010438,0,0
RT-010439,0,0
RT-010440,0,0
RT-010441,1,0
RT-010442,0,0
RT-010443,0,1
RT-010444,0,0
RT-010445,1,0
RT-010446,0,0
RT-010447,0,0
RT-010448,0,0
RT-010449,0,0
RT-010450,0,0
RT-010451,1,0
RT-010452,0,0
RT-010453,0,0
RT-010454,0,0
RT-010455,1,0
RT-010456,0,0
RT-010457,0,0
RT-010458,0,0
RT-010459,1,0
RT-010460,1,0
RT-010461,1,0
RT-010462,0,1
RT-010463,0,0
RT-010464,0,0
RT-010465,0,0
RT-010466,0,0
RT-010467,0,0
RT-010468,0,0
RT-010469,1,0
RT-010470,0,0
RT-010471,0,0
RT-010472,0,0
RT-010473,0,0
RT-010474,0,0
RT-010475,0,0
RT-010476,0,0
RT-010477,0,0
RT-010478,0,0
RT-010479,0,0
RT-010480,1,0
RT-010481,0,0
RT-010482,1,0
RT-010483,0,0
RT-010484,0,0
RT-010485,1,0
RT-010486,0,0
RT-010487,0,0
RT-010488,0,1
RT-010489,1,0
RT-010490,1,0
RT-010491,1,0
RT-010492,1,0
RT-010493,1,0
RT-010494,1,1
RT-010495,0,0
RT-010496,0,0
RT-010497,1,0
RT-010498,0,0
RT-010499,0,0
RT-010500,0,0
RT-010501,1,0
RT-010502,1,0
RT-010503,1,0
RT-010504,0,1
RT-010505,1,0
RT-010506,0,0
RT-010507,1,0
RT-010508,0,0
RT-010509,0,0
RT-010510,1,0
RT-010511,1,0
RT-010512,0,1
RT-010513,1,0
RT-010514,1,0
RT-010515,0,0
RT-010516,0,0
RT-010517,1,0
RT-010518,0,0
RT-010519,1,0
RT-010520,1,0
RT-010521,0,0
RT-010522,0,0
RT-010523,0,1
RT-010524,0,1
RT-010525,1,0
RT-010526,1,0
RT-010527,1,0
RT-010528,1,0
RT-010529,1,0
RT-010530,1,0
RT-010531,0,0
RT-010532,0,0
RT-010533,0,0
RT-010534,1,0
RT-010535,1,0
RT-010536,1,0
RT-010537,1,0
RT-010538,0,1
RT-010539,0,0
RT-010540,0,0
RT-010541,0,0
RT-010542,0,0
RT-010543,0,0
RT-010544,1,0
RT-010545,1,0
RT-010546,1,0
RT-010547,0,0
RT-010548,0,0
RT-010549,0,0
RT-010550,1,0
RT-010551,1,1
RT-010552,0,1
RT-010553,1,0
RT-010554,0,0
RT-010555,0,0
RT-010556,0,0
RT-010557,1,0
RT-010558,1,0
RT-010559,0,0
RT-010560,1,0
RT-010561,0,0
RT-010562,0,0
RT-010563,0,0
RT-010564,0,0
RT-010565,0,0
RT-010566,0,0
RT-010567,0,1
RT-010568,0,0
RT-010569,0,0
RT-010570,0,0
RT-010571,0,0
RT-010572,0,0
RT-010573,1,0
RT-010574,1,0
RT-010575,0,0
RT-010576,0,0
RT-010577,0,0
RT-010578,0,0
RT-010579,0,0
RT-010580,0,0
RT-010581,0,0
RT-010582,0,0
RT-010583,1,0
RT-010584,0,0
RT-010585,0,0
RT-010586,0,0
RT-010587,0,0
RT-010588,0,0
RT-010589,0,0
RT-010590,0,0
RT-010591,0,0
RT-010592,0,0
RT-010593,0,0
RT-010594,0,0
RT-010595,1,0
RT-010596,0,0
RT-010597,0,0
RT-010598,0,0
RT-010599,0,0
RT-010600,0,0
RT-010601,0,0
RT-010602,0,0
RT-010603,1,0
RT-010604,0,0
RT-010605,0,0
RT-010606,1,0
RT-010607,0,1
RT-010608,0,0
RT-010609,0,0
RT-010610,1,0
RT-010611,0,0
RT-010612,0,0
RT-010613,0,0
RT-010614,1,0
RT-010615,0,0
RT-010616,1,0
RT-010617,0,0
RT-010618,1,0
RT-010619,0,0
RT-010620,1,0
RT-010621,1,0
RT-010622,1,0
RT-010623,0,0
RT-010624,0,0
RT-010625,0,0
RT-010626,0,0
RT-010627,0,0
RT-010628,0,1
RT-010629,0,0
RT-010630,0,1
RT-010631,1,0
RT-010632,0,0
RT-010633,0,0
RT-010634,0,0
RT-010635,0,0
RT-010636,1,0
RT-010637,1,0
RT-010638,0,0
RT-010639,0,0
RT-010640,1,0
RT-010641,0,0
RT-010642,1,0
RT-010643,1,0
RT-010644,1,0
RT-010645,1,0
RT-010646,0,0
RT-010647,1,0
RT-010648,0,0
RT-010649,0,0
RT-010650,0,0
RT-010651,1,0
RT-010652,0,0
RT-010653,0,0
RT-010654,0,0
RT-010655,0,0
RT-010656,1,0
RT-010657,1,0
RT-010658,0,0
RT-010659,0,0
RT-010660,0,0
RT-010661,0,0
RT-010662,0,1
RT-010663,0,0
RT-010664,0,0
RT-010665,0,0
RT-010666,0,0
RT-010667,0,0
RT-010668,0,0
RT-010669,0,0
RT-010670,1,0
RT-010671,1,0
RT-010672,0,0
RT-010673,0,0
RT-010674,0,0
RT-010675,0,0
RT-010676,0,0
RT-010677,0,0
RT-010678,0,0
RT-010679,0,1
RT-010680,0,0
RT-010681,0,0
RT-010682,0,1
RT-010683,0,0
RT-010684,0,0
RT-010685,0,0
RT-010686,0,1
RT-010687,0,0
RT-010688,0,0
RT-010689,0,0
RT-010690,1,0
RT-010691,0,0
RT-010692,0,0
RT-010693,1,0
RT-010694,0,0
RT-010695,1,0
RT-010696,0,0
RT-010697,0,0
RT-010698,1,0
RT-010699,1,0
RT-010700,0,0
RT-010701,0,0
RT-010702,0,0
RT-010703,0,0
RT-010704,1,0
RT-010705,0,0
RT-010706,0,0
RT-010707,1,0
RT-010708,0,0
RT-010709,0,0
RT-010710,0,0
RT-010711,0,1
RT-010712,0,0
RT-010713,1,0
RT-010714,0,0
RT-010715,0,1
RT-010716,0,0
RT-010717,0,1
RT-010718,0,0
RT-010719,0,0
RT-010720,1,0
RT-010721,1,0
RT-010722,0,0
RT-010723,1,0
RT-010724,1,0
RT-010725,0,1
RT-010726,1,0
RT-010727,0,0
RT-010728,1,0
RT-010729,0,1
RT-010730,1,0
RT-010731,1,0
RT-010732,0,0
RT-010733,0,0
RT-010734,1,0
RT-010735,0,0
RT-010736,0,0
RT-010737,0,0
RT-010738,0,0
RT-010739,0,0
RT-010740,0,0
RT-010741,1,0
RT-010742,1,0
RT-010743,0,0
RT-010744,0,1
RT-010745,0,0
RT-010746,0,0
RT-010747,0,0
RT-010748,0,0
RT-010749,0,0
RT-010750,0,0
RT-010751,0,0
RT-010752,1,0
RT-010753,1,0
RT-010754,0,0
RT-010755,0,0
RT-010756,0,0
RT-010757,0,0
RT-010758,0,0
RT-010759,0,0
RT-010760,1,0
RT-010761,0,0
RT-010762,1,0
RT-010763,1,0
RT-010764,0,0
RT-010765,0,0
RT-010766,0,0
RT-010767,0,0
RT-010768,0,0
RT-010769,0,1
RT-010770,1,0
RT-010771,0,0
RT-010772,0,0
RT-010773,0,0
RT-010774,0,0
RT-010775,0,0
RT-010776,1,0
RT-010777,0,1
RT-010778,0,0
RT-010779,1,0
RT-010780,1,0
RT-010781,1,0
RT-010782,0,0
RT-010783,0,0
RT-010784,0,0
RT-010785,0,0
RT-010786,1,0
RT-010787,1,0
RT-010788,0,0
RT-010789,0,0
RT-010790,0,0
RT-010791,0,0
RT-010792,0,0
RT-010793,0,0
RT-010794,0,0
RT-010795,0,0
RT-010796,1,0
RT-010797,0,0
RT-010798,1,0
RT-010799,1,0
RT-010800,0,0
RT-010801,1,0
RT-010802,0,0
RT-010803,0,0
RT-010804,1,0
RT-010805,0,1
RT-010806,0,0
RT-010807,1,0
RT-010808,0,0
RT-010809,1,0
RT-010810,0,0
RT-010811,1,0
RT-010812,0,0
RT-010813,0,0
RT-010814,0,0
RT-010815,1,0
RT-010816,0,0
RT-010817,0,0
RT-010818,0,0
RT-010819,0,0
RT-010820,0,0
RT-010821,0,1
RT-010822,0,0
RT-010823,1,0
RT-010824,0,0
RT-010825,0,0
RT-010826,0,0
RT-010827,0,0
RT-010828,0,0
RT-010829,1,0
RT-010830,1,0
RT-010831,0,0
RT-010832,0,0
RT-010833,0,0
RT-010834,0,0
RT-010835,0,0
RT-010836,0,0
RT-010837,1,0
RT-010838,0,1
RT-010839,1,0
RT-010840,0,0
RT-010841,1,0
RT-010842,1,0
RT-010843,0,0
RT-010844,0,0
RT-010845,1,0
RT-010846,0,0
RT-010847,1,0
RT-010848,0,0
RT-010849,1,0
RT-010850,0,0
RT-010851,0,0
RT-010852,0,0
RT-010853,0,0
RT-010854,0,0
RT-010855,0,0
RT-010856,1,0
RT-010857,0,1
RT-010858,0,0
RT-010859,1,0
RT-010860,0,0
RT-010861,0,0
RT-010862,1,0
RT-010863,0,0
RT-010864,0,0
RT-010865,0,1
RT-010866,0,0
RT-010867,0,0
RT-010868,0,0
RT-010869,0,1
RT-010870,0,0
RT-010871,0,0
RT-010872,0,0
RT-010873,0,0
RT-010874,0,0
RT-010875,0,1
RT-010876,1,0
RT-010877,0,0
RT-010878,0,0
RT-010879,0,0
RT-010880,1,0
RT-010881,0,0
RT-010882,1,0
RT-010883,0,0
RT-010884,0,0
RT-010885,0,0
RT-010886,0,1
RT-010887,0,0
RT-010888,0,0
RT-010889,0,0
RT-010890,0,0
RT-010891,0,0
RT-010892,0,0
RT-010893,1,0
RT-010894,0,0
RT-010895,1,0
RT-010896,0,0
RT-010897,0,1
RT-010898,1,0
RT-010899,0,0
RT-010900,0,0
RT-010901,0,0
RT-010902,1,0
RT-010903,0,1
RT-010904,1,0
RT-010905,0,0
RT-010906,0,1
RT-010907,0,0
RT-010908,0,0
RT-010909,0,0
RT-010910,1,0
RT-010911,0,0
RT-010912,0,0
RT-010913,0,0
RT-010914,0,1
RT-010915,0,0
RT-010916,0,1
RT-010917,0,0
RT-010918,0,0
RT-010919,1,0
RT-010920,1,0
RT-010921,1,0
RT-010922,0,0
RT-010923,0,0
RT-010924,0,0
RT-010925,0,0
RT-010926,1,0
RT-010927,1,0
RT-010928,1,0
RT-010929,0,0
RT-010930,0,0
RT-010931,1,0
RT-010932,0,0
RT-010933,0,0
RT-010934,1,0
RT-010935,0,0
RT-010936,0,1
RT-010937,1,0
RT-010938,1,0
RT-010939,0,0
RT-010940,0,0
RT-010941,0,0
RT-010942,1,1
RT-010943,0,0
RT-010944,0,0
RT-010945,0,0
RT-010946,0,0
RT-010947,0,0
RT-010948,0,0
RT-010949,0,0
RT-010950,0,0
RT-010951,0,0
RT-010952,0,0
RT-010953,0,0
RT-010954,0,0
RT-010955,0,0
RT-010956,1,0
RT-010957,1,0
RT-010958,1,0
RT-010959,0,0
RT-010960,0,0
RT-010961,0,0
RT-010962,0,0
RT-010963,0,0
RT-010964,0,0
RT-010965,0,0
RT-010966,0,0
RT-010967,0,0
RT-010968,0,1
RT-010969,0,0
RT-010970,0,0
RT-010971,0,0
RT-010972,0,0
RT-010973,0,0
RT-010974,1,0
RT-010975,0,0
RT-010976,0,0
RT-010977,0,0
RT-010978,0,0
RT-010979,0,0
RT-010980,0,0
RT-010981,0,0
RT-010982,0,0
RT-010983,0,1
RT-010984,0,0
RT-010985,0,0
RT-010986,0,0
RT-010987,1,0
RT-010988,1,0
RT-010989,0,0
RT-010990,0,0
RT-010991,0,0
RT-010992,0,0
RT-010993,1,0
RT-010994,0,0
RT-010995,1,0
RT-010996,0,0
RT-010997,0,0
RT-010998,1,0
RT-010999,0,0
RT-011000,1,0
RT-011001,0,0
RT-011002,1,0
RT-011003,1,0
RT-011004,0,0
RT-011005,0,0
RT-011006,1,0
RT-011007,0,0
RT-011008,0,1
RT-011009,1,0
RT-011010,1,0
RT-011011,0,0
RT-011012,0,0
RT-011013,0,0
RT-011014,1,0
RT-011015,0,0
RT-011016,0,0
RT-011017,1,0
RT-011018,0,0
RT-011019,1,0
RT-011020,0,1
RT-011021,0,0
RT-011022,0,0
RT-011023,0,0
RT-011024,1,0
RT-011025,1,0
RT-011026,0,1
RT-011027,0,0
RT-011028,0,0
RT-011029,0,0
RT-011030,0,1
RT-011031,1,0
RT-011032,0,0
RT-011033,0,0
RT-011034,0,0
RT-011035,0,0
RT-011036,0,0
RT-011037,1,0
RT-011038,1,0
RT-011039,1,0
RT-011040,1,1
RT-011041,1,0
RT-011042,1,0
RT-011043,0,0
RT-011044,0,0
RT-011045,1,0
RT-011046,0,0
RT-011047,0,0
RT-011048,0,0
RT-011049,1,0
RT-011050,0,0
RT-011051,0,0
RT-011052,1,0
RT-011053,0,0
RT-011054,1,1
RT-011055,0,0
RT-011056,0,0
RT-011057,0,0
RT-011058,0,0
RT-011059,0,0
RT-011060,0,0
RT-011061,1,0
RT-011062,1,0
RT-011063,0,1
RT-011064,1,0
RT-011065,0,0
RT-011066,1,0
RT-011067,1,0
RT-011068,0,0
RT-011069,1,0
RT-011070,0,0
RT-011071,0,0
RT-011072,0,0
RT-011073,1,0
RT-011074,0,0
RT-011075,0,1
RT-011076,0,0
RT-011077,1,0
RT-011078,0,0
RT-011079,1,0
RT-011080,0,1
RT-011081,1,0
RT-011082,0,0
RT-011083,0,0
RT-011084,0,0
RT-011085,0,0
RT-011086,0,0
RT-011087,0,0
RT-011088,0,0
RT-011089,0,0
RT-011090,0,0
RT-011091,0,0
RT-011092,0,0
RT-011093,0,0
RT-011094,0,0
RT-011095,0,0
RT-011096,1,0
RT-011097,1,0
RT-011098,0,0
RT-011099,0,0
RT-011100,0,0
RT-011101,0,1
RT-011102,0,0
RT-011103,0,0
RT-011104,1,0
RT-011105,1,0
RT-011106,1,0
RT-011107,0,0
RT-011108,0,0
RT-011109,0,0
RT-011110,0,0
RT-011111,0,0
RT-011112,1,0
RT-011113,0,0
RT-011114,0,0
RT-011115,0,0
RT-011116,0,0
RT-011117,0,0
RT-011118,0,0
RT-011119,1,0
RT-011120,0,1
RT-011121,1,0
RT-011122,1,0
RT-011123,0,0
RT-011124,0,0
RT-011125,0,0
RT-011126,0,0
RT-011127,1,0
RT-011128,1,0
RT-011129,1,0
RT-011130,1,0
RT-011131,1,1
RT-011132,1,0
RT-011133,1,0
RT-011134,0,0
RT-011135,0,0
RT-011136,1,0
RT-011137,0,0
RT-011138,0,0
RT-011139,1,0
RT-011140,1,0
RT-011141,0,0
RT-011142,0,0
RT-011143,0,0
RT-011144,0,0
RT-011145,0,0
RT-011146,0,0
RT-011147,0,1
RT-011148,1,0
RT-011149,0,1
RT-011150,0,0
RT-011151,1,0
RT-011152,1,0
RT-011153,0,0
RT-011154,1,0
RT-011155,1,0
RT-011156,0,0
RT-011157,0,0
RT-011158,1,0
RT-011159,0,0
RT-011160,0,0
RT-011161,0,0
RT-011162,0,0
RT-011163,0,0
RT-011164,0,0
RT-011165,0,0
RT-011166,0,0
RT-011167,1,0
RT-011168,0,0
RT-011169,0,0
RT-011170,0,0
RT-011171,1,0
RT-011172,0,0
RT-011173,0,0
RT-011174,1,0
RT-011175,1,0
RT-011176,0,0
RT-011177,0,0
RT-011178,0,0
RT-011179,0,0
RT-011180,0,1
RT-011181,0,0
RT-011182,0,0
RT-011183,1,0
RT-011184,0,0
RT-011185,1,0
RT-011186,1,0
RT-011187,0,0
RT-011188,0,0
RT-011189,0,0
RT-011190,0,0
RT-011191,0,0
RT-011192,0,0
RT-011193,1,0
RT-011194,1,0
RT-011195,0,1
RT-011196,0,0
RT-011197,0,0
RT-011198,1,0
RT-011199,0,0
RT-011200,0,0
RT-011201,0,0
RT-011202,0,1
RT-011203,0,0
RT-011204,1,0
RT-011205,0,0
RT-011206,0,0
RT-011207,1,0
RT-011208,0,0
RT-011209,1,0
RT-011210,0,0
RT-011211,0,0
RT-011212,0,0
RT-011213,0,0
RT-011214,0,0
RT-011215,1,0
RT-011216,0,0
RT-011217,1,0
RT-011218,0,0
RT-011219,0,0
RT-011220,1,0
RT-011221,0,0
RT-011222,0,0
RT-011223,0,0
RT-011224,0,0
RT-011225,1,0
RT-011226,0,1
RT-011227,1,0
RT-011228,0,0
RT-011229,1,0
RT-011230,0,0
RT-011231,1,0
RT-011232,1,0
RT-011233,0,0
RT-011234,0,0
RT-011235,1,0
RT-011236,0,1
RT-011237,0,0
RT-011238,1,0
RT-011239,0,0
RT-011240,0,0
RT-011241,0,0
RT-011242,0,0
RT-011243,0,0
RT-011244,0,0
RT-011245,0,0
RT-011246,1,0
RT-011247,0,1
RT-011248,0,0
RT-011249,0,0
RT-011250,0,0
RT-011251,0,0
RT-011252,0,0
RT-011253,0,0
RT-011254,1,0
RT-011255,0,0
RT-011256,1,0
RT-011257,0,0
RT-011258,1,0
RT-011259,0,0
RT-011260,0,0
RT-011261,0,0
RT-011262,0,0
RT-011263,0,0
RT-011264,0,0
RT-011265,0,0
RT-011266,1,0
RT-011267,0,0
RT-011268,0,0
RT-011269,0,0
RT-011270,0,0
RT-011271,0,0
RT-011272,0,0
RT-011273,0,0
RT-011274,0,0
RT-011275,1,0
RT-011276,1,0
RT-011277,1,0
RT-011278,0,0
RT-011279,0,0
RT-011280,0,0
RT-011281,0,0
RT-011282,0,0
RT-011283,1,0
RT-011284,0,0
RT-011285,0,0
RT-011286,0,0
RT-011287,0,0
RT-011288,0,1
RT-011289,0,0
RT-011290,0,1
RT-011291,0,0
RT-011292,1,0
RT-011293,1,0
RT-011294,0,0
RT-011295,0,1
RT-011296,0,0
RT-011297,0,0
RT-011298,1,0
RT-011299,0,0
RT-011300,0,0
RT-011301,0,1
RT-011302,1,0
RT-011303,0,0
RT-011304,0,0
RT-011305,0,0
RT-011306,0,0
RT-011307,0,0
RT-011308,0,0
RT-011309,0,0
RT-011310,0,0
RT-011311,1,0
RT-011312,0,0
RT-011313,1,0
RT-011314,0,0
RT-011315,1,0
RT-011316,0,0
RT-011317,0,0
RT-011318,1,0
RT-011319,0,0
RT-011320,1,0
RT-011321,0,1
RT-011322,1,0
RT-011323,0,0
RT-011324,1,0
RT-011325,0,0
RT-011326,0,0
RT-011327,0,0
RT-011328,0,1
RT-011329,1,0
RT-011330,0,0
RT-011331,0,0
RT-011332,0,0
RT-011333,0,0
RT-011334,0,0
RT-011335,1,0
RT-011336,1,0
RT-011337,0,0
RT-011338,0,0
RT-011339,0,0
RT-011340,0,0
RT-011341,0,0
RT-011342,0,0
RT-011343,1,0
RT-011344,0,0
RT-011345,0,0
RT-011346,1,0
RT-011347,0,0
RT-011348,0,0
RT-011349,1,0
RT-011350,0,0
RT-011351,0,0
RT-011352,0,0
RT-011353,0,0
RT-011354,0,0
RT-011355,1,0
RT-011356,0,0
RT-011357,0,0
RT-011358,0,0
RT-011359,0,0
RT-011360,0,1
RT-011361,0,0
RT-011362,0,0
RT-011363,0,0
RT-011364,1,0
RT-011365,0,0
RT-011366,0,0
RT-011367,0,1
RT-011368,1,0
RT-011369,0,0
RT-011370,1,0
RT-011371,0,0
RT-011372,0,0
RT-011373,1,0
RT-011374,0,0
RT-011375,0,0
RT-011376,0,0
RT-011377,0,1
RT-011378,0,0
RT-011379,1,0
RT-011380,0,0
RT-011381,0,0
RT-011382,1,0
RT-011383,0,0
RT-011384,1,0
RT-011385,0,0
RT-011386,1,0
RT-011387,0,0
RT-011388,0,0
RT-011389,0,0
RT-011390,0,1
RT-011391,0,0
RT-011392,0,0
RT-011393,0,0
RT-011394,1,0
RT-011395,1,0
RT-011396,1,0
RT-011397,0,0
RT-011398,1,0
RT-011399,1,0
RT-011400,1,1
RT-011401,1,0
RT-011402,0,0
RT-011403,0,0
RT-011404,1,1
RT-011405,0,0
RT-011406,0,0
RT-011407,0,0
RT-011408,0,0
RT-011409,0,0
RT-011410,0,0
RT-011411,0,0
RT-011412,0,0
RT-011413,1,0
RT-011414,0,0
RT-011415,0,1
RT-011416,0,0
RT-011417,0,0
RT-011418,1,0
RT-011419,1,0
RT-011420,1,0
RT-011421,1,0
RT-011422,1,0
RT-011423,1,0
RT-011424,0,0
RT-011425,0,0
RT-011426,0,0
RT-011427,0,0
RT-011428,0,0
RT-011429,0,0
RT-011430,1,0
RT-011431,1,0
RT-011432,1,0
RT-011433,0,0
RT-011434,0,0
RT-011435,0,0
RT-011436,0,0
RT-011437,1,0
RT-011438,0,0
RT-011439,0,0
RT-011440,0,0
RT-011441,0,0
RT-011442,1,0
RT-011443,0,0
RT-011444,0,0
RT-011445,0,0
RT-011446,1,0
RT-011447,1,0
RT-011448,1,0
RT-011449,1,0
RT-011450,1,0
RT-011451,1,0
RT-011452,1,0
RT-011453,0,0
RT-011454,0,1
RT-011455,1,0
RT-011456,1,0
RT-011457,1,0
RT-011458,1,0
RT-011459,1,0
RT-011460,1,0
RT-011461,1,0
RT-011462,0,0
RT-011463,0,0
RT-011464,0,0
RT-011465,0,0
RT-011466,1,0
RT-011467,0,0
RT-011468,1,0
RT-011469,0,0
RT-011470,1,0
RT-011471,1,0
RT-011472,0,0
RT-011473,0,0
RT-011474,0,0
RT-011475,1,0
RT-011476,0,0
RT-011477,0,0
RT-011478,1,0
RT-011479,1,0
RT-011480,1,0
RT-011481,0,0
RT-011482,0,0
RT-011483,0,0
RT-011484,1,0
RT-011485,0,0
RT-011486,0,0
RT-011487,0,0
RT-011488,0,0
RT-011489,0,0
RT-011490,0,0
RT-011491,0,0
RT-011492,0,0
RT-011493,0,0
RT-011494,0,0
RT-011495,0,0
RT-011496,0,0
RT-011497,0,0
RT-011498,0,1
RT-011499,0,0
RT-011500,0,0
RT-011501,1,0
RT-011502,0,0
RT-011503,0,0
RT-011504,1,0
RT-011505,0,0
RT-011506,0,0
RT-011507,0,0
RT-011508,0,0
RT-011509,0,1
RT-011510,0,0
RT-011511,0,0
RT-011512,0,0
RT-011513,0,0
RT-011514,0,0
RT-011515,0,0
RT-011516,0,1
RT-011517,0,0
RT-011518,0,0
RT-011519,0,0
RT-011520,0,0
RT-011521,0,0
RT-011522,0,0
RT-011523,0,0
RT-011524,0,0
RT-011525,0,0
RT-011526,1,0
RT-011527,1,0
RT-011528,0,0
RT-011529,0,0
RT-011530,0,0
RT-011531,0,1
RT-011532,0,0
RT-011533,1,0
RT-011534,1,0
RT-011535,0,0
RT-011536,0,1
RT-011537,0,0
RT-011538,0,0
RT-011539,0,0
RT-011540,0,0
RT-011541,0,0
RT-011542,0,0
RT-011543,1,0
RT-011544,0,0
RT-011545,0,0
RT-011546,1,0
RT-011547,1,0
RT-011548,0,0
RT-011549,0,0
RT-011550,0,0
RT-011551,0,1
RT-011552,0,0
RT-011553,0,1
RT-011554,0,0
RT-011555,0,0
RT-011556,1,0
RT-011557,0,0
RT-011558,1,1
RT-011559,0,0
RT-011560,0,0
RT-011561,0,0
RT-011562,1,0
RT-011563,0,0
RT-011564,0,0
RT-011565,1,0
RT-011566,0,0
RT-011567,0,0
RT-011568,0,0
RT-011569,0,0
RT-011570,1,0
RT-011571,0,0
RT-011572,0,1
RT-011573,0,1
RT-011574,0,0
RT-011575,0,0
RT-011576,0,0
RT-011577,0,0
RT-011578,1,0
RT-011579,0,0
RT-011580,1,0
RT-011581,0,0
RT-011582,1,0
RT-011583,0,0
RT-011584,0,0
RT-011585,0,0
RT-011586,0,0
RT-011587,0,0
RT-011588,0,0
RT-011589,0,0
RT-011590,0,0
RT-011591,0,0
RT-011592,0,0
RT-011593,0,0
RT-011594,0,0
RT-011595,1,0
RT-011596,0,0
RT-011597,1,0
RT-011598,0,0
RT-011599,0,0
RT-011600,0,0
RT-011601,0,1
RT-011602,0,0
RT-011603,1,0
RT-011604,0,0
RT-011605,0,0
RT-011606,0,0
RT-011607,1,0
RT-011608,0,0
RT-011609,0,1
RT-011610,0,0
RT-011611,0,0
RT-011612,0,0
RT-011613,0,0
RT-011614,1,0
RT-011615,0,0
RT-011616,0,0
RT-011617,0,0
RT-011618,1,0
RT-011619,0,0
RT-011620,0,0
RT-011621,0,0
RT-011622,1,0
RT-011623,1,0
RT-011624,0,0
RT-011625,0,0
RT-011626,0,0
RT-011627,0,0
RT-011628,0,0
RT-011629,1,0
RT-011630,1,0
RT-011631,0,0
RT-011632,0,0
RT-011633,1,0
RT-011634,1,0
RT-011635,0,0
RT-011636,0,0
RT-011637,0,0
RT-011638,0,0
RT-011639,0,0
RT-011640,1,0
RT-011641,1,0
RT-011642,0,0
RT-011643,0,0
RT-011644,0,0
RT-011645,0,0
RT-011646,0,0
RT-011647,1,0
RT-011648,0,0
RT-011649,0,0
RT-011650,0,0
RT-011651,1,0
RT-011652,0,0
RT-011653,1,0
RT-011654,1,0
RT-011655,0,0
RT-011656,1,1
RT-011657,0,0
RT-011658,0,0
RT-011659,0,0
RT-011660,0,0
RT-011661,0,0
RT-011662,0,1
RT-011663,1,0
RT-011664,1,0
RT-011665,0,0
RT-011666,1,0
RT-011667,0,0
RT-011668,0,0
RT-011669,1,0
RT-011670,0,0
RT-011671,1,0
RT-011672,1,0
RT-011673,0,0
RT-011674,0,0
RT-011675,0,0
RT-011676,0,0
RT-011677,1,0
RT-011678,0,1
RT-011679,1,0
RT-011680,0,1
RT-011681,0,0
RT-011682,1,0
RT-011683,0,0
RT-011684,0,1
RT-011685,0,0
RT-011686,0,0
RT-011687,1,0
RT-011688,1,0
RT-011689,1,0
RT-011690,0,0
RT-011691,0,0
RT-011692,0,0
RT-011693,0,0
RT-011694,0,0
RT-011695,1,0
RT-011696,0,0
RT-011697,0,0
RT-011698,0,0
RT-011699,1,0
RT-011700,1,0
RT-011701,0,1
RT-011702,0,0
RT-011703,1,0
RT-011704,1,0
RT-011705,0,0
RT-011706,0,0
RT-011707,0,0
RT-011708,0,0
RT-011709,0,0
RT-011710,0,1
RT-011711,0,0
RT-011712,0,0
RT-011713,0,0
RT-011714,1,0
RT-011715,0,0
RT-011716,1,0
RT-011717,0,0
RT-011718,0,0
RT-011719,0,0
RT-011720,0,0
RT-011721,0,0
RT-011722,0,0
RT-011723,1,0
RT-011724,0,0
RT-011725,0,0
RT-011726,0,1
RT-011727,0,0
RT-011728,1,0
RT-011729,0,0
RT-011730,0,0
RT-011731,1,0
RT-011732,0,0
RT-011733,1,0
RT-011734,0,0
RT-011735,1,0
RT-011736,0,0
RT-011737,0,0
RT-011738,0,0
RT-011739,0,0
RT-011740,0,0
RT-011741,0,0
RT-011742,1,0
RT-011743,0,0
RT-011744,1,0
RT-011745,1,0
RT-011746,0,0
RT-011747,0,1
RT-011748,0,0
RT-011749,0,0
RT-011750,0,0
RT-011751,0,0
RT-011752,0,1
RT-011753,0,0
RT-011754,1,0
RT-011755,0,0
RT-011756,1,0
RT-011757,1,0
RT-011758,0,0
RT-011759,1,0
RT-011760,0,0
RT-011761,1,0
RT-011762,1,0
RT-011763,0,0
RT-011764,0,0
RT-011765,1,0
RT-011766,0,0
RT-011767,1,0
RT-011768,1,0
RT-011769,0,0
RT-011770,0,0
RT-011771,0,0
RT-011772,1,0
RT-011773,0,0
RT-011774,0,0
RT-011775,0,0
RT-011776,0,0
RT-011777,0,0
RT-011778,0,0
RT-011779,0,0
RT-011780,0,0
RT-011781,1,0
RT-011782,0,0
RT-011783,1,0
RT-011784,0,0
RT-011785,0,0
RT-011786,1,0
RT-011787,0,0
RT-011788,0,0
RT-011789,0,0
RT-011790,0,0
RT-011791,0,1
RT-011792,1,0
RT-011793,0,0
RT-011794,0,0
RT-011795,0,1
RT-011796,0,0
RT-011797,0,0
RT-011798,0,0
RT-011799,0,0
RT-011800,0,0
RT-011801,0,0
RT-011802,0,1
RT-011803,0,0
RT-011804,0,0
RT-011805,0,0
RT-011806,0,1
RT-011807,0,0
RT-011808,1,0
RT-011809,0,0
RT-011810,0,0
RT-011811,0,0
RT-011812,0,0
RT-011813,1,0
RT-011814,0,0
RT-011815,0,0
RT-011816,1,0
RT-011817,0,0
RT-011818,1,0
RT-011819,0,0
RT-011820,0,0
RT-011821,0,0
RT-011822,1,0
RT-011823,1,0
RT-011824,1,0
RT-011825,0,0
RT-011826,0,0
RT-011827,0,0
RT-011828,1,0
RT-011829,0,0
RT-011830,0,0
RT-011831,1,0
RT-011832,0,0
RT-011833,1,0
RT-011834,1,0
RT-011835,0,0
RT-011836,1,0
RT-011837,0,0
RT-011838,0,0
RT-011839,0,0
RT-011840,0,0
RT-011841,1,0
RT-011842,0,0
RT-011843,1,0
RT-011844,0,0
RT-011845,0,0
RT-011846,1,0
RT-011847,0,0
RT-011848,0,0
RT-011849,1,0
RT-011850,1,0
RT-011851,0,0
RT-011852,0,0
RT-011853,0,0
RT-011854,0,0
RT-011855,1,0
RT-011856,0,0
RT-011857,1,0
RT-011858,1,0
RT-011859,0,0
RT-011860,1,0
RT-011861,0,0
RT-011862,1,0
RT-011863,0,0
RT-011864,0,1
RT-011865,0,0
RT-011866,0,0
RT-011867,0,0
RT-011868,0,0
RT-011869,0,0
RT-011870,0,0
RT-011871,0,0
RT-011872,0,0
RT-011873,1,0
RT-011874,0,0
RT-011875,1,0
RT-011876,0,0
RT-011877,1,0
RT-011878,0,0
RT-011879,1,0
RT-011880,0,0
RT-011881,1,0
RT-011882,1,0
RT-011883,0,0
RT-011884,0,0
RT-011885,1,0
RT-011886,0,0
RT-011887,0,0
RT-011888,0,0
RT-011889,0,0
RT-011890,0,0
RT-011891,0,0
RT-011892,0,0
RT-011893,1,0
RT-011894,0,0
RT-011895,1,0
RT-011896,1,0
RT-011897,0,0
RT-011898,1,0
RT-011899,0,0
RT-011900,0,0
RT-011901,0,0
RT-011902,0,0
RT-011903,0,0
RT-011904,0,0
RT-011905,1,0
RT-011906,0,0
RT-011907,1,0
RT-011908,0,0
RT-011909,0,0
RT-011910,0,0
RT-011911,1,0
RT-011912,0,0
RT-011913,0,0
RT-011914,0,0
RT-011915,0,0
RT-011916,0,0
RT-011917,0,1
RT-011918,0,0
RT-011919,0,0
RT-011920,0,0
RT-011921,0,0
RT-011922,0,0
RT-011923,0,0
RT-011924,0,0
RT-011925,0,0
RT-011926,1,0
RT-011927,1,0
RT-011928,0,0
RT-011929,0,0
RT-011930,0,1
RT-011931,1,0
RT-011932,1,0
RT-011933,0,0
RT-011934,0,0
RT-011935,0,0
RT-011936,0,0
RT-011937,0,0
RT-011938,0,0
RT-011939,1,0
RT-011940,0,0
RT-011941,0,1
RT-011942,1,0
RT-011943,1,1
RT-011944,0,0
RT-011945,0,0
RT-011946,0,0
RT-011947,0,0
RT-011948,1,0
RT-011949,0,0
RT-011950,0,0
RT-011951,0,0
RT-011952,0,0
RT-011953,0,0
RT-011954,0,0
RT-011955,0,1
RT-011956,0,0
RT-011957,0,0
RT-011958,0,0
RT-011959,1,0
RT-011960,0,0
RT-011961,0,0
RT-011962,1,0
RT-011963,1,0
RT-011964,0,0
RT-011965,0,0
RT-011966,0,0
RT-011967,1,0
RT-011968,1,0
RT-011969,1,0
RT-011970,0,0
RT-011971,1,0
RT-011972,1,0
RT-011973,0,0
RT-011974,0,0
RT-011975,0,0
RT-011976,1,0
RT-011977,0,0
RT-011978,0,0
RT-011979,0,1
RT-011980,0,0
RT-011981,1,0
RT-011982,0,0
RT-011983,1,0
RT-011984,0,0
RT-011985,0,0
RT-011986,1,0
RT-011987,0,0
RT-011988,0,0
RT-011989,1,0
RT-011990,0,0
RT-011991,1,0
RT-011992,0,0
RT-011993,1,0
RT-011994,1,0
RT-011995,0,0
RT-011996,0,0
RT-011997,0,0
RT-011998,1,0
RT-011999,0,0
RT-012000,0,0
RT-012001,1,0
RT-012002,0,0
RT-012003,0,0
RT-012004,1,0
RT-012005,0,0
RT-012006,0,0
RT-012007,1,0
RT-012008,0,1
RT-012009,1,0
RT-012010,0,0
RT-012011,0,1
RT-012012,0,0
RT-012013,0,0
RT-012014,0,0
RT-012015,1,0
RT-012016,0,0
RT-012017,0,0
RT-012018,0,0
RT-012019,0,0
RT-012020,0,0
RT-012021,0,0
RT-012022,0,0
RT-012023,1,0
RT-012024,1,0
RT-012025,0,0
RT-012026,0,0
RT-012027,0,0
RT-012028,0,0
RT-012029,1,0
RT-012030,0,0
RT-012031,0,0
RT-012032,1,0
RT-012033,0,0
RT-012034,0,0
RT-012035,1,0
RT-012036,0,0
RT-012037,0,0
RT-012038,0,0
RT-012039,0,0
RT-012040,0,0
RT-012041,1,0
RT-012042,1,0
RT-012043,0,0
RT-012044,0,0
RT-012045,0,0
RT-012046,0,0
RT-012047,0,0
RT-012048,0,0
RT-012049,0,0
RT-012050,0,0
RT-012051,0,0
RT-012052,0,0
RT-012053,1,0
RT-012054,0,0
RT-012055,1,0
RT-012056,0,0
RT-012057,1,0
RT-012058,1,0
RT-012059,0,0
RT-012060,1,0
RT-012061,0,1
RT-012062,0,0
RT-012063,0,0
RT-012064,1,0
RT-012065,0,0
RT-012066,1,0
RT-012067,0,0
RT-012068,1,0
RT-012069,0,0
RT-012070,0,0
RT-012071,0,0
RT-012072,1,0
RT-012073,0,0
RT-012074,0,0
RT-012075,0,0
RT-012076,0,0
RT-012077,0,0
RT-012078,1,0
RT-012079,1,0
RT-012080,0,0
RT-012081,0,0
RT-012082,0,0
RT-012083,0,0
RT-012084,0,0
RT-012085,0,0
RT-012086,0,0
RT-012087,0,0
RT-012088,0,0
RT-012089,0,0
RT-012090,1,0
RT-012091,1,0
RT-012092,0,0
RT-012093,1,0
RT-012094,1,0
RT-012095,0,1
RT-012096,0,0
RT-012097,0,1
RT-012098,0,0
RT-012099,0,0
RT-012100,1,0
RT-012101,1,0
RT-012102,0,0
RT-012103,1,0
RT-012104,0,0
RT-012105,0,0
RT-012106,1,0
RT-012107,0,0
RT-012108,0,0
RT-012109,0,0
RT-012110,0,0
RT-012111,1,0
RT-012112,1,0
RT-012113,0,0
RT-012114,0,0
RT-012115,1,0
RT-012116,1,0
RT-012117,0,0
RT-012118,0,1
RT-012119,0,0
RT-012120,1,0
RT-012121,0,0
RT-012122,0,0
RT-012123,0,0
RT-012124,0,0
RT-012125,1,0
RT-012126,0,0
RT-012127,0,0
RT-012128,1,0
RT-012129,1,0
RT-012130,0,0
RT-012131,0,0
RT-012132,0,1
RT-012133,0,0
RT-012134,1,0
RT-012135,0,0
RT-012136,1,0
RT-012137,0,0
RT-012138,1,0
RT-012139,0,0
RT-012140,0,0
RT-012141,0,0
RT-012142,0,0
RT-012143,0,0
RT-012144,0,0
RT-012145,1,0
RT-012146,1,0
RT-012147,1,0
RT-012148,0,0
RT-012149,0,0
RT-012150,0,0
RT-012151,0,0
RT-012152,1,0
RT-012153,0,1
RT-012154,1,0
RT-012155,0,0
RT-012156,1,0
RT-012157,1,0
RT-012158,0,0
RT-012159,0,0
RT-012160,0,1
RT-012161,0,0
RT-012162,1,0
RT-012163,0,0
RT-012164,0,0
RT-012165,0,0
RT-012166,0,0
RT-012167,0,0
RT-012168,1,0
RT-012169,0,0
RT-012170,0,0
RT-012171,1,0
RT-012172,0,0
RT-012173,0,1
RT-012174,0,0
RT-012175,0,0
RT-012176,1,0
RT-012177,0,0
RT-012178,0,1
RT-012179,1,0
RT-012180,0,0
RT-012181,1,0
RT-012182,0,0
RT-012183,0,0
RT-012184,0,0
RT-012185,1,0
RT-012186,1,0
RT-012187,1,0
RT-012188,0,0
RT-012189,0,0
RT-012190,0,0
RT-012191,0,1
RT-012192,0,0
RT-012193,0,0
RT-012194,0,0
RT-012195,0,0
RT-012196,0,0
RT-012197,1,0
RT-012198,0,1
RT-012199,0,0
RT-012200,0,0
RT-012201,0,0
RT-012202,0,0
RT-012203,0,0
RT-012204,0,0
RT-012205,0,0
RT-012206,0,0
RT-012207,0,1
RT-012208,1,0
RT-012209,1,0
RT-012210,0,0
RT-012211,1,0
RT-012212,1,0
RT-012213,0,0
RT-012214,0,0
RT-012215,0,0
RT-012216,1,0
RT-012217,0,0
RT-012218,0,0
RT-012219,0,0
RT-012220,0,0
RT-012221,0,0
RT-012222,0,0
RT-012223,1,0
RT-012224,0,0
RT-012225,1,0
RT-012226,0,0
RT-012227,1,0
RT-012228,0,0
RT-012229,0,0
RT-012230,0,0
RT-012231,0,0
RT-012232,1,0
RT-012233,1,0
RT-012234,1,0
RT-012235,1,0
RT-012236,0,0
RT-012237,0,0
RT-012238,0,0
RT-012239,1,0
RT-012240,0,0
RT-012241,0,0
RT-012242,0,1
RT-012243,1,1
RT-012244,1,0
RT-012245,0,0
RT-012246,0,0
RT-012247,1,0
RT-012248,0,0
RT-012249,0,0
RT-012250,0,0
RT-012251,0,0
RT-012252,0,0
RT-012253,0,0
RT-012254,0,0
RT-012255,1,0
RT-012256,0,0
RT-012257,0,0
RT-012258,0,0
RT-012259,0,0
RT-012260,0,1
RT-012261,1,0
RT-012262,0,0
RT-012263,0,0
RT-012264,0,0
RT-012265,0,0
RT-012266,1,0
RT-012267,0,0
RT-012268,1,0
RT-012269,0,0
RT-012270,0,1
RT-012271,0,0
RT-012272,0,0
RT-012273,0,0
RT-012274,0,0
RT-012275,1,0
RT-012276,1,0
RT-012277,1,0
RT-012278,1,0
RT-012279,1,0
RT-012280,0,0
RT-012281,0,0
RT-012282,1,1
RT-012283,0,0
RT-012284,1,0
RT-012285,1,0
RT-012286,0,0
RT-012287,0,0
RT-012288,0,0
RT-012289,0,0
RT-012290,0,0
RT-012291,1,0
RT-012292,0,0
RT-012293,0,0
RT-012294,0,0
RT-012295,0,0
RT-012296,0,0
RT-012297,1,0
RT-012298,0,1
RT-012299,1,0
RT-012300,0,0
RT-012301,0,0
RT-012302,0,0
RT-012303,0,0
RT-012304,0,0
RT-012305,1,0
RT-012306,0,0
RT-012307,1,0
RT-012308,0,0
RT-012309,1,0
RT-012310,0,0
RT-012311,0,0
RT-012312,1,0
RT-012313,0,0
RT-012314,0,0
RT-012315,0,0
RT-012316,0,0
RT-012317,0,0
RT-012318,0,0
RT-012319,0,0
RT-012320,0,0
RT-012321,0,0
RT-012322,0,0
RT-012323,0,0
RT-012324,0,0
RT-012325,1,0
RT-012326,1,0
RT-012327,0,0
RT-012328,0,0
RT-012329,0,0
RT-012330,1,0
RT-012331,1,0
RT-012332,0,1
RT-012333,1,1
RT-012334,1,0
RT-012335,1,0
RT-012336,0,0
RT-012337,1,0
RT-012338,0,0
RT-012339,0,1
RT-012340,0,0
RT-012341,0,0
RT-012342,0,0
RT-012343,0,0
RT-012344,0,0
RT-012345,0,0
RT-012346,0,0
RT-012347,0,0
RT-012348,0,0
RT-012349,1,0
RT-012350,0,0
RT-012351,1,0
RT-012352,0,0
RT-012353,0,0
RT-012354,0,0
RT-012355,0,0
RT-012356,0,0
RT-012357,0,0
RT-012358,0,0
RT-012359,0,0
RT-012360,0,0
RT-012361,0,0
RT-012362,0,0
RT-012363,0,0
RT-012364,0,0
RT-012365,0,1
RT-012366,0,0
RT-012367,0,0
RT-012368,1,0
RT-012369,0,0
RT-012370,0,0
RT-012371,0,0
RT-012372,0,0
RT-012373,1,0
RT-012374,0,0
RT-012375,0,0
RT-012376,1,0
RT-012377,0,0
RT-012378,1,0
RT-012379,0,0
RT-012380,0,1
RT-012381,0,0
RT-012382,1,0
RT-012383,0,0
RT-012384,0,0
RT-012385,1,0
RT-012386,0,0
RT-012387,0,0
RT-012388,0,0
RT-012389,0,0
RT-012390,0,0
RT-012391,0,0
RT-012392,0,0
RT-012393,1,0
RT-012394,1,0
RT-012395,0,0
RT-012396,1,0
RT-012397,0,0
RT-012398,1,0
RT-012399,0,0
RT-012400,0,0
RT-012401,0,0
RT-012402,0,0
RT-012403,0,0
RT-012404,0,0
RT-012405,0,1
RT-012406,0,0
RT-012407,0,1
RT-012408,0,0
RT-012409,1,0
RT-012410,0,0
RT-012411,0,1
RT-012412,0,0
RT-012413,0,0
RT-012414,0,0
RT-012415,1,0
RT-012416,0,0
RT-012417,0,0
RT-012418,0,1
RT-012419,0,0
RT-012420,0,0
RT-012421,0,0
RT-012422,0,1
RT-012423,1,0
RT-012424,0,0
RT-012425,1,0
RT-012426,1,0
RT-012427,1,0
RT-012428,1,0
RT-012429,0,0
RT-012430,1,0
RT-012431,0,0
RT-012432,0,0
RT-012433,0,0
RT-012434,0,0
RT-012435,1,1
RT-012436,0,0
RT-012437,0,0
RT-012438,0,0
RT-012439,0,0
RT-012440,0,0
RT-012441,1,0
RT-012442,0,0
RT-012443,0,0
RT-012444,1,0
RT-012445,0,0
RT-012446,0,0
RT-012447,1,0
RT-012448,0,1
RT-012449,0,0
RT-012450,0,0
RT-012451,0,0
RT-012452,0,0
RT-012453,1,0
RT-012454,0,0
RT-012455,0,0
RT-012456,0,0
RT-012457,0,0
RT-012458,0,0
RT-012459,0,0
RT-012460,0,0
RT-012461,0,0
RT-012462,1,0
RT-012463,0,0
RT-012464,0,0
RT-012465,0,0
RT-012466,0,0
RT-012467,0,0
RT-012468,1,0
RT-012469,1,0
RT-012470,0,0
RT-012471,0,0
RT-012472,0,0
RT-012473,0,1
RT-012474,0,0
RT-012475,1,0
RT-012476,0,0
RT-012477,0,0
RT-012478,1,0
RT-012479,0,0
RT-012480,0,0
RT-012481,0,0
RT-012482,0,0
RT-012483,0,0
RT-012484,0,0
RT-012485,1,0
RT-012486,1,0
RT-012487,0,0
RT-012488,0,0
RT-012489,1,1
RT-012490,0,0
RT-012491,0,0
RT-012492,0,0
RT-012493,0,0
RT-012494,1,0
RT-012495,1,0
RT-012496,1,0
RT-012497,0,0
RT-012498,0,1
RT-012499,1,0
RT-012500,0,0
RT-012501,1,0
RT-012502,0,0
RT-012503,1,0
RT-012504,1,0
RT-012505,0,0
RT-012506,1,0
RT-012507,1,0
RT-012508,0,0
RT-012509,1,0
RT-012510,0,0
RT-012511,1,0
RT-012512,0,0
RT-012513,1,0
RT-012514,1,0
RT-012515,0,0
RT-012516,0,0
RT-012517,0,0
RT-012518,0,0
RT-012519,0,0
RT-012520,0,0
RT-012521,0,1
RT-012522,0,0
RT-012523,1,0
RT-012524,1,0
RT-012525,0,0
RT-012526,0,0
RT-012527,1,0
RT-012528,0,0
RT-012529,0,0
RT-012530,1,0
RT-012531,1,0
RT-012532,0,0
RT-012533,0,0
RT-012534,1,0
RT-012535,0,1
RT-012536,0,0
RT-012537,1,0
RT-012538,0,0
RT-012539,0,0
RT-012540,0,0
RT-012541,0,0
RT-012542,0,0
RT-012543,0,0
RT-012544,0,0
RT-012545,1,0
RT-012546,1,0
RT-012547,0,1
RT-012548,0,0
RT-012549,0,0
RT-012550,0,0
RT-012551,0,0
RT-012552,0,0
RT-012553,0,1
RT-012554,0,0
RT-012555,0,0
RT-012556,0,0
RT-012557,0,0
RT-012558,1,0
RT-012559,0,0
RT-012560,1,0
RT-012561,0,0
RT-012562,1,0
RT-012563,1,0
RT-012564,0,0
RT-012565,0,0
RT-012566,1,0
RT-012567,1,0
RT-012568,0,0
RT-012569,1,0
RT-012570,0,0
RT-012571,1,0
RT-012572,0,0
RT-012573,1,0
RT-012574,1,0
RT-012575,1,0
RT-012576,0,0
RT-012577,0,0
RT-012578,0,1
RT-012579,1,1
RT-012580,0,0
RT-012581,1,0
RT-012582,0,0
RT-012583,0,0
RT-012584,0,0
RT-012585,0,1
RT-012586,0,0
RT-012587,0,0
RT-012588,0,0
RT-012589,0,0
RT-012590,0,1
RT-012591,1,0
RT-012592,0,1
RT-012593,0,0
RT-012594,0,0
RT-012595,1,0
RT-012596,1,0
RT-012597,0,0
RT-012598,0,0
RT-012599,0,0
RT-012600,1,0
RT-012601,0,0
RT-012602,0,0
RT-012603,1,0
RT-012604,0,0
RT-012605,0,0
RT-012606,0,0
RT-012607,0,1
RT-012608,1,0
RT-012609,0,0
RT-012610,0,0
RT-012611,1,0
RT-012612,1,0
RT-012613,0,0
RT-012614,0,0
RT-012615,0,1
RT-012616,0,0
RT-012617,1,0
RT-012618,1,0
RT-012619,0,0
RT-012620,0,0
RT-012621,0,0
RT-012622,1,0
RT-012623,0,0
RT-012624,1,0
RT-012625,0,0
RT-012626,1,0
RT-012627,1,0
RT-012628,0,0
RT-012629,1,0
RT-012630,1,0
RT-012631,1,0
RT-012632,0,0
RT-012633,0,0
RT-012634,0,0
RT-012635,0,0
RT-012636,1,0
RT-012637,0,0
RT-012638,1,0
RT-012639,0,0
RT-012640,1,0
RT-012641,0,0
RT-012642,0,0
RT-012643,0,0
RT-012644,0,1
RT-012645,0,0
RT-012646,1,0
RT-012647,1,0
RT-012648,0,0
RT-012649,0,0
RT-012650,0,0
RT-012651,0,0
RT-012652,0,0
RT-012653,0,0
RT-012654,0,0
RT-012655,0,0
RT-012656,0,0
RT-012657,0,0
RT-012658,1,0
RT-012659,0,0
RT-012660,1,0
RT-012661,0,0
RT-012662,1,0
RT-012663,1,0
RT-012664,0,0
RT-012665,1,0
RT-012666,0,0
RT-012667,0,0
RT-012668,0,0
RT-012669,0,0
RT-012670,0,0
RT-012671,0,0
RT-012672,0,0
RT-012673,1,0
RT-012674,0,0
RT-012675,0,0
RT-012676,0,0
RT-012677,0,0
RT-012678,0,0
RT-012679,1,0
RT-012680,1,0
RT-012681,0,0
RT-012682,0,0
RT-012683,0,0
RT-012684,0,1
RT-012685,0,0
RT-012686,0,0
RT-012687,1,0
RT-012688,0,0
RT-012689,0,0
RT-012690,0,0
RT-012691,1,0
RT-012692,0,0
RT-012693,0,0
RT-012694,0,0
RT-012695,0,0
RT-012696,1,0
RT-012697,0,0
RT-012698,0,0
RT-012699,1,0
RT-012700,1,0
RT-012701,0,0
RT-012702,1,0
RT-012703,0,0
RT-012704,0,1
RT-012705,1,0
RT-012706,0,0
RT-012707,0,0
RT-012708,1,0
RT-012709,0,0
RT-012710,0,0
RT-012711,1,0
RT-012712,0,0
RT-012713,1,0
RT-012714,0,0
RT-012715,0,0
RT-012716,0,0
RT-012717,0,0
RT-012718,0,0
RT-012719,1,0
RT-012720,0,0
RT-012721,0,0
RT-012722,0,0
RT-012723,0,0
RT-012724,0,0
RT-012725,0,1
RT-012726,0,0
RT-012727,1,0
RT-012728,0,0
RT-012729,0,0
RT-012730,1,0
RT-012731,1,0
RT-012732,1,0
RT-012733,0,0
RT-012734,1,0
RT-012735,0,0
RT-012736,0,0
RT-012737,0,0
RT-012738,0,0
RT-012739,0,0
RT-012740,1,0
RT-012741,1,1
RT-012742,0,0
RT-012743,0,0
RT-012744,1,0
RT-012745,0,0
RT-012746,0,0
RT-012747,0,0
RT-012748,0,0
RT-012749,0,0
RT-012750,0,0
RT-012751,1,0
RT-012752,0,0
RT-012753,0,0
RT-012754,0,0
RT-012755,1,0
RT-012756,0,0
RT-012757,0,0
RT-012758,1,0
RT-012759,1,0
RT-012760,0,0
RT-012761,1,0
RT-012762,0,0
RT-012763,0,0
RT-012764,1,0
RT-012765,1,0
RT-012766,0,0
RT-012767,0,0
RT-012768,1,0
RT-012769,0,0
RT-012770,0,0
RT-012771,0,0
RT-012772,0,0
RT-012773,0,0
RT-012774,0,0
RT-012775,0,0
RT-012776,0,0
RT-012777,0,0
RT-012778,1,1
RT-012779,0,0
RT-012780,1,0
RT-012781,0,0
RT-012782,0,0
RT-012783,1,0
RT-012784,0,0
RT-012785,0,0
RT-012786,0,0
RT-012787,1,0
RT-012788,0,0
RT-012789,0,0
RT-012790,0,0
RT-012791,0,0
RT-012792,0,0
RT-012793,0,0
RT-012794,0,0
RT-012795,0,0
RT-012796,0,0
RT-012797,1,1
RT-012798,0,0
RT-012799,0,0
RT-012800,0,0
RT-012801,0,0
RT-012802,1,0
RT-012803,0,0
RT-012804,0,0
RT-012805,1,0
RT-012806,0,0
RT-012807,0,0
RT-012808,1,0
RT-012809,0,0
RT-012810,0,0
RT-012811,1,0
RT-012812,1,0
RT-012813,0,0
RT-012814,0,0
RT-012815,1,0
RT-012816,0,0
RT-012817,1,0
RT-012818,0,0
RT-012819,1,0
RT-012820,0,0
RT-012821,1,0
RT-012822,0,0
RT-012823,0,0
RT-012824,0,0
RT-012825,0,0
RT-012826,1,0
RT-012827,0,0
RT-012828,0,1
RT-012829,0,0
RT-012830,0,0
RT-012831,0,0
RT-012832,1,0
RT-012833,0,0
RT-012834,1,0
RT-012835,1,0
RT-012836,1,0
RT-012837,0,0
RT-012838,0,0
RT-012839,0,1
RT-012840,0,0
RT-012841,0,0
RT-012842,0,0
RT-012843,1,0
RT-012844,0,0
RT-012845,0,0
RT-012846,0,0
RT-012847,0,0
RT-012848,1,0
RT-012849,1,0
RT-012850,0,1
RT-012851,0,0
RT-012852,0,0
RT-012853,0,0
RT-012854,0,0
RT-012855,1,0
RT-012856,0,0
RT-012857,1,0
RT-012858,0,0
RT-012859,1,0
RT-012860,0,0
RT-012861,0,0
RT-012862,1,0
RT-012863,0,0
RT-012864,0,0
RT-012865,0,0
RT-012866,0,0
RT-012867,1,0
RT-012868,0,0
RT-012869,0,0
RT-012870,0,0
RT-012871,1,0
RT-012872,1,0
RT-012873,1,0
RT-012874,0,0
RT-012875,0,0
RT-012876,0,0
RT-012877,1,0
RT-012878,0,0
RT-012879,0,0
RT-012880,0,0
RT-012881,0,0
RT-012882,0,0
RT-012883,0,0
RT-012884,1,0
RT-012885,1,0
RT-012886,0,0
RT-012887,0,1
RT-012888,0,0
RT-012889,0,0
RT-012890,1,1
RT-012891,0,0
RT-012892,1,1
RT-012893,1,0
RT-012894,0,0
RT-012895,0,0
RT-012896,1,0
RT-012897,0,0
RT-012898,1,0
RT-012899,0,0
RT-012900,0,0
RT-012901,0,0
RT-012902,0,0
RT-012903,1,0
RT-012904,0,1
RT-012905,0,0
RT-012906,1,0
RT-012907,0,0
RT-012908,0,0
RT-012909,1,0
RT-012910,0,0
RT-012911,1,0
RT-012912,0,0
RT-012913,0,0
RT-012914,0,0
RT-012915,1,0
RT-012916,1,0
RT-012917,0,0
RT-012918,1,0
RT-012919,0,0
RT-012920,0,0
RT-012921,0,0
RT-012922,1,0
RT-012923,0,0
RT-012924,0,0
RT-012925,0,1
RT-012926,0,0
RT-012927,0,0
RT-012928,0,0
RT-012929,0,1
RT-012930,0,0
RT-012931,0,0
RT-012932,0,0
RT-012933,0,0
RT-012934,0,0
RT-012935,0,0
RT-012936,0,0
RT-012937,0,0
RT-012938,0,0
RT-012939,1,0
RT-012940,0,0
RT-012941,0,0
RT-012942,0,0
RT-012943,1,0
RT-012944,0,0
RT-012945,0,1
RT-012946,1,0
RT-012947,0,0
RT-012948,0,0
RT-012949,0,0
RT-012950,1,0
RT-012951,0,0
RT-012952,1,0
RT-012953,1,0
RT-012954,1,0
RT-012955,0,0
RT-012956,1,0
RT-012957,1,0
RT-012958,0,0
RT-012959,0,0
RT-012960,1,0
RT-012961,0,0
RT-012962,1,0
RT-012963,0,0
RT-012964,0,0
RT-012965,0,0
RT-012966,0,0
RT-012967,0,0
RT-012968,1,0
RT-012969,0,0
RT-012970,0,0
RT-012971,1,0
RT-012972,0,0
RT-012973,1,0
RT-012974,1,0
RT-012975,1,0
RT-012976,1,0
RT-012977,0,0
RT-012978,0,0
RT-012979,0,0
RT-012980,0,0
RT-012981,0,0
RT-012982,0,0
RT-012983,0,0
RT-012984,0,0
RT-012985,1,0
RT-012986,0,0
RT-012987,0,0
RT-012988,0,0
RT-012989,0,0
RT-012990,0,0
RT-012991,0,0
RT-012992,0,0
RT-012993,0,0
RT-012994,1,0
RT-012995,0,1
RT-012996,0,1
RT-012997,1,0
RT-012998,0,0
RT-012999,0,0
RT-013000,0,0
RT-013001,1,0
RT-013002,0,0
RT-013003,0,0
RT-013004,0,0
RT-013005,0,1
RT-013006,0,0
RT-013007,1,0
RT-013008,0,0
RT-013009,0,0
RT-013010,0,0
RT-013011,0,0
RT-013012,0,0
RT-013013,0,0
RT-013014,0,1
RT-013015,1,0
RT-013016,0,0
RT-013017,1,0
RT-013018,0,0
RT-013019,0,0
RT-013020,0,0
RT-013021,0,0
RT-013022,0,0
RT-013023,0,0
RT-013024,0,0
RT-013025,0,0
RT-013026,0,0
RT-013027,0,0
RT-013028,0,0
RT-013029,0,0
RT-013030,0,0
RT-013031,0,0
RT-013032,0,0
RT-013033,0,0
RT-013034,1,0
RT-013035,0,0
RT-013036,1,0
RT-013037,0,0
RT-013038,0,1
RT-013039,1,0
RT-013040,1,0
RT-013041,1,0
RT-013042,0,0
RT-013043,0,0
RT-013044,0,1
RT-013045,0,1
RT-013046,1,0
RT-013047,0,0
RT-013048,1,0
RT-013049,1,0
RT-013050,0,0
RT-013051,0,0
RT-013052,0,0
RT-013053,0,0
RT-013054,1,0
RT-013055,0,1
RT-013056,1,0
RT-013057,1,0
RT-013058,0,0
RT-013059,0,0
RT-013060,0,1
RT-013061,0,0
RT-013062,1,1
RT-013063,1,0
RT-013064,0,0
RT-013065,0,0
RT-013066,1,0
RT-013067,0,0
RT-013068,0,0
RT-013069,0,0
RT-013070,0,0
RT-013071,1,0
RT-013072,0,0
RT-013073,0,0
RT-013074,0,0
RT-013075,0,0
RT-013076,0,1
RT-013077,0,0
RT-013078,0,0
RT-013079,0,0
RT-013080,0,0
RT-013081,0,0
RT-013082,1,0
RT-013083,0,0
RT-013084,0,0
RT-013085,0,0
RT-013086,0,0
RT-013087,1,0
RT-013088,0,0
RT-013089,1,1
RT-013090,0,0
RT-013091,0,0
RT-013092,0,0
RT-013093,1,0
RT-013094,1,0
RT-013095,0,0
RT-013096,0,0
RT-013097,0,0
RT-013098,0,0
RT-013099,1,0
RT-013100,0,0
RT-013101,1,0
RT-013102,1,0
RT-013103,0,1
RT-013104,1,0
RT-013105,0,0
RT-013106,0,0
RT-013107,0,0
RT-013108,1,0
RT-013109,1,0
RT-013110,1,0
RT-013111,0,0
RT-013112,1,0
RT-013113,0,0
RT-013114,1,0
RT-013115,0,0
RT-013116,1,0
RT-013117,0,0
RT-013118,0,0
RT-013119,1,0
RT-013120,0,0
RT-013121,1,0
RT-013122,0,0
RT-013123,1,0
RT-013124,1,0
RT-013125,0,0
RT-013126,1,0
RT-013127,0,0
RT-013128,0,1
RT-013129,0,0
RT-013130,0,0
RT-013131,1,0
RT-013132,0,0
RT-013133,1,0
RT-013134,0,0
RT-013135,0,0
RT-013136,0,0
RT-013137,1,0
RT-013138,1,0
RT-013139,1,0
RT-013140,0,0
RT-013141,1,0
RT-013142,0,0
RT-013143,1,0
RT-013144,0,0
RT-013145,0,1
RT-013146,0,0
RT-013147,0,0
RT-013148,0,0
RT-013149,0,0
RT-013150,0,0
RT-013151,0,0
RT-013152,0,0
RT-013153,1,0
RT-013154,0,1
RT-013155,0,0
RT-013156,1,0
RT-013157,1,0
RT-013158,0,0
RT-013159,0,0
RT-013160,0,0
RT-013161,1,0
RT-013162,0,0
RT-013163,0,0
RT-013164,0,0
RT-013165,1,0
RT-013166,1,0
RT-013167,0,0
RT-013168,0,0
RT-013169,0,0
RT-013170,0,0
RT-013171,0,0
RT-013172,0,0
RT-013173,0,0
RT-013174,1,0
RT-013175,1,0
RT-013176,0,1
RT-013177,1,0
RT-013178,0,0
RT-013179,0,0
RT-013180,0,0
RT-013181,1,0
RT-013182,1,0
RT-013183,0,0
RT-013184,1,0
RT-013185,0,0
RT-013186,0,0
RT-013187,0,0
RT-013188,1,0
RT-013189,1,0
RT-013190,0,1
RT-013191,0,0
RT-013192,1,0
RT-013193,1,0
RT-013194,1,0
RT-013195,0,0
RT-013196,0,0
RT-013197,1,0
RT-013198,1,0
RT-013199,0,0
RT-013200,1,0
RT-013201,0,0
RT-013202,0,0
RT-013203,0,0
RT-013204,0,0
RT-013205,0,0
RT-013206,0,0
RT-013207,0,0
RT-013208,0,0
RT-013209,1,0
RT-013210,1,0
RT-013211,1,0
RT-013212,1,0
RT-013213,0,0
RT-013214,0,0
RT-013215,0,0
RT-013216,0,0
RT-013217,0,0
RT-013218,0,0
RT-013219,0,0
RT-013220,0,0
RT-013221,1,0
RT-013222,0,0
RT-013223,1,1
RT-013224,0,0
RT-013225,0,0
RT-013226,0,0
RT-013227,0,0
RT-013228,0,0
RT-013229,1,0
RT-013230,0,0
RT-013231,1,0
RT-013232,0,0
RT-013233,0,0
RT-013234,0,1
RT-013235,0,0
RT-013236,0,0
RT-013237,1,0
RT-013238,0,0
RT-013239,0,1
RT-013240,0,0
RT-013241,1,0
RT-013242,0,0
RT-013243,1,0
RT-013244,0,0
RT-013245,0,1
RT-013246,0,1
RT-013247,0,1
RT-013248,0,0
RT-013249,0,0
RT-013250,1,0
RT-013251,0,0
RT-013252,1,0
RT-013253,0,0
RT-013254,1,0
RT-013255,0,0
RT-013256,0,0
RT-013257,0,0
RT-013258,1,0
RT-013259,0,0
RT-013260,0,0
RT-013261,0,0
RT-013262,0,0
RT-013263,0,0
RT-013264,0,0
RT-013265,1,0
RT-013266,1,0
RT-013267,0,0
RT-013268,0,0
RT-013269,0,0
RT-013270,0,0
RT-013271,0,0
RT-013272,0,0
RT-013273,1,0
RT-013274,0,0
RT-013275,0,0
RT-013276,0,0
RT-013277,0,0
RT-013278,1,0
RT-013279,1,0
RT-013280,0,0
RT-013281,1,0
RT-013282,0,0
RT-013283,0,1
RT-013284,0,0
RT-013285,0,0
RT-013286,0,0
RT-013287,0,0
RT-013288,0,0
RT-013289,1,0
RT-013290,1,0
RT-013291,1,0
RT-013292,0,0
RT-013293,0,0
RT-013294,0,0
RT-013295,0,0
RT-013296,0,0
RT-013297,0,0
RT-013298,0,0
RT-013299,1,0
RT-013300,0,0
RT-013301,0,0
RT-013302,1,0
RT-013303,0,0
RT-013304,0,0
RT-013305,0,0
RT-013306,0,0
RT-013307,0,0
RT-013308,0,0
RT-013309,1,0
RT-013310,1,0
RT-013311,1,0
RT-013312,0,0
RT-013313,0,0
RT-013314,0,0
RT-013315,0,0
RT-013316,1,0
RT-013317,0,0
RT-013318,1,0
RT-013319,0,0
RT-013320,0,0
RT-013321,0,0
RT-013322,0,1
RT-013323,1,0
RT-013324,0,0
RT-013325,0,0
RT-013326,0,0
RT-013327,1,0
RT-013328,0,0
RT-013329,0,0
RT-013330,1,0
RT-013331,0,1
RT-013332,1,0
RT-013333,0,0
RT-013334,0,0
RT-013335,1,0
RT-013336,0,0
RT-013337,1,0
RT-013338,0,0
RT-013339,1,0
RT-013340,1,0
RT-013341,1,0
RT-013342,1,0
RT-013343,1,0
RT-013344,0,0
RT-013345,1,0
RT-013346,0,0
RT-013347,0,0
RT-013348,0,0
RT-013349,0,0
RT-013350,1,0
RT-013351,0,0
RT-013352,0,0
RT-013353,1,0
RT-013354,0,0
RT-013355,1,0
RT-013356,1,1
RT-013357,0,0
RT-013358,1,0
RT-013359,1,0
RT-013360,0,0
RT-013361,1,0
RT-013362,0,0
RT-013363,1,0
RT-013364,0,0
RT-013365,0,0
RT-013366,0,0
RT-013367,1,0
RT-013368,0,0
RT-013369,0,0
RT-013370,0,0
RT-013371,1,0
RT-013372,0,0
RT-013373,0,0
RT-013374,1,0
RT-013375,0,0
RT-013376,0,0
RT-013377,0,0
RT-013378,1,1
RT-013379,0,1
RT-013380,0,0
RT-013381,0,0
RT-013382,0,0
RT-013383,0,0
RT-013384,1,0
RT-013385,0,0
RT-013386,0,0
RT-013387,0,0
RT-013388,1,0
RT-013389,0,0
RT-013390,0,0
RT-013391,0,0
RT-013392,0,0
RT-013393,0,0
RT-013394,0,1
RT-013395,0,0
RT-013396,0,0
RT-013397,0,0
RT-013398,0,0
RT-013399,0,0
RT-013400,1,0
RT-013401,1,0
RT-013402,0,0
RT-013403,0,0
RT-013404,1,0
RT-013405,0,0
RT-013406,1,0
RT-013407,0,0
RT-013408,0,0
RT-013409,0,0
RT-013410,1,1
RT-013411,0,0
RT-013412,0,0
RT-013413,1,0
RT-013414,1,1
RT-013415,0,0
RT-013416,1,0
RT-013417,1,0
RT-013418,0,0
RT-013419,1,0
RT-013420,0,0
RT-013421,0,0
RT-013422,0,0
RT-013423,0,0
RT-013424,0,0
RT-013425,1,0
RT-013426,0,1
RT-013427,1,0
RT-013428,0,0
RT-013429,0,0
RT-013430,0,0
RT-013431,1,0
RT-013432,1,0
RT-013433,0,0
RT-013434,0,1
RT-013435,0,0
RT-013436,0,0
RT-013437,1,0
RT-013438,1,0
RT-013439,0,0
RT-013440,0,0
RT-013441,1,1
RT-013442,0,0
RT-013443,1,0
RT-013444,0,0
RT-013445,1,0
RT-013446,0,0
RT-013447,0,0
RT-013448,0,0
RT-013449,1,0
RT-013450,0,0
RT-013451,1,0
RT-013452,1,0
RT-013453,0,0
RT-013454,0,0
RT-013455,0,0
RT-013456,0,0
RT-013457,1,0
RT-013458,0,0
RT-013459,0,0
RT-013460,0,0
RT-013461,0,0
RT-013462,1,0
RT-013463,0,0
RT-013464,0,0
RT-013465,0,0
RT-013466,1,1
RT-013467,0,0
RT-013468,0,0
RT-013469,1,0
RT-013470,0,0
RT-013471,0,0
RT-013472,0,0
RT-013473,0,0
RT-013474,0,0
RT-013475,1,0
RT-013476,0,0
RT-013477,0,0
RT-013478,0,0
RT-013479,0,0
RT-013480,1,1
RT-013481,0,0
RT-013482,1,0
RT-013483,0,1
RT-013484,1,0
RT-013485,0,0
RT-013486,1,0
RT-013487,1,1
RT-013488,1,0
RT-013489,0,0
RT-013490,1,0
RT-013491,0,0
RT-013492,0,0
RT-013493,0,0
RT-013494,0,0
RT-013495,0,1
RT-013496,1,0
RT-013497,0,0
RT-013498,0,0
RT-013499,0,1
RT-013500,1,0
RT-013501,0,1
RT-013502,0,0
RT-013503,0,0
RT-013504,0,0
RT-013505,0,0
RT-013506,1,0
RT-013507,0,0
RT-013508,0,0
RT-013509,0,0
RT-013510,0,0
RT-013511,0,0
RT-013512,0,0
RT-013513,0,1
RT-013514,0,0
RT-013515,1,0
RT-013516,1,0
RT-013517,0,0
RT-013518,1,0
RT-013519,0,0
RT-013520,0,0
RT-013521,0,0
RT-013522,0,0
RT-013523,0,1
RT-013524,0,0
RT-013525,0,1
RT-013526,1,0
RT-013527,0,0
RT-013528,0,0
RT-013529,0,0
RT-013530,0,1
RT-013531,0,0
RT-013532,0,0
RT-013533,1,0
RT-013534,0,0
RT-013535,0,0
RT-013536,0,0
RT-013537,0,0
RT-013538,0,1
RT-013539,0,0
RT-013540,0,0
RT-013541,0,0
RT-013542,0,0
RT-013543,0,0
RT-013544,0,0
RT-013545,0,0
RT-013546,0,0
RT-013547,0,0
RT-013548,1,0
RT-013549,0,0
RT-013550,1,0
RT-013551,0,0
RT-013552,1,1
RT-013553,0,0
RT-013554,1,0
RT-013555,0,1
RT-013556,0,0
RT-013557,1,0
RT-013558,1,0
RT-013559,1,0
RT-013560,0,0
RT-013561,1,0
RT-013562,0,0
RT-013563,1,0
RT-013564,0,1
RT-013565,0,0
RT-013566,1,0
RT-013567,0,0
RT-013568,0,0
RT-013569,0,1
RT-013570,0,0
RT-013571,0,0
RT-013572,0,0
RT-013573,0,0
RT-013574,1,0
RT-013575,1,0
RT-013576,0,0
RT-013577,0,0
RT-013578,1,1
RT-013579,0,0
RT-013580,1,0
RT-013581,0,0
RT-013582,0,0
RT-013583,0,0
RT-013584,0,0
RT-013585,0,0
RT-013586,0,1
RT-013587,0,0
RT-013588,1,0
RT-013589,0,0
RT-013590,0,0
RT-013591,0,0
RT-013592,0,0
RT-013593,1,0
RT-013594,0,0
RT-013595,1,0
RT-013596,1,1
RT-013597,0,0
RT-013598,1,0
RT-013599,0,0
RT-013600,1,0
RT-013601,0,0
RT-013602,1,0
RT-013603,0,0
RT-013604,0,0
RT-013605,0,0
RT-013606,0,0
RT-013607,0,0
RT-013608,0,0
RT-013609,1,0
RT-013610,0,0
RT-013611,1,0
RT-013612,0,0
RT-013613,1,0
RT-013614,0,0
RT-013615,0,0
RT-013616,1,0
RT-013617,0,0
RT-013618,0,0
RT-013619,0,0
RT-013620,1,0
RT-013621,1,0
RT-013622,0,1
RT-013623,0,1
RT-013624,0,0
RT-013625,1,0
RT-013626,0,0
RT-013627,0,0
RT-013628,0,1
RT-013629,1,0
RT-013630,1,0
RT-013631,0,0
RT-013632,1,0
RT-013633,1,0
RT-013634,0,0
RT-013635,1,0
RT-013636,1,0
RT-013637,1,0
RT-013638,0,0
RT-013639,0,0
RT-013640,0,0
RT-013641,0,0
RT-013642,0,0
RT-013643,0,0
RT-013644,0,0
RT-013645,1,0
RT-013646,0,0
RT-013647,0,0
RT-013648,1,0
RT-013649,1,0
RT-013650,1,0
RT-013651,0,0
RT-013652,1,0
RT-013653,0,0
RT-013654,0,1
RT-013655,0,0
RT-013656,1,0
RT-013657,0,0
RT-013658,0,0
RT-013659,0,0
RT-013660,0,0
RT-013661,0,0
RT-013662,0,0
RT-013663,0,1
RT-013664,0,0
RT-013665,1,0
RT-013666,0,0
RT-013667,1,0
RT-013668,0,0
RT-013669,0,0
RT-013670,1,0
RT-013671,0,0
RT-013672,1,0
RT-013673,0,0
RT-013674,0,0
RT-013675,1,0
RT-013676,0,1
RT-013677,0,0
RT-013678,0,0
RT-013679,0,0
RT-013680,1,0
RT-013681,0,0
RT-013682,1,0
RT-013683,1,0
RT-013684,0,0
RT-013685,0,0
RT-013686,0,0
RT-013687,1,0
RT-013688,0,0
RT-013689,1,0
RT-013690,0,0
RT-013691,0,0
RT-013692,0,0
RT-013693,0,0
RT-013694,1,0
RT-013695,0,0
RT-013696,0,0
RT-013697,0,0
RT-013698,0,0
RT-013699,0,0
RT-013700,1,0
RT-013701,0,0
RT-013702,0,0
RT-013703,0,0
RT-013704,0,0
RT-013705,0,0
RT-013706,0,0
RT-013707,1,0
RT-013708,0,0
RT-013709,1,0
RT-013710,1,0
RT-013711,0,0
RT-013712,1,1
RT-013713,1,0
RT-013714,0,0
RT-013715,1,0
RT-013716,0,0
RT-013717,0,0
RT-013718,0,0
RT-013719,1,0
RT-013720,1,1
RT-013721,0,0
RT-013722,0,0
RT-013723,0,0
RT-013724,0,0
RT-013725,0,0
RT-013726,0,0
RT-013727,0,1
RT-013728,0,0
RT-013729,0,0
RT-013730,0,0
RT-013731,0,0
RT-013732,0,0
RT-013733,0,0
RT-013734,1,1
RT-013735,1,0
RT-013736,0,0
RT-013737,0,0
RT-013738,1,0
RT-013739,0,0
RT-013740,1,0
RT-013741,0,0
RT-013742,0,0
RT-013743,0,0
RT-013744,0,0
RT-013745,0,0
RT-013746,0,0
RT-013747,0,0
RT-013748,0,0
RT-013749,0,0
RT-013750,0,0
RT-013751,0,0
RT-013752,0,0
RT-013753,0,0
RT-013754,0,1
RT-013755,0,0
RT-013756,1,0
RT-013757,0,0
RT-013758,0,0
RT-013759,1,0
RT-013760,0,0
RT-013761,0,0
RT-013762,1,0
RT-013763,1,0
RT-013764,0,0
RT-013765,1,0
RT-013766,0,0
RT-013767,0,0
RT-013768,0,0
RT-013769,0,0
RT-013770,0,0
RT-013771,1,0
RT-013772,0,0
RT-013773,1,0
RT-013774,0,0
RT-013775,0,0
RT-013776,1,0
RT-013777,0,0
RT-013778,1,0
RT-013779,0,0
RT-013780,0,0
RT-013781,0,1
RT-013782,1,0
RT-013783,0,1
RT-013784,0,0
RT-013785,0,1
RT-013786,0,0
RT-013787,0,0
RT-013788,0,0
RT-013789,0,0
RT-013790,0,0
RT-013791,1,0
RT-013792,1,0
RT-013793,0,1
RT-013794,0,0
RT-013795,1,0
RT-013796,0,0
RT-013797,0,0
RT-013798,0,0
RT-013799,0,0
RT-013800,1,0
RT-013801,0,0
RT-013802,0,0
RT-013803,0,1
RT-013804,0,0
RT-013805,1,0
RT-013806,1,0
RT-013807,0,0
RT-013808,0,0
RT-013809,0,1
RT-013810,0,0
RT-013811,0,1
RT-013812,0,0
RT-013813,0,0
RT-013814,0,1
RT-013815,0,0
RT-013816,0,0
RT-013817,0,0
RT-013818,0,0
RT-013819,0,0
RT-013820,0,0
RT-013821,0,0
RT-013822,1,1
RT-013823,0,0
RT-013824,0,0
RT-013825,0,0
RT-013826,1,0
RT-013827,1,0
RT-013828,0,0
RT-013829,0,0
RT-013830,1,0
RT-013831,0,0
RT-013832,0,0
RT-013833,0,0
RT-013834,1,0
RT-013835,0,1
RT-013836,1,0
RT-013837,0,0
RT-013838,0,0
RT-013839,1,0
RT-013840,0,0
RT-013841,0,0
RT-013842,0,0
RT-013843,0,0
RT-013844,0,0
RT-013845,1,0
RT-013846,0,1
RT-013847,0,0
RT-013848,0,1
RT-013849,1,0
RT-013850,1,0
RT-013851,0,0
RT-013852,0,0
RT-013853,0,0
RT-013854,0,0
RT-013855,0,0
RT-013856,0,0
RT-013857,1,0
RT-013858,0,0
RT-013859,0,0
RT-013860,1,0
RT-013861,0,0
RT-013862,0,0
RT-013863,1,0
RT-013864,0,0
RT-013865,0,1
RT-013866,1,1
RT-013867,1,0
RT-013868,0,0
RT-013869,0,0
RT-013870,0,0
RT-013871,0,0
RT-013872,0,0
RT-013873,0,1
RT-013874,0,0
RT-013875,0,1
RT-013876,0,0
RT-013877,0,0
RT-013878,1,0
RT-013879,0,0
RT-013880,0,0
RT-013881,1,0
RT-013882,0,0
RT-013883,1,0
RT-013884,0,0
RT-013885,0,0
RT-013886,1,0
RT-013887,1,0
RT-013888,1,0
RT-013889,1,0
RT-013890,1,0
RT-013891,0,0
RT-013892,1,0
RT-013893,0,0
RT-013894,0,0
RT-013895,0,0
RT-013896,0,1
RT-013897,0,0
RT-013898,0,0
RT-013899,1,0
RT-013900,0,1
RT-013901,1,0
RT-013902,0,0
RT-013903,1,0
RT-013904,1,0
RT-013905,0,0
RT-013906,1,0
RT-013907,1,0
RT-013908,0,0
RT-013909,1,0
RT-013910,1,0
RT-013911,1,0
RT-013912,0,0
RT-013913,1,0
RT-013914,0,0
RT-013915,0,0
RT-013916,0,0
RT-013917,1,0
RT-013918,1,0
RT-013919,1,0
RT-013920,1,0
RT-013921,1,0
RT-013922,0,0
RT-013923,1,0
RT-013924,1,0
RT-013925,0,0
RT-013926,1,0
RT-013927,1,0
RT-013928,1,0
RT-013929,0,0
RT-013930,0,0
RT-013931,1,0
RT-013932,0,0
RT-013933,0,0
RT-013934,0,0
RT-013935,1,0
RT-013936,1,0
RT-013937,1,0
RT-013938,0,0
RT-013939,0,0
RT-013940,1,0
RT-013941,0,0
RT-013942,1,0
RT-013943,1,0
RT-013944,0,0
RT-013945,1,0
RT-013946,0,0
RT-013947,0,0
RT-013948,0,0
RT-013949,1,0
RT-013950,0,0
RT-013951,0,0
RT-013952,0,0
RT-013953,0,0
RT-013954,0,0
RT-013955,1,0
RT-013956,0,0
RT-013957,0,0
RT-013958,0,0
RT-013959,0,0
RT-013960,1,0
RT-013961,0,0
RT-013962,0,0
RT-013963,0,0
RT-013964,0,0
RT-013965,0,0
RT-013966,1,0
RT-013967,0,0
RT-013968,0,0
RT-013969,0,0
RT-013970,1,0
RT-013971,0,0
RT-013972,1,0
RT-013973,0,0
RT-013974,0,0
RT-013975,1,0
RT-013976,1,0
RT-013977,0,0
RT-013978,1,0
RT-013979,0,0
RT-013980,0,0
RT-013981,1,0
RT-013982,0,0
RT-013983,0,0
RT-013984,0,0
RT-013985,0,1
RT-013986,0,0
RT-013987,0,0
RT-013988,1,0
RT-013989,1,0
RT-013990,1,0
RT-013991,0,1
RT-013992,0,0
RT-013993,0,1
RT-013994,1,0
RT-013995,0,0
RT-013996,1,0
RT-013997,1,0
RT-013998,0,0
RT-013999,0,0
RT-014000,0,0
RT-014001,1,0
RT-014002,0,0
RT-014003,0,1
RT-014004,0,0
RT-014005,0,0
RT-014006,0,0
RT-014007,0,0
RT-014008,0,0
RT-014009,0,0
RT-014010,0,0
RT-014011,0,0
RT-014012,0,0
RT-014013,0,0
RT-014014,0,0
RT-014015,0,0
RT-014016,0,0
RT-014017,1,0
RT-014018,0,0
RT-014019,1,0
RT-014020,0,0
RT-014021,0,0
RT-014022,1,0
RT-014023,0,0
RT-014024,1,0
RT-014025,1,1
RT-014026,0,0
RT-014027,1,0
RT-014028,1,0
RT-014029,0,0
RT-014030,0,0
RT-014031,1,0
RT-014032,1,0
RT-014033,1,0
RT-014034,0,0
RT-014035,0,0
RT-014036,0,0
RT-014037,0,0
RT-014038,0,0
RT-014039,0,0
RT-014040,1,0
RT-014041,1,0
RT-014042,0,0
RT-014043,0,0
RT-014044,0,0
RT-014045,0,1
RT-014046,0,0
RT-014047,1,0
RT-014048,0,0
RT-014049,0,0
RT-014050,0,0
RT-014051,0,0
RT-014052,1,0
RT-014053,0,0
RT-014054,0,0
RT-014055,1,0
RT-014056,1,0
RT-014057,0,0
RT-014058,1,0
RT-014059,0,0
RT-014060,0,0
RT-014061,1,1
RT-014062,0,0
RT-014063,1,0
RT-014064,0,1
RT-014065,1,0
RT-014066,0,0
RT-014067,0,0
RT-014068,1,0
RT-014069,0,0
RT-014070,0,0
RT-014071,1,0
RT-014072,1,0
RT-014073,1,0
RT-014074,1,0
RT-014075,1,0
RT-014076,1,0
RT-014077,0,0
RT-014078,0,0
RT-014079,0,0
RT-014080,0,0
RT-014081,0,0
RT-014082,1,0
RT-014083,1,0
RT-014084,1,0
RT-014085,0,0
RT-014086,0,0
RT-014087,0,1
RT-014088,1,0
RT-014089,1,0
RT-014090,0,0
RT-014091,0,0
RT-014092,0,0
RT-014093,0,0
RT-014094,1,0
RT-014095,0,0
RT-014096,0,0
RT-014097,0,0
RT-014098,0,1
RT-014099,0,0
RT-014100,1,0
RT-014101,1,0
RT-014102,0,0
RT-014103,0,0
RT-014104,0,0
RT-014105,0,1
RT-014106,0,0
RT-014107,0,1
RT-014108,0,0
RT-014109,0,0
RT-014110,0,0
RT-014111,0,0
RT-014112,1,0
RT-014113,0,0
RT-014114,0,0
RT-014115,0,0
RT-014116,0,0
RT-014117,1,0
RT-014118,1,0
RT-014119,1,0
RT-014120,0,0
RT-014121,1,0
RT-014122,0,0
RT-014123,0,0
RT-014124,1,0
RT-014125,0,0
RT-014126,0,0
RT-014127,1,0
RT-014128,0,0
RT-014129,0,0
RT-014130,0,0
RT-014131,0,0
RT-014132,0,0
RT-014133,0,1
RT-014134,0,0
RT-014135,1,0
RT-014136,1,0
RT-014137,0,0
RT-014138,0,0
RT-014139,1,0
RT-014140,0,0
RT-014141,0,0
RT-014142,0,0
RT-014143,0,1
RT-014144,0,0
RT-014145,1,0
RT-014146,0,0
RT-014147,0,0
RT-014148,0,0
RT-014149,0,0
RT-014150,0,0
RT-014151,0,0
RT-014152,0,0
RT-014153,0,0
RT-014154,0,0
RT-014155,1,0
RT-014156,0,0
RT-014157,0,0
RT-014158,1,0
RT-014159,1,0
RT-014160,0,0
RT-014161,0,0
RT-014162,0,0
RT-014163,0,1
RT-014164,0,0
RT-014165,0,0
RT-014166,0,0
RT-014167,0,1
RT-014168,0,0
RT-014169,0,0
RT-014170,0,0
RT-014171,0,0
RT-014172,1,0
RT-014173,1,0
RT-014174,0,0
RT-014175,0,0
RT-014176,0,0
RT-014177,1,0
RT-014178,0,0
RT-014179,0,0
RT-014180,0,0
RT-014181,0,0
RT-014182,0,0
RT-014183,0,0
RT-014184,1,0
RT-014185,0,0
RT-014186,1,0
RT-014187,1,0
RT-014188,0,0
RT-014189,0,0
RT-014190,0,0
RT-014191,0,0
RT-014192,0,0
RT-014193,1,0
RT-014194,0,0
RT-014195,0,0
RT-014196,0,0
RT-014197,0,0
RT-014198,0,0
RT-014199,0,0
RT-014200,0,0
RT-014201,0,0
RT-014202,1,0
RT-014203,0,0
RT-014204,1,0
RT-014205,0,0
RT-014206,0,0
RT-014207,1,0
RT-014208,0,0
RT-014209,0,0
RT-014210,1,0
RT-014211,1,0
RT-014212,1,0
RT-014213,0,0
RT-014214,0,0
RT-014215,1,0
RT-014216,1,0
RT-014217,0,0
RT-014218,1,0
RT-014219,0,0
RT-014220,1,0
RT-014221,1,0
RT-014222,0,0
RT-014223,0,0
RT-014224,0,1
RT-014225,0,0
RT-014226,0,1
RT-014227,1,0
RT-014228,1,0
RT-014229,0,0
RT-014230,0,0
RT-014231,0,0
RT-014232,1,0
RT-014233,0,0
RT-014234,0,0
RT-014235,0,1
RT-014236,0,0
RT-014237,0,0
RT-014238,0,0
RT-014239,0,0
RT-014240,0,1
RT-014241,0,0
RT-014242,0,0
RT-014243,0,0
RT-014244,0,0
RT-014245,0,0
RT-014246,1,0
RT-014247,0,0
RT-014248,0,0
RT-014249,0,0
RT-014250,1,0
RT-014251,1,0
RT-014252,1,0
RT-014253,0,0
RT-014254,0,0
RT-014255,0,0
RT-014256,1,0
RT-014257,1,0
RT-014258,1,0
RT-014259,0,0
RT-014260,0,0
RT-014261,0,0
RT-014262,0,0
RT-014263,0,0
RT-014264,0,0
RT-014265,0,0
RT-014266,1,0
RT-014267,1,0
RT-014268,0,0
RT-014269,0,0
RT-014270,1,0
RT-014271,0,0
RT-014272,0,1
RT-014273,1,0
RT-014274,0,0
RT-014275,0,0
RT-014276,0,0
RT-014277,1,0
RT-014278,0,0
RT-014279,0,0
RT-014280,0,0
RT-014281,1,0
RT-014282,1,0
RT-014283,0,0
RT-014284,0,0
RT-014285,1,0
RT-014286,0,0
RT-014287,0,0
RT-014288,1,0
RT-014289,0,0
RT-014290,0,0
RT-014291,1,0
RT-014292,0,0
RT-014293,0,0
RT-014294,1,0
RT-014295,0,0
RT-014296,0,0
RT-014297,0,0
RT-014298,1,0
RT-014299,0,0
RT-014300,1,0
RT-014301,0,0
RT-014302,1,0
RT-014303,0,0
RT-014304,0,0
RT-014305,0,0
RT-014306,0,0
RT-014307,1,0
RT-014308,0,0
RT-014309,0,1
RT-014310,0,0
RT-014311,1,0
RT-014312,0,0
RT-014313,0,1
RT-014314,1,0
RT-014315,0,0
RT-014316,1,0
RT-014317,0,0
RT-014318,0,0
RT-014319,1,1
RT-014320,0,0
RT-014321,0,0
RT-014322,0,0
RT-014323,0,0
RT-014324,0,0
RT-014325,0,1
RT-014326,0,0
RT-014327,0,0
RT-014328,0,0
RT-014329,0,1
RT-014330,0,0
RT-014331,0,0
RT-014332,0,0
RT-014333,0,0
RT-014334,1,0
RT-014335,0,0
RT-014336,0,0
RT-014337,0,1
RT-014338,0,0
RT-014339,0,0
RT-014340,1,0
RT-014341,0,0
RT-014342,0,0
RT-014343,0,0
RT-014344,0,0
RT-014345,0,0
RT-014346,1,0
RT-014347,0,0
RT-014348,0,0
RT-014349,1,0
RT-014350,1,0
RT-014351,0,0
RT-014352,0,0
RT-014353,0,0
RT-014354,0,0
RT-014355,0,0
RT-014356,0,0
RT-014357,0,0
RT-014358,0,1
RT-014359,1,0
RT-014360,1,0
RT-014361,0,0
RT-014362,1,0
RT-014363,0,0
RT-014364,1,0
RT-014365,0,0
RT-014366,1,0
RT-014367,0,0
RT-014368,1,0
RT-014369,0,0
RT-014370,0,0
RT-014371,0,0
RT-014372,0,0
RT-014373,1,0
RT-014374,0,0
RT-014375,1,0
RT-014376,0,0
RT-014377,0,0
RT-014378,0,0
RT-014379,1,0
RT-014380,1,0
RT-014381,1,0
RT-014382,1,0
RT-014383,1,0
RT-014384,0,0
RT-014385,0,0
RT-014386,0,0
RT-014387,1,0
RT-014388,0,0
RT-014389,0,0
RT-014390,0,0
RT-014391,0,0
RT-014392,0,0
RT-014393,0,0
RT-014394,0,1
RT-014395,1,1
RT-014396,1,0
RT-014397,1,0
RT-014398,0,0
RT-014399,0,0
RT-014400,0,0
RT-014401,1,0
RT-014402,0,0
RT-014403,0,0
RT-014404,0,0
RT-014405,0,0
RT-014406,0,1
RT-014407,0,0
RT-014408,0,0
RT-014409,1,0
RT-014410,0,0
RT-014411,0,0
RT-014412,1,0
RT-014413,0,0
RT-014414,0,0
RT-014415,0,1
RT-014416,1,0
RT-014417,1,0
RT-014418,0,0
RT-014419,0,0
RT-014420,0,0
RT-014421,1,0
RT-014422,0,0
RT-014423,1,0
RT-014424,0,0
RT-014425,0,0
RT-014426,0,0
RT-014427,0,0
RT-014428,0,0
RT-014429,1,0
RT-014430,0,0
RT-014431,1,0
RT-014432,0,0
RT-014433,1,0
RT-014434,0,0
RT-014435,0,0
RT-014436,0,0
RT-014437,0,0
RT-014438,1,0
RT-014439,0,0
RT-014440,0,0
RT-014441,0,0
RT-014442,0,0
RT-014443,0,0
RT-014444,0,0
RT-014445,0,0
RT-014446,0,0
RT-014447,0,0
RT-014448,0,0
RT-014449,1,0
RT-014450,0,0
RT-014451,0,0
RT-014452,0,0
RT-014453,0,0
RT-014454,0,0
RT-014455,1,0
RT-014456,1,0
RT-014457,0,0
RT-014458,1,0
RT-014459,0,1
RT-014460,1,0
RT-014461,0,0
RT-014462,0,0
RT-014463,0,0
RT-014464,1,0
RT-014465,0,0
RT-014466,0,0
RT-014467,0,0
RT-014468,0,0
RT-014469,0,0
RT-014470,0,0
RT-014471,1,0
RT-014472,1,0
RT-014473,0,0
RT-014474,0,0
RT-014475,0,1
RT-014476,0,0
RT-014477,1,0
RT-014478,0,1
RT-014479,0,0
RT-014480,0,0
RT-014481,0,0
RT-014482,1,1
RT-014483,0,0
RT-014484,0,0
RT-014485,0,0
RT-014486,0,0
RT-014487,0,0
RT-014488,1,0
RT-014489,1,0
RT-014490,0,0
RT-014491,0,0
RT-014492,0,0
RT-014493,0,0
RT-014494,0,0
RT-014495,1,0
RT-014496,0,0
RT-014497,0,0
RT-014498,1,0
RT-014499,1,0
RT-014500,0,0
RT-014501,0,0
RT-014502,0,0
RT-014503,0,0
RT-014504,0,0
RT-014505,0,0
RT-014506,0,0
RT-014507,0,0
RT-014508,1,0
RT-014509,1,0
RT-014510,1,0
RT-014511,0,1
RT-014512,1,0
RT-014513,0,0
RT-014514,1,0
RT-014515,1,0
RT-014516,0,0
RT-014517,0,0
RT-014518,0,0
RT-014519,1,0
RT-014520,0,0
RT-014521,0,0
RT-014522,0,0
RT-014523,0,0
RT-014524,1,0
RT-014525,1,0
RT-014526,1,0
RT-014527,0,0
RT-014528,1,0
RT-014529,1,0
RT-014530,1,0
RT-014531,0,0
RT-014532,0,0
RT-014533,0,0
RT-014534,0,0
RT-014535,0,0
RT-014536,0,0
RT-014537,0,0
RT-014538,0,0
RT-014539,0,0
RT-014540,0,0
RT-014541,1,0
RT-014542,0,0
RT-014543,0,0
RT-014544,0,0
RT-014545,1,0
RT-014546,0,0
RT-014547,0,0
RT-014548,0,0
RT-014549,1,0
RT-014550,1,0
RT-014551,0,0
RT-014552,0,0
RT-014553,0,0
RT-014554,0,1
RT-014555,0,0
RT-014556,0,1
RT-014557,1,0
RT-014558,0,0
RT-014559,0,0
RT-014560,0,0
RT-014561,1,0
RT-014562,0,0
RT-014563,1,1
RT-014564,0,0
RT-014565,1,0
RT-014566,1,0
RT-014567,0,0
RT-014568,0,0
RT-014569,1,0
RT-014570,0,0
RT-014571,0,0
RT-014572,0,0
RT-014573,0,0
RT-014574,0,0
RT-014575,1,0
RT-014576,0,0
RT-014577,0,0
RT-014578,0,0
RT-014579,0,0
RT-014580,0,0
RT-014581,1,0
RT-014582,0,0
RT-014583,0,0
RT-014584,1,0
RT-014585,1,0
RT-014586,0,0
RT-014587,0,0
RT-014588,0,0
RT-014589,0,0
RT-014590,0,0
RT-014591,0,1
RT-014592,0,0
RT-014593,0,1
RT-014594,0,1
RT-014595,0,0
RT-014596,0,0
RT-014597,0,0
RT-014598,1,0
RT-014599,1,0
RT-014600,0,0
RT-014601,0,0
RT-014602,1,0
RT-014603,1,0
RT-014604,1,0
RT-014605,1,0
RT-014606,1,0
RT-014607,1,0
RT-014608,0,0
RT-014609,0,1
RT-014610,0,0
RT-014611,1,0
RT-014612,1,0
RT-014613,0,0
RT-014614,0,0
RT-014615,1,0
RT-014616,0,0
RT-014617,0,0
RT-014618,0,0
RT-014619,1,0
RT-014620,1,0
RT-014621,0,0
RT-014622,0,0
RT-014623,0,1
RT-014624,0,0
RT-014625,0,0
RT-014626,0,0
RT-014627,1,0
RT-014628,0,0
RT-014629,0,0
RT-014630,1,0
RT-014631,0,0
RT-014632,0,0
RT-014633,0,0
RT-014634,0,0
RT-014635,0,0
RT-014636,0,0
RT-014637,1,0
RT-014638,0,0
RT-014639,0,0
RT-014640,1,0
RT-014641,0,1
RT-014642,0,0
RT-014643,0,0
RT-014644,1,0
RT-014645,0,0
RT-014646,0,0
RT-014647,0,0
RT-014648,0,0
RT-014649,0,0
RT-014650,1,0
RT-014651,0,0
RT-014652,0,0
RT-014653,0,0
RT-014654,0,0
RT-014655,1,0
RT-014656,0,0
RT-014657,0,0
RT-014658,1,0
RT-014659,0,0
RT-014660,0,0
RT-014661,0,0
RT-014662,1,0
RT-014663,0,0
RT-014664,0,0
RT-014665,1,0
RT-014666,0,0
RT-014667,1,0
RT-014668,0,0
RT-014669,1,0
RT-014670,0,1
RT-014671,0,0
RT-014672,0,0
RT-014673,0,0
RT-014674,0,0
RT-014675,0,0
RT-014676,1,0
RT-014677,0,0
RT-014678,1,1
RT-014679,1,0
RT-014680,1,0
RT-014681,1,0
RT-014682,1,0
RT-014683,1,0
RT-014684,1,0
RT-014685,0,0
RT-014686,1,0
RT-014687,0,0
RT-014688,1,0
RT-014689,0,0
RT-014690,0,0
RT-014691,0,0
RT-014692,0,0
RT-014693,1,0
RT-014694,0,0
RT-014695,1,0
RT-014696,0,0
RT-014697,0,0
RT-014698,0,0
RT-014699,0,0
RT-014700,0,0
RT-014701,0,0
RT-014702,0,0
RT-014703,1,0
RT-014704,0,0
RT-014705,0,0
RT-014706,1,0
RT-014707,0,0
RT-014708,0,0
RT-014709,1,0
RT-014710,0,0
RT-014711,0,0
RT-014712,0,0
RT-014713,0,0
RT-014714,1,0
RT-014715,0,0
RT-014716,1,0
RT-014717,1,0
RT-014718,0,1
RT-014719,1,0
RT-014720,0,0
RT-014721,1,0
RT-014722,0,0
RT-014723,0,0
RT-014724,1,0
RT-014725,1,0
RT-014726,0,0
RT-014727,0,0
RT-014728,0,1
RT-014729,0,0
RT-014730,1,0
RT-014731,0,0
RT-014732,0,0
RT-014733,0,0
RT-014734,0,0
RT-014735,1,0
RT-014736,1,0
RT-014737,0,1
RT-014738,0,1
RT-014739,1,0
RT-014740,1,0
RT-014741,1,0
RT-014742,0,0
RT-014743,1,0
RT-014744,0,0
RT-014745,1,0
RT-014746,0,0
RT-014747,0,0
RT-014748,1,0
RT-014749,1,0
RT-014750,0,0
RT-014751,1,0
RT-014752,1,0
RT-014753,0,0
RT-014754,0,0
RT-014755,0,0
RT-014756,0,0
RT-014757,1,0
RT-014758,1,0
RT-014759,0,0
RT-014760,0,0
RT-014761,1,0
RT-014762,0,0
RT-014763,1,0
RT-014764,0,0
RT-014765,0,0
RT-014766,0,0
RT-014767,0,1
RT-014768,1,0
RT-014769,1,0
RT-014770,1,0
RT-014771,0,0
RT-014772,1,0
RT-014773,0,0
RT-014774,0,0
RT-014775,0,0
RT-014776,0,0
RT-014777,1,0
RT-014778,1,0
RT-014779,1,0
RT-014780,0,0
RT-014781,1,0
RT-014782,0,0
RT-014783,0,0
RT-014784,0,0
RT-014785,0,0
RT-014786,1,0
RT-014787,1,0
RT-014788,1,0
RT-014789,0,1
RT-014790,0,0
RT-014791,0,0
RT-014792,0,0
RT-014793,0,0
RT-014794,0,0
RT-014795,1,0
RT-014796,1,0
RT-014797,0,0
RT-014798,1,0
RT-014799,0,0
RT-014800,1,0
RT-014801,0,0
RT-014802,0,0
RT-014803,1,0
RT-014804,0,0
RT-014805,0,0
RT-014806,1,0
RT-014807,0,0
RT-014808,0,0
RT-014809,0,0
RT-014810,1,0
RT-014811,1,1
RT-014812,0,0
RT-014813,0,1
RT-014814,0,0
RT-014815,0,0
RT-014816,0,0
RT-014817,0,0
RT-014818,0,0
RT-014819,1,0
RT-014820,0,0
RT-014821,1,0
RT-014822,0,0
RT-014823,0,0
RT-014824,0,0
RT-014825,0,0
RT-014826,0,0
RT-014827,0,0
RT-014828,1,0
RT-014829,1,0
RT-014830,0,0
RT-014831,0,0
RT-014832,1,0
RT-014833,0,1
RT-014834,0,0
RT-014835,0,0
RT-014836,1,0
RT-014837,0,0
RT-014838,0,0
RT-014839,0,0
RT-014840,0,0
RT-014841,0,0
RT-014842,0,0
RT-014843,1,0
RT-014844,0,0
RT-014845,0,0
RT-014846,0,0
RT-014847,0,0
RT-014848,0,0
RT-014849,1,0
RT-014850,0,0
RT-014851,0,0
RT-014852,1,0
RT-014853,0,1
RT-014854,0,0
RT-014855,0,0
RT-014856,0,1
RT-014857,0,0
RT-014858,0,0
RT-014859,0,0
RT-014860,1,0
RT-014861,1,0
RT-014862,0,0
RT-014863,0,0
RT-014864,0,0
RT-014865,1,0
RT-014866,0,0
RT-014867,1,0
RT-014868,0,0
RT-014869,0,1
RT-014870,1,0
RT-014871,0,0
RT-014872,0,0
RT-014873,0,0
RT-014874,0,0
RT-014875,0,0
RT-014876,0,0
RT-014877,0,0
RT-014878,1,0
RT-014879,0,0
RT-014880,0,0
RT-014881,0,0
RT-014882,0,0
RT-014883,0,0
RT-014884,0,0
RT-014885,0,0
RT-014886,0,0
RT-014887,1,0
RT-014888,0,0
RT-014889,0,0
RT-014890,1,0
RT-014891,0,0
RT-014892,0,0
RT-014893,0,0
RT-014894,0,0
RT-014895,0,0
RT-014896,0,0
RT-014897,0,0
RT-014898,0,0
RT-014899,0,0
RT-014900,0,0
RT-014901,1,1
RT-014902,0,0
RT-014903,0,0
RT-014904,1,0
RT-014905,0,0
RT-014906,1,0
RT-014907,1,0
RT-014908,0,0
RT-014909,1,0
RT-014910,1,0
RT-014911,1,0
RT-014912,1,1
RT-014913,0,0
RT-014914,1,0
RT-014915,1,0
RT-014916,0,0
RT-014917,0,0
RT-014918,1,0
RT-014919,0,0
RT-014920,1,0
RT-014921,0,0
RT-014922,1,0
RT-014923,1,0
RT-014924,1,0
RT-014925,0,0
RT-014926,0,0
RT-014927,0,0
RT-014928,1,0
RT-014929,0,0
RT-014930,1,0
RT-014931,0,0
RT-014932,1,0
RT-014933,1,0
RT-014934,1,0
RT-014935,0,0
RT-014936,0,0
RT-014937,0,1
RT-014938,0,0
RT-014939,1,0
RT-014940,0,0
RT-014941,1,0
RT-014942,0,1
RT-014943,1,0
RT-014944,0,0
RT-014945,0,0
RT-014946,1,0
RT-014947,0,0
RT-014948,0,0
RT-014949,1,0
RT-014950,0,0
RT-014951,1,0
RT-014952,0,0
RT-014953,0,0
RT-014954,0,0
RT-014955,1,0
RT-014956,0,0
RT-014957,0,0
RT-014958,0,1
RT-014959,0,0
RT-014960,0,0
RT-014961,0,0
RT-014962,0,1
RT-014963,0,0
RT-014964,0,0
RT-014965,1,0
RT-014966,0,0
RT-014967,1,0
RT-014968,1,0
RT-014969,1,0
RT-014970,0,0
RT-014971,1,0
RT-014972,0,0
RT-014973,1,0
RT-014974,0,0
RT-014975,0,0
RT-014976,0,0
RT-014977,0,1
RT-014978,1,0
RT-014979,0,0
RT-014980,1,0
RT-014981,0,0
RT-014982,0,0
RT-014983,0,0
RT-014984,0,0
RT-014985,0,0
RT-014986,0,0
RT-014987,0,0
RT-014988,0,0
RT-014989,1,0
RT-014990,1,0
RT-014991,0,0
RT-014992,0,0
RT-014993,0,0
RT-014994,0,0
RT-014995,1,0
RT-014996,1,0
RT-014997,0,0
RT-014998,0,0
RT-014999,0,0
RT-015000,0,0
RT-015001,0,0
RT-015002,0,0
RT-015003,0,0
RT-015004,0,0
RT-015005,0,0
RT-015006,0,0
RT-015007,0,0
RT-015008,1,0
RT-015009,0,1
RT-015010,1,0
RT-015011,1,0
RT-015012,0,0
RT-015013,0,0
RT-015014,1,0
RT-015015,0,0
RT-015016,0,0
RT-015017,0,0
RT-015018,1,0
RT-015019,1,0
RT-015020,1,0
RT-015021,0,0
RT-015022,1,0
RT-015023,1,0
RT-015024,0,0
RT-015025,1,0
RT-015026,1,0
RT-015027,1,0
RT-015028,0,0
RT-015029,0,1
RT-015030,0,0
RT-015031,1,0
RT-015032,0,0
RT-015033,0,0
RT-015034,0,0
RT-015035,0,1
RT-015036,0,0
RT-015037,0,0
RT-015038,0,0
RT-015039,1,0
RT-015040,0,0
RT-015041,0,0
RT-015042,0,0
RT-015043,1,0
RT-015044,0,0
RT-015045,0,0
RT-015046,1,0
RT-015047,0,0
RT-015048,0,0
RT-015049,0,0
RT-015050,0,0
RT-015051,0,0
RT-015052,0,0
RT-015053,1,0
RT-015054,1,1
RT-015055,0,0
RT-015056,1,0
RT-015057,0,0
RT-015058,0,0
RT-015059,1,0
RT-015060,0,0
RT-015061,0,0
RT-015062,0,0
RT-015063,0,0
RT-015064,0,0
RT-015065,0,0
RT-015066,0,0
RT-015067,1,0
RT-015068,1,1
RT-015069,1,0
RT-015070,0,0
RT-015071,0,0
RT-015072,0,1
RT-015073,0,0
RT-015074,1,0
RT-015075,1,0
RT-015076,1,0
RT-015077,1,0
RT-015078,0,0
RT-015079,0,0
RT-015080,0,0
RT-015081,0,0
RT-015082,0,0
RT-015083,0,0
RT-015084,1,0
RT-015085,0,0
RT-015086,0,0
RT-015087,0,0
RT-015088,0,1
RT-015089,0,0
RT-015090,0,0
RT-015091,0,0
RT-015092,0,0
RT-015093,0,0
RT-015094,1,0
RT-015095,0,0
RT-015096,1,0
RT-015097,0,0
RT-015098,0,0
RT-015099,1,0
RT-015100,0,0
RT-015101,0,0
RT-015102,0,0
RT-015103,1,0
RT-015104,0,0
RT-015105,0,0
RT-015106,0,0
RT-015107,0,1
RT-015108,1,1
RT-015109,1,0
RT-015110,1,0
RT-015111,0,0
RT-015112,0,0
RT-015113,0,0
RT-015114,1,0
RT-015115,0,0
RT-015116,1,0
RT-015117,0,0
RT-015118,1,0
RT-015119,0,0
RT-015120,1,0
RT-015121,1,0
RT-015122,0,0
RT-015123,0,1
RT-015124,1,0
RT-015125,0,0
RT-015126,1,0
RT-015127,1,1
RT-015128,0,1
RT-015129,0,0
RT-015130,0,0
RT-015131,0,0
RT-015132,1,0
RT-015133,0,0
RT-015134,1,0
RT-015135,0,0
RT-015136,0,0
RT-015137,1,0
RT-015138,0,1
RT-015139,1,0
RT-015140,1,0
RT-015141,1,0
RT-015142,0,1
RT-015143,0,0
RT-015144,0,0
RT-015145,0,0
RT-015146,0,0
RT-015147,0,0
RT-015148,1,0
RT-015149,1,0
RT-015150,0,0
RT-015151,0,0
RT-015152,0,0
RT-015153,0,0
RT-015154,0,0
RT-015155,0,1
RT-015156,1,0
RT-015157,0,0
RT-015158,1,0
RT-015159,1,1
RT-015160,1,0
RT-015161,0,0
RT-015162,1,1
RT-015163,1,0
RT-015164,0,0
RT-015165,0,0
RT-015166,0,0
RT-015167,0,0
RT-015168,1,0
RT-015169,0,0
RT-015170,0,0
RT-015171,0,0
RT-015172,1,0
RT-015173,0,0
RT-015174,0,0
RT-015175,0,0
RT-015176,0,0
RT-015177,0,0
RT-015178,0,0
RT-015179,0,0
RT-015180,1,0
RT-015181,0,0
RT-015182,0,0
RT-015183,0,0
RT-015184,1,0
RT-015185,0,0
RT-015186,1,0
RT-015187,0,0
RT-015188,1,0
RT-015189,0,0
RT-015190,0,0
RT-015191,1,0
RT-015192,0,0
RT-015193,1,0
RT-015194,1,0
RT-015195,1,0
RT-015196,0,0
RT-015197,1,0
RT-015198,0,0
RT-015199,0,0
RT-015200,0,0
RT-015201,1,0
RT-015202,0,0
RT-015203,0,0
RT-015204,0,0
RT-015205,1,0
RT-015206,1,0
RT-015207,1,0
RT-015208,1,0
RT-015209,0,1
RT-015210,0,0
RT-015211,1,0
RT-015212,0,0
RT-015213,0,0
RT-015214,0,0
RT-015215,1,0
RT-015216,0,0
RT-015217,0,1
RT-015218,0,0
RT-015219,1,0
RT-015220,0,1
RT-015221,1,0
RT-015222,1,0
RT-015223,1,0
RT-015224,0,0
RT-015225,0,0
RT-015226,0,0
RT-015227,0,0
RT-015228,0,0
RT-015229,0,1
RT-015230,0,0
RT-015231,1,0
RT-015232,1,0
RT-015233,0,0
RT-015234,1,0
RT-015235,1,0
RT-015236,1,0
RT-015237,0,0
RT-015238,0,0
RT-015239,0,0
RT-015240,0,0
RT-015241,1,0
RT-015242,0,0
RT-015243,0,0
RT-015244,0,0
RT-015245,1,0
RT-015246,0,0
RT-015247,1,0
RT-015248,1,0
RT-015249,0,0
RT-015250,1,0
RT-015251,1,0
RT-015252,0,0
RT-015253,0,0
RT-015254,1,0
RT-015255,1,0
RT-015256,0,0
RT-015257,0,0
RT-015258,0,0
RT-015259,0,0
RT-015260,0,0
RT-015261,0,0
RT-015262,1,0
RT-015263,1,0
RT-015264,1,0
RT-015265,0,0
RT-015266,0,0
RT-015267,0,0
RT-015268,0,1
RT-015269,0,0
RT-015270,0,0
RT-015271,1,0
RT-015272,0,0
RT-015273,1,0
RT-015274,0,0
RT-015275,1,0
RT-015276,1,0
RT-015277,1,0
RT-015278,0,0
RT-015279,0,0
RT-015280,0,0
RT-015281,0,0
RT-015282,1,0
RT-015283,1,0
RT-015284,0,1
RT-015285,0,0
RT-015286,0,0
RT-015287,0,0
RT-015288,0,0
RT-015289,1,0
RT-015290,0,0
RT-015291,1,0
RT-015292,1,0
RT-015293,0,0
RT-015294,0,0
RT-015295,0,0
RT-015296,1,0
RT-015297,0,0
RT-015298,0,0
RT-015299,1,0
RT-015300,0,0
RT-015301,0,0
RT-015302,0,0
RT-015303,1,0
RT-015304,0,0
RT-015305,1,0
RT-015306,0,0
RT-015307,1,0
RT-015308,1,0
RT-015309,0,0
RT-015310,0,0
RT-015311,1,0
RT-015312,0,0
RT-015313,0,0
RT-015314,0,0
RT-015315,0,0
RT-015316,1,0
RT-015317,1,0
RT-015318,0,0
RT-015319,1,0
RT-015320,1,0
RT-015321,1,0
RT-015322,1,0
RT-015323,0,0
RT-015324,0,0
RT-015325,0,0
RT-015326,0,0
RT-015327,0,1
RT-015328,0,0
RT-015329,0,0
RT-015330,0,0
RT-015331,1,0
RT-015332,1,0
RT-015333,1,0
RT-015334,0,1
RT-015335,1,0
RT-015336,0,0
RT-015337,0,0
RT-015338,0,0
RT-015339,0,0
RT-015340,0,0
RT-015341,0,1
RT-015342,0,1
RT-015343,1,0
RT-015344,0,0
RT-015345,0,0
RT-015346,0,0
RT-015347,1,0
RT-015348,0,0
RT-015349,1,0
RT-015350,0,0
RT-015351,0,0
RT-015352,0,0
RT-015353,1,0
RT-015354,0,1
RT-015355,1,0
RT-015356,1,0
RT-015357,0,0
RT-015358,0,0
RT-015359,0,0
RT-015360,0,0
RT-015361,0,0
RT-015362,0,0
RT-015363,0,0
RT-015364,1,0
RT-015365,0,0
RT-015366,1,0
RT-015367,1,0
RT-015368,0,0
RT-015369,1,0
RT-015370,0,0
RT-015371,1,0
RT-015372,1,0
RT-015373,0,0
RT-015374,0,0
RT-015375,0,0
RT-015376,0,0
RT-015377,0,0
RT-015378,1,0
RT-015379,0,0
RT-015380,0,0
RT-015381,1,0
RT-015382,1,0
RT-015383,0,0
RT-015384,1,0
RT-015385,1,0
RT-015386,0,1
RT-015387,0,1
RT-015388,0,0
RT-015389,0,0
RT-015390,0,0
RT-015391,0,0
RT-015392,1,0
RT-015393,0,0
RT-015394,0,0
RT-015395,0,0
RT-015396,0,1
RT-015397,1,0
RT-015398,1,0
RT-015399,0,0
RT-015400,1,0
RT-015401,0,0
RT-015402,1,0
RT-015403,0,0
RT-015404,1,0
RT-015405,0,0
RT-015406,1,0
RT-015407,0,1
RT-015408,0,0
RT-015409,1,0
RT-015410,1,0
RT-015411,1,0
RT-015412,0,0
RT-015413,0,0
RT-015414,0,0
RT-015415,0,0
RT-015416,0,0
RT-015417,0,1
RT-015418,0,0
RT-015419,0,0
RT-015420,0,0
RT-015421,1,0
RT-015422,1,0
RT-015423,0,0
RT-015424,0,1
RT-015425,1,0
RT-015426,0,0
RT-015427,1,0
RT-015428,0,0
RT-015429,0,0
RT-015430,1,0
RT-015431,1,0
RT-015432,0,0
RT-015433,1,0
RT-015434,1,0
RT-015435,1,0
RT-015436,0,0
RT-015437,1,0
RT-015438,0,0
RT-015439,0,0
RT-015440,0,0
RT-015441,0,0
RT-015442,0,0
RT-015443,1,0
RT-015444,0,0
RT-015445,0,0
RT-015446,1,0
RT-015447,1,0
RT-015448,0,0
RT-015449,1,0
RT-015450,1,0
RT-015451,0,0
RT-015452,1,0
RT-015453,0,0
RT-015454,1,0
RT-015455,0,0
RT-015456,0,0
RT-015457,0,0
RT-015458,1,0
RT-015459,0,0
RT-015460,0,0
RT-015461,1,0
RT-015462,0,0
RT-015463,1,0
RT-015464,0,0
RT-015465,0,0
RT-015466,0,0
RT-015467,0,1
RT-015468,0,0
RT-015469,1,0
RT-015470,0,0
RT-015471,0,0
RT-015472,0,1
RT-015473,0,0
RT-015474,1,0
RT-015475,0,0
RT-015476,0,0
RT-015477,0,0
RT-015478,1,0
RT-015479,0,1
RT-015480,1,0
RT-015481,0,0
RT-015482,1,0
RT-015483,0,1
RT-015484,1,0
RT-015485,0,0
RT-015486,1,0
RT-015487,0,0
RT-015488,0,0
RT-015489,0,0
RT-015490,0,0
RT-015491,1,0
RT-015492,1,0
RT-015493,0,1
RT-015494,0,0
RT-015495,0,0
RT-015496,0,0
RT-015497,0,0
RT-015498,1,0
RT-015499,0,0
RT-015500,0,0
RT-015501,0,0
RT-015502,1,0
RT-015503,0,0
RT-015504,0,0
RT-015505,0,0
RT-015506,1,0
RT-015507,1,0
RT-015508,0,0
RT-015509,1,0
RT-015510,1,0
RT-015511,0,0
RT-015512,0,0
RT-015513,0,0
RT-015514,0,0
RT-015515,0,1
RT-015516,0,0
RT-015517,0,0
RT-015518,0,0
RT-015519,0,0
RT-015520,0,0
RT-015521,0,0
RT-015522,0,0
RT-015523,1,0
RT-015524,0,0
RT-015525,1,0
RT-015526,0,0
RT-015527,0,0
RT-015528,0,0
RT-015529,0,0
RT-015530,0,0
RT-015531,0,0
RT-015532,0,0
RT-015533,0,0
RT-015534,0,0
RT-015535,0,0
RT-015536,0,0
RT-015537,0,0
RT-015538,0,0
RT-015539,0,0
RT-015540,0,0
RT-015541,1,0
RT-015542,0,0
RT-015543,0,0
RT-015544,0,0
RT-015545,1,0
RT-015546,1,0
RT-015547,0,0
RT-015548,0,0
RT-015549,0,0
RT-015550,0,0
RT-015551,0,0
RT-015552,0,0
RT-015553,0,0
RT-015554,0,0
RT-015555,0,0
RT-015556,0,0
RT-015557,0,0
RT-015558,1,0
RT-015559,0,0
RT-015560,1,0
RT-015561,0,0
RT-015562,0,0
RT-015563,0,0
RT-015564,1,1
RT-015565,1,0
RT-015566,0,0
RT-015567,0,0
RT-015568,0,0
RT-015569,0,0
RT-015570,0,0
RT-015571,0,0
RT-015572,0,0
RT-015573,1,0
RT-015574,0,1
RT-015575,0,0
RT-015576,0,0
RT-015577,0,0
RT-015578,1,0
RT-015579,0,0
RT-015580,1,0
RT-015581,0,0
RT-015582,0,0
RT-015583,0,0
RT-015584,0,0
RT-015585,0,0
RT-015586,0,0
RT-015587,0,0
RT-015588,1,0
RT-015589,1,0
RT-015590,0,0
RT-015591,1,0
RT-015592,0,0
RT-015593,0,0
RT-015594,0,0
RT-015595,0,1
RT-015596,0,1
RT-015597,0,0
RT-015598,1,0
RT-015599,1,0
RT-015600,0,0
RT-015601,0,0
RT-015602,1,0
RT-015603,0,0
RT-015604,1,0
RT-015605,1,0
RT-015606,0,0
RT-015607,0,0
RT-015608,1,1
RT-015609,0,0
RT-015610,0,0
RT-015611,1,0
RT-015612,0,0
RT-015613,0,0
RT-015614,1,0
RT-015615,0,0
RT-015616,0,0
RT-015617,0,0
RT-015618,1,0
RT-015619,0,0
RT-015620,0,0
RT-015621,1,0
RT-015622,0,0
RT-015623,0,0
RT-015624,0,0
RT-015625,1,0
RT-015626,1,0
RT-015627,0,0
RT-015628,1,0
RT-015629,0,0
RT-015630,1,0
RT-015631,0,0
RT-015632,0,0
RT-015633,0,0
RT-015634,0,0
RT-015635,0,0
RT-015636,1,0
RT-015637,0,0
RT-015638,0,0
RT-015639,1,0
RT-015640,0,0
RT-015641,1,0
RT-015642,1,0
RT-015643,0,0
RT-015644,0,0
RT-015645,1,0
RT-015646,1,0
RT-015647,0,1
RT-015648,1,0
RT-015649,1,0
RT-015650,0,0
RT-015651,0,0
RT-015652,1,0
RT-015653,0,0
RT-015654,0,0
RT-015655,1,0
RT-015656,0,0
RT-015657,0,0
RT-015658,0,0
RT-015659,1,0
RT-015660,0,0
RT-015661,0,0
RT-015662,0,0
RT-015663,0,0
RT-015664,0,0
RT-015665,1,0
RT-015666,0,0
RT-015667,0,0
RT-015668,1,0
RT-015669,1,0
RT-015670,1,0
RT-015671,1,0
RT-015672,0,0
RT-015673,0,0
RT-015674,0,0
RT-015675,0,0
RT-015676,1,0
RT-015677,0,1
RT-015678,0,0
RT-015679,1,0
RT-015680,1,0
RT-015681,0,0
RT-015682,0,0
RT-015683,0,0
RT-015684,1,0
RT-015685,0,0
RT-015686,0,0
RT-015687,1,0
RT-015688,0,0
RT-015689,0,1
RT-015690,1,0
RT-015691,0,0
RT-015692,1,0
RT-015693,0,0
RT-015694,0,0
RT-015695,0,0
RT-015696,1,0
RT-015697,0,1
RT-015698,0,0
RT-015699,1,0
RT-015700,0,0
RT-015701,1,0
RT-015702,0,1
RT-015703,1,0
RT-015704,1,0
RT-015705,1,1
RT-015706,0,0
RT-015707,0,0
RT-015708,0,0
RT-015709,0,0
RT-015710,0,0
RT-015711,1,0
RT-015712,0,0
RT-015713,0,0
RT-015714,1,0
RT-015715,1,1
RT-015716,0,0
RT-015717,0,0
RT-015718,0,0
RT-015719,0,0
RT-015720,0,0
RT-015721,0,0
RT-015722,1,0
RT-015723,0,0
RT-015724,1,0
RT-015725,1,0
RT-015726,0,0
RT-015727,0,0
RT-015728,0,0
RT-015729,1,0
RT-015730,0,1
RT-015731,0,0
RT-015732,0,0
RT-015733,1,0
RT-015734,0,0
RT-015735,0,0
RT-015736,0,0
RT-015737,1,0
RT-015738,1,0
RT-015739,1,0
RT-015740,0,0
RT-015741,0,0
RT-015742,0,0
RT-015743,1,0
RT-015744,0,0
RT-015745,1,0
RT-015746,0,0
RT-015747,1,0
RT-015748,0,0
RT-015749,1,0
RT-015750,1,0
RT-015751,1,0
RT-015752,0,0
RT-015753,1,0
RT-015754,1,0
RT-015755,0,0
RT-015756,0,0
RT-015757,0,0
RT-015758,0,0
RT-015759,0,0
RT-015760,0,0
RT-015761,1,0
RT-015762,0,0
RT-015763,0,0
RT-015764,0,0
RT-015765,0,0
RT-015766,0,0
RT-015767,1,0
RT-015768,0,0
RT-015769,0,0
RT-015770,0,0
RT-015771,0,0
RT-015772,0,0
RT-015773,0,0
RT-015774,0,0
RT-015775,0,0
RT-015776,0,0
RT-015777,1,0
RT-015778,1,0
RT-015779,0,0
RT-015780,1,0
RT-015781,1,0
RT-015782,0,0
RT-015783,0,0
RT-015784,0,0
RT-015785,0,0
RT-015786,0,0
RT-015787,1,0
RT-015788,0,0
RT-015789,0,1
RT-015790,1,0
RT-015791,0,0
RT-015792,1,0
RT-015793,0,0
RT-015794,0,0
RT-015795,0,0
RT-015796,1,0
RT-015797,0,0
RT-015798,0,1
RT-015799,0,0
RT-015800,0,0
RT-015801,0,0
RT-015802,1,0
RT-015803,0,0
RT-015804,0,0
RT-015805,0,0
RT-015806,0,0
RT-015807,1,0
RT-015808,0,0
RT-015809,1,0
RT-015810,0,1
RT-015811,0,0
RT-015812,0,0
RT-015813,0,0
RT-015814,0,0
RT-015815,1,0
RT-015816,0,0
RT-015817,0,0
RT-015818,0,0
RT-015819,1,0
RT-015820,0,0
RT-015821,1,0
RT-015822,1,0
RT-015823,1,0
RT-015824,0,1
RT-015825,0,0
RT-015826,1,0
RT-015827,0,0
RT-015828,0,0
RT-015829,0,0
RT-015830,0,0
RT-015831,0,0
RT-015832,0,0
RT-015833,1,0
RT-015834,1,0
RT-015835,1,0
RT-015836,0,0
RT-015837,1,0
RT-015838,0,0
RT-015839,0,0
RT-015840,0,0
RT-015841,0,1
RT-015842,0,0
RT-015843,0,0
RT-015844,1,0
RT-015845,0,0
RT-015846,0,0
RT-015847,1,0
RT-015848,0,0
RT-015849,1,0
RT-015850,0,0
RT-015851,0,0
RT-015852,1,0
RT-015853,0,0
RT-015854,1,0
RT-015855,1,1
RT-015856,0,0
RT-015857,0,0
RT-015858,0,0
RT-015859,0,0
RT-015860,1,0
RT-015861,0,0
RT-015862,1,0
RT-015863,1,0
RT-015864,0,0
RT-015865,0,0
RT-015866,0,0
RT-015867,0,0
RT-015868,1,0
RT-015869,0,0
RT-015870,0,0
RT-015871,1,0
RT-015872,0,0
RT-015873,1,0
RT-015874,1,0
RT-015875,0,0
RT-015876,0,0
RT-015877,0,0
RT-015878,0,0
RT-015879,0,0
RT-015880,1,0
RT-015881,0,0
RT-015882,0,0
RT-015883,1,0
RT-015884,0,1
RT-015885,0,0
RT-015886,0,1
RT-015887,1,0
RT-015888,0,0
RT-015889,0,0
RT-015890,0,0
RT-015891,1,0
RT-015892,0,0
RT-015893,1,0
RT-015894,0,0
RT-015895,0,0
RT-015896,0,0
RT-015897,1,0
RT-015898,0,0
RT-015899,1,0
RT-015900,0,0
RT-015901,0,0
RT-015902,0,0
RT-015903,0,0
RT-015904,0,0
RT-015905,0,1
RT-015906,0,0
RT-015907,0,0
RT-015908,1,0
RT-015909,0,0
RT-015910,0,1
RT-015911,0,0
RT-015912,0,0
RT-015913,0,0
RT-015914,0,0
RT-015915,0,0
RT-015916,0,0
RT-015917,0,0
RT-015918,1,0
RT-015919,0,0
RT-015920,1,0
RT-015921,1,0
RT-015922,0,0
RT-015923,0,0
RT-015924,0,0
RT-015925,0,1
RT-015926,0,1
RT-015927,0,0
RT-015928,0,0
RT-015929,0,0
RT-015930,0,0
RT-015931,0,0
RT-015932,0,0
RT-015933,0,0
RT-015934,0,0
RT-015935,0,0
RT-015936,0,1
RT-015937,0,0
RT-015938,0,0
RT-015939,0,0
RT-015940,0,0
RT-015941,0,0
RT-015942,0,0
RT-015943,1,0
RT-015944,0,0
RT-015945,0,0
RT-015946,1,0
RT-015947,1,0
RT-015948,0,0
RT-015949,1,0
RT-015950,1,0
RT-015951,0,0
RT-015952,0,0
RT-015953,0,0
RT-015954,0,0
RT-015955,0,0
RT-015956,0,0
RT-015957,0,0
RT-015958,0,0
RT-015959,0,0
RT-015960,1,0
RT-015961,0,0
RT-015962,0,0
RT-015963,0,0
RT-015964,0,0
RT-015965,1,0
RT-015966,0,0
RT-015967,0,0
RT-015968,0,0
RT-015969,1,0
RT-015970,0,1
RT-015971,0,0
RT-015972,0,0
RT-015973,0,0
RT-015974,0,0
RT-015975,0,0
RT-015976,0,0
RT-015977,0,0
RT-015978,1,0
RT-015979,0,0
RT-015980,0,0
RT-015981,0,0
RT-015982,0,0
RT-015983,0,0
RT-015984,1,0
RT-015985,0,0
RT-015986,0,0
RT-015987,1,0
RT-015988,0,0
RT-015989,1,0
RT-015990,1,0
RT-015991,0,0
RT-015992,0,0
RT-015993,0,0
RT-015994,1,0
RT-015995,0,0
RT-015996,0,0
RT-015997,1,0
RT-015998,0,0
RT-015999,0,0
RT-016000,0,1
RT-016001,0,0
RT-016002,1,0
RT-016003,0,1
RT-016004,0,0
RT-016005,1,0
RT-016006,0,1
RT-016007,0,0
RT-016008,0,1
RT-016009,0,0
RT-016010,1,0
RT-016011,0,0
RT-016012,0,0
RT-016013,1,0
RT-016014,1,0
RT-016015,1,0
RT-016016,1,0
RT-016017,0,0
RT-016018,0,0
RT-016019,1,0
RT-016020,0,0
RT-016021,1,0
RT-016022,0,0
RT-016023,0,0
RT-016024,0,0
RT-016025,0,0
RT-016026,0,0
RT-016027,0,1
RT-016028,0,0
RT-016029,1,0
RT-016030,0,1
RT-016031,1,0
RT-016032,0,0
RT-016033,0,0
RT-016034,0,0
RT-016035,1,0
RT-016036,0,0
RT-016037,1,1
RT-016038,0,0
RT-016039,1,0
RT-016040,0,0
RT-016041,0,0
RT-016042,1,0
RT-016043,0,0
RT-016044,0,0
RT-016045,0,0
RT-016046,0,0
RT-016047,1,0
RT-016048,0,0
RT-016049,0,0
RT-016050,0,0
RT-016051,1,0
RT-016052,0,0
RT-016053,0,1
RT-016054,0,0
RT-016055,0,0
RT-016056,0,0
RT-016057,0,0
RT-016058,0,0
RT-016059,0,0
RT-016060,0,0
RT-016061,1,0
RT-016062,0,0
RT-016063,0,0
RT-016064,1,0
RT-016065,0,0
RT-016066,0,0
RT-016067,1,0
RT-016068,1,0
RT-016069,1,0
RT-016070,0,0
RT-016071,0,0
RT-016072,0,0
RT-016073,0,1
RT-016074,0,0
RT-016075,0,0
RT-016076,0,0
RT-016077,0,0
RT-016078,0,0
RT-016079,0,0
RT-016080,1,0
RT-016081,1,0
RT-016082,0,0
RT-016083,0,0
RT-016084,0,0
RT-016085,0,0
RT-016086,1,0
RT-016087,0,0
RT-016088,1,0
RT-016089,1,0
RT-016090,1,0
RT-016091,1,0
RT-016092,0,0
RT-016093,0,0
RT-016094,0,0
RT-016095,0,0
RT-016096,0,0
RT-016097,1,0
RT-016098,1,0
RT-016099,1,0
RT-016100,1,0
RT-016101,0,0
RT-016102,0,0
RT-016103,1,0
RT-016104,0,0
RT-016105,0,0
RT-016106,0,1
RT-016107,1,0
RT-016108,0,0
RT-016109,0,0
RT-016110,1,0
RT-016111,0,0
RT-016112,0,0
RT-016113,0,0
RT-016114,0,0
RT-016115,0,0
RT-016116,0,0
RT-016117,0,0
RT-016118,0,0
RT-016119,0,0
RT-016120,0,1
RT-016121,1,0
RT-016122,0,1
RT-016123,0,0
RT-016124,0,0
RT-016125,0,0
RT-016126,0,0
RT-016127,0,1
RT-016128,0,0
RT-016129,0,0
RT-016130,0,0
RT-016131,0,0
RT-016132,0,0
RT-016133,1,0
RT-016134,0,0
RT-016135,1,0
RT-016136,1,0
RT-016137,0,0
RT-016138,0,0
RT-016139,1,0
RT-016140,1,0
RT-016141,0,0
RT-016142,0,0
RT-016143,0,0
RT-016144,0,0
RT-016145,0,0
RT-016146,0,0
RT-016147,0,0
RT-016148,1,0
RT-016149,0,1
RT-016150,0,0
RT-016151,1,0
RT-016152,1,0
RT-016153,0,0
RT-016154,1,0
RT-016155,1,0
RT-016156,0,0
RT-016157,0,0
RT-016158,0,0
RT-016159,0,0
RT-016160,0,1
RT-016161,0,0
RT-016162,0,0
RT-016163,0,0
RT-016164,0,0
RT-016165,0,0
RT-016166,1,0
RT-016167,0,0
RT-016168,0,0
RT-016169,0,0
RT-016170,1,0
RT-016171,1,0
RT-016172,0,0
RT-016173,0,0
RT-016174,1,0
RT-016175,1,0
RT-016176,0,0
RT-016177,0,0
RT-016178,0,0
RT-016179,0,0
RT-016180,0,0
RT-016181,0,0
RT-016182,0,0
RT-016183,0,0
RT-016184,0,0
RT-016185,0,0
RT-016186,0,0
RT-016187,0,0
RT-016188,0,0
RT-016189,0,0
RT-016190,1,0
RT-016191,1,0
RT-016192,0,0
RT-016193,0,0
RT-016194,1,0
RT-016195,0,0
RT-016196,0,0
RT-016197,0,0
RT-016198,0,0
RT-016199,1,0
RT-016200,0,0
RT-016201,0,0
RT-016202,1,0
RT-016203,0,0
RT-016204,0,0
RT-016205,0,0
RT-016206,0,0
RT-016207,0,0
RT-016208,0,0
RT-016209,0,0
RT-016210,0,0
RT-016211,1,0
RT-016212,0,0
RT-016213,0,0
RT-016214,0,0
RT-016215,0,0
RT-016216,0,0
RT-016217,0,0
RT-016218,0,0
RT-016219,0,0
RT-016220,1,0
RT-016221,0,0
RT-016222,0,1
RT-016223,0,0
RT-016224,1,0
RT-016225,1,0
RT-016226,1,0
RT-016227,0,0
RT-016228,0,0
RT-016229,0,0
RT-016230,0,0
RT-016231,0,0
RT-016232,0,0
RT-016233,1,0
RT-016234,0,0
RT-016235,0,0
RT-016236,0,0
RT-016237,0,0
RT-016238,0,0
RT-016239,0,0
RT-016240,0,0
RT-016241,0,0
RT-016242,0,1
RT-016243,0,0
RT-016244,1,0
RT-016245,0,0
RT-016246,0,0
RT-016247,0,1
RT-016248,0,0
RT-016249,1,1
RT-016250,0,0
RT-016251,0,0
RT-016252,1,0
RT-016253,0,0
RT-016254,0,0
RT-016255,0,0
RT-016256,1,0
RT-016257,0,1
RT-016258,0,0
RT-016259,1,0
RT-016260,0,0
RT-016261,1,0
RT-016262,1,0
RT-016263,1,0
RT-016264,1,0
RT-016265,0,0
RT-016266,0,0
RT-016267,0,0
RT-016268,0,0
RT-016269,1,0
RT-016270,0,0
RT-016271,0,0
RT-016272,0,0
RT-016273,0,0
RT-016274,0,1
RT-016275,1,0
RT-016276,0,0
RT-016277,1,0
RT-016278,1,1
RT-016279,1,0
RT-016280,1,0
RT-016281,0,0
RT-016282,0,0
RT-016283,0,0
RT-016284,1,0
RT-016285,1,0
RT-016286,0,0
RT-016287,0,0
RT-016288,0,0
RT-016289,0,1
RT-016290,0,0
RT-016291,0,0
RT-016292,0,1
RT-016293,0,0
RT-016294,0,0
RT-016295,1,0
RT-016296,1,1
RT-016297,1,0
RT-016298,0,0
RT-016299,0,0
RT-016300,0,0
RT-016301,1,0
RT-016302,0,0
RT-016303,0,0
RT-016304,0,0
RT-016305,0,0
RT-016306,0,0
RT-016307,0,0
RT-016308,0,0
RT-016309,1,0
RT-016310,0,1
RT-016311,1,0
RT-016312,1,0
RT-016313,0,1
RT-016314,0,0
RT-016315,0,0
RT-016316,0,0
RT-016317,1,0
RT-016318,0,0
RT-016319,0,0
RT-016320,1,0
RT-016321,1,0
RT-016322,0,1
RT-016323,0,0
RT-016324,1,0
RT-016325,0,0
RT-016326,0,0
RT-016327,1,0
RT-016328,0,0
RT-016329,1,0
RT-016330,0,0
RT-016331,0,0
RT-016332,0,0
RT-016333,0,0
RT-016334,0,0
RT-016335,0,0
RT-016336,0,0
RT-016337,0,0
RT-016338,1,0
RT-016339,0,0
RT-016340,1,0
RT-016341,1,0
RT-016342,0,0
RT-016343,0,1
RT-016344,1,0
RT-016345,0,1
RT-016346,1,0
RT-016347,1,0
RT-016348,0,0
RT-016349,0,0
RT-016350,0,0
RT-016351,1,0
RT-016352,1,0
RT-016353,0,0
RT-016354,0,1
RT-016355,0,0
RT-016356,0,0
RT-016357,0,0
RT-016358,0,0
RT-016359,0,0
RT-016360,0,0
RT-016361,0,0
RT-016362,0,0
RT-016363,0,0
RT-016364,1,0
RT-016365,0,0
RT-016366,1,0
RT-016367,0,0
RT-016368,0,0
RT-016369,1,0
RT-016370,1,0
RT-016371,0,0
RT-016372,1,0
RT-016373,1,0
RT-016374,1,0
RT-016375,0,0
RT-016376,0,0
RT-016377,0,0
RT-016378,0,1
RT-016379,1,0
RT-016380,0,0
RT-016381,0,1
RT-016382,0,0
RT-016383,0,1
RT-016384,0,0
RT-016385,0,0
RT-016386,0,0
RT-016387,0,0
RT-016388,1,0
RT-016389,1,0
RT-016390,0,0
RT-016391,1,0
RT-016392,1,0
RT-016393,1,0
RT-016394,0,0
RT-016395,0,0
RT-016396,0,0
RT-016397,0,0
RT-016398,0,0
RT-016399,0,0
RT-016400,1,0
RT-016401,0,0
RT-016402,1,0
RT-016403,0,0
RT-016404,1,0
RT-016405,1,0
RT-016406,0,0
RT-016407,0,0
RT-016408,0,0
RT-016409,1,0
RT-016410,1,0
RT-016411,0,0
RT-016412,1,0
RT-016413,0,1
RT-016414,1,0
RT-016415,1,0
RT-016416,0,0
RT-016417,0,0
RT-016418,1,0
RT-016419,0,0
RT-016420,0,0
RT-016421,1,0
RT-016422,1,0
RT-016423,0,1
RT-016424,0,0
RT-016425,0,0
RT-016426,0,0
RT-016427,0,0
RT-016428,1,0
RT-016429,0,0
RT-016430,1,0
RT-016431,1,0
RT-016432,0,0
RT-016433,0,1
RT-016434,1,0
RT-016435,1,0
RT-016436,1,0
RT-016437,0,1
RT-016438,0,0
RT-016439,0,0
RT-016440,0,0
RT-016441,0,0
RT-016442,1,0
RT-016443,0,0
RT-016444,1,0
RT-016445,1,0
RT-016446,1,0
RT-016447,0,0
RT-016448,0,0
RT-016449,1,0
RT-016450,0,0
RT-016451,0,0
RT-016452,0,0
RT-016453,0,0
RT-016454,0,0
RT-016455,0,0
RT-016456,0,1
RT-016457,0,0
RT-016458,0,0
RT-016459,1,0
RT-016460,0,0
RT-016461,1,0
RT-016462,0,0
RT-016463,0,0
RT-016464,0,0
RT-016465,0,0
RT-016466,1,1
RT-016467,0,0
RT-016468,0,0
RT-016469,0,0
RT-016470,0,0
RT-016471,0,0
RT-016472,1,0
RT-016473,0,0
RT-016474,0,0
RT-016475,0,0
RT-016476,0,0
RT-016477,0,0
RT-016478,0,1
RT-016479,0,0
RT-016480,0,0
RT-016481,0,0
RT-016482,0,0
RT-016483,1,0
RT-016484,0,0
RT-016485,0,0
RT-016486,1,0
RT-016487,0,0
RT-016488,0,1
RT-016489,0,0
RT-016490,0,0
RT-016491,1,0
RT-016492,0,0
RT-016493,0,0
RT-016494,0,0
RT-016495,0,0
RT-016496,0,0
RT-016497,0,0
RT-016498,0,0
RT-016499,1,0
RT-016500,0,0
RT-016501,1,0
RT-016502,0,0
RT-016503,0,0
RT-016504,0,0
RT-016505,0,0
RT-016506,0,0
RT-016507,1,0
RT-016508,0,0
RT-016509,0,0
RT-016510,0,0
RT-016511,0,0
RT-016512,0,0
RT-016513,0,0
RT-016514,0,1
RT-016515,1,0
RT-016516,1,0
RT-016517,0,0
RT-016518,0,0
RT-016519,0,0
RT-016520,0,1
RT-016521,0,0
RT-016522,0,0
RT-016523,0,0
RT-016524,0,0
RT-016525,1,0
RT-016526,0,0
RT-016527,0,0
RT-016528,0,0
RT-016529,0,0
RT-016530,0,0
RT-016531,0,0
RT-016532,1,0
RT-016533,0,0
RT-016534,0,0
RT-016535,1,0
RT-016536,0,0
RT-016537,0,0
RT-016538,0,0
RT-016539,1,0
RT-016540,0,0
RT-016541,1,0
RT-016542,0,0
RT-016543,1,0
RT-016544,0,0
RT-016545,1,0
RT-016546,0,0
RT-016547,1,0
RT-016548,0,0
RT-016549,0,0
RT-016550,0,0
RT-016551,0,0
RT-016552,1,0
RT-016553,0,1
RT-016554,0,0
RT-016555,0,0
RT-016556,0,0
RT-016557,0,0
RT-016558,0,0
RT-016559,1,0
RT-016560,0,0
RT-016561,0,0
RT-016562,0,0
RT-016563,1,0
RT-016564,0,1
RT-016565,0,0
RT-016566,1,0
RT-016567,0,1
RT-016568,0,0
RT-016569,0,0
RT-016570,0,0
RT-016571,0,0
RT-016572,0,0
RT-016573,0,0
RT-016574,0,0
RT-016575,0,0
RT-016576,0,0
RT-016577,1,0
RT-016578,0,0
RT-016579,0,0
RT-016580,0,0
RT-016581,0,0
RT-016582,1,0
RT-016583,0,0
RT-016584,0,1
RT-016585,0,0
RT-016586,0,0
RT-016587,0,0
RT-016588,0,0
RT-016589,1,0
RT-016590,0,0
RT-016591,0,0
RT-016592,0,0
RT-016593,0,1
RT-016594,0,0
RT-016595,0,0
RT-016596,1,0
RT-016597,0,0
RT-016598,0,1
RT-016599,1,0
RT-016600,0,0
RT-016601,0,0
RT-016602,0,0
RT-016603,0,0
RT-016604,0,0
RT-016605,0,0
RT-016606,0,0
RT-016607,0,0
RT-016608,0,0
RT-016609,0,0
RT-016610,0,0
RT-016611,1,0
RT-016612,0,0
RT-016613,0,0
RT-016614,0,0
RT-016615,1,0
RT-016616,0,0
RT-016617,0,0
RT-016618,0,1
RT-016619,1,0
RT-016620,0,1
RT-016621,1,0
RT-016622,0,0
RT-016623,0,0
RT-016624,0,0
RT-016625,0,0
RT-016626,1,0
RT-016627,1,0
RT-016628,0,0
RT-016629,0,1
RT-016630,1,0
RT-016631,0,0
RT-016632,1,0
RT-016633,0,0
RT-016634,0,0
RT-016635,0,0
RT-016636,0,0
RT-016637,1,0
RT-016638,0,0
RT-016639,1,0
RT-016640,0,0
RT-016641,0,0
RT-016642,1,0
RT-016643,0,0
RT-016644,0,1
RT-016645,0,0
RT-016646,0,0
RT-016647,1,0
RT-016648,0,0
RT-016649,0,0
RT-016650,1,0
RT-016651,1,0
RT-016652,0,0
RT-016653,0,0
RT-016654,0,0
RT-016655,1,0
RT-016656,1,0
RT-016657,0,0
RT-016658,0,0
RT-016659,0,0
RT-016660,0,0
RT-016661,0,0
RT-016662,0,0
RT-016663,1,0
RT-016664,1,0
RT-016665,0,0
RT-016666,0,0
RT-016667,1,0
RT-016668,0,0
RT-016669,0,0
RT-016670,0,0
RT-016671,0,0
RT-016672,0,1
RT-016673,0,0
RT-016674,0,0
RT-016675,0,0
RT-016676,1,0
RT-016677,0,0
RT-016678,0,0
RT-016679,0,0
RT-016680,0,0
RT-016681,1,0
RT-016682,1,0
RT-016683,0,0
RT-016684,0,0
RT-016685,0,1
RT-016686,0,0
RT-016687,1,0
RT-016688,0,0
RT-016689,0,0
RT-016690,0,0
RT-016691,0,1
RT-016692,1,0
RT-016693,0,0
RT-016694,0,1
RT-016695,1,0
RT-016696,0,0
RT-016697,0,0
RT-016698,1,0
RT-016699,1,0
RT-016700,0,0
RT-016701,1,0
RT-016702,0,0
RT-016703,0,0
RT-016704,0,0
RT-016705,1,0
RT-016706,1,0
RT-016707,0,0
RT-016708,0,0
RT-016709,1,0
RT-016710,1,0
RT-016711,0,0
RT-016712,0,0
RT-016713,1,0
RT-016714,0,0
RT-016715,0,0
RT-016716,0,0
RT-016717,1,0
RT-016718,0,0
RT-016719,1,0
RT-016720,0,0
RT-016721,0,0
RT-016722,0,0
RT-016723,1,0
RT-016724,0,0
RT-016725,1,0
RT-016726,0,0
RT-016727,0,0
RT-016728,0,0
RT-016729,1,0
RT-016730,0,0
RT-016731,1,0
RT-016732,0,1
RT-016733,1,0
RT-016734,0,0
RT-016735,0,0
RT-016736,0,1
RT-016737,0,1
RT-016738,1,1
RT-016739,1,0
RT-016740,0,0
RT-016741,1,0
RT-016742,0,0
RT-016743,0,0
RT-016744,0,0
RT-016745,0,0
RT-016746,0,0
RT-016747,0,0
RT-016748,0,0
RT-016749,1,0
RT-016750,1,0
RT-016751,0,0
RT-016752,0,0
RT-016753,0,0
RT-016754,0,0
RT-016755,0,1
RT-016756,0,0
RT-016757,1,0
RT-016758,0,0
RT-016759,1,0
RT-016760,0,0
RT-016761,0,0
RT-016762,1,0
RT-016763,0,0
RT-016764,0,0
RT-016765,0,0
RT-016766,0,0
RT-016767,1,0
RT-016768,0,0
RT-016769,1,0
RT-016770,0,1
RT-016771,0,0
RT-016772,1,0
RT-016773,0,1
RT-016774,1,0
RT-016775,1,0
RT-016776,0,0
RT-016777,1,0
RT-016778,0,0
RT-016779,1,0
RT-016780,1,0
RT-016781,1,0
RT-016782,0,0
RT-016783,0,0
RT-016784,0,0
RT-016785,0,0
RT-016786,0,0
RT-016787,0,0
RT-016788,0,0
RT-016789,1,0
RT-016790,0,0
RT-016791,0,0
RT-016792,0,0
RT-016793,1,0
RT-016794,0,0
RT-016795,1,0
RT-016796,1,0
RT-016797,0,0
RT-016798,0,0
RT-016799,0,0
RT-016800,0,0
RT-016801,0,0
RT-016802,1,0
RT-016803,0,0
RT-016804,0,1
RT-016805,1,0
RT-016806,0,0
RT-016807,0,0
RT-016808,0,0
RT-016809,0,0
RT-016810,0,1
RT-016811,0,1
RT-016812,0,0
RT-016813,0,0
RT-016814,0,0
RT-016815,0,0
RT-016816,0,0
RT-016817,0,0
RT-016818,0,0
RT-016819,1,0
RT-016820,1,0
RT-016821,0,0
RT-016822,1,0
RT-016823,1,0
RT-016824,1,0
RT-016825,0,0
RT-016826,0,0
RT-016827,0,0
RT-016828,0,0
RT-016829,0,1
RT-016830,0,0
RT-016831,0,0
RT-016832,0,0
RT-016833,0,0
RT-016834,1,0
RT-016835,0,0
RT-016836,0,0
RT-016837,0,0
RT-016838,0,0
RT-016839,0,0
RT-016840,0,0
RT-016841,0,0
RT-016842,1,0
RT-016843,0,0
RT-016844,0,0
RT-016845,1,0
RT-016846,1,0
RT-016847,1,0
RT-016848,0,0
RT-016849,0,0
RT-016850,0,0
RT-016851,0,0
RT-016852,0,0
RT-016853,0,0
RT-016854,0,0
RT-016855,1,0
RT-016856,0,0
RT-016857,0,0
RT-016858,0,0
RT-016859,0,0
RT-016860,1,0
RT-016861,0,0
RT-016862,0,0
RT-016863,0,0
RT-016864,1,0
RT-016865,0,0
RT-016866,0,0
RT-016867,0,0
RT-016868,0,0
RT-016869,1,0
RT-016870,0,0
RT-016871,0,0
RT-016872,0,0
RT-016873,1,0
RT-016874,0,0
RT-016875,0,0
RT-016876,0,0
RT-016877,0,0
RT-016878,1,1
RT-016879,0,1
RT-016880,0,0
RT-016881,0,0
RT-016882,0,0
RT-016883,0,0
RT-016884,0,0
RT-016885,1,0
RT-016886,0,0
RT-016887,0,0
RT-016888,0,0
RT-016889,0,0
RT-016890,0,0
RT-016891,0,0
RT-016892,1,0
RT-016893,0,0
RT-016894,1,0
RT-016895,0,0
RT-016896,0,0
RT-016897,0,0
RT-016898,0,0
RT-016899,0,0
RT-016900,0,0
RT-016901,0,0
RT-016902,1,0
RT-016903,0,0
RT-016904,0,1
RT-016905,1,0
RT-016906,1,0
RT-016907,1,0
RT-016908,0,0
RT-016909,1,0
RT-016910,1,0
RT-016911,0,0
RT-016912,0,0
RT-016913,1,0
RT-016914,0,0
RT-016915,0,0
RT-016916,0,0
RT-016917,0,0
RT-016918,0,0
RT-016919,0,0
RT-016920,1,0
RT-016921,0,0
RT-016922,1,0
RT-016923,0,0
RT-016924,0,0
RT-016925,0,0
RT-016926,0,0
RT-016927,1,0
RT-016928,1,0
RT-016929,0,0
RT-016930,1,0
RT-016931,0,0
RT-016932,0,0
RT-016933,0,0
RT-016934,1,0
RT-016935,0,1
RT-016936,1,0
RT-016937,0,0
RT-016938,0,1
RT-016939,1,0
RT-016940,0,0
RT-016941,0,0
RT-016942,1,0
RT-016943,0,0
RT-016944,1,0
RT-016945,0,0
RT-016946,0,0
RT-016947,1,0
RT-016948,0,0
RT-016949,0,0
RT-016950,0,0
RT-016951,0,0
RT-016952,0,0
RT-016953,0,0
RT-016954,1,0
RT-016955,0,0
RT-016956,0,0
RT-016957,1,1
RT-016958,0,0
RT-016959,0,0
RT-016960,0,0
RT-016961,0,0
RT-016962,1,0
RT-016963,1,0
RT-016964,0,0
RT-016965,0,0
RT-016966,1,0
RT-016967,1,0
RT-016968,0,0
RT-016969,0,0
RT-016970,0,0
RT-016971,0,0
RT-016972,1,1
RT-016973,0,0
RT-016974,0,0
RT-016975,0,0
RT-016976,0,0
RT-016977,0,0
RT-016978,0,0
RT-016979,0,0
RT-016980,0,0
RT-016981,0,0
RT-016982,0,0
RT-016983,0,0
RT-016984,1,0
RT-016985,1,0
RT-016986,0,0
RT-016987,0,0
RT-016988,0,0
RT-016989,0,0
RT-016990,1,0
RT-016991,0,1
RT-016992,1,0
RT-016993,1,0
RT-016994,0,0
RT-016995,0,1
RT-016996,1,0
RT-016997,0,1
RT-016998,0,0
RT-016999,0,0
RT-017000,1,0
RT-017001,0,0
RT-017002,0,0
RT-017003,1,0
RT-017004,0,0
RT-017005,0,0
RT-017006,0,0
RT-017007,0,1
RT-017008,0,0
RT-017009,0,0
RT-017010,0,0
RT-017011,1,0
RT-017012,0,0
RT-017013,0,0
RT-017014,0,0
RT-017015,0,0
RT-017016,1,0
RT-017017,1,0
RT-017018,0,0
RT-017019,1,0
RT-017020,0,0
RT-017021,0,0
RT-017022,0,0
RT-017023,1,0
RT-017024,1,0
RT-017025,1,0
RT-017026,0,0
RT-017027,0,1
RT-017028,0,0
RT-017029,1,0
RT-017030,0,0
RT-017031,0,0
RT-017032,0,0
RT-017033,0,0
RT-017034,0,0
RT-017035,0,0
RT-017036,0,0
RT-017037,0,0
RT-017038,0,0
RT-017039,0,0
RT-017040,0,0
RT-017041,0,0
RT-017042,1,0
RT-017043,0,0
RT-017044,0,0
RT-017045,0,0
RT-017046,0,0
RT-017047,0,0
RT-017048,0,0
RT-017049,0,0
RT-017050,1,0
RT-017051,0,0
RT-017052,0,0
RT-017053,1,0
RT-017054,0,0
RT-017055,0,0
RT-017056,0,0
RT-017057,1,0
RT-017058,0,0
RT-017059,0,0
RT-017060,1,0
RT-017061,0,0
RT-017062,0,0
RT-017063,0,0
RT-017064,0,0
RT-017065,0,0
RT-017066,0,0
RT-017067,0,0
RT-017068,0,0
RT-017069,0,0
RT-017070,0,0
RT-017071,1,0
RT-017072,1,0
RT-017073,0,0
RT-017074,0,0
RT-017075,0,0
RT-017076,0,0
RT-017077,0,0
RT-017078,0,0
RT-017079,0,0
RT-017080,1,0
RT-017081,1,0
RT-017082,0,0
RT-017083,0,0
RT-017084,0,0
RT-017085,0,0
RT-017086,0,0
RT-017087,1,0
RT-017088,1,0
RT-017089,0,0
RT-017090,1,0
RT-017091,0,0
RT-017092,0,0
RT-017093,0,0
RT-017094,1,0
RT-017095,1,0
RT-017096,0,0
RT-017097,0,0
RT-017098,1,0
RT-017099,0,0
RT-017100,0,0
RT-017101,0,0
RT-017102,0,0
RT-017103,0,0
RT-017104,0,0
RT-017105,1,0
RT-017106,0,0
RT-017107,0,0
RT-017108,0,0
RT-017109,0,0
RT-017110,0,0
RT-017111,0,0
RT-017112,1,0
RT-017113,1,0
RT-017114,1,0
RT-017115,1,0
RT-017116,0,0
RT-017117,1,0
RT-017118,0,0
RT-017119,0,0
RT-017120,1,0
RT-017121,0,0
RT-017122,0,0
RT-017123,0,0
RT-017124,0,0
RT-017125,1,0
RT-017126,0,0
RT-017127,0,0
RT-017128,0,0
RT-017129,0,0
RT-017130,0,0
RT-017131,1,0
RT-017132,0,0
RT-017133,0,1
RT-017134,1,0
RT-017135,0,0
RT-017136,0,0
RT-017137,0,0
RT-017138,1,0
RT-017139,0,0
RT-017140,1,0
RT-017141,0,0
RT-017142,0,0
RT-017143,0,0
RT-017144,0,0
RT-017145,0,0
RT-017146,0,0
RT-017147,0,0
RT-017148,0,1
RT-017149,0,0
RT-017150,0,0
RT-017151,0,0
RT-017152,0,0
RT-017153,0,0
RT-017154,0,0
RT-017155,0,1
RT-017156,0,0
RT-017157,0,0
RT-017158,0,0
RT-017159,0,0
RT-017160,0,0
RT-017161,0,0
RT-017162,1,0
RT-017163,0,0
RT-017164,0,0
RT-017165,1,0
RT-017166,1,0
RT-017167,0,0
RT-017168,0,0
RT-017169,0,0
RT-017170,0,1
RT-017171,0,0
RT-017172,1,0
RT-017173,0,0
RT-017174,0,0
RT-017175,1,0
RT-017176,0,0
RT-017177,1,0
RT-017178,0,0
RT-017179,0,0
RT-017180,0,0
RT-017181,0,0
RT-017182,0,0
RT-017183,0,0
RT-017184,1,0
RT-017185,1,0
RT-017186,0,0
RT-017187,0,0
RT-017188,1,0
RT-017189,0,0
RT-017190,1,0
RT-017191,0,1
RT-017192,0,0
RT-017193,0,0
RT-017194,0,0
RT-017195,0,0
RT-017196,1,0
RT-017197,0,0
RT-017198,1,0
RT-017199,0,0
RT-017200,0,1
RT-017201,0,0
RT-017202,1,0
RT-017203,1,0
RT-017204,0,0
RT-017205,1,0
RT-017206,0,0
RT-017207,0,0
RT-017208,0,0
RT-017209,1,0
RT-017210,0,0
RT-017211,0,0
RT-017212,0,0
RT-017213,1,0
RT-017214,1,0
RT-017215,0,0
RT-017216,0,0
RT-017217,0,0
RT-017218,0,0
RT-017219,1,0
RT-017220,0,0
RT-017221,0,0
RT-017222,1,0
RT-017223,0,0
RT-017224,0,0
RT-017225,1,0
RT-017226,1,0
RT-017227,0,0
RT-017228,0,1
RT-017229,1,0
RT-017230,1,0
RT-017231,1,0
RT-017232,0,0
RT-017233,0,0
RT-017234,0,0
RT-017235,0,0
RT-017236,0,0
RT-017237,0,0
RT-017238,0,0
RT-017239,0,0
RT-017240,0,0
RT-017241,1,0
RT-017242,0,0
RT-017243,1,0
RT-017244,0,0
RT-017245,0,0
RT-017246,1,0
RT-017247,0,0
RT-017248,1,0
RT-017249,0,0
RT-017250,0,0
RT-017251,0,0
RT-017252,1,0
RT-017253,1,0
RT-017254,1,0
RT-017255,0,0
RT-017256,0,0
RT-017257,1,0
RT-017258,0,0
RT-017259,0,0
RT-017260,0,0
RT-017261,0,0
RT-017262,0,0
RT-017263,0,0
RT-017264,0,0
RT-017265,1,0
RT-017266,0,0
RT-017267,0,0
RT-017268,0,0
RT-017269,0,0
RT-017270,0,1
RT-017271,0,0
RT-017272,1,0
RT-017273,1,0
RT-017274,1,0
RT-017275,0,0
RT-017276,0,1
RT-017277,1,0
RT-017278,0,0
RT-017279,1,0
RT-017280,0,0
RT-017281,0,0
RT-017282,0,0
RT-017283,0,1
RT-017284,0,0
RT-017285,0,0
RT-017286,1,0
RT-017287,0,0
RT-017288,0,0
RT-017289,0,0
RT-017290,0,0
RT-017291,0,0
RT-017292,0,0
RT-017293,1,1
RT-017294,0,0
RT-017295,0,0
RT-017296,0,0
RT-017297,0,0
RT-017298,0,0
RT-017299,1,0
RT-017300,0,0
RT-017301,0,0
RT-017302,0,0
RT-017303,1,0
RT-017304,0,0
RT-017305,0,0
RT-017306,0,0
RT-017307,0,0
RT-017308,0,0
RT-017309,1,0
RT-017310,0,0
RT-017311,0,0
RT-017312,0,0
RT-017313,0,0
RT-017314,0,0
RT-017315,0,0
RT-017316,1,0
RT-017317,1,0
RT-017318,0,0
RT-017319,0,0
RT-017320,0,1
RT-017321,0,0
RT-017322,0,1
RT-017323,0,0
RT-017324,1,0
RT-017325,0,0
RT-017326,0,0
RT-017327,0,0
RT-017328,0,0
RT-017329,0,0
RT-017330,0,0
RT-017331,0,0
RT-017332,0,0
RT-017333,0,0
RT-017334,1,0
RT-017335,0,0
RT-017336,0,0
RT-017337,0,1
RT-017338,0,0
RT-017339,0,1
RT-017340,0,0
RT-017341,1,0
RT-017342,0,0
RT-017343,0,0
RT-017344,0,0
RT-017345,0,0
RT-017346,0,0
RT-017347,0,0
RT-017348,1,0
RT-017349,1,0
RT-017350,0,0
RT-017351,0,0
RT-017352,1,0
RT-017353,0,1
RT-017354,1,0
RT-017355,0,0
RT-017356,0,0
RT-017357,0,1
RT-017358,1,0
RT-017359,0,1
RT-017360,1,0
RT-017361,0,0
RT-017362,0,0
RT-017363,0,0
RT-017364,1,0
RT-017365,1,0
RT-017366,1,0
RT-017367,0,0
RT-017368,0,0
RT-017369,0,0
RT-017370,1,0
RT-017371,0,0
RT-017372,0,0
RT-017373,0,0
RT-017374,1,0
RT-017375,0,0
RT-017376,0,0
RT-017377,0,0
RT-017378,0,0
RT-017379,0,0
RT-017380,0,1
RT-017381,0,0
RT-017382,0,0
RT-017383,0,0
RT-017384,0,0
RT-017385,1,0
RT-017386,0,0
RT-017387,0,0
RT-017388,0,0
RT-017389,0,1
RT-017390,1,0
RT-017391,1,0
RT-017392,0,0
RT-017393,1,0
RT-017394,0,0
RT-017395,0,0
RT-017396,0,0
RT-017397,1,0
RT-017398,0,0
RT-017399,0,0
RT-017400,1,0
RT-017401,1,0
RT-017402,0,0
RT-017403,1,0
RT-017404,0,0
RT-017405,1,0
RT-017406,1,0
RT-017407,0,0
RT-017408,1,0
RT-017409,1,0
RT-017410,0,0
RT-017411,1,0
RT-017412,0,0
RT-017413,0,0
RT-017414,0,0
RT-017415,0,0
RT-017416,0,0
RT-017417,0,0
RT-017418,0,0
RT-017419,0,0
RT-017420,0,0
RT-017421,0,0
RT-017422,0,1
RT-017423,0,0
RT-017424,0,0
RT-017425,1,0
RT-017426,0,0
RT-017427,0,1
RT-017428,0,0
RT-017429,1,0
RT-017430,1,0
RT-017431,0,1
RT-017432,0,0
RT-017433,0,0
RT-017434,1,0
RT-017435,1,0
RT-017436,0,0
RT-017437,0,0
RT-017438,0,0
RT-017439,0,0
RT-017440,1,0
RT-017441,1,0
RT-017442,0,0
RT-017443,0,0
RT-017444,1,0
RT-017445,1,0
RT-017446,0,0
RT-017447,0,0
RT-017448,0,0
RT-017449,1,0
RT-017450,1,0
RT-017451,1,0
RT-017452,0,0
RT-017453,0,0
RT-017454,0,0
RT-017455,1,0
RT-017456,0,0
RT-017457,0,0
RT-017458,1,0
RT-017459,0,0
RT-017460,0,1
RT-017461,0,1
RT-017462,0,0
RT-017463,0,0
RT-017464,0,0
RT-017465,0,0
RT-017466,0,0
RT-017467,1,0
RT-017468,0,0
RT-017469,0,0
RT-017470,0,1
RT-017471,0,0
RT-017472,1,1
RT-017473,0,0
RT-017474,0,0
RT-017475,0,0
RT-017476,1,0
RT-017477,0,0
RT-017478,0,0
RT-017479,1,0
RT-017480,0,0
RT-017481,1,0
RT-017482,0,0
RT-017483,0,1
RT-017484,1,1
RT-017485,0,0
RT-017486,1,0
RT-017487,0,0
RT-017488,0,0
RT-017489,0,0
RT-017490,0,0
RT-017491,0,0
RT-017492,0,0
RT-017493,0,0
RT-017494,0,0
RT-017495,0,0
RT-017496,0,0
RT-017497,0,0
RT-017498,0,0
RT-017499,0,0
RT-017500,0,0
RT-017501,0,0
RT-017502,0,0
RT-017503,1,0
RT-017504,1,0
RT-017505,0,0
RT-017506,1,0
RT-017507,0,1
RT-017508,1,0
RT-017509,1,0
RT-017510,0,0
RT-017511,0,1
RT-017512,1,0
RT-017513,1,0
RT-017514,0,0
RT-017515,0,0
RT-017516,1,0
RT-017517,0,0
RT-017518,0,0
RT-017519,0,0
RT-017520,1,0
RT-017521,0,0
RT-017522,0,0
RT-017523,0,0
RT-017524,0,0
RT-017525,0,0
RT-017526,0,0
RT-017527,0,0
RT-017528,0,0
RT-017529,0,1
RT-017530,0,0
RT-017531,0,0
RT-017532,0,1
RT-017533,0,0
RT-017534,1,1
RT-017535,1,0
RT-017536,1,1
RT-017537,0,0
RT-017538,1,0
RT-017539,0,0
RT-017540,1,0
RT-017541,1,0
RT-017542,1,0
RT-017543,0,0
RT-017544,0,0
RT-017545,0,0
RT-017546,1,1
RT-017547,0,0
RT-017548,0,0
RT-017549,0,0
RT-017550,0,0
RT-017551,0,0
RT-017552,0,0
RT-017553,0,0
RT-017554,0,0
RT-017555,0,0
RT-017556,0,0
RT-017557,0,0
RT-017558,0,0
RT-017559,0,0
RT-017560,1,0
RT-017561,0,0
RT-017562,0,0
RT-017563,0,0
RT-017564,0,0
RT-017565,0,0
RT-017566,0,1
RT-017567,1,0
RT-017568,1,0
RT-017569,0,0
RT-017570,0,0
RT-017571,0,0
RT-017572,1,0
RT-017573,0,0
RT-017574,0,0
RT-017575,0,0
RT-017576,0,0
RT-017577,0,0
RT-017578,0,0
RT-017579,0,0
RT-017580,0,0
RT-017581,0,0
RT-017582,1,0
RT-017583,0,0
RT-017584,0,0
RT-017585,1,0
RT-017586,0,0
RT-017587,1,0
RT-017588,0,0
RT-017589,0,0
RT-017590,0,0
RT-017591,0,0
RT-017592,0,0
RT-017593,0,0
RT-017594,0,0
RT-017595,0,0
RT-017596,1,0
RT-017597,0,0
RT-017598,1,0
RT-017599,0,0
RT-017600,0,0
RT-017601,1,0
RT-017602,1,0
RT-017603,1,0
RT-017604,0,1
RT-017605,0,0
RT-017606,0,0
RT-017607,0,0
RT-017608,0,0
RT-017609,0,0
RT-017610,0,0
RT-017611,0,0
RT-017612,1,0
RT-017613,0,0
RT-017614,0,1
RT-017615,0,0
RT-017616,0,0
RT-017617,1,0
RT-017618,1,0
RT-017619,0,1
RT-017620,0,0
RT-017621,1,0
RT-017622,1,0
RT-017623,0,0
RT-017624,0,0
RT-017625,0,0
RT-017626,0,0
RT-017627,0,0
RT-017628,0,0
RT-017629,0,0
RT-017630,0,0
RT-017631,1,0
RT-017632,0,0
RT-017633,0,0
RT-017634,1,0
RT-017635,0,0
RT-017636,0,0
RT-017637,1,0
RT-017638,0,0
RT-017639,0,0
RT-017640,0,0
RT-017641,0,0
RT-017642,0,0
RT-017643,0,0
RT-017644,1,0
RT-017645,0,0
RT-017646,1,0
RT-017647,0,0
RT-017648,0,0
RT-017649,0,0
RT-017650,0,0
RT-017651,0,0
RT-017652,1,0
RT-017653,0,0
RT-017654,0,0
RT-017655,0,0
RT-017656,0,0
RT-017657,1,0
RT-017658,1,0
RT-017659,1,0
RT-017660,1,0
RT-017661,1,0
RT-017662,0,0
RT-017663,1,0
RT-017664,0,0
RT-017665,1,0
RT-017666,1,0
RT-017667,0,0
RT-017668,0,0
RT-017669,0,0
RT-017670,0,0
RT-017671,0,1
RT-017672,0,0
RT-017673,0,0
RT-017674,1,0
RT-017675,0,0
RT-017676,1,0
RT-017677,0,0
RT-017678,0,0
RT-017679,1,0
RT-017680,1,0
RT-017681,0,0
RT-017682,0,0
RT-017683,0,0
RT-017684,0,1
RT-017685,1,0
RT-017686,1,0
RT-017687,0,1
RT-017688,0,0
RT-017689,1,0
RT-017690,0,0
RT-017691,1,0
RT-017692,0,0
RT-017693,0,1
RT-017694,0,0
RT-017695,0,0
RT-017696,1,0
RT-017697,0,0
RT-017698,0,0
RT-017699,0,0
RT-017700,0,0
RT-017701,0,0
RT-017702,0,0
RT-017703,0,0
RT-017704,0,0
RT-017705,0,1
RT-017706,1,0
RT-017707,0,0
RT-017708,1,0
RT-017709,1,0
RT-017710,0,0
RT-017711,0,0
RT-017712,0,0
RT-017713,0,0
RT-017714,0,0
RT-017715,0,0
RT-017716,0,0
RT-017717,0,0
RT-017718,0,1
RT-017719,0,0
RT-017720,0,0
RT-017721,0,0
RT-017722,1,0
RT-017723,0,0
RT-017724,0,0
RT-017725,1,0
RT-017726,0,0
RT-017727,0,0
RT-017728,0,0
RT-017729,1,0
RT-017730,0,0
RT-017731,0,0
RT-017732,1,0
RT-017733,0,0
RT-017734,1,0
RT-017735,0,0
RT-017736,1,0
RT-017737,1,0
RT-017738,0,0
RT-017739,0,0
RT-017740,0,0
RT-017741,0,0
RT-017742,0,0
RT-017743,1,0
RT-017744,0,0
RT-017745,0,1
RT-017746,1,0
RT-017747,0,0
RT-017748,1,0
RT-017749,0,0
RT-017750,0,0
RT-017751,0,0
RT-017752,0,0
RT-017753,0,0
RT-017754,0,0
RT-017755,0,1
RT-017756,0,0
RT-017757,1,0
RT-017758,0,0
RT-017759,1,0
RT-017760,0,0
RT-017761,0,1
RT-017762,0,0
RT-017763,0,0
RT-017764,1,0
RT-017765,1,0
RT-017766,1,0
RT-017767,1,0
RT-017768,1,1
RT-017769,0,0
RT-017770,0,0
RT-017771,0,0
RT-017772,1,0
RT-017773,0,0
RT-017774,0,0
RT-017775,0,0
RT-017776,0,0
RT-017777,0,0
RT-017778,1,0
RT-017779,0,0
RT-017780,1,0
RT-017781,1,0
RT-017782,1,0
RT-017783,0,0
RT-017784,0,1
RT-017785,0,0
RT-017786,1,0
RT-017787,0,0
RT-017788,0,0
RT-017789,0,0
RT-017790,0,0
RT-017791,0,0
RT-017792,0,0
RT-017793,0,0
RT-017794,1,0
RT-017795,0,0
RT-017796,0,0
RT-017797,0,0
RT-017798,0,1
RT-017799,0,0
RT-017800,1,0
RT-017801,1,0
RT-017802,0,0
RT-017803,1,0
RT-017804,0,0
RT-017805,0,0
RT-017806,0,0
RT-017807,1,0
RT-017808,0,0
RT-017809,1,0
RT-017810,1,0
RT-017811,0,0
RT-017812,1,0
RT-017813,0,0
RT-017814,0,0
RT-017815,0,0
RT-017816,1,0
RT-017817,0,0
RT-017818,0,0
RT-017819,0,0
RT-017820,0,0
RT-017821,0,0
RT-017822,1,0
RT-017823,0,0
RT-017824,0,0
RT-017825,1,0
RT-017826,0,0
RT-017827,0,0
RT-017828,0,0
RT-017829,0,0
RT-017830,1,0
RT-017831,1,0
RT-017832,0,0
RT-017833,0,0
RT-017834,0,0
RT-017835,0,0
RT-017836,0,1
RT-017837,1,0
RT-017838,1,0
RT-017839,0,0
RT-017840,0,0
RT-017841,0,0
RT-017842,0,0
RT-017843,0,1
RT-017844,0,0
RT-017845,0,0
RT-017846,0,0
RT-017847,0,0
RT-017848,0,0
RT-017849,1,0
RT-017850,1,0
RT-017851,0,0
RT-017852,0,0
RT-017853,0,0
RT-017854,0,0
RT-017855,0,0
RT-017856,0,0
RT-017857,0,0
RT-017858,0,0
RT-017859,0,0
RT-017860,0,0
RT-017861,1,0
RT-017862,0,1
RT-017863,0,0
RT-017864,0,0
RT-017865,0,0
RT-017866,0,0
RT-017867,1,0
RT-017868,0,0
RT-017869,0,0
RT-017870,1,0
RT-017871,0,0
RT-017872,0,0
RT-017873,1,0
RT-017874,0,1
RT-017875,0,0
RT-017876,0,1
RT-017877,0,0
RT-017878,1,0
RT-017879,0,0
RT-017880,0,0
RT-017881,1,0
RT-017882,0,0
RT-017883,0,1
RT-017884,0,0
RT-017885,0,0
RT-017886,1,0
RT-017887,1,0
RT-017888,0,0
RT-017889,0,0
RT-017890,0,0
RT-017891,0,0
RT-017892,1,0
RT-017893,0,0
RT-017894,1,0
RT-017895,1,1
RT-017896,0,1
RT-017897,1,0
RT-017898,0,0
RT-017899,0,0
RT-017900,0,0
RT-017901,1,0
RT-017902,0,0
RT-017903,0,0
RT-017904,0,0
RT-017905,0,0
RT-017906,0,0
RT-017907,1,0
RT-017908,1,0
RT-017909,0,0
RT-017910,0,0
RT-017911,1,0
RT-017912,0,0
RT-017913,1,1
RT-017914,0,0
RT-017915,1,0
RT-017916,0,0
RT-017917,1,0
RT-017918,1,0
RT-017919,0,0
RT-017920,0,1
RT-017921,1,0
RT-017922,0,0
RT-017923,0,1
RT-017924,1,0
RT-017925,0,0
RT-017926,0,0
RT-017927,1,0
RT-017928,0,0
RT-017929,0,0
RT-017930,0,0
RT-017931,0,0
RT-017932,0,0
RT-017933,0,0
RT-017934,1,0
RT-017935,0,0
RT-017936,0,0
RT-017937,0,0
RT-017938,1,0
RT-017939,1,0
RT-017940,0,0
RT-017941,0,0
RT-017942,1,0
RT-017943,0,0
RT-017944,0,0
RT-017945,0,0
RT-017946,0,1
RT-017947,0,0
RT-017948,0,0
RT-017949,0,0
RT-017950,0,0
RT-017951,1,0
RT-017952,1,0
RT-017953,0,0
RT-017954,0,0
RT-017955,0,0
RT-017956,1,0
RT-017957,0,0
RT-017958,0,0
RT-017959,1,0
RT-017960,0,0
RT-017961,0,0
RT-017962,0,1
RT-017963,0,0
RT-017964,1,0
RT-017965,0,0
RT-017966,0,0
RT-017967,0,0
RT-017968,0,0
RT-017969,0,0
RT-017970,0,0
RT-017971,0,0
RT-017972,0,0
RT-017973,1,0
RT-017974,1,0
RT-017975,0,1
RT-017976,0,0
RT-017977,0,0
RT-017978,0,0
RT-017979,1,0
RT-017980,0,0
RT-017981,0,1
RT-017982,0,0
RT-017983,1,0
RT-017984,1,0
RT-017985,0,0
RT-017986,0,0
RT-017987,1,0
RT-017988,0,0
RT-017989,0,0
RT-017990,0,0
RT-017991,1,0
RT-017992,0,0
RT-017993,0,0
RT-017994,1,0
RT-017995,0,0
RT-017996,0,0
RT-017997,0,0
RT-017998,0,0
RT-017999,0,0
RT-018000,0,0
RT-018001,0,0
RT-018002,0,0
RT-018003,1,0
RT-018004,0,0
RT-018005,0,0
RT-018006,0,0
RT-018007,0,0
RT-018008,0,0
RT-018009,1,0
RT-018010,0,0
RT-018011,0,0
RT-018012,0,0
RT-018013,1,0
RT-018014,1,0
RT-018015,1,0
RT-018016,0,0
RT-018017,0,0
RT-018018,0,0
RT-018019,0,0
RT-018020,0,0
RT-018021,0,0
RT-018022,0,0
RT-018023,0,0
RT-018024,0,0
RT-018025,1,1
RT-018026,1,0
RT-018027,0,0
RT-018028,0,0
RT-018029,1,0
RT-018030,0,0
RT-018031,1,0
RT-018032,0,0
RT-018033,0,0
RT-018034,0,0
RT-018035,0,0
RT-018036,1,0
RT-018037,0,0
RT-018038,1,0
RT-018039,1,0
RT-018040,0,0
RT-018041,1,1
RT-018042,0,0
RT-018043,1,0
RT-018044,1,0
RT-018045,0,0
RT-018046,0,1
RT-018047,1,0
RT-018048,0,0
RT-018049,1,0
RT-018050,1,1
RT-018051,1,0
RT-018052,0,0
RT-018053,1,0
RT-018054,1,0
RT-018055,1,0
RT-018056,1,0
RT-018057,1,0
RT-018058,0,0
RT-018059,0,0
RT-018060,0,0
RT-018061,0,0
RT-018062,1,1
RT-018063,1,0
RT-018064,1,0
RT-018065,1,0
RT-018066,1,0
RT-018067,0,0
RT-018068,0,0
RT-018069,0,0
RT-018070,0,0
RT-018071,1,0
RT-018072,0,0
RT-018073,0,0
RT-018074,0,0
RT-018075,0,0
RT-018076,0,0
RT-018077,0,0
RT-018078,0,0
RT-018079,0,0
RT-018080,0,0
RT-018081,0,0
RT-018082,1,0
RT-018083,0,0
RT-018084,1,0
RT-018085,0,1
RT-018086,0,0
RT-018087,1,0
RT-018088,1,0
RT-018089,0,0
RT-018090,0,0
RT-018091,0,0
RT-018092,1,0
RT-018093,1,0
RT-018094,0,0
RT-018095,0,0
RT-018096,0,0
RT-018097,0,0
RT-018098,0,0
RT-018099,0,0
RT-018100,0,0
RT-018101,0,0
RT-018102,0,0
RT-018103,0,0
RT-018104,0,1
RT-018105,1,0
RT-018106,0,0
RT-018107,0,0
RT-018108,1,0
RT-018109,1,0
RT-018110,0,0
RT-018111,1,0
RT-018112,0,0
RT-018113,0,1
RT-018114,0,0
RT-018115,0,1
RT-018116,1,0
RT-018117,0,0
RT-018118,1,0
RT-018119,1,0
RT-018120,0,0
RT-018121,1,0
RT-018122,0,0
RT-018123,0,0
RT-018124,0,0
RT-018125,0,0
RT-018126,0,0
RT-018127,0,0
RT-018128,0,0
RT-018129,0,0
RT-018130,0,0
RT-018131,0,0
RT-018132,1,0
RT-018133,1,0
RT-018134,0,0
RT-018135,0,0
RT-018136,1,0
RT-018137,0,0
RT-018138,0,0
RT-018139,0,1
RT-018140,0,0
RT-018141,0,0
RT-018142,1,0
RT-018143,0,0
RT-018144,1,0
RT-018145,0,0
RT-018146,0,0
RT-018147,1,0
RT-018148,1,0
RT-018149,1,0
RT-018150,0,0
RT-018151,0,0
RT-018152,1,0
RT-018153,0,0
RT-018154,0,0
RT-018155,0,0
RT-018156,1,0
RT-018157,1,0
RT-018158,0,0
RT-018159,1,0
RT-018160,0,0
RT-018161,1,0
RT-018162,1,1
RT-018163,0,0
RT-018164,0,0
RT-018165,0,0
RT-018166,0,0
RT-018167,1,0
RT-018168,0,0
RT-018169,0,0
RT-018170,0,0
RT-018171,0,1
RT-018172,0,0
RT-018173,0,0
RT-018174,0,0
RT-018175,0,0
RT-018176,0,0
RT-018177,0,0
RT-018178,0,0
RT-018179,0,0
RT-018180,0,1
RT-018181,0,0
RT-018182,0,0
RT-018183,1,0
RT-018184,1,0
RT-018185,0,0
RT-018186,0,0
RT-018187,1,0
RT-018188,0,0
RT-018189,1,0
RT-018190,0,0
RT-018191,0,0
RT-018192,0,0
RT-018193,0,0
RT-018194,0,0
RT-018195,0,0
RT-018196,0,0
RT-018197,0,0
RT-018198,0,0
RT-018199,0,0
RT-018200,0,0
RT-018201,1,0
RT-018202,1,0
RT-018203,0,0
RT-018204,0,0
RT-018205,0,0
RT-018206,1,0
RT-018207,0,0
RT-018208,0,0
RT-018209,0,0
RT-018210,0,0
RT-018211,0,0
RT-018212,1,0
RT-018213,0,0
RT-018214,1,0
RT-018215,1,0
RT-018216,0,0
RT-018217,0,0
RT-018218,0,0
RT-018219,0,0
RT-018220,0,0
RT-018221,0,0
RT-018222,0,0
RT-018223,1,0
RT-018224,0,0
RT-018225,0,0
RT-018226,0,0
RT-018227,1,0
RT-018228,0,0
RT-018229,0,0
RT-018230,0,0
RT-018231,1,0
RT-018232,1,0
RT-018233,0,0
RT-018234,0,0
RT-018235,0,0
RT-018236,0,0
RT-018237,1,0
RT-018238,1,0
RT-018239,1,0
RT-018240,0,0
RT-018241,0,0
RT-018242,0,0
RT-018243,0,0
RT-018244,0,0
RT-018245,0,0
RT-018246,0,0
RT-018247,0,0
RT-018248,0,0
RT-018249,1,0
RT-018250,0,0
RT-018251,1,1
RT-018252,0,0
RT-018253,0,0
RT-018254,0,0
RT-018255,1,0
RT-018256,0,0
RT-018257,0,0
RT-018258,0,0
RT-018259,1,0
RT-018260,0,0
RT-018261,0,0
RT-018262,0,0
RT-018263,0,0
RT-018264,0,0
RT-018265,0,0
RT-018266,0,0
RT-018267,0,0
RT-018268,1,0
RT-018269,0,0
RT-018270,0,0
RT-018271,0,0
RT-018272,0,0
RT-018273,0,0
RT-018274,0,0
RT-018275,0,0
RT-018276,1,0
RT-018277,0,0
RT-018278,0,0
RT-018279,0,0
RT-018280,0,0
RT-018281,1,0
RT-018282,0,0
RT-018283,1,0
RT-018284,1,0
RT-018285,0,0
RT-018286,0,0
RT-018287,1,0
RT-018288,1,0
RT-018289,0,0
RT-018290,1,0
RT-018291,1,0
RT-018292,0,0
RT-018293,0,1
RT-018294,1,0
RT-018295,1,0
RT-018296,0,0
RT-018297,0,0
RT-018298,0,0
RT-018299,0,0
RT-018300,0,0
RT-018301,0,0
RT-018302,0,0
RT-018303,0,0
RT-018304,1,0
RT-018305,1,0
RT-018306,0,0
RT-018307,0,1
RT-018308,0,0
RT-018309,0,0
RT-018310,0,0
RT-018311,0,0
RT-018312,0,0
RT-018313,0,0
RT-018314,0,0
RT-018315,0,0
RT-018316,1,0
RT-018317,0,0
RT-018318,1,0
RT-018319,1,0
RT-018320,0,0
RT-018321,1,0
RT-018322,0,0
RT-018323,0,0
RT-018324,1,0
RT-018325,1,0
RT-018326,1,0
RT-018327,0,0
RT-018328,0,0
RT-018329,0,0
RT-018330,0,0
RT-018331,0,0
RT-018332,1,0
RT-018333,0,0
RT-018334,0,1
RT-018335,1,0
RT-018336,1,0
RT-018337,0,0
RT-018338,0,0
RT-018339,0,0
RT-018340,1,0
RT-018341,1,0
RT-018342,0,1
RT-018343,0,0
RT-018344,0,0
RT-018345,0,0
RT-018346,1,0
RT-018347,0,0
RT-018348,1,0
RT-018349,0,0
RT-018350,0,0
RT-018351,0,0
RT-018352,0,0
RT-018353,0,0
RT-018354,1,1
RT-018355,0,0
RT-018356,1,0
RT-018357,0,0
RT-018358,0,0
RT-018359,0,0
RT-018360,0,0
RT-018361,0,0
RT-018362,0,0
RT-018363,0,0
RT-018364,0,0
RT-018365,1,0
RT-018366,1,0
RT-018367,0,0
RT-018368,0,0
RT-018369,0,0
RT-018370,0,0
RT-018371,0,0
RT-018372,0,0
RT-018373,1,0
RT-018374,0,0
RT-018375,0,0
RT-018376,0,0
RT-018377,0,0
RT-018378,0,0
RT-018379,0,0
RT-018380,0,0
RT-018381,1,0
RT-018382,0,0
RT-018383,1,0
RT-018384,0,0
RT-018385,1,0
RT-018386,1,0
RT-018387,0,1
RT-018388,1,0
RT-018389,0,0
RT-018390,0,0
RT-018391,1,0
RT-018392,1,0
RT-018393,0,0
RT-018394,1,0
RT-018395,0,0
RT-018396,0,0
RT-018397,0,0
RT-018398,1,0
RT-018399,0,0
RT-018400,1,0
RT-018401,1,0
RT-018402,0,1
RT-018403,0,0
RT-018404,0,0
RT-018405,0,0
RT-018406,0,0
RT-018407,0,0
RT-018408,0,0
RT-018409,1,0
RT-018410,0,0
RT-018411,1,0
RT-018412,0,0
RT-018413,0,0
RT-018414,1,0
RT-018415,0,0
RT-018416,1,0
RT-018417,1,0
RT-018418,0,0
RT-018419,1,0
RT-018420,0,0
RT-018421,0,0
RT-018422,0,0
RT-018423,0,0
RT-018424,1,0
RT-018425,0,0
RT-018426,0,0
RT-018427,0,0
RT-018428,0,0
RT-018429,0,0
RT-018430,0,1
RT-018431,0,0
RT-018432,0,0
RT-018433,0,0
RT-018434,1,0
RT-018435,0,0
RT-018436,1,1
RT-018437,1,0
RT-018438,0,0
RT-018439,0,0
RT-018440,0,0
RT-018441,0,1
RT-018442,0,0
RT-018443,0,0
RT-018444,1,0
RT-018445,1,0
RT-018446,0,0
RT-018447,1,0
RT-018448,1,0
RT-018449,0,0
RT-018450,0,0
RT-018451,1,1
RT-018452,1,0
RT-018453,1,0
RT-018454,0,0
RT-018455,0,0
RT-018456,1,1
RT-018457,0,0
RT-018458,0,0
RT-018459,0,0
RT-018460,0,0
RT-018461,0,0
RT-018462,0,0
RT-018463,1,0
RT-018464,1,0
RT-018465,0,0
RT-018466,1,0
RT-018467,0,0
RT-018468,1,0
RT-018469,0,0
RT-018470,1,0
RT-018471,0,0
RT-018472,0,0
RT-018473,0,0
RT-018474,0,0
RT-018475,0,0
RT-018476,0,0
RT-018477,1,0
RT-018478,0,0
RT-018479,0,0
RT-018480,1,0
RT-018481,0,0
RT-018482,0,0
RT-018483,1,0
RT-018484,0,0
RT-018485,0,0
RT-018486,0,0
RT-018487,1,0
RT-018488,1,0
RT-018489,0,0
RT-018490,0,0
RT-018491,0,0
RT-018492,0,0
RT-018493,0,0
RT-018494,0,0
RT-018495,0,0
RT-018496,0,0
RT-018497,0,0
RT-018498,0,0
RT-018499,0,0
RT-018500,0,0
RT-018501,0,0
RT-018502,0,0
RT-018503,0,0
RT-018504,0,0
RT-018505,0,0
RT-018506,0,1
RT-018507,0,0
RT-018508,0,0
RT-018509,1,0
RT-018510,0,0
RT-018511,0,0
RT-018512,1,0
RT-018513,1,0
RT-018514,1,0
RT-018515,0,0
RT-018516,0,0
RT-018517,0,0
RT-018518,0,0
RT-018519,0,0
RT-018520,1,0
RT-018521,1,0
RT-018522,0,1
RT-018523,1,0
RT-018524,1,0
RT-018525,0,0
RT-018526,1,0
RT-018527,0,0
RT-018528,1,0
RT-018529,0,0
RT-018530,0,0
RT-018531,0,0
RT-018532,0,0
RT-018533,0,0
RT-018534,1,0
RT-018535,0,0
RT-018536,0,0
RT-018537,0,0
RT-018538,0,0
RT-018539,0,0
RT-018540,0,0
RT-018541,0,0
RT-018542,0,0
RT-018543,1,0
RT-018544,0,0
RT-018545,0,0
RT-018546,0,0
RT-018547,0,1
RT-018548,1,0
RT-018549,0,0
RT-018550,0,0
RT-018551,0,0
RT-018552,0,0
RT-018553,0,0
RT-018554,1,0
RT-018555,0,0
RT-018556,0,0
RT-018557,1,0
RT-018558,1,0
RT-018559,0,0
RT-018560,1,0
RT-018561,1,0
RT-018562,1,0
RT-018563,0,0
RT-018564,0,0
RT-018565,0,0
RT-018566,0,0
RT-018567,0,0
RT-018568,1,0
RT-018569,0,1
RT-018570,0,0
RT-018571,1,0
RT-018572,0,0
RT-018573,0,0
RT-018574,1,0
RT-018575,1,0
RT-018576,0,0
RT-018577,0,0
RT-018578,1,0
RT-018579,1,0
RT-018580,0,0
RT-018581,1,1
RT-018582,0,0
RT-018583,1,0
RT-018584,0,0
RT-018585,0,0
RT-018586,0,0
RT-018587,0,0
RT-018588,0,0
RT-018589,0,0
RT-018590,1,0
RT-018591,0,0
RT-018592,0,0
RT-018593,1,0
RT-018594,1,0
RT-018595,0,0
RT-018596,0,1
RT-018597,1,0
RT-018598,0,0
RT-018599,1,0
RT-018600,1,0
RT-018601,0,0
RT-018602,0,0
RT-018603,0,0
RT-018604,0,0
RT-018605,0,1
RT-018606,0,0
RT-018607,1,0
RT-018608,0,0
RT-018609,0,0
RT-018610,0,0
RT-018611,0,0
RT-018612,1,0
RT-018613,1,0
RT-018614,0,0
RT-018615,0,0
RT-018616,0,1
RT-018617,1,0
RT-018618,1,0
RT-018619,1,0
RT-018620,1,0
RT-018621,0,0
RT-018622,0,1
RT-018623,0,0
RT-018624,0,0
RT-018625,0,0
RT-018626,0,0
RT-018627,0,0
RT-018628,0,0
RT-018629,1,0
RT-018630,1,0
RT-018631,1,0
RT-018632,0,0
RT-018633,0,0
RT-018634,0,0
RT-018635,0,0
RT-018636,0,1
RT-018637,0,0
RT-018638,1,0
RT-018639,0,0
RT-018640,0,0
RT-018641,0,0
RT-018642,1,0
RT-018643,1,0
RT-018644,0,0
RT-018645,0,1
RT-018646,1,0
RT-018647,1,0
RT-018648,0,0
RT-018649,1,0
RT-018650,0,0
RT-018651,0,0
RT-018652,0,0
RT-018653,1,0
RT-018654,0,0
RT-018655,0,0
RT-018656,0,0
RT-018657,0,1
RT-018658,0,0
RT-018659,0,0
RT-018660,0,0
RT-018661,0,0
RT-018662,0,0
RT-018663,0,0
RT-018664,1,0
RT-018665,0,0
RT-018666,0,0
RT-018667,0,0
RT-018668,0,0
RT-018669,1,0
RT-018670,1,0
RT-018671,1,0
RT-018672,1,1
RT-018673,0,0
RT-018674,0,0
RT-018675,0,0
RT-018676,0,0
RT-018677,1,0
RT-018678,1,0
RT-018679,1,0
RT-018680,0,0
RT-018681,0,0
RT-018682,1,0
RT-018683,0,0
RT-018684,0,0
RT-018685,1,0
RT-018686,1,0
RT-018687,0,1
RT-018688,0,0
RT-018689,1,0
RT-018690,0,1
RT-018691,0,0
RT-018692,0,0
RT-018693,0,0
RT-018694,0,1
RT-018695,1,0
RT-018696,1,0
RT-018697,0,0
RT-018698,0,0
RT-018699,0,0
RT-018700,0,0
RT-018701,0,0
RT-018702,0,0
RT-018703,0,1
RT-018704,1,0
RT-018705,1,0
RT-018706,1,0
RT-018707,1,0
RT-018708,0,0
RT-018709,0,1
RT-018710,0,0
RT-018711,0,0
RT-018712,0,0
RT-018713,0,0
RT-018714,0,0
RT-018715,0,0
RT-018716,0,0
RT-018717,0,0
RT-018718,0,0
RT-018719,0,0
RT-018720,0,0
RT-018721,0,0
RT-018722,0,0
RT-018723,0,0
RT-018724,0,0
RT-018725,0,0
RT-018726,1,0
RT-018727,1,0
RT-018728,0,0
RT-018729,0,0
RT-018730,1,0
RT-018731,0,0
RT-018732,0,0
RT-018733,0,0
RT-018734,1,0
RT-018735,0,0
RT-018736,0,0
RT-018737,0,0
RT-018738,0,1
RT-018739,0,0
RT-018740,1,0
RT-018741,0,0
RT-018742,0,0
RT-018743,1,0
RT-018744,0,0
RT-018745,0,0
RT-018746,0,0
RT-018747,1,0
RT-018748,0,0
RT-018749,0,0
RT-018750,0,0
RT-018751,1,0
RT-018752,0,0
RT-018753,1,1
RT-018754,0,0
RT-018755,1,0
RT-018756,1,0
RT-018757,0,0
RT-018758,1,0
RT-018759,1,1
RT-018760,1,0
RT-018761,0,0
RT-018762,0,0
RT-018763,1,0
RT-018764,1,0
RT-018765,0,1
RT-018766,0,0
RT-018767,1,0
RT-018768,1,0
RT-018769,0,0
RT-018770,0,0
RT-018771,1,0
RT-018772,0,0
RT-018773,0,0
RT-018774,0,0
RT-018775,1,0
RT-018776,0,0
RT-018777,0,0
RT-018778,0,0
RT-018779,0,0
RT-018780,0,0
RT-018781,1,0
RT-018782,0,0
RT-018783,0,0
RT-018784,0,1
RT-018785,0,0
RT-018786,1,0
RT-018787,0,0
RT-018788,0,0
RT-018789,0,1
RT-018790,1,0
RT-018791,1,0
RT-018792,0,0
RT-018793,0,0
RT-018794,0,1
RT-018795,0,1
RT-018796,1,0
RT-018797,1,0
RT-018798,1,0
RT-018799,0,1
RT-018800,1,0
RT-018801,0,0
RT-018802,1,0
RT-018803,1,0
RT-018804,0,0
RT-018805,1,0
RT-018806,1,0
RT-018807,0,0
RT-018808,1,0
RT-018809,0,0
RT-018810,0,0
RT-018811,0,0
RT-018812,1,0
RT-018813,0,0
RT-018814,1,0
RT-018815,0,0
RT-018816,0,0
RT-018817,1,0
RT-018818,0,0
RT-018819,0,0
RT-018820,0,0
RT-018821,0,0
RT-018822,1,0
RT-018823,1,0
RT-018824,1,0
RT-018825,1,0
RT-018826,0,0
RT-018827,0,0
RT-018828,1,0
RT-018829,0,0
RT-018830,0,0
RT-018831,0,0
RT-018832,0,0
RT-018833,0,0
RT-018834,1,0
RT-018835,0,0
RT-018836,0,0
RT-018837,0,1
RT-018838,0,0
RT-018839,0,0
RT-018840,1,0
RT-018841,0,0
RT-018842,1,0
RT-018843,0,0
RT-018844,0,0
RT-018845,0,0
RT-018846,0,0
RT-018847,1,0
RT-018848,0,0
RT-018849,0,0
RT-018850,1,0
RT-018851,0,0
RT-018852,1,0
RT-018853,0,0
RT-018854,0,0
RT-018855,1,0
RT-018856,0,0
RT-018857,0,0
RT-018858,0,0
RT-018859,0,0
RT-018860,1,0
RT-018861,1,0
RT-018862,0,0
RT-018863,0,0
RT-018864,1,0
RT-018865,1,1
RT-018866,0,0
RT-018867,0,0
RT-018868,1,0
RT-018869,1,0
RT-018870,0,0
RT-018871,0,0
RT-018872,0,0
RT-018873,1,0
RT-018874,0,0
RT-018875,0,0
RT-018876,1,0
RT-018877,0,0
RT-018878,1,0
RT-018879,0,0
RT-018880,0,0
RT-018881,1,0
RT-018882,1,0
RT-018883,0,0
RT-018884,0,0
RT-018885,0,0
RT-018886,0,0
RT-018887,0,0
RT-018888,0,0
RT-018889,0,0
RT-018890,0,0
RT-018891,0,0
RT-018892,0,0
RT-018893,0,0
RT-018894,1,0
RT-018895,0,0
RT-018896,0,0
RT-018897,1,0
RT-018898,0,0
RT-018899,0,0
RT-018900,1,0
RT-018901,0,0
RT-018902,1,0
RT-018903,0,0
RT-018904,0,0
RT-018905,0,0
RT-018906,0,0
RT-018907,0,0
RT-018908,0,0
RT-018909,0,0
RT-018910,0,0
RT-018911,0,0
RT-018912,0,0
RT-018913,0,1
RT-018914,0,0
RT-018915,0,0
RT-018916,0,0
RT-018917,0,1
RT-018918,0,0
RT-018919,0,0
RT-018920,0,1
RT-018921,0,0
RT-018922,0,0
RT-018923,0,0
RT-018924,0,0
RT-018925,0,0
RT-018926,1,0
RT-018927,0,0
RT-018928,0,0
RT-018929,0,0
RT-018930,0,1
RT-018931,1,0
RT-018932,0,0
RT-018933,1,0
RT-018934,0,0
RT-018935,0,0
RT-018936,0,0
RT-018937,1,0
RT-018938,0,0
RT-018939,1,0
RT-018940,1,0
RT-018941,0,1
RT-018942,1,0
RT-018943,1,0
RT-018944,1,0
RT-018945,0,0
RT-018946,0,0
RT-018947,0,1
RT-018948,0,0
RT-018949,0,0
RT-018950,1,0
RT-018951,1,0
RT-018952,0,0
RT-018953,0,0
RT-018954,0,0
RT-018955,0,0
RT-018956,0,0
RT-018957,0,0
RT-018958,0,0
RT-018959,1,0
RT-018960,1,0
RT-018961,0,0
RT-018962,0,0
RT-018963,1,0
RT-018964,0,1
RT-018965,0,0
RT-018966,0,0
RT-018967,0,0
RT-018968,1,0
RT-018969,0,0
RT-018970,0,0
RT-018971,0,0
RT-018972,0,0
RT-018973,0,0
RT-018974,0,0
RT-018975,0,0
RT-018976,1,0
RT-018977,1,0
RT-018978,0,0
RT-018979,0,0
RT-018980,0,0
RT-018981,1,0
RT-018982,0,0
RT-018983,0,0
RT-018984,0,0
RT-018985,0,0
RT-018986,1,0
RT-018987,0,0
RT-018988,0,0
RT-018989,1,0
RT-018990,1,0
RT-018991,0,0
RT-018992,1,0
RT-018993,0,0
RT-018994,0,0
RT-018995,0,0
RT-018996,0,1
RT-018997,1,0
RT-018998,1,0
RT-018999,0,1
RT-019000,0,0
RT-019001,0,0
RT-019002,1,0
RT-019003,1,0
RT-019004,0,0
RT-019005,0,0
RT-019006,0,0
RT-019007,0,0
RT-019008,0,0
RT-019009,0,0
RT-019010,1,0
RT-019011,0,0
RT-019012,0,0
RT-019013,1,0
RT-019014,0,0
RT-019015,1,0
RT-019016,0,0
RT-019017,0,0
RT-019018,1,0
RT-019019,1,0
RT-019020,0,0
RT-019021,0,1
RT-019022,0,0
RT-019023,0,0
RT-019024,0,0
RT-019025,0,0
RT-019026,0,0
RT-019027,1,0
RT-019028,1,0
RT-019029,1,0
RT-019030,0,0
RT-019031,0,0
RT-019032,0,0
RT-019033,0,0
RT-019034,1,0
RT-019035,1,0
RT-019036,0,0
RT-019037,0,0
RT-019038,1,0
RT-019039,0,0
RT-019040,0,1
RT-019041,0,0
RT-019042,0,1
RT-019043,0,0
RT-019044,1,1
RT-019045,0,0
RT-019046,0,0
RT-019047,0,0
RT-019048,0,0
RT-019049,1,0
RT-019050,1,0
RT-019051,0,0
RT-019052,0,1
RT-019053,0,0
RT-019054,0,0
RT-019055,1,0
RT-019056,1,0
RT-019057,0,0
RT-019058,0,1
RT-019059,0,0
RT-019060,1,0
RT-019061,1,0
RT-019062,0,0
RT-019063,1,0
RT-019064,0,0
RT-019065,0,0
RT-019066,1,0
RT-019067,0,0
RT-019068,1,0
RT-019069,0,0
RT-019070,1,0
RT-019071,1,0
RT-019072,0,0
RT-019073,1,0
RT-019074,0,1
RT-019075,0,0
RT-019076,0,0
RT-019077,0,0
RT-019078,1,0
RT-019079,0,0
RT-019080,0,1
RT-019081,1,0
RT-019082,0,0
RT-019083,0,0
RT-019084,0,0
RT-019085,0,0
RT-019086,0,0
RT-019087,1,0
RT-019088,1,0
RT-019089,1,0
RT-019090,0,0
RT-019091,1,0
RT-019092,0,0
RT-019093,0,0
RT-019094,0,1
RT-019095,0,0
RT-019096,0,0
RT-019097,0,0
RT-019098,0,0
RT-019099,1,0
RT-019100,0,0
RT-019101,0,0
RT-019102,1,0
RT-019103,1,0
RT-019104,1,0
RT-019105,1,0
RT-019106,0,0
RT-019107,0,0
RT-019108,0,0
RT-019109,1,0
RT-019110,0,0
RT-019111,0,0
RT-019112,1,0
RT-019113,1,0
RT-019114,1,0
RT-019115,1,0
RT-019116,0,0
RT-019117,1,0
RT-019118,0,0
RT-019119,0,0
RT-019120,0,0
RT-019121,0,0
RT-019122,0,0
RT-019123,0,0
RT-019124,0,1
RT-019125,0,0
RT-019126,1,0
RT-019127,1,0
RT-019128,1,0
RT-019129,0,0
RT-019130,0,1
RT-019131,0,0
RT-019132,0,0
RT-019133,1,0
RT-019134,0,0
RT-019135,0,0
RT-019136,0,0
RT-019137,0,0
RT-019138,0,0
RT-019139,0,0
RT-019140,0,0
RT-019141,0,0
RT-019142,0,0
RT-019143,1,0
RT-019144,0,0
RT-019145,1,0
RT-019146,1,0
RT-019147,0,0
RT-019148,0,0
RT-019149,1,0
RT-019150,0,0
RT-019151,0,0
RT-019152,0,0
RT-019153,0,0
RT-019154,1,0
RT-019155,0,0
RT-019156,0,0
RT-019157,0,0
RT-019158,1,0
RT-019159,0,0
RT-019160,0,0
RT-019161,0,0
RT-019162,0,0
RT-019163,1,0
RT-019164,1,0
RT-019165,0,0
RT-019166,0,0
RT-019167,1,0
RT-019168,0,0
RT-019169,0,1
RT-019170,1,0
RT-019171,0,0
RT-019172,0,0
RT-019173,0,0
RT-019174,0,0
RT-019175,0,0
RT-019176,0,0
RT-019177,0,0
RT-019178,0,0
RT-019179,0,0
RT-019180,1,0
RT-019181,0,0
RT-019182,1,0
RT-019183,0,0
RT-019184,1,0
RT-019185,0,0
RT-019186,0,0
RT-019187,1,1
RT-019188,0,0
RT-019189,0,0
RT-019190,0,0
RT-019191,0,0
RT-019192,0,0
RT-019193,1,0
RT-019194,0,0
RT-019195,1,0
RT-019196,1,0
RT-019197,1,0
RT-019198,0,0
RT-019199,0,1
RT-019200,1,0
RT-019201,0,0
RT-019202,1,0
RT-019203,0,0
RT-019204,0,0
RT-019205,0,0
RT-019206,1,1
RT-019207,0,0
RT-019208,1,0
RT-019209,1,0
RT-019210,0,1
RT-019211,1,0
RT-019212,1,0
RT-019213,0,0
RT-019214,1,0
RT-019215,1,0
RT-019216,1,0
RT-019217,1,0
RT-019218,0,0
RT-019219,0,0
RT-019220,0,0
RT-019221,0,0
RT-019222,1,0
RT-019223,0,0
RT-019224,0,0
RT-019225,0,0
RT-019226,1,0
RT-019227,1,0
RT-019228,0,0
RT-019229,1,0
RT-019230,0,0
RT-019231,1,0
RT-019232,1,0
RT-019233,0,0
RT-019234,0,0
RT-019235,1,1
RT-019236,1,0
RT-019237,1,0
RT-019238,1,0
RT-019239,0,0
RT-019240,0,0
RT-019241,0,1
RT-019242,1,0
RT-019243,1,0
RT-019244,1,0
RT-019245,1,0
RT-019246,0,0
RT-019247,0,0
RT-019248,0,0
RT-019249,0,0
RT-019250,1,0
RT-019251,0,0
RT-019252,0,0
RT-019253,1,0
RT-019254,1,0
RT-019255,1,0
RT-019256,0,0
RT-019257,0,0
RT-019258,0,0
RT-019259,0,0
RT-019260,0,0
RT-019261,1,0
RT-019262,1,0
RT-019263,1,0
RT-019264,0,0
RT-019265,0,0
RT-019266,0,0
RT-019267,0,0
RT-019268,1,0
RT-019269,0,0
RT-019270,0,0
RT-019271,1,0
RT-019272,0,0
RT-019273,0,0
RT-019274,0,0
RT-019275,0,0
RT-019276,0,0
RT-019277,0,0
RT-019278,0,1
RT-019279,1,0
RT-019280,1,0
RT-019281,0,0
RT-019282,0,0
RT-019283,0,0
RT-019284,1,0
RT-019285,0,0
RT-019286,1,1
RT-019287,1,0
RT-019288,0,0
RT-019289,1,0
RT-019290,0,0
RT-019291,0,0
RT-019292,0,0
RT-019293,0,0
RT-019294,1,0
RT-019295,1,0
RT-019296,0,0
RT-019297,1,0
RT-019298,0,0
RT-019299,0,0
RT-019300,0,0
RT-019301,0,0
RT-019302,0,0
RT-019303,0,0
RT-019304,0,0
RT-019305,0,0
RT-019306,0,0
RT-019307,1,0
RT-019308,0,0
RT-019309,0,0
RT-019310,1,0
RT-019311,0,0
RT-019312,0,0
RT-019313,1,0
RT-019314,0,0
RT-019315,0,0
RT-019316,0,0
RT-019317,0,0
RT-019318,0,0
RT-019319,0,0
RT-019320,0,0
RT-019321,0,0
RT-019322,0,0
RT-019323,0,0
RT-019324,0,0
RT-019325,0,0
RT-019326,1,0
RT-019327,1,0
RT-019328,0,0
RT-019329,0,0
RT-019330,0,0
RT-019331,0,0
RT-019332,0,0
RT-019333,0,0
RT-019334,0,0
RT-019335,0,0
RT-019336,1,0
RT-019337,1,0
RT-019338,1,0
RT-019339,1,0
RT-019340,1,0
RT-019341,1,0
RT-019342,0,0
RT-019343,0,0
RT-019344,0,0
RT-019345,0,0
RT-019346,0,0
RT-019347,0,0
RT-019348,1,0
RT-019349,0,0
RT-019350,0,0
RT-019351,1,0
RT-019352,1,0
RT-019353,0,0
RT-019354,0,0
RT-019355,1,1
RT-019356,1,0
RT-019357,0,0
RT-019358,0,0
RT-019359,0,0
RT-019360,0,0
RT-019361,0,0
RT-019362,1,0
RT-019363,1,0
RT-019364,0,0
RT-019365,0,0
RT-019366,1,0
RT-019367,0,0
RT-019368,0,0
RT-019369,0,0
RT-019370,0,0
RT-019371,0,1
RT-019372,1,0
RT-019373,0,0
RT-019374,0,0
RT-019375,0,0
RT-019376,1,0
RT-019377,0,0
RT-019378,0,0
RT-019379,0,0
RT-019380,1,0
RT-019381,0,0
RT-019382,1,0
RT-019383,0,0
RT-019384,0,0
RT-019385,0,0
RT-019386,0,0
RT-019387,0,0
RT-019388,1,0
RT-019389,0,0
RT-019390,0,0
RT-019391,0,0
RT-019392,1,0
RT-019393,0,0
RT-019394,0,0
RT-019395,0,0
RT-019396,0,0
RT-019397,1,0
RT-019398,1,0
RT-019399,0,0
RT-019400,0,0
RT-019401,0,0
RT-019402,0,0
RT-019403,0,0
RT-019404,0,1
RT-019405,0,0
RT-019406,1,0
RT-019407,1,0
RT-019408,0,0
RT-019409,1,0
RT-019410,0,0
RT-019411,1,0
RT-019412,0,1
RT-019413,0,0
RT-019414,0,0
RT-019415,0,0
RT-019416,1,0
RT-019417,0,0
RT-019418,1,0
RT-019419,0,0
RT-019420,0,0
RT-019421,0,0
RT-019422,1,0
RT-019423,1,0
RT-019424,0,0
RT-019425,0,0
RT-019426,1,0
RT-019427,0,0
RT-019428,0,0
RT-019429,0,0
RT-019430,0,0
RT-019431,0,0
RT-019432,0,0
RT-019433,0,0
RT-019434,0,0
RT-019435,1,0
RT-019436,1,0
RT-019437,0,0
RT-019438,0,0
RT-019439,1,0
RT-019440,0,0
RT-019441,0,0
RT-019442,0,0
RT-019443,0,0
RT-019444,0,0
RT-019445,1,0
RT-019446,0,0
RT-019447,0,0
RT-019448,0,0
RT-019449,0,0
RT-019450,0,0
RT-019451,1,0
RT-019452,0,0
RT-019453,0,0
RT-019454,0,0
RT-019455,0,0
RT-019456,0,0
RT-019457,0,0
RT-019458,0,0
RT-019459,0,0
RT-019460,0,1
RT-019461,1,0
RT-019462,0,0
RT-019463,1,0
RT-019464,1,0
RT-019465,1,0
RT-019466,0,1
RT-019467,1,0
RT-019468,0,1
RT-019469,0,0
RT-019470,1,0
RT-019471,1,0
RT-019472,0,0
RT-019473,0,0
RT-019474,0,0
RT-019475,0,0
RT-019476,1,0
RT-019477,1,0
RT-019478,0,0
RT-019479,0,0
RT-019480,0,0
RT-019481,1,0
RT-019482,0,0
RT-019483,0,0
RT-019484,0,0
RT-019485,0,0
RT-019486,1,0
RT-019487,1,0
RT-019488,0,0
RT-019489,0,0
RT-019490,0,1
RT-019491,0,0
RT-019492,0,0
RT-019493,0,0
RT-019494,0,0
RT-019495,0,0
RT-019496,0,0
RT-019497,0,0
RT-019498,1,0
RT-019499,1,0
RT-019500,0,0
RT-019501,0,0
RT-019502,0,0
RT-019503,0,0
RT-019504,0,0
RT-019505,0,1
RT-019506,1,0
RT-019507,0,0
RT-019508,1,0
RT-019509,0,0
RT-019510,0,0
RT-019511,0,0
RT-019512,0,0
RT-019513,0,0
RT-019514,0,0
RT-019515,0,0
RT-019516,1,0
RT-019517,1,0
RT-019518,0,0
RT-019519,0,1
RT-019520,0,0
RT-019521,1,0
RT-019522,0,0
RT-019523,0,0
RT-019524,0,0
RT-019525,0,0
RT-019526,0,0
RT-019527,1,0
RT-019528,0,0
RT-019529,0,0
RT-019530,0,0
RT-019531,1,0
RT-019532,0,0
RT-019533,1,0
RT-019534,0,1
RT-019535,1,0
RT-019536,0,0
RT-019537,0,0
RT-019538,0,0
RT-019539,0,0
RT-019540,0,0
RT-019541,0,0
RT-019542,1,0
RT-019543,0,0
RT-019544,0,0
RT-019545,0,0
RT-019546,0,0
RT-019547,0,0
RT-019548,0,0
RT-019549,0,0
RT-019550,0,0
RT-019551,1,0
RT-019552,0,1
RT-019553,0,0
RT-019554,1,0
RT-019555,0,0
RT-019556,0,0
RT-019557,1,0
RT-019558,1,0
RT-019559,0,0
RT-019560,0,1
RT-019561,0,0
RT-019562,0,0
RT-019563,1,0
RT-019564,1,0
RT-019565,1,0
RT-019566,0,0
RT-019567,0,1
RT-019568,0,0
RT-019569,1,0
RT-019570,1,0
RT-019571,1,0
RT-019572,1,0
RT-019573,1,0
RT-019574,1,0
RT-019575,0,0
RT-019576,1,0
RT-019577,1,0
RT-019578,0,0
RT-019579,0,0
RT-019580,0,1
RT-019581,0,0
RT-019582,1,0
RT-019583,1,0
RT-019584,1,0
RT-019585,0,0
RT-019586,0,0
RT-019587,0,0
RT-019588,0,0
RT-019589,0,0
RT-019590,1,0
RT-019591,1,0
RT-019592,0,0
RT-019593,1,0
RT-019594,0,0
RT-019595,1,0
RT-019596,1,1
RT-019597,0,0
RT-019598,0,1
RT-019599,0,0
RT-019600,1,0
RT-019601,1,0
RT-019602,0,0
RT-019603,1,0
RT-019604,0,0
RT-019605,0,0
RT-019606,0,0
RT-019607,1,0
RT-019608,0,0
RT-019609,0,0
RT-019610,0,0
RT-019611,0,0
RT-019612,0,0
RT-019613,0,0
RT-019614,0,0
RT-019615,1,0
RT-019616,1,0
RT-019617,0,0
RT-019618,0,0
RT-019619,1,0
RT-019620,0,0
RT-019621,0,0
RT-019622,0,0
RT-019623,0,0
RT-019624,0,1
RT-019625,1,0
RT-019626,0,0
RT-019627,0,0
RT-019628,0,0
RT-019629,1,0
RT-019630,0,0
RT-019631,0,0
RT-019632,0,0
RT-019633,1,0
RT-019634,1,0
RT-019635,0,0
RT-019636,0,0
RT-019637,1,0
RT-019638,0,0
RT-019639,1,0
RT-019640,0,0
RT-019641,0,0
RT-019642,0,0
RT-019643,0,0
RT-019644,0,0
RT-019645,1,0
RT-019646,1,0
RT-019647,0,0
RT-019648,0,0
RT-019649,1,0
RT-019650,0,0
RT-019651,1,0
RT-019652,0,0
RT-019653,0,1
RT-019654,1,0
RT-019655,0,1
RT-019656,0,0
RT-019657,0,0
RT-019658,0,0
RT-019659,1,0
RT-019660,0,0
RT-019661,1,0
RT-019662,0,0
RT-019663,0,0
RT-019664,0,0
RT-019665,1,0
RT-019666,1,0
RT-019667,0,0
RT-019668,0,0
RT-019669,0,0
RT-019670,0,0
RT-019671,0,0
RT-019672,0,0
RT-019673,0,0
RT-019674,0,0
RT-019675,1,0
RT-019676,0,0
RT-019677,0,0
RT-019678,0,0
RT-019679,0,0
RT-019680,0,0
RT-019681,0,0
RT-019682,0,0
RT-019683,0,0
RT-019684,1,0
RT-019685,0,0
RT-019686,0,0
RT-019687,0,0
RT-019688,0,0
RT-019689,0,0
RT-019690,0,0
RT-019691,0,0
RT-019692,0,0
RT-019693,0,0
RT-019694,0,0
RT-019695,0,0
RT-019696,0,0
RT-019697,0,1
RT-019698,0,0
RT-019699,0,0
RT-019700,0,0
RT-019701,0,0
RT-019702,1,0
RT-019703,0,0
RT-019704,1,0
RT-019705,1,0
RT-019706,1,0
RT-019707,0,0
RT-019708,1,0
RT-019709,0,0
RT-019710,0,0
RT-019711,0,0
RT-019712,0,0
RT-019713,0,0
RT-019714,0,0
RT-019715,1,0
RT-019716,1,0
RT-019717,1,0
RT-019718,0,0
RT-019719,0,1
RT-019720,0,0
RT-019721,1,0
RT-019722,0,0
RT-019723,0,0
RT-019724,0,0
RT-019725,1,0
RT-019726,1,0
RT-019727,1,0
RT-019728,0,0
RT-019729,0,0
RT-019730,0,0
RT-019731,1,0
RT-019732,1,0
RT-019733,0,0
RT-019734,0,0
RT-019735,0,0
RT-019736,0,0
RT-019737,0,0
RT-019738,0,0
RT-019739,0,0
RT-019740,1,0
RT-019741,0,0
RT-019742,1,0
RT-019743,0,0
RT-019744,1,0
RT-019745,0,0
RT-019746,0,1
RT-019747,1,0
RT-019748,1,0
RT-019749,1,0
RT-019750,0,0
RT-019751,0,0
RT-019752,0,0
RT-019753,1,0
RT-019754,0,0
RT-019755,1,0
RT-019756,0,0
RT-019757,1,0
RT-019758,0,0
RT-019759,0,0
RT-019760,0,0
RT-019761,0,0
RT-019762,0,0
RT-019763,0,0
RT-019764,0,0
RT-019765,0,0
RT-019766,0,0
RT-019767,1,1
RT-019768,0,1
RT-019769,0,0
RT-019770,0,1
RT-019771,0,0
RT-019772,0,0
RT-019773,0,0
RT-019774,0,0
RT-019775,0,0
RT-019776,0,0
RT-019777,1,0
RT-019778,0,0
RT-019779,1,0
RT-019780,1,1
RT-019781,1,0
RT-019782,0,0
RT-019783,0,1
RT-019784,0,0
RT-019785,0,0
RT-019786,0,0
RT-019787,0,0
RT-019788,0,0
RT-019789,0,0
RT-019790,1,0
RT-019791,0,0
RT-019792,0,0
RT-019793,0,0
RT-019794,1,0
RT-019795,0,0
RT-019796,1,0
RT-019797,1,0
RT-019798,0,0
RT-019799,0,0
RT-019800,1,0
RT-019801,0,0
RT-019802,0,1
RT-019803,0,0
RT-019804,0,0
RT-019805,0,0
RT-019806,0,0
RT-019807,0,0
RT-019808,0,0
RT-019809,0,0
RT-019810,0,0
RT-019811,1,0
RT-019812,0,0
RT-019813,1,0
RT-019814,0,0
RT-019815,0,0
RT-019816,0,0
RT-019817,0,0
RT-019818,0,1
RT-019819,1,0
RT-019820,0,0
RT-019821,0,0
RT-019822,0,0
RT-019823,0,0
RT-019824,1,0
RT-019825,1,0
RT-019826,1,0
RT-019827,0,0
RT-019828,1,0
RT-019829,1,0
RT-019830,0,0
RT-019831,1,0
RT-019832,1,0
RT-019833,0,0
RT-019834,0,0
RT-019835,1,0
RT-019836,0,0
RT-019837,1,0
RT-019838,0,0
RT-019839,1,0
RT-019840,0,0
RT-019841,0,0
RT-019842,1,0
RT-019843,0,0
RT-019844,0,0
RT-019845,1,0
RT-019846,0,0
RT-019847,1,0
RT-019848,1,0
RT-019849,0,0
RT-019850,0,0
RT-019851,0,0
RT-019852,0,0
RT-019853,0,0
RT-019854,0,0
RT-019855,0,0
RT-019856,0,0
RT-019857,0,0
RT-019858,0,0
RT-019859,0,0
RT-019860,0,0
RT-019861,0,0
RT-019862,0,0
RT-019863,0,0
RT-019864,1,0
RT-019865,0,0
RT-019866,0,0
RT-019867,1,0
RT-019868,1,0
RT-019869,1,0
RT-019870,0,0
RT-019871,0,0
RT-019872,0,0
RT-019873,0,1
RT-019874,1,0
RT-019875,0,0
RT-019876,0,0
RT-019877,0,1
RT-019878,0,0
RT-019879,0,0
RT-019880,0,0
RT-019881,0,0
RT-019882,0,0
RT-019883,1,0
RT-019884,1,0
RT-019885,0,0
RT-019886,0,0
RT-019887,0,0
RT-019888,0,0
RT-019889,0,1
RT-019890,0,0
RT-019891,0,0
RT-019892,0,0
RT-019893,0,1
RT-019894,0,1
RT-019895,0,0
RT-019896,0,0
RT-019897,0,0
RT-019898,0,0
RT-019899,1,0
RT-019900,0,0
RT-019901,0,0
RT-019902,0,0
RT-019903,0,0
RT-019904,0,0
RT-019905,0,0
RT-019906,0,0
RT-019907,0,0
RT-019908,0,0
RT-019909,1,0
RT-019910,1,0
RT-019911,1,0
RT-019912,0,0
RT-019913,0,0
RT-019914,0,1
RT-019915,1,0
RT-019916,0,0
RT-019917,0,0
RT-019918,0,0
RT-019919,1,0
RT-019920,1,0
RT-019921,0,0
RT-019922,1,0
RT-019923,0,0
RT-019924,0,0
RT-019925,0,0
RT-019926,0,0
RT-019927,1,0
RT-019928,0,1
RT-019929,0,0
RT-019930,0,0
RT-019931,0,0
RT-019932,0,0
RT-019933,0,0
RT-019934,0,0
RT-019935,0,0
RT-019936,0,0
RT-019937,1,0
RT-019938,1,0
RT-019939,1,0
RT-019940,1,0
RT-019941,0,0
RT-019942,1,0
RT-019943,0,0
RT-019944,0,0
RT-019945,0,0
RT-019946,0,0
RT-019947,0,1
RT-019948,0,0
RT-019949,0,0
RT-019950,0,0
RT-019951,1,0
RT-019952,0,0
RT-019953,1,0
RT-019954,0,0
RT-019955,0,0
RT-019956,0,0
RT-019957,0,1
RT-019958,0,0
RT-019959,0,0
RT-019960,1,0
RT-019961,0,1
RT-019962,1,0
RT-019963,1,0
RT-019964,0,0
RT-019965,0,0
RT-019966,0,0
RT-019967,0,0
RT-019968,1,0
RT-019969,1,0
RT-019970,0,0
RT-019971,1,0
RT-019972,0,0
RT-019973,0,0
RT-019974,1,0
RT-019975,0,0
RT-019976,0,0
RT-019977,0,0
RT-019978,0,0
RT-019979,0,0
RT-019980,0,0
RT-019981,0,0
RT-019982,0,0
RT-019983,0,0
RT-019984,0,0
RT-019985,0,0
RT-019986,0,0
RT-019987,0,0
RT-019988,1,0
RT-019989,0,0
RT-019990,0,0
RT-019991,1,0
RT-019992,1,0
RT-019993,0,0
RT-019994,0,0
RT-019995,1,0
RT-019996,0,0
RT-019997,0,0
RT-019998,0,1
RT-019999,0,0
RT-020000,0,0
RT-020001,0,0
RT-020002,0,0
RT-020003,0,0
RT-020004,0,0
RT-020005,0,0
RT-020006,0,0
RT-020007,1,0
RT-020008,1,0
RT-020009,0,1
RT-020010,0,0
RT-020011,1,0
RT-020012,0,0
RT-020013,0,0
RT-020014,1,0
RT-020015,0,0
RT-020016,0,0
RT-020017,0,0
RT-020018,0,0
RT-020019,1,0
RT-020020,0,0
RT-020021,1,0
RT-020022,0,0
RT-020023,1,0
RT-020024,0,0
RT-020025,0,0
RT-020026,0,0
RT-020027,0,0
RT-020028,0,0
RT-020029,0,0
RT-020030,0,0
RT-020031,1,0
RT-020032,0,0
RT-020033,1,0
RT-020034,0,0
RT-020035,0,0
RT-020036,0,0
RT-020037,1,0
RT-020038,0,0
RT-020039,1,0
RT-020040,0,0
RT-020041,1,0
RT-020042,0,0
RT-020043,0,0
RT-020044,1,0
RT-020045,0,0
RT-020046,0,0
RT-020047,0,0
RT-020048,0,0
RT-020049,0,0
RT-020050,1,0
RT-020051,0,0
RT-020052,0,0
RT-020053,1,0
RT-020054,0,0
RT-020055,0,0
RT-020056,1,0
RT-020057,0,0
RT-020058,0,1
RT-020059,0,1
RT-020060,1,0
RT-020061,0,1
RT-020062,1,0
RT-020063,0,0
RT-020064,0,1
RT-020065,1,0
RT-020066,0,0
RT-020067,1,0
RT-020068,0,0
RT-020069,1,0
RT-020070,0,0
RT-020071,0,0
RT-020072,0,0
RT-020073,1,0
RT-020074,1,1
RT-020075,0,0
RT-020076,0,0
RT-020077,1,0
RT-020078,0,0
RT-020079,0,0
RT-020080,0,0
RT-020081,0,0
RT-020082,0,0
RT-020083,0,0
RT-020084,0,0
RT-020085,1,0
RT-020086,1,0
RT-020087,0,0
RT-020088,0,0
RT-020089,1,0
RT-020090,1,0
RT-020091,1,0
RT-020092,1,0
RT-020093,0,0
RT-020094,0,0
RT-020095,0,0
RT-020096,1,0
RT-020097,1,0
RT-020098,1,0
RT-020099,0,0
RT-020100,0,0
RT-020101,0,0
RT-020102,1,0
RT-020103,1,0
RT-020104,0,0
RT-020105,0,0
RT-020106,0,0
RT-020107,0,1
RT-020108,0,0
RT-020109,0,1
RT-020110,1,0
RT-020111,1,0
RT-020112,0,0
RT-020113,0,0
RT-020114,0,0
RT-020115,1,0
RT-020116,0,1
RT-020117,1,0
RT-020118,0,0
RT-020119,0,0
RT-020120,1,0
RT-020121,1,0
RT-020122,0,0
RT-020123,1,0
RT-020124,1,0
RT-020125,0,1
RT-020126,1,0
RT-020127,1,0
RT-020128,0,0
RT-020129,0,1
RT-020130,0,0
RT-020131,0,1
RT-020132,0,0
RT-020133,0,0
RT-020134,1,0
RT-020135,0,0
RT-020136,1,0
RT-020137,1,0
RT-020138,1,0
RT-020139,1,0
RT-020140,1,0
RT-020141,1,0
RT-020142,0,0
RT-020143,1,0
RT-020144,0,0
RT-020145,0,1
RT-020146,0,0
RT-020147,1,0
RT-020148,0,0
RT-020149,0,0
RT-020150,1,0
RT-020151,0,0
RT-020152,0,0
RT-020153,1,0
RT-020154,0,0
RT-020155,0,0
RT-020156,0,0
RT-020157,1,0
RT-020158,0,0
RT-020159,0,0
RT-020160,1,0
RT-020161,1,0
RT-020162,0,0
RT-020163,0,0
RT-020164,0,0
RT-020165,1,0
RT-020166,0,0
RT-020167,0,0
RT-020168,0,0
RT-020169,0,0
RT-020170,1,0
RT-020171,0,0
RT-020172,0,0
RT-020173,1,0
RT-020174,1,0
RT-020175,1,0
RT-020176,1,0
RT-020177,0,0
RT-020178,0,0
RT-020179,1,0
RT-020180,0,0
RT-020181,0,0
RT-020182,0,0
RT-020183,0,0
RT-020184,1,0
RT-020185,1,0
RT-020186,0,0
RT-020187,0,0
RT-020188,1,0
RT-020189,0,0
RT-020190,1,0
RT-020191,0,0
RT-020192,1,0
RT-020193,1,0
RT-020194,1,0
RT-020195,0,0
RT-020196,1,0
RT-020197,0,0
RT-020198,1,0
RT-020199,0,0
RT-020200,0,0
RT-020201,0,1
RT-020202,1,0
RT-020203,0,0
RT-020204,0,0
RT-020205,0,0
RT-020206,0,0
RT-020207,0,0
RT-020208,0,0
RT-020209,0,0
RT-020210,0,0
RT-020211,0,0
RT-020212,1,0
RT-020213,0,0
RT-020214,0,0
RT-020215,0,0
RT-020216,1,0
RT-020217,0,0
RT-020218,0,0
RT-020219,1,0
RT-020220,0,0
RT-020221,0,0
RT-020222,1,0
RT-020223,0,0
RT-020224,1,0
RT-020225,0,0
RT-020226,0,0
RT-020227,0,0
RT-020228,0,0
RT-020229,1,0
RT-020230,1,0
RT-020231,1,0
RT-020232,0,1
RT-020233,0,0
RT-020234,1,0
RT-020235,1,0
RT-020236,0,0
RT-020237,0,0
RT-020238,1,0
RT-020239,0,0
RT-020240,1,0
RT-020241,1,0
RT-020242,0,0
RT-020243,0,0
RT-020244,1,0
RT-020245,0,0
RT-020246,0,0
RT-020247,0,0
RT-020248,1,0
RT-020249,0,0
RT-020250,0,1
RT-020251,0,0
RT-020252,0,0
RT-020253,1,0
RT-020254,1,0
RT-020255,0,0
RT-020256,1,0
RT-020257,0,0
RT-020258,0,0
RT-020259,0,0
RT-020260,0,0
RT-020261,0,1
RT-020262,0,0
RT-020263,0,0
RT-020264,1,0
RT-020265,0,1
RT-020266,1,1
RT-020267,1,0
RT-020268,0,0
RT-020269,1,0
RT-020270,0,1
RT-020271,0,0
RT-020272,0,0
RT-020273,0,1
RT-020274,0,0
RT-020275,0,0
RT-020276,0,0
RT-020277,0,0
RT-020278,0,0
RT-020279,0,0
RT-020280,1,0
RT-020281,0,0
RT-020282,0,0
RT-020283,0,0
RT-020284,1,0
RT-020285,1,0
RT-020286,1,0
RT-020287,0,0
RT-020288,1,0
RT-020289,0,0
RT-020290,0,0
RT-020291,1,0
RT-020292,0,0
RT-020293,0,0
RT-020294,1,0
RT-020295,0,0
RT-020296,0,0
RT-020297,0,0
RT-020298,0,0
RT-020299,1,0
RT-020300,0,0
RT-020301,0,0
RT-020302,0,0
RT-020303,0,0
RT-020304,1,0
RT-020305,0,0
RT-020306,0,0
RT-020307,1,0
RT-020308,1,0
RT-020309,0,0
RT-020310,1,0
RT-020311,1,0
RT-020312,0,0
RT-020313,0,0
RT-020314,0,1
RT-020315,0,0
RT-020316,0,0
RT-020317,0,0
RT-020318,0,0
RT-020319,0,0
RT-020320,0,1
RT-020321,1,0
RT-020322,1,0
RT-020323,1,0
RT-020324,0,0
RT-020325,0,0
RT-020326,0,0
RT-020327,0,0
RT-020328,0,0
RT-020329,0,0
RT-020330,0,0
RT-020331,0,0
RT-020332,0,0
RT-020333,0,0
RT-020334,1,0
RT-020335,0,0
RT-020336,1,0
RT-020337,0,0
RT-020338,1,0
RT-020339,0,0
RT-020340,0,0
RT-020341,0,0
RT-020342,0,1
RT-020343,0,0
RT-020344,1,0
RT-020345,0,0
RT-020346,0,0
RT-020347,0,0
RT-020348,0,0
RT-020349,0,0
RT-020350,0,0
RT-020351,1,0
RT-020352,0,0
RT-020353,1,0
RT-020354,0,0
RT-020355,0,0
RT-020356,0,0
RT-020357,1,0
RT-020358,0,0
RT-020359,1,0
RT-020360,0,0
RT-020361,0,0
RT-020362,0,0
RT-020363,0,0
RT-020364,0,0
RT-020365,0,0
RT-020366,1,0
RT-020367,0,0
RT-020368,1,0
RT-020369,0,0
RT-020370,0,0
RT-020371,0,0
RT-020372,0,0
RT-020373,0,0
RT-020374,0,0
RT-020375,1,0
RT-020376,1,0
RT-020377,0,0
RT-020378,0,0
RT-020379,0,0
RT-020380,0,0
RT-020381,0,0
RT-020382,0,0
RT-020383,0,1
RT-020384,0,1
RT-020385,0,0
RT-020386,0,0
RT-020387,0,0
RT-020388,0,0
RT-020389,0,0
RT-020390,0,0
RT-020391,1,0
RT-020392,0,0
RT-020393,0,0
RT-020394,1,0
RT-020395,1,0
RT-020396,0,0
RT-020397,1,0
RT-020398,0,0
RT-020399,0,0
RT-020400,1,0
RT-020401,0,0
RT-020402,0,0
RT-020403,0,0
RT-020404,1,0
RT-020405,0,0
RT-020406,1,0
RT-020407,0,0
RT-020408,1,0
RT-020409,0,0
RT-020410,1,0
RT-020411,1,0
RT-020412,1,0
RT-020413,0,0
RT-020414,1,0
RT-020415,1,0
RT-020416,1,0
RT-020417,0,1
RT-020418,1,0
RT-020419,0,0
RT-020420,0,0
RT-020421,1,0
RT-020422,1,0
RT-020423,0,0
RT-020424,1,0
RT-020425,0,1
RT-020426,1,0
RT-020427,1,0
RT-020428,0,0
RT-020429,1,0
RT-020430,0,0
RT-020431,1,0
RT-020432,1,0
RT-020433,0,0
RT-020434,0,0
RT-020435,0,0
RT-020436,0,1
RT-020437,0,0
RT-020438,1,0
RT-020439,0,0
RT-020440,0,0
RT-020441,0,0
RT-020442,1,0
RT-020443,0,1
RT-020444,0,0
RT-020445,0,0
RT-020446,1,0
RT-020447,0,0
RT-020448,0,0
RT-020449,0,0
RT-020450,0,0
RT-020451,1,0
RT-020452,0,0
RT-020453,0,0
RT-020454,0,0
RT-020455,1,0
RT-020456,0,0
RT-020457,1,0
RT-020458,0,0
RT-020459,0,0
RT-020460,0,0
RT-020461,0,0
RT-020462,0,0
RT-020463,0,0
RT-020464,0,0
RT-020465,0,0
RT-020466,1,0
RT-020467,0,0
RT-020468,0,1
RT-020469,1,0
RT-020470,0,0
RT-020471,0,0
RT-020472,0,0
RT-020473,0,0
RT-020474,0,1
RT-020475,0,0
RT-020476,0,0
RT-020477,0,0
RT-020478,0,0
RT-020479,0,0
RT-020480,0,0
RT-020481,1,0
RT-020482,1,0
RT-020483,0,0
RT-020484,1,0
RT-020485,0,0
RT-020486,0,0
RT-020487,0,0
RT-020488,0,0
RT-020489,1,0
RT-020490,0,0
RT-020491,0,0
RT-020492,0,0
RT-020493,0,0
RT-020494,0,0
RT-020495,0,0
RT-020496,1,0
RT-020497,0,0
RT-020498,0,0
RT-020499,1,0
RT-020500,0,0
RT-020501,1,0
RT-020502,0,0
RT-020503,0,0
RT-020504,0,1
RT-020505,1,0
RT-020506,0,0
RT-020507,0,0
RT-020508,0,0
RT-020509,1,0
RT-020510,1,0
RT-020511,0,0
RT-020512,0,0
RT-020513,0,0
RT-020514,1,0
RT-020515,0,0
RT-020516,1,0
RT-020517,0,0
RT-020518,0,0
RT-020519,0,0
RT-020520,0,0
RT-020521,1,0
RT-020522,0,0
RT-020523,1,0
RT-020524,1,0
RT-020525,0,0
RT-020526,0,0
RT-020527,1,0
RT-020528,0,0
RT-020529,0,0
RT-020530,0,0
RT-020531,1,0
RT-020532,0,0
RT-020533,0,0
RT-020534,0,0
RT-020535,0,0
RT-020536,0,0
RT-020537,1,0
RT-020538,1,0
RT-020539,1,0
RT-020540,0,0
RT-020541,0,0
RT-020542,0,0
RT-020543,0,0
RT-020544,1,0
RT-020545,0,1
RT-020546,0,1
RT-020547,0,0
RT-020548,0,0
RT-020549,1,0
RT-020550,0,0
RT-020551,0,0
RT-020552,1,0
RT-020553,0,0
RT-020554,1,0
RT-020555,0,0
RT-020556,0,0
RT-020557,0,0
RT-020558,0,0
RT-020559,0,0
RT-020560,0,0
RT-020561,0,0
RT-020562,0,0
RT-020563,0,0
RT-020564,0,0
RT-020565,1,0
RT-020566,1,0
RT-020567,1,0
RT-020568,1,0
RT-020569,0,0
RT-020570,1,0
RT-020571,0,0
RT-020572,0,0
RT-020573,0,0
RT-020574,0,0
RT-020575,1,0
RT-020576,0,0
RT-020577,0,0
RT-020578,0,0
RT-020579,0,0
RT-020580,1,0
RT-020581,0,0
RT-020582,0,0
RT-020583,0,1
RT-020584,1,0
RT-020585,1,0
RT-020586,1,0
RT-020587,0,0
RT-020588,0,0
RT-020589,0,0
RT-020590,0,0
RT-020591,0,0
RT-020592,0,1
RT-020593,0,0
RT-020594,0,0
RT-020595,0,0
RT-020596,0,1
RT-020597,1,0
RT-020598,0,0
RT-020599,0,0
RT-020600,1,0
RT-020601,0,0
RT-020602,1,0
RT-020603,0,0
RT-020604,0,0
RT-020605,0,0
RT-020606,1,1
RT-020607,1,0
RT-020608,0,0
RT-020609,1,0
RT-020610,0,0
RT-020611,0,0
RT-020612,0,0
RT-020613,0,0
RT-020614,0,0
RT-020615,0,0
RT-020616,0,0
RT-020617,0,0
RT-020618,0,0
RT-020619,1,0
RT-020620,0,0
RT-020621,0,0
RT-020622,1,0
RT-020623,0,0
RT-020624,0,0
RT-020625,0,0
RT-020626,0,0
RT-020627,0,0
RT-020628,1,0
RT-020629,0,0
RT-020630,1,0
RT-020631,0,1
RT-020632,0,0
RT-020633,0,0
RT-020634,0,0
RT-020635,1,0
RT-020636,0,0
RT-020637,0,0
RT-020638,0,0
RT-020639,1,0
RT-020640,1,0
RT-020641,0,1
RT-020642,1,0
RT-020643,1,0
RT-020644,1,0
RT-020645,1,0
RT-020646,1,0
RT-020647,0,0
RT-020648,0,0
RT-020649,0,0
RT-020650,0,0
RT-020651,0,0
RT-020652,0,0
RT-020653,0,0
RT-020654,0,0
RT-020655,0,0
RT-020656,1,0
RT-020657,1,0
RT-020658,1,0
RT-020659,1,0
RT-020660,0,0
RT-020661,0,0
RT-020662,0,0
RT-020663,0,0
RT-020664,1,0
RT-020665,1,0
RT-020666,0,0
RT-020667,0,0
RT-020668,1,0
RT-020669,0,0
RT-020670,1,0
RT-020671,0,0
RT-020672,0,0
RT-020673,0,0
RT-020674,0,0
RT-020675,0,0
RT-020676,1,0
RT-020677,0,0
RT-020678,0,0
RT-020679,1,1
RT-020680,0,1
RT-020681,1,0
RT-020682,1,0
RT-020683,0,0
RT-020684,0,0
RT-020685,0,0
RT-020686,0,0
RT-020687,0,0
RT-020688,1,0
RT-020689,0,0
RT-020690,0,0
RT-020691,0,0
RT-020692,1,0
RT-020693,1,0
RT-020694,0,0
RT-020695,0,0
RT-020696,0,0
RT-020697,0,0
RT-020698,1,0
RT-020699,0,0
RT-020700,0,0
RT-020701,0,0
RT-020702,0,1
RT-020703,1,1
RT-020704,0,0
RT-020705,0,0
RT-020706,1,0
RT-020707,0,0
RT-020708,0,0
RT-020709,1,0
RT-020710,0,0
RT-020711,1,0
RT-020712,0,0
RT-020713,1,0
RT-020714,0,0
RT-020715,0,0
RT-020716,0,0
RT-020717,0,0
RT-020718,1,0
RT-020719,1,0
RT-020720,1,0
RT-020721,1,0
RT-020722,0,0
RT-020723,0,0
RT-020724,1,0
RT-020725,0,0
RT-020726,0,0
RT-020727,0,0
RT-020728,1,0
RT-020729,0,0
RT-020730,1,0
RT-020731,0,0
RT-020732,0,0
RT-020733,0,0
RT-020734,0,0
RT-020735,0,0
RT-020736,1,0
RT-020737,0,0
RT-020738,0,0
RT-020739,0,0
RT-020740,1,0
RT-020741,0,0
RT-020742,0,1
RT-020743,0,0
RT-020744,1,0
RT-020745,1,0
RT-020746,0,0
RT-020747,1,0
RT-020748,0,0
RT-020749,0,0
RT-020750,0,0
RT-020751,0,0
RT-020752,0,0
RT-020753,1,0
RT-020754,0,0
RT-020755,0,0
RT-020756,0,0
RT-020757,1,0
RT-020758,0,0
RT-020759,0,0
RT-020760,0,0
RT-020761,0,0
RT-020762,0,0
RT-020763,0,0
RT-020764,0,0
RT-020765,0,0
RT-020766,0,0
RT-020767,1,0
RT-020768,0,0
RT-020769,0,0
RT-020770,1,0
RT-020771,1,0
RT-020772,0,0
RT-020773,0,0
RT-020774,0,0
RT-020775,0,0
RT-020776,0,0
RT-020777,1,0
RT-020778,0,0
RT-020779,0,0
RT-020780,0,0
RT-020781,0,0
RT-020782,0,0
RT-020783,1,0
RT-020784,1,0
RT-020785,1,0
RT-020786,0,0
RT-020787,1,0
RT-020788,1,0
RT-020789,0,0
RT-020790,0,0
RT-020791,0,0
RT-020792,0,0
RT-020793,0,0
RT-020794,0,0
RT-020795,1,0
RT-020796,0,0
RT-020797,1,1
RT-020798,0,0
RT-020799,1,0
RT-020800,1,1
RT-020801,0,0
RT-020802,0,0
RT-020803,0,0
RT-020804,0,1
RT-020805,1,0
RT-020806,1,0
RT-020807,0,0
RT-020808,0,0
RT-020809,0,0
RT-020810,1,0
RT-020811,0,1
RT-020812,1,0
RT-020813,0,0
RT-020814,1,0
RT-020815,1,0
RT-020816,0,1
RT-020817,0,0
RT-020818,0,0
RT-020819,0,0
RT-020820,0,0
RT-020821,1,0
RT-020822,0,0
RT-020823,0,0
RT-020824,0,0
RT-020825,0,0
RT-020826,0,0
RT-020827,0,0
RT-020828,0,1
RT-020829,0,0
RT-020830,0,0
RT-020831,0,0
RT-020832,1,0
RT-020833,0,0
RT-020834,0,0
RT-020835,0,0
RT-020836,1,0
RT-020837,0,0
RT-020838,0,0
RT-020839,0,0
RT-020840,0,0
RT-020841,0,0
RT-020842,0,0
RT-020843,0,0
RT-020844,0,0
RT-020845,0,1
RT-020846,0,0
RT-020847,1,0
RT-020848,1,0
RT-020849,1,0
RT-020850,0,0
RT-020851,1,0
RT-020852,1,1
RT-020853,0,0
RT-020854,0,0
RT-020855,0,0
RT-020856,0,0
RT-020857,1,0
RT-020858,1,0
RT-020859,0,0
RT-020860,1,0
RT-020861,0,0
RT-020862,0,0
RT-020863,0,0
RT-020864,0,0
RT-020865,0,0
RT-020866,0,0
RT-020867,0,0
RT-020868,0,1
RT-020869,0,0
RT-020870,0,0
RT-020871,1,0
RT-020872,0,0
RT-020873,0,0
RT-020874,0,0
RT-020875,1,0
RT-020876,1,0
RT-020877,0,1
RT-020878,0,1
RT-020879,0,0
RT-020880,1,0
RT-020881,0,0
RT-020882,1,0
RT-020883,1,0
RT-020884,0,0
RT-020885,0,0
RT-020886,0,0
RT-020887,1,0
RT-020888,0,0
RT-020889,0,0
RT-020890,0,0
RT-020891,1,0
RT-020892,1,0
RT-020893,0,0
RT-020894,0,0
RT-020895,0,1
RT-020896,0,0
RT-020897,0,0
RT-020898,0,0
RT-020899,0,0
RT-020900,1,0
RT-020901,1,0
RT-020902,0,0
RT-020903,1,0
RT-020904,1,0
RT-020905,0,0
RT-020906,0,0
RT-020907,1,0
RT-020908,1,0
RT-020909,0,0
RT-020910,0,0
RT-020911,1,0
RT-020912,0,0
RT-020913,0,0
RT-020914,1,0
RT-020915,0,0
RT-020916,0,0
RT-020917,0,0
RT-020918,1,0
RT-020919,0,0
RT-020920,1,0
RT-020921,0,0
RT-020922,0,0
RT-020923,0,0
RT-020924,0,0
RT-020925,1,0
RT-020926,1,0
RT-020927,0,0
RT-020928,1,0
RT-020929,0,0
RT-020930,0,0
RT-020931,1,0
RT-020932,0,0
RT-020933,0,0
RT-020934,1,0
RT-020935,0,0
RT-020936,0,0
RT-020937,0,0
RT-020938,0,1
RT-020939,0,0
RT-020940,0,0
RT-020941,1,0
RT-020942,0,0
RT-020943,1,0
RT-020944,0,0
RT-020945,1,0
RT-020946,1,0
RT-020947,1,0
RT-020948,0,0
RT-020949,0,0
RT-020950,1,0
RT-020951,1,0
RT-020952,0,0
RT-020953,0,0
RT-020954,1,0
RT-020955,0,0
RT-020956,0,0
RT-020957,1,0
RT-020958,0,0
RT-020959,1,0
RT-020960,0,0
RT-020961,0,0
RT-020962,0,0
RT-020963,0,0
RT-020964,1,0
RT-020965,0,0
RT-020966,1,0
RT-020967,0,0
RT-020968,0,0
RT-020969,1,0
RT-020970,1,1
RT-020971,0,1
RT-020972,0,0
RT-020973,1,0
RT-020974,1,0
RT-020975,0,0
RT-020976,0,0
RT-020977,1,0
RT-020978,0,0
RT-020979,1,0
RT-020980,0,0
RT-020981,1,0
RT-020982,1,0
RT-020983,0,0
RT-020984,0,0
RT-020985,1,0
RT-020986,0,0
RT-020987,0,0
RT-020988,0,0
RT-020989,0,0
RT-020990,0,0
RT-020991,0,0
RT-020992,1,0
RT-020993,1,0
RT-020994,0,0
RT-020995,0,0
RT-020996,0,0
RT-020997,0,0
RT-020998,0,0
RT-020999,0,0
RT-021000,1,0
RT-021001,0,0
RT-021002,0,0
RT-021003,0,0
RT-021004,1,0
RT-021005,0,0
RT-021006,0,1
RT-021007,1,0
RT-021008,1,0
RT-021009,1,0
RT-021010,0,0
RT-021011,1,0
RT-021012,0,0
RT-021013,1,0
RT-021014,0,0
RT-021015,1,0
RT-021016,0,0
RT-021017,0,0
RT-021018,0,0
RT-021019,0,0
RT-021020,1,0
RT-021021,1,1
RT-021022,0,0
RT-021023,1,0
RT-021024,1,0
RT-021025,0,0
RT-021026,0,0
RT-021027,0,0
RT-021028,1,0
RT-021029,0,0
RT-021030,1,0
RT-021031,0,0
RT-021032,0,0
RT-021033,0,0
RT-021034,0,0
RT-021035,0,0
RT-021036,0,0
RT-021037,1,0
RT-021038,1,0
RT-021039,0,1
RT-021040,1,0
RT-021041,0,0
RT-021042,1,0
RT-021043,1,0
RT-021044,0,0
RT-021045,0,0
RT-021046,0,0
RT-021047,1,0
RT-021048,0,0
RT-021049,0,0
RT-021050,0,1
RT-021051,0,0
RT-021052,0,0
RT-021053,1,0
RT-021054,0,0
RT-021055,0,0
RT-021056,1,0
RT-021057,0,0
RT-021058,0,0
RT-021059,0,0
RT-021060,1,0
RT-021061,0,0
RT-021062,0,0
RT-021063,0,0
RT-021064,0,0
RT-021065,0,0
RT-021066,1,0
RT-021067,0,0
RT-021068,0,0
RT-021069,0,0
RT-021070,1,0
RT-021071,0,0
RT-021072,0,0
RT-021073,1,0
RT-021074,0,0
RT-021075,0,0
RT-021076,1,0
RT-021077,0,1
RT-021078,1,0
RT-021079,1,0
RT-021080,0,0
RT-021081,0,0
RT-021082,0,0
RT-021083,1,0
RT-021084,0,0
RT-021085,0,0
RT-021086,0,0
RT-021087,0,0
RT-021088,0,0
RT-021089,0,0
RT-021090,1,1
RT-021091,1,0
RT-021092,1,0
RT-021093,1,0
RT-021094,0,0
RT-021095,0,1
RT-021096,1,0
RT-021097,0,0
RT-021098,1,0
RT-021099,0,0
RT-021100,0,0
RT-021101,0,0
RT-021102,0,0
RT-021103,0,0
RT-021104,0,0
RT-021105,0,0
RT-021106,0,0
RT-021107,1,0
RT-021108,1,0
RT-021109,0,0
RT-021110,0,0
RT-021111,0,0
RT-021112,0,0
RT-021113,1,0
RT-021114,1,0
RT-021115,0,0
RT-021116,1,0
RT-021117,0,1
RT-021118,0,0
RT-021119,1,0
RT-021120,0,0
RT-021121,0,0
RT-021122,1,0
RT-021123,0,0
RT-021124,0,0
RT-021125,0,0
RT-021126,0,0
RT-021127,0,0
RT-021128,0,0
RT-021129,1,0
RT-021130,1,0
RT-021131,0,0
RT-021132,0,0
RT-021133,0,0
RT-021134,0,0
RT-021135,0,0
RT-021136,0,0
RT-021137,0,0
RT-021138,1,0
RT-021139,0,0
RT-021140,0,1
RT-021141,0,0
RT-021142,0,0
RT-021143,0,0
RT-021144,1,0
RT-021145,0,0
RT-021146,1,0
RT-021147,0,0
RT-021148,0,0
RT-021149,0,1
RT-021150,0,0
RT-021151,1,0
RT-021152,0,0
RT-021153,1,0
RT-021154,1,0
RT-021155,1,1
RT-021156,0,0
RT-021157,0,0
RT-021158,0,0
RT-021159,0,0
RT-021160,1,0
RT-021161,0,0
RT-021162,0,0
RT-021163,1,0
RT-021164,0,0
RT-021165,0,0
RT-021166,0,0
RT-021167,1,0
RT-021168,0,0
RT-021169,0,0
RT-021170,0,0
RT-021171,0,0
RT-021172,0,1
RT-021173,0,0
RT-021174,0,0
RT-021175,0,0
RT-021176,0,0
RT-021177,0,0
RT-021178,1,0
RT-021179,0,0
RT-021180,0,0
RT-021181,0,0
RT-021182,0,1
RT-021183,0,0
RT-021184,0,0
RT-021185,1,0
RT-021186,0,0
RT-021187,0,0
RT-021188,0,0
RT-021189,0,0
RT-021190,0,0
RT-021191,1,0
RT-021192,0,0
RT-021193,1,0
RT-021194,0,0
RT-021195,1,0
RT-021196,1,0
RT-021197,1,0
RT-021198,0,0
RT-021199,0,0
RT-021200,1,0
RT-021201,0,1
RT-021202,0,0
RT-021203,0,0
RT-021204,1,0
RT-021205,1,0
RT-021206,0,0
RT-021207,0,0
RT-021208,1,0
RT-021209,0,1
RT-021210,0,0
RT-021211,1,0
RT-021212,1,0
RT-021213,1,1
RT-021214,0,0
RT-021215,0,0
RT-021216,0,0
RT-021217,0,0
RT-021218,1,0
RT-021219,0,1
RT-021220,0,0
RT-021221,0,0
RT-021222,0,0
RT-021223,0,0
RT-021224,1,0
RT-021225,0,0
RT-021226,0,0
RT-021227,1,0
RT-021228,0,0
RT-021229,1,0
RT-021230,0,0
RT-021231,0,0
RT-021232,0,0
RT-021233,1,0
RT-021234,1,0
RT-021235,1,0
RT-021236,1,0
RT-021237,0,0
RT-021238,1,0
RT-021239,0,0
RT-021240,0,0
RT-021241,0,0
RT-021242,1,0
RT-021243,0,0
RT-021244,0,0
RT-021245,0,0
RT-021246,0,0
RT-021247,1,0
RT-021248,0,0
RT-021249,0,0
RT-021250,0,0
RT-021251,1,0
RT-021252,1,0
RT-021253,1,0
RT-021254,0,0
RT-021255,1,0
RT-021256,0,0
RT-021257,0,0
RT-021258,0,0
RT-021259,0,0
RT-021260,1,0
RT-021261,0,0
RT-021262,1,0
RT-021263,0,0
RT-021264,0,0
RT-021265,1,1
RT-021266,1,0
RT-021267,0,0
RT-021268,0,0
RT-021269,0,0
RT-021270,0,0
RT-021271,0,0
RT-021272,1,0
RT-021273,0,0
RT-021274,0,0
RT-021275,0,1
RT-021276,0,0
RT-021277,1,0
RT-021278,0,0
RT-021279,0,0
RT-021280,0,0
RT-021281,0,0
RT-021282,1,0
RT-021283,0,1
RT-021284,0,0
RT-021285,0,0
RT-021286,1,0
RT-021287,1,0
RT-021288,0,0
RT-021289,0,0
RT-021290,1,0
RT-021291,0,0
RT-021292,0,0
RT-021293,0,0
RT-021294,0,0
RT-021295,0,0
RT-021296,0,0
RT-021297,0,0
RT-021298,0,0
RT-021299,0,0
RT-021300,1,0
RT-021301,1,0
RT-021302,0,0
RT-021303,0,0
RT-021304,0,0
RT-021305,1,0
RT-021306,0,0
RT-021307,0,0
RT-021308,1,0
RT-021309,0,0
RT-021310,0,0
RT-021311,0,1
RT-021312,0,0
RT-021313,0,0
RT-021314,0,0
RT-021315,1,0
RT-021316,0,1
RT-021317,0,0
RT-021318,1,0
RT-021319,0,0
RT-021320,0,0
RT-021321,0,0
RT-021322,0,0
RT-021323,0,0
RT-021324,1,0
RT-021325,0,0
RT-021326,0,0
RT-021327,0,0
RT-021328,0,1
RT-021329,0,0
RT-021330,0,0
RT-021331,0,0
RT-021332,0,0
RT-021333,1,0
RT-021334,0,0
RT-021335,0,0
RT-021336,0,0
RT-021337,0,0
RT-021338,0,0
RT-021339,1,0
RT-021340,0,0
RT-021341,1,0
RT-021342,0,0
RT-021343,1,0
RT-021344,0,0
RT-021345,1,0
RT-021346,0,1
RT-021347,1,0
RT-021348,1,0
RT-021349,0,0
RT-021350,1,0
RT-021351,0,1
RT-021352,0,0
RT-021353,0,0
RT-021354,0,0
RT-021355,0,1
RT-021356,1,0
RT-021357,0,0
RT-021358,0,0
RT-021359,0,0
RT-021360,0,1
RT-021361,0,0
RT-021362,0,0
RT-021363,1,0
RT-021364,0,0
RT-021365,0,0
RT-021366,0,0
RT-021367,1,0
RT-021368,0,0
RT-021369,1,0
RT-021370,1,0
RT-021371,0,1
RT-021372,1,0
RT-021373,0,0
RT-021374,1,0
RT-021375,0,1
RT-021376,1,0
RT-021377,0,0
RT-021378,0,0
RT-021379,0,0
RT-021380,0,0
RT-021381,1,0
RT-021382,1,0
RT-021383,0,0
RT-021384,0,0
RT-021385,0,0
RT-021386,0,0
RT-021387,1,0
RT-021388,0,0
RT-021389,0,0
RT-021390,0,0
RT-021391,0,0
RT-021392,0,0
RT-021393,0,0
RT-021394,0,0
RT-021395,0,0
RT-021396,0,0
RT-021397,0,0
RT-021398,1,0
RT-021399,1,0
RT-021400,0,0
RT-021401,1,0
RT-021402,0,0
RT-021403,0,0
RT-021404,0,0
RT-021405,0,0
RT-021406,0,0
RT-021407,0,0
RT-021408,0,0
RT-021409,1,0
RT-021410,1,0
RT-021411,0,0
RT-021412,0,0
RT-021413,0,0
RT-021414,0,0
RT-021415,1,0
RT-021416,0,0
RT-021417,0,0
RT-021418,1,0
RT-021419,1,0
RT-021420,1,0
RT-021421,0,0
RT-021422,1,0
RT-021423,1,0
RT-021424,0,0
RT-021425,0,0
RT-021426,0,0
RT-021427,0,0
RT-021428,0,0
RT-021429,0,0
RT-021430,0,0
RT-021431,0,0
RT-021432,0,0
RT-021433,1,0
RT-021434,0,0
RT-021435,1,0
RT-021436,0,0
RT-021437,0,0
RT-021438,0,0
RT-021439,1,0
RT-021440,0,0
RT-021441,1,0
RT-021442,1,0
RT-021443,0,0
RT-021444,1,0
RT-021445,0,0
RT-021446,0,0
RT-021447,1,0
RT-021448,0,0
RT-021449,0,0
RT-021450,0,0
RT-021451,0,0
RT-021452,0,0
RT-021453,0,0
RT-021454,0,0
RT-021455,0,0
RT-021456,0,0
RT-021457,1,0
RT-021458,0,0
RT-021459,0,0
RT-021460,0,0
RT-021461,1,0
RT-021462,1,0
RT-021463,1,0
RT-021464,1,1
RT-021465,0,0
RT-021466,0,0
RT-021467,1,0
RT-021468,0,0
RT-021469,0,0
RT-021470,1,0
RT-021471,0,0
RT-021472,0,0
RT-021473,0,1
RT-021474,0,0
RT-021475,0,0
RT-021476,1,0
RT-021477,0,0
RT-021478,0,0
RT-021479,0,0
RT-021480,0,0
RT-021481,1,0
RT-021482,0,0
RT-021483,0,0
RT-021484,1,0
RT-021485,0,0
RT-021486,1,0
RT-021487,1,0
RT-021488,0,0
RT-021489,1,0
RT-021490,0,0
RT-021491,0,0
RT-021492,1,0
RT-021493,1,0
RT-021494,0,0
RT-021495,0,0
RT-021496,0,1
RT-021497,0,0
RT-021498,1,0
RT-021499,0,0
RT-021500,1,0
RT-021501,0,0
RT-021502,0,0
RT-021503,0,0
RT-021504,0,0
RT-021505,0,0
RT-021506,1,0
RT-021507,0,0
RT-021508,0,0
RT-021509,0,0
RT-021510,0,0
RT-021511,1,0
RT-021512,1,0
RT-021513,1,0
RT-021514,0,0
RT-021515,0,0
RT-021516,0,0
RT-021517,0,0
RT-021518,1,0
RT-021519,1,1
RT-021520,0,0
RT-021521,1,0
RT-021522,0,0
RT-021523,1,0
RT-021524,1,0
RT-021525,1,0
RT-021526,0,0
RT-021527,0,0
RT-021528,0,0
RT-021529,0,1
RT-021530,0,0
RT-021531,0,1
RT-021532,1,0
RT-021533,1,0
RT-021534,0,1
RT-021535,0,0
RT-021536,0,0
RT-021537,0,0
RT-021538,0,0
RT-021539,0,1
RT-021540,1,1
RT-021541,1,0
RT-021542,0,0
RT-021543,0,0
RT-021544,1,0
RT-021545,1,0
RT-021546,0,0
RT-021547,0,0
RT-021548,0,0
RT-021549,0,1
RT-021550,0,1
RT-021551,0,0
RT-021552,0,0
RT-021553,1,0
RT-021554,0,0
RT-021555,0,0
RT-021556,1,0
RT-021557,0,0
RT-021558,0,0
RT-021559,0,0
RT-021560,0,1
RT-021561,0,0
RT-021562,0,0
RT-021563,1,0
RT-021564,1,0
RT-021565,0,0
RT-021566,0,0
RT-021567,1,0
RT-021568,1,0
RT-021569,1,0
RT-021570,0,0
RT-021571,0,0
RT-021572,0,0
RT-021573,0,0
RT-021574,0,0
RT-021575,0,0
RT-021576,1,0
RT-021577,0,0
RT-021578,0,0
RT-021579,0,0
RT-021580,0,1
RT-021581,0,0
RT-021582,1,0
RT-021583,1,0
RT-021584,0,0
RT-021585,0,0
RT-021586,0,0
RT-021587,0,0
RT-021588,0,0
RT-021589,0,0
RT-021590,0,0
RT-021591,0,0
RT-021592,0,0
RT-021593,0,0
RT-021594,1,0
RT-021595,0,0
RT-021596,0,0
RT-021597,0,0
RT-021598,1,0
RT-021599,0,0
RT-021600,0,0
RT-021601,1,0
RT-021602,1,0
RT-021603,0,0
RT-021604,1,0
RT-021605,1,0
RT-021606,1,0
RT-021607,0,0
RT-021608,0,0
RT-021609,0,1
RT-021610,1,0
RT-021611,0,0
RT-021612,0,0
RT-021613,0,0
RT-021614,1,0
RT-021615,1,0
RT-021616,0,0
RT-021617,1,0
RT-021618,0,1
RT-021619,0,1
RT-021620,0,1
RT-021621,0,0
RT-021622,0,0
RT-021623,0,0
RT-021624,1,0
RT-021625,0,0
RT-021626,0,0
RT-021627,0,0
RT-021628,0,0
RT-021629,0,0
RT-021630,1,0
RT-021631,0,0
RT-021632,0,0
RT-021633,1,0
RT-021634,0,1
RT-021635,0,0
RT-021636,1,0
RT-021637,0,0
RT-021638,1,0
RT-021639,0,0
RT-021640,0,0
RT-021641,0,0
RT-021642,1,0
RT-021643,1,0
RT-021644,0,0
RT-021645,0,0
RT-021646,0,0
RT-021647,0,0
RT-021648,1,0
RT-021649,0,0
RT-021650,1,0
RT-021651,1,0
RT-021652,0,0
RT-021653,0,0
RT-021654,0,0
RT-021655,0,0
RT-021656,0,0
RT-021657,0,0
RT-021658,1,0
RT-021659,1,0
RT-021660,1,0
RT-021661,0,0
RT-021662,0,1
RT-021663,0,0
RT-021664,0,0
RT-021665,1,0
RT-021666,1,0
RT-021667,0,0
RT-021668,0,0
RT-021669,0,0
RT-021670,0,0
RT-021671,1,0
RT-021672,0,1
RT-021673,1,0
RT-021674,0,0
RT-021675,0,1
RT-021676,0,0
RT-021677,0,0
RT-021678,0,0
RT-021679,0,1
RT-021680,0,0
RT-021681,0,0
RT-021682,1,0
RT-021683,0,0
RT-021684,0,0
RT-021685,0,0
RT-021686,0,1
RT-021687,0,0
RT-021688,1,0
RT-021689,1,0
RT-021690,0,0
RT-021691,1,0
RT-021692,0,0
RT-021693,0,0
RT-021694,1,0
RT-021695,0,0
RT-021696,0,0
RT-021697,0,0
RT-021698,0,0
RT-021699,0,0
RT-021700,0,0
RT-021701,0,0
RT-021702,0,0
RT-021703,1,0
RT-021704,1,0
RT-021705,0,0
RT-021706,0,0
RT-021707,1,0
RT-021708,0,0
RT-021709,0,0
RT-021710,0,0
RT-021711,0,0
RT-021712,1,0
RT-021713,1,1
RT-021714,0,0
RT-021715,1,0
RT-021716,1,0
RT-021717,0,0
RT-021718,1,0
RT-021719,0,0
RT-021720,0,0
RT-021721,0,0
RT-021722,1,0
RT-021723,1,0
RT-021724,0,0
RT-021725,1,0
RT-021726,0,0
RT-021727,0,0
RT-021728,0,1
RT-021729,0,0
RT-021730,0,0
RT-021731,0,0
RT-021732,0,0
RT-021733,1,0
RT-021734,1,0
RT-021735,0,0
RT-021736,0,0
RT-021737,0,0
RT-021738,0,0
RT-021739,0,0
RT-021740,1,0
RT-021741,0,0
RT-021742,0,1
RT-021743,0,0
RT-021744,0,0
RT-021745,0,0
RT-021746,1,0
RT-021747,1,0
RT-021748,0,0
RT-021749,0,0
RT-021750,0,0
RT-021751,0,0
RT-021752,0,0
RT-021753,0,0
RT-021754,1,0
RT-021755,1,0
RT-021756,1,0
RT-021757,0,0
RT-021758,0,0
RT-021759,0,0
RT-021760,0,0
RT-021761,1,0
RT-021762,0,1
RT-021763,1,1
RT-021764,0,0
RT-021765,0,0
RT-021766,0,0
RT-021767,1,0
RT-021768,0,0
RT-021769,0,1
RT-021770,0,0
RT-021771,0,0
RT-021772,1,0
RT-021773,0,0
RT-021774,1,0
RT-021775,0,0
RT-021776,0,0
RT-021777,0,0
RT-021778,1,0
RT-021779,0,0
RT-021780,0,0
RT-021781,0,0
RT-021782,0,0
RT-021783,0,0
RT-021784,0,0
RT-021785,0,0
RT-021786,1,0
RT-021787,1,0
RT-021788,0,0
RT-021789,1,0
RT-021790,0,1
RT-021791,0,0
RT-021792,0,1
RT-021793,1,0
RT-021794,0,0
RT-021795,0,0
RT-021796,0,0
RT-021797,1,0
RT-021798,0,0
RT-021799,0,0
RT-021800,0,0
RT-021801,0,0
RT-021802,0,0
RT-021803,0,0
RT-021804,0,0
RT-021805,0,0
RT-021806,1,0
RT-021807,1,0
RT-021808,0,0
RT-021809,0,0
RT-021810,0,0
RT-021811,0,0
RT-021812,0,0
RT-021813,0,0
RT-021814,1,0
RT-021815,0,0
RT-021816,1,0
RT-021817,0,0
RT-021818,1,0
RT-021819,0,0
RT-021820,0,0
RT-021821,0,0
RT-021822,1,0
RT-021823,1,0
RT-021824,0,0
RT-021825,0,1
RT-021826,0,0
RT-021827,0,0
RT-021828,0,0
RT-021829,0,0
RT-021830,0,0
RT-021831,0,0
RT-021832,0,0
RT-021833,0,0
RT-021834,1,0
RT-021835,1,0
RT-021836,0,0
RT-021837,0,0
RT-021838,1,0
RT-021839,0,0
RT-021840,0,0
RT-021841,1,0
RT-021842,0,0
RT-021843,0,0
RT-021844,0,0
RT-021845,1,0
RT-021846,0,0
RT-021847,0,0
RT-021848,0,0
RT-021849,0,0
RT-021850,0,0
RT-021851,0,0
RT-021852,0,1
RT-021853,0,0
RT-021854,0,0
RT-021855,1,0
RT-021856,1,1
RT-021857,1,0
RT-021858,0,0
RT-021859,0,1
RT-021860,1,0
RT-021861,0,0
RT-021862,0,0
RT-021863,0,0
RT-021864,1,0
RT-021865,0,0
RT-021866,0,0
RT-021867,1,0
RT-021868,1,0
RT-021869,1,0
RT-021870,1,0
RT-021871,0,0
RT-021872,1,0
RT-021873,0,0
RT-021874,0,0
RT-021875,0,1
RT-021876,0,0
RT-021877,0,0
RT-021878,0,0
RT-021879,0,0
RT-021880,1,0
RT-021881,0,0
RT-021882,0,0
RT-021883,1,0
RT-021884,1,0
RT-021885,0,0
RT-021886,0,0
RT-021887,0,0
RT-021888,1,0
RT-021889,0,0
RT-021890,0,0
RT-021891,0,0
RT-021892,1,0
RT-021893,1,0
RT-021894,0,0
RT-021895,0,1
RT-021896,0,0
RT-021897,0,0
RT-021898,1,0
RT-021899,1,0
RT-021900,0,0
RT-021901,0,0
RT-021902,0,0
RT-021903,0,0
RT-021904,0,0
RT-021905,1,0
RT-021906,0,0
RT-021907,0,0
RT-021908,0,0
RT-021909,0,1
RT-021910,0,0
RT-021911,1,0
RT-021912,1,0
RT-021913,1,0
RT-021914,0,0
RT-021915,1,0
RT-021916,0,0
RT-021917,0,0
RT-021918,1,0
RT-021919,0,0
RT-021920,0,0
RT-021921,0,0
RT-021922,1,0
RT-021923,0,0
RT-021924,0,0
RT-021925,0,0
RT-021926,1,0
RT-021927,0,0
RT-021928,0,0
RT-021929,1,0
RT-021930,0,0
RT-021931,1,0
RT-021932,0,0
RT-021933,1,0
RT-021934,0,0
RT-021935,0,0
RT-021936,0,0
RT-021937,1,0
RT-021938,1,0
RT-021939,0,0
RT-021940,0,0
RT-021941,1,0
RT-021942,0,1
RT-021943,0,0
RT-021944,0,0
RT-021945,1,0
RT-021946,0,0
RT-021947,0,0
RT-021948,1,0
RT-021949,1,0
RT-021950,0,0
RT-021951,0,0
RT-021952,0,0
RT-021953,1,0
RT-021954,0,0
RT-021955,0,0
RT-021956,1,0
RT-021957,0,0
RT-021958,1,0
RT-021959,0,0
RT-021960,0,0
RT-021961,1,0
RT-021962,0,0
RT-021963,0,0
RT-021964,0,0
RT-021965,0,0
RT-021966,1,0
RT-021967,0,0
RT-021968,0,0
RT-021969,1,0
RT-021970,0,0
RT-021971,0,1
RT-021972,1,0
RT-021973,1,0
RT-021974,1,0
RT-021975,0,0
RT-021976,0,0
RT-021977,0,0
RT-021978,0,0
RT-021979,1,0
RT-021980,1,0
RT-021981,1,0
RT-021982,1,0
RT-021983,0,0
RT-021984,0,0
RT-021985,1,0
RT-021986,0,0
RT-021987,0,0
RT-021988,0,0
RT-021989,1,0
RT-021990,0,0
RT-021991,0,0
RT-021992,0,0
RT-021993,0,0
RT-021994,0,0
RT-021995,1,0
RT-021996,0,0
RT-021997,0,0
RT-021998,0,0
RT-021999,0,0
RT-022000,0,0
RT-022001,1,0
RT-022002,0,0
RT-022003,0,0
RT-022004,0,0
RT-022005,0,0
RT-022006,0,0
RT-022007,1,0
RT-022008,1,0
RT-022009,0,1
RT-022010,0,0
RT-022011,1,0
RT-022012,1,0
RT-022013,0,0
RT-022014,1,1
RT-022015,0,0
RT-022016,0,0
RT-022017,0,0
RT-022018,0,0
RT-022019,0,0
RT-022020,1,0
RT-022021,1,0
RT-022022,0,0
RT-022023,0,0
RT-022024,1,0
RT-022025,0,0
RT-022026,0,0
RT-022027,0,0
RT-022028,0,0
RT-022029,0,0
RT-022030,0,0
RT-022031,0,0
RT-022032,1,0
RT-022033,0,0
RT-022034,1,0
RT-022035,1,0
RT-022036,1,0
RT-022037,0,0
RT-022038,0,0
RT-022039,0,0
RT-022040,0,0
RT-022041,1,0
RT-022042,0,0
RT-022043,1,0
RT-022044,0,0
RT-022045,1,0
RT-022046,0,0
RT-022047,1,0
RT-022048,0,0
RT-022049,0,0
RT-022050,1,0
RT-022051,0,0
RT-022052,0,0
RT-022053,1,0
RT-022054,1,0
RT-022055,0,1
RT-022056,0,1
RT-022057,0,1
RT-022058,0,0
RT-022059,0,0
RT-022060,0,0
RT-022061,0,0
RT-022062,1,0
RT-022063,0,0
RT-022064,0,0
RT-022065,0,0
RT-022066,0,0
RT-022067,0,0
RT-022068,0,0
RT-022069,0,0
RT-022070,0,0
RT-022071,0,0
RT-022072,0,0
RT-022073,0,0
RT-022074,0,0
RT-022075,1,0
RT-022076,0,0
RT-022077,1,0
RT-022078,0,0
RT-022079,1,0
RT-022080,0,0
RT-022081,0,0
RT-022082,1,0
RT-022083,0,0
RT-022084,0,0
RT-022085,0,0
RT-022086,0,0
RT-022087,0,0
RT-022088,0,0
RT-022089,0,0
RT-022090,0,0
RT-022091,0,0
RT-022092,0,0
RT-022093,0,0
RT-022094,1,0
RT-022095,1,0
RT-022096,0,0
RT-022097,1,0
RT-022098,0,0
RT-022099,0,0
RT-022100,0,0
RT-022101,0,0
RT-022102,0,0
RT-022103,1,0
RT-022104,0,0
RT-022105,1,0
RT-022106,0,0
RT-022107,0,0
RT-022108,1,0
RT-022109,0,1
RT-022110,1,0
RT-022111,1,0
RT-022112,1,0
RT-022113,0,1
RT-022114,0,0
RT-022115,1,0
RT-022116,1,0
RT-022117,0,0
RT-022118,0,0
RT-022119,0,0
RT-022120,0,0
RT-022121,1,0
RT-022122,0,0
RT-022123,0,0
RT-022124,0,0
RT-022125,1,0
RT-022126,0,0
RT-022127,0,0
RT-022128,0,0
RT-022129,0,0
RT-022130,0,0
RT-022131,0,0
RT-022132,0,0
RT-022133,0,0
RT-022134,0,0
RT-022135,0,0
RT-022136,1,0
RT-022137,0,0
RT-022138,0,1
RT-022139,1,0
RT-022140,0,0
RT-022141,0,0
RT-022142,0,1
RT-022143,0,0
RT-022144,0,0
RT-022145,1,0
RT-022146,0,0
RT-022147,0,0
RT-022148,1,0
RT-022149,1,0
RT-022150,0,0
RT-022151,1,0
RT-022152,1,0
RT-022153,0,0
RT-022154,1,0
RT-022155,1,0
RT-022156,0,0
RT-022157,0,0
RT-022158,0,0
RT-022159,0,0
RT-022160,0,0
RT-022161,0,0
RT-022162,0,0
RT-022163,0,0
RT-022164,0,0
RT-022165,0,0
RT-022166,0,0
RT-022167,1,0
RT-022168,0,0
RT-022169,0,0
RT-022170,0,0
RT-022171,0,1
RT-022172,1,1
RT-022173,1,0
RT-022174,0,0
RT-022175,1,0
RT-022176,1,0
RT-022177,0,0
RT-022178,1,0
RT-022179,0,0
RT-022180,1,0
RT-022181,0,0
RT-022182,0,0
RT-022183,1,0
RT-022184,0,0
RT-022185,0,0
RT-022186,1,0
RT-022187,0,0
RT-022188,1,0
RT-022189,0,0
RT-022190,0,0
RT-022191,0,0
RT-022192,0,0
RT-022193,1,0
RT-022194,1,0
RT-022195,1,0
RT-022196,0,1
RT-022197,0,0
RT-022198,0,0
RT-022199,0,0
RT-022200,0,0
RT-022201,0,1
RT-022202,0,0
RT-022203,0,0
RT-022204,0,0
RT-022205,1,0
RT-022206,0,0
RT-022207,0,0
RT-022208,0,0
RT-022209,1,0
RT-022210,0,1
RT-022211,1,0
RT-022212,0,0
RT-022213,0,0
RT-022214,0,0
RT-022215,1,0
RT-022216,0,0
RT-022217,1,0
RT-022218,0,0
RT-022219,0,0
RT-022220,0,1
RT-022221,0,0
RT-022222,0,0
RT-022223,1,0
RT-022224,1,0
RT-022225,1,1
RT-022226,0,0
RT-022227,0,0
RT-022228,1,0
RT-022229,0,0
RT-022230,0,1
RT-022231,0,0
RT-022232,0,0
RT-022233,0,0
RT-022234,0,0
RT-022235,0,0
RT-022236,0,1
RT-022237,0,0
RT-022238,1,0
RT-022239,0,1
RT-022240,0,0
RT-022241,0,0
RT-022242,1,0
RT-022243,0,0
RT-022244,0,0
RT-022245,1,1
RT-022246,0,0
RT-022247,0,0
RT-022248,0,0
RT-022249,0,0
RT-022250,0,0
RT-022251,0,0
RT-022252,0,1
RT-022253,0,0
RT-022254,0,0
RT-022255,0,0
RT-022256,0,0
RT-022257,1,0
RT-022258,0,0
RT-022259,0,0
RT-022260,0,0
RT-022261,1,0
RT-022262,0,0
RT-022263,0,0
RT-022264,0,0
RT-022265,0,0
RT-022266,1,0
RT-022267,0,0
RT-022268,1,0
RT-022269,0,0
RT-022270,1,0
RT-022271,0,0
RT-022272,0,1
RT-022273,0,0
RT-022274,1,0
RT-022275,0,0
RT-022276,0,0
RT-022277,1,0
RT-022278,0,0
RT-022279,1,0
RT-022280,0,0
RT-022281,0,0
RT-022282,0,0
RT-022283,0,0
RT-022284,0,0
RT-022285,0,0
RT-022286,1,0
RT-022287,0,0
RT-022288,0,0
RT-022289,0,0
RT-022290,1,0
RT-022291,0,0
RT-022292,1,0
RT-022293,1,0
RT-022294,1,0
RT-022295,0,0
RT-022296,1,0
RT-022297,0,0
RT-022298,0,0
RT-022299,1,0
RT-022300,0,0
RT-022301,0,0
RT-022302,1,0
RT-022303,1,0
RT-022304,1,0
RT-022305,0,0
RT-022306,0,0
RT-022307,0,0
RT-022308,1,0
RT-022309,0,0
RT-022310,0,0
RT-022311,0,0
RT-022312,1,0
RT-022313,0,0
RT-022314,1,0
RT-022315,0,0
RT-022316,0,0
RT-022317,0,0
RT-022318,0,0
RT-022319,0,0
RT-022320,0,0
RT-022321,0,0
RT-022322,1,0
RT-022323,0,0
RT-022324,0,0
RT-022325,0,0
RT-022326,1,0
RT-022327,0,1
RT-022328,0,0
RT-022329,0,0
RT-022330,1,0
RT-022331,0,0
RT-022332,1,0
RT-022333,0,0
RT-022334,0,0
RT-022335,1,0
RT-022336,0,0
RT-022337,0,0
RT-022338,1,0
RT-022339,0,0
RT-022340,1,0
RT-022341,0,0
RT-022342,0,0
RT-022343,0,0
RT-022344,1,0
RT-022345,0,0
RT-022346,0,0
RT-022347,1,0
RT-022348,0,1
RT-022349,1,0
RT-022350,0,0
RT-022351,0,0
RT-022352,0,0
RT-022353,0,0
RT-022354,0,0
RT-022355,0,0
RT-022356,0,0
RT-022357,1,0
RT-022358,0,0
RT-022359,0,0
RT-022360,1,0
RT-022361,0,0
RT-022362,0,0
RT-022363,1,0
RT-022364,0,0
RT-022365,0,1
RT-022366,1,0
RT-022367,0,0
RT-022368,0,0
RT-022369,1,0
RT-022370,0,0
RT-022371,1,0
RT-022372,1,0
RT-022373,1,0
RT-022374,1,0
RT-022375,0,0
RT-022376,1,0
RT-022377,1,0
RT-022378,1,0
RT-022379,1,0
RT-022380,0,0
RT-022381,0,0
RT-022382,0,0
RT-022383,0,1
RT-022384,0,0
RT-022385,0,0
RT-022386,1,0
RT-022387,0,0
RT-022388,0,0
RT-022389,1,0
RT-022390,1,0
RT-022391,0,0
RT-022392,1,0
RT-022393,0,0
RT-022394,0,0
RT-022395,0,0
RT-022396,0,0
RT-022397,0,1
RT-022398,1,0
RT-022399,0,0
RT-022400,0,0
RT-022401,0,0
RT-022402,1,0
RT-022403,1,0
RT-022404,0,0
RT-022405,1,0
RT-022406,1,0
RT-022407,0,0
RT-022408,1,0
RT-022409,0,0
RT-022410,0,0
RT-022411,1,0
RT-022412,1,0
RT-022413,0,0
RT-022414,0,0
RT-022415,0,0
RT-022416,0,0
RT-022417,0,0
RT-022418,0,0
RT-022419,1,0
RT-022420,1,0
RT-022421,0,0
RT-022422,0,0
RT-022423,1,0
RT-022424,0,0
RT-022425,0,0
RT-022426,0,0
RT-022427,0,0
RT-022428,0,0
RT-022429,0,0
RT-022430,0,0
RT-022431,0,0
RT-022432,0,0
RT-022433,1,0
RT-022434,0,0
RT-022435,0,0
RT-022436,0,0
RT-022437,0,0
RT-022438,1,0
RT-022439,0,0
RT-022440,0,0
RT-022441,0,0
RT-022442,1,0
RT-022443,0,0
RT-022444,1,0
RT-022445,0,0
RT-022446,0,0
RT-022447,1,0
RT-022448,1,0
RT-022449,0,0
RT-022450,0,1
RT-022451,1,0
RT-022452,0,0
RT-022453,0,0
RT-022454,0,0
RT-022455,1,0
RT-022456,1,0
RT-022457,0,0
RT-022458,0,0
RT-022459,0,1
RT-022460,1,0
RT-022461,1,0
RT-022462,0,0
RT-022463,1,0
RT-022464,0,0
RT-022465,0,0
RT-022466,0,0
RT-022467,0,0
RT-022468,0,0
RT-022469,0,0
RT-022470,0,0
RT-022471,1,0
RT-022472,0,1
RT-022473,1,0
RT-022474,0,0
RT-022475,0,0
RT-022476,0,0
RT-022477,0,0
RT-022478,0,0
RT-022479,0,0
RT-022480,1,0
RT-022481,0,0
RT-022482,1,0
RT-022483,1,0
RT-022484,0,0
RT-022485,0,0
RT-022486,1,0
RT-022487,0,0
RT-022488,1,0
RT-022489,0,0
RT-022490,1,1
RT-022491,0,0
RT-022492,1,0
RT-022493,1,0
RT-022494,1,0
RT-022495,1,0
RT-022496,0,0
RT-022497,0,0
RT-022498,1,0
RT-022499,0,0
RT-022500,0,0
RT-022501,0,0
RT-022502,1,0
RT-022503,0,0
RT-022504,1,0
RT-022505,1,0
RT-022506,0,0
RT-022507,0,0
RT-022508,0,0
RT-022509,1,0
RT-022510,0,0
RT-022511,0,0
RT-022512,0,0
RT-022513,0,0
RT-022514,0,0
RT-022515,0,0
RT-022516,0,0
RT-022517,0,0
RT-022518,0,0
RT-022519,1,0
RT-022520,0,0
RT-022521,1,1
RT-022522,0,0
RT-022523,0,0
RT-022524,0,0
RT-022525,0,1
RT-022526,0,0
RT-022527,0,0
RT-022528,0,0
RT-022529,0,0
RT-022530,0,0
RT-022531,1,0
RT-022532,0,1
RT-022533,1,0
RT-022534,0,0
RT-022535,0,0
RT-022536,1,0
RT-022537,0,0
RT-022538,1,0
RT-022539,1,0
RT-022540,1,1
RT-022541,1,0
RT-022542,0,0
RT-022543,0,0
RT-022544,0,0
RT-022545,1,0
RT-022546,0,0
RT-022547,0,0
RT-022548,0,0
RT-022549,0,0
RT-022550,0,0
RT-022551,0,0
RT-022552,0,0
RT-022553,0,0
RT-022554,0,0
RT-022555,0,1
RT-022556,1,0
RT-022557,0,0
RT-022558,1,0
RT-022559,0,0
RT-022560,1,1
RT-022561,1,0
RT-022562,1,0
RT-022563,1,0
RT-022564,1,0
RT-022565,0,0
RT-022566,0,0
RT-022567,0,0
RT-022568,0,1
RT-022569,1,0
RT-022570,0,0
RT-022571,0,0
RT-022572,0,0
RT-022573,0,0
RT-022574,1,0
RT-022575,0,0
RT-022576,0,0
RT-022577,0,0
RT-022578,0,0
RT-022579,1,0
RT-022580,1,0
RT-022581,0,0
RT-022582,0,0
RT-022583,0,1
RT-022584,1,0
RT-022585,0,0
RT-022586,0,0
RT-022587,0,0
RT-022588,0,0
RT-022589,0,0
RT-022590,1,0
RT-022591,1,0
RT-022592,0,0
RT-022593,0,0
RT-022594,0,0
RT-022595,1,0
RT-022596,1,0
RT-022597,0,0
RT-022598,0,1
RT-022599,0,0
RT-022600,0,0
RT-022601,0,0
RT-022602,1,0
RT-022603,1,0
RT-022604,0,0
RT-022605,0,0
RT-022606,0,0
RT-022607,0,0
RT-022608,0,0
RT-022609,1,0
RT-022610,1,0
RT-022611,0,0
RT-022612,0,0
RT-022613,0,0
RT-022614,0,0
RT-022615,0,0
RT-022616,1,0
RT-022617,1,0
RT-022618,0,0
RT-022619,1,0
RT-022620,0,0
RT-022621,0,0
RT-022622,0,0
RT-022623,0,0
RT-022624,0,0
RT-022625,0,0
RT-022626,1,0
RT-022627,0,0
RT-022628,0,0
RT-022629,1,0
RT-022630,0,0
RT-022631,0,0
RT-022632,1,0
RT-022633,0,1
RT-022634,0,0
RT-022635,0,0
RT-022636,1,0
RT-022637,0,0
RT-022638,1,0
RT-022639,0,0
RT-022640,0,0
RT-022641,0,0
RT-022642,0,0
RT-022643,0,0
RT-022644,0,0
RT-022645,0,0
RT-022646,1,0
RT-022647,1,0
RT-022648,1,0
RT-022649,0,0
RT-022650,1,0
RT-022651,0,1
RT-022652,0,0
RT-022653,0,0
RT-022654,0,0
RT-022655,0,0
RT-022656,0,0
RT-022657,0,0
RT-022658,0,0
RT-022659,0,0
RT-022660,1,0
RT-022661,0,0
RT-022662,1,0
RT-022663,1,0
RT-022664,1,0
RT-022665,1,0
RT-022666,0,0
RT-022667,1,0
RT-022668,1,0
RT-022669,0,0
RT-022670,0,0
RT-022671,1,0
RT-022672,0,0
RT-022673,0,0
RT-022674,0,0
RT-022675,1,0
RT-022676,0,0
RT-022677,1,0
RT-022678,0,0
RT-022679,0,0
RT-022680,0,0
RT-022681,1,0
RT-022682,1,0
RT-022683,0,0
RT-022684,0,0
RT-022685,1,0
RT-022686,0,0
RT-022687,0,0
RT-022688,1,0
RT-022689,0,0
RT-022690,0,1
RT-022691,0,0
RT-022692,0,0
RT-022693,1,0
RT-022694,0,0
RT-022695,0,0
RT-022696,1,0
RT-022697,0,0
RT-022698,0,0
RT-022699,1,0
RT-022700,0,0
RT-022701,0,0
RT-022702,0,0
RT-022703,0,0
RT-022704,0,0
RT-022705,0,0
RT-022706,0,1
RT-022707,1,0
RT-022708,1,0
RT-022709,0,0
RT-022710,0,0
RT-022711,0,0
RT-022712,0,0
RT-022713,1,0
RT-022714,0,0
RT-022715,0,0
RT-022716,0,1
RT-022717,1,0
RT-022718,0,0
RT-022719,0,0
RT-022720,0,0
RT-022721,0,0
RT-022722,1,0
RT-022723,0,0
RT-022724,1,0
RT-022725,1,0
RT-022726,1,0
RT-022727,0,0
RT-022728,1,0
RT-022729,0,0
RT-022730,0,0
RT-022731,0,0
RT-022732,1,0
RT-022733,0,0
RT-022734,1,1
RT-022735,0,1
RT-022736,1,0
RT-022737,0,0
RT-022738,0,0
RT-022739,0,0
RT-022740,0,0
RT-022741,0,0
RT-022742,1,0
RT-022743,0,0
RT-022744,0,0
RT-022745,1,0
RT-022746,1,0
RT-022747,1,0
RT-022748,0,1
RT-022749,0,0
RT-022750,1,0
RT-022751,0,0
RT-022752,1,0
RT-022753,0,0
RT-022754,0,0
RT-022755,0,0
RT-022756,0,0
RT-022757,0,0
RT-022758,0,0
RT-022759,1,0
RT-022760,1,0
RT-022761,0,0
RT-022762,0,0
RT-022763,1,0
RT-022764,0,1
RT-022765,1,0
RT-022766,1,0
RT-022767,0,0
RT-022768,0,0
RT-022769,0,0
RT-022770,1,0
RT-022771,1,0
RT-022772,1,0
RT-022773,0,0
RT-022774,1,0
RT-022775,1,0
RT-022776,1,0
RT-022777,0,0
RT-022778,0,0
RT-022779,0,1
RT-022780,0,0
RT-022781,0,0
RT-022782,0,1
RT-022783,1,0
RT-022784,0,0
RT-022785,0,0
RT-022786,0,1
RT-022787,1,1
RT-022788,1,0
RT-022789,0,0
RT-022790,0,1
RT-022791,0,0
RT-022792,1,0
RT-022793,0,1
RT-022794,0,0
RT-022795,0,0
RT-022796,0,0
RT-022797,1,0
RT-022798,0,0
RT-022799,0,0
RT-022800,0,0
RT-022801,0,0
RT-022802,0,0
RT-022803,0,0
RT-022804,0,0
RT-022805,1,0
RT-022806,0,0
RT-022807,0,0
RT-022808,0,0
RT-022809,0,0
RT-022810,1,0
RT-022811,1,0
RT-022812,0,0
RT-022813,0,0
RT-022814,1,0
RT-022815,0,0
RT-022816,0,0
RT-022817,0,0
RT-022818,0,0
RT-022819,1,0
RT-022820,0,0
RT-022821,0,0
RT-022822,1,0
RT-022823,0,0
RT-022824,1,0
RT-022825,1,0
RT-022826,1,0
RT-022827,0,0
RT-022828,0,0
RT-022829,0,0
RT-022830,0,0
RT-022831,1,0
RT-022832,0,0
RT-022833,0,0
RT-022834,0,0
RT-022835,1,1
RT-022836,0,1
RT-022837,0,1
RT-022838,1,0
RT-022839,0,0
RT-022840,0,0
RT-022841,0,0
RT-022842,1,0
RT-022843,0,0
RT-022844,0,1
RT-022845,1,0
RT-022846,0,0
RT-022847,0,0
RT-022848,1,0
RT-022849,1,0
RT-022850,0,0
RT-022851,0,0
RT-022852,0,0
RT-022853,1,0
RT-022854,0,0
RT-022855,0,0
RT-022856,1,0
RT-022857,0,0
RT-022858,0,1
RT-022859,0,0
RT-022860,0,0
RT-022861,0,0
RT-022862,0,0
RT-022863,0,0
RT-022864,1,0
RT-022865,0,0
RT-022866,0,0
RT-022867,1,0
RT-022868,1,0
RT-022869,0,0
RT-022870,0,0
RT-022871,0,0
RT-022872,1,0
RT-022873,0,0
RT-022874,0,0
RT-022875,0,0
RT-022876,0,0
RT-022877,0,0
RT-022878,0,0
RT-022879,0,1
RT-022880,1,0
RT-022881,1,0
RT-022882,0,0
RT-022883,0,0
RT-022884,0,0
RT-022885,0,0
RT-022886,0,0
RT-022887,0,0
RT-022888,0,0
RT-022889,0,0
RT-022890,0,0
RT-022891,1,0
RT-022892,0,0
RT-022893,1,0
RT-022894,1,0
RT-022895,1,0
RT-022896,0,0
RT-022897,0,0
RT-022898,0,0
RT-022899,0,0
RT-022900,1,0
RT-022901,1,0
RT-022902,0,0
RT-022903,1,0
RT-022904,1,0
RT-022905,1,0
RT-022906,0,0
RT-022907,1,0
RT-022908,0,0
RT-022909,0,0
RT-022910,0,0
RT-022911,0,0
RT-022912,1,0
RT-022913,0,0
RT-022914,0,0
RT-022915,0,0
RT-022916,0,0
RT-022917,1,0
RT-022918,1,0
RT-022919,0,0
RT-022920,1,0
RT-022921,1,0
RT-022922,0,0
RT-022923,0,0
RT-022924,1,0
RT-022925,0,0
RT-022926,0,0
RT-022927,0,0
RT-022928,1,0
RT-022929,0,1
RT-022930,0,0
RT-022931,0,0
RT-022932,1,0
RT-022933,0,0
RT-022934,1,0
RT-022935,0,0
RT-022936,0,0
RT-022937,1,0
RT-022938,0,0
RT-022939,0,0
RT-022940,0,0
RT-022941,0,0
RT-022942,0,0
RT-022943,1,0
RT-022944,1,0
RT-022945,0,0
RT-022946,1,0
RT-022947,0,1
RT-022948,0,1
RT-022949,0,0
RT-022950,0,0
RT-022951,0,1
RT-022952,0,0
RT-022953,1,0
RT-022954,0,0
RT-022955,1,0
RT-022956,0,0
RT-022957,1,0
RT-022958,0,0
RT-022959,0,0
RT-022960,0,1
RT-022961,1,0
RT-022962,0,0
RT-022963,0,0
RT-022964,0,0
RT-022965,0,0
RT-022966,1,0
RT-022967,0,0
RT-022968,1,0
RT-022969,0,0
RT-022970,0,0
RT-022971,1,0
RT-022972,0,0
RT-022973,0,0
RT-022974,1,0
RT-022975,0,0
RT-022976,0,0
RT-022977,1,0
RT-022978,1,0
RT-022979,0,0
RT-022980,0,0
RT-022981,0,0
RT-022982,0,0
RT-022983,0,1
RT-022984,0,0
RT-022985,0,0
RT-022986,0,0
RT-022987,0,0
RT-022988,0,0
RT-022989,0,0
RT-022990,0,0
RT-022991,1,0
RT-022992,0,0
RT-022993,0,1
RT-022994,0,0
RT-022995,0,0
RT-022996,1,0
RT-022997,0,0
RT-022998,1,0
RT-022999,0,0
RT-023000,0,1
RT-023001,0,0
RT-023002,0,0
RT-023003,0,0
RT-023004,0,0
RT-023005,1,0
RT-023006,0,0
RT-023007,0,1
RT-023008,0,0
RT-023009,0,0
RT-023010,0,0
RT-023011,1,0
RT-023012,0,0
RT-023013,0,0
RT-023014,0,0
RT-023015,0,0
RT-023016,0,0
RT-023017,0,0
RT-023018,0,0
RT-023019,1,1
RT-023020,0,0
RT-023021,1,0
RT-023022,0,0
RT-023023,0,0
RT-023024,0,0
RT-023025,0,0
RT-023026,0,0
RT-023027,1,0
RT-023028,0,0
RT-023029,1,0
RT-023030,0,0
RT-023031,0,0
RT-023032,1,0
RT-023033,0,0
RT-023034,1,0
RT-023035,0,0
RT-023036,0,0
RT-023037,1,0
RT-023038,0,0
RT-023039,1,0
RT-023040,1,0
RT-023041,0,0
RT-023042,0,0
RT-023043,0,0
RT-023044,0,0
RT-023045,0,0
RT-023046,0,0
RT-023047,0,0
RT-023048,1,0
RT-023049,0,0
RT-023050,1,0
RT-023051,1,0
RT-023052,1,0
RT-023053,1,0
RT-023054,1,0
RT-023055,1,0
RT-023056,1,0
RT-023057,1,0
RT-023058,0,0
RT-023059,0,0
RT-023060,1,0
RT-023061,0,0
RT-023062,0,0
RT-023063,0,0
RT-023064,1,0
RT-023065,0,0
RT-023066,0,0
RT-023067,0,1
RT-023068,0,0
RT-023069,0,0
RT-023070,0,0
RT-023071,0,0
RT-023072,0,0
RT-023073,0,0
RT-023074,1,0
RT-023075,0,0
RT-023076,0,0
RT-023077,0,0
RT-023078,1,0
RT-023079,0,0
RT-023080,0,0
RT-023081,0,0
RT-023082,1,0
RT-023083,0,0
RT-023084,1,0
RT-023085,0,0
RT-023086,0,0
RT-023087,1,0
RT-023088,1,0
RT-023089,0,0
RT-023090,1,0
RT-023091,0,0
RT-023092,0,0
RT-023093,0,0
RT-023094,1,1
RT-023095,0,0
RT-023096,1,0
RT-023097,0,0
RT-023098,0,0
RT-023099,0,0
RT-023100,0,0
RT-023101,0,0
RT-023102,0,0
RT-023103,0,0
RT-023104,0,0
RT-023105,0,0
RT-023106,0,0
RT-023107,0,1
RT-023108,0,0
RT-023109,0,0
RT-023110,0,1
RT-023111,0,0
RT-023112,0,0
RT-023113,0,0
RT-023114,0,0
RT-023115,0,0
RT-023116,0,1
RT-023117,0,0
RT-023118,1,0
RT-023119,0,0
RT-023120,0,0
RT-023121,0,0
RT-023122,0,1
RT-023123,0,1
RT-023124,0,0
RT-023125,0,0
RT-023126,0,0
RT-023127,1,1
RT-023128,0,0
RT-023129,1,0
RT-023130,1,0
RT-023131,0,0
RT-023132,0,0
RT-023133,0,0
RT-023134,0,0
RT-023135,0,1
RT-023136,1,0
RT-023137,0,0
RT-023138,0,0
RT-023139,0,0
RT-023140,1,0
RT-023141,0,1
RT-023142,0,0
RT-023143,0,0
RT-023144,1,0
RT-023145,1,0
RT-023146,0,0
RT-023147,1,0
RT-023148,0,0
RT-023149,0,0
RT-023150,0,0
RT-023151,0,0
RT-023152,0,0
RT-023153,0,0
RT-023154,1,1
RT-023155,1,0
RT-023156,0,0
RT-023157,0,0
RT-023158,0,0
RT-023159,0,0
RT-023160,0,0
RT-023161,0,0
RT-023162,0,0
RT-023163,1,0
RT-023164,0,0
RT-023165,1,0
RT-023166,1,0
RT-023167,0,0
RT-023168,1,0
RT-023169,0,1
RT-023170,0,1
RT-023171,0,0
RT-023172,1,0
RT-023173,1,0
RT-023174,1,0
RT-023175,0,0
RT-023176,1,0
RT-023177,0,0
RT-023178,0,0
RT-023179,1,0
RT-023180,0,0
RT-023181,1,0
RT-023182,0,0
RT-023183,0,0
RT-023184,0,1
RT-023185,0,0
RT-023186,0,0
RT-023187,0,0
RT-023188,1,0
RT-023189,0,0
RT-023190,1,0
RT-023191,0,0
RT-023192,0,0
RT-023193,0,0
RT-023194,1,0
RT-023195,1,0
RT-023196,0,1
RT-023197,0,0
RT-023198,0,0
RT-023199,0,0
RT-023200,1,0
RT-023201,0,0
RT-023202,0,0
RT-023203,1,0
RT-023204,1,0
RT-023205,0,0
RT-023206,0,0
RT-023207,0,0
RT-023208,0,0
RT-023209,1,0
RT-023210,0,0
RT-023211,0,0
RT-023212,0,0
RT-023213,0,0
RT-023214,0,0
RT-023215,0,0
RT-023216,0,0
RT-023217,0,0
RT-023218,0,0
RT-023219,0,1
RT-023220,0,0
RT-023221,0,0
RT-023222,0,0
RT-023223,0,0
RT-023224,0,0
RT-023225,1,0
RT-023226,1,0
RT-023227,0,0
RT-023228,0,0
RT-023229,0,0
RT-023230,0,0
RT-023231,0,0
RT-023232,0,0
RT-023233,1,0
RT-023234,1,0
RT-023235,0,0
RT-023236,0,0
RT-023237,0,0
RT-023238,1,1
RT-023239,0,0
RT-023240,0,0
RT-023241,0,0
RT-023242,0,0
RT-023243,0,0
RT-023244,0,0
RT-023245,0,0
RT-023246,1,0
RT-023247,0,0
RT-023248,0,0
RT-023249,0,0
RT-023250,1,0
RT-023251,1,0
RT-023252,0,0
RT-023253,0,0
RT-023254,0,1
RT-023255,0,0
RT-023256,0,0
RT-023257,1,1
RT-023258,0,0
RT-023259,0,0
RT-023260,0,0
RT-023261,0,0
RT-023262,1,0
RT-023263,0,0
RT-023264,0,0
RT-023265,0,0
RT-023266,1,0
RT-023267,0,0
RT-023268,0,0
RT-023269,0,1
RT-023270,0,1
RT-023271,0,0
RT-023272,1,0
RT-023273,0,0
RT-023274,0,0
RT-023275,0,0
RT-023276,0,0
RT-023277,0,0
RT-023278,1,0
RT-023279,0,0
RT-023280,0,0
RT-023281,1,0
RT-023282,0,0
RT-023283,0,0
RT-023284,1,0
RT-023285,1,0
RT-023286,0,0
RT-023287,0,0
RT-023288,1,0
RT-023289,0,0
RT-023290,0,0
RT-023291,1,0
RT-023292,0,0
RT-023293,0,1
RT-023294,0,0
RT-023295,0,0
RT-023296,0,0
RT-023297,1,0
RT-023298,0,0
RT-023299,0,1
RT-023300,0,1
RT-023301,0,1
RT-023302,0,0
RT-023303,1,0
RT-023304,0,0
RT-023305,1,0
RT-023306,0,0
RT-023307,0,0
RT-023308,0,1
RT-023309,0,0
RT-023310,1,0
RT-023311,0,0
RT-023312,1,0
RT-023313,0,0
RT-023314,0,0
RT-023315,1,0
RT-023316,0,0
RT-023317,0,0
RT-023318,0,0
RT-023319,0,0
RT-023320,1,0
RT-023321,1,0
RT-023322,0,1
RT-023323,0,0
RT-023324,0,0
RT-023325,0,0
RT-023326,0,1
RT-023327,1,0
RT-023328,0,0
RT-023329,0,0
RT-023330,1,0
RT-023331,0,0
RT-023332,0,1
RT-023333,0,0
RT-023334,1,0
RT-023335,0,0
RT-023336,0,0
RT-023337,0,0
RT-023338,0,0
RT-023339,1,0
RT-023340,0,0
RT-023341,1,0
RT-023342,0,0
RT-023343,0,0
RT-023344,1,0
RT-023345,0,0
RT-023346,1,0
RT-023347,0,0
RT-023348,0,0
RT-023349,1,0
RT-023350,1,0
RT-023351,1,0
RT-023352,0,0
RT-023353,0,0
RT-023354,0,0
RT-023355,0,0
RT-023356,1,0
RT-023357,0,0
RT-023358,0,0
RT-023359,0,0
RT-023360,0,0
RT-023361,1,0
RT-023362,1,0
RT-023363,0,0
RT-023364,0,0
RT-023365,0,0
RT-023366,1,0
RT-023367,1,0
RT-023368,1,0
RT-023369,1,0
RT-023370,0,0
RT-023371,1,0
RT-023372,0,0
RT-023373,0,0
RT-023374,0,0
RT-023375,1,1
RT-023376,0,0
RT-023377,1,0
RT-023378,0,0
RT-023379,0,0
RT-023380,0,0
RT-023381,0,0
RT-023382,1,0
RT-023383,1,0
RT-023384,0,1
RT-023385,1,0
RT-023386,0,0
RT-023387,0,1
RT-023388,0,0
RT-023389,0,0
RT-023390,0,0
RT-023391,0,0
RT-023392,0,0
RT-023393,0,0
RT-023394,1,0
RT-023395,0,0
RT-023396,0,0
RT-023397,0,0
RT-023398,0,0
RT-023399,0,0
RT-023400,0,0
RT-023401,0,0
RT-023402,1,1
RT-023403,0,0
RT-023404,0,0
RT-023405,1,0
RT-023406,1,0
RT-023407,1,0
RT-023408,0,1
RT-023409,1,0
RT-023410,1,0
RT-023411,0,1
RT-023412,1,0
RT-023413,1,0
RT-023414,0,0
RT-023415,0,0
RT-023416,0,0
RT-023417,0,0
RT-023418,1,0
RT-023419,1,0
RT-023420,0,0
RT-023421,0,0
RT-023422,1,0
RT-023423,1,0
RT-023424,0,0
RT-023425,0,1
RT-023426,1,0
RT-023427,1,0
RT-023428,0,0
RT-023429,0,0
RT-023430,0,0
RT-023431,0,0
RT-023432,1,0
RT-023433,1,1
RT-023434,0,1
RT-023435,1,0
RT-023436,1,0
RT-023437,0,0
RT-023438,1,0
RT-023439,1,0
RT-023440,1,0
RT-023441,0,0
RT-023442,0,0
RT-023443,1,0
RT-023444,1,0
RT-023445,1,0
RT-023446,0,0
RT-023447,0,0
RT-023448,0,0
RT-023449,0,0
RT-023450,0,0
RT-023451,1,0
RT-023452,0,0
RT-023453,1,0
RT-023454,0,0
RT-023455,0,0
RT-023456,1,0
RT-023457,0,0
RT-023458,1,0
RT-023459,0,0
RT-023460,0,0
RT-023461,0,0
RT-023462,0,1
RT-023463,1,0
RT-023464,0,0
RT-023465,0,0
RT-023466,1,0
RT-023467,0,0
RT-023468,0,0
RT-023469,0,0
RT-023470,0,0
RT-023471,0,0
RT-023472,0,0
RT-023473,0,0
RT-023474,0,0
RT-023475,0,0
RT-023476,1,0
RT-023477,0,0
RT-023478,0,0
RT-023479,1,0
RT-023480,1,0
RT-023481,0,0
RT-023482,0,0
RT-023483,1,0
RT-023484,0,1
RT-023485,0,0
RT-023486,0,0
RT-023487,0,1
RT-023488,0,0
RT-023489,1,0
RT-023490,1,0
RT-023491,0,0
RT-023492,1,0
RT-023493,1,0
RT-023494,0,0
RT-023495,0,0
RT-023496,0,0
RT-023497,0,0
RT-023498,0,0
RT-023499,0,0
RT-023500,0,0
RT-023501,0,0
RT-023502,0,0
RT-023503,0,0
RT-023504,1,0
RT-023505,1,0
RT-023506,0,0
RT-023507,1,0
RT-023508,1,0
RT-023509,0,0
RT-023510,1,0
RT-023511,0,1
RT-023512,1,0
RT-023513,0,0
RT-023514,1,0
RT-023515,0,0
RT-023516,0,0
RT-023517,1,0
RT-023518,1,0
RT-023519,0,0
RT-023520,0,0
RT-023521,0,0
RT-023522,1,0
RT-023523,0,0
RT-023524,0,0
RT-023525,0,0
RT-023526,1,0
RT-023527,0,0
RT-023528,1,0
RT-023529,0,0
RT-023530,1,0
RT-023531,0,0
RT-023532,0,0
RT-023533,0,0
RT-023534,0,0
RT-023535,0,1
RT-023536,0,0
RT-023537,0,0
RT-023538,0,0
RT-023539,0,0
RT-023540,1,0
RT-023541,0,0
RT-023542,0,0
RT-023543,0,0
RT-023544,0,0
RT-023545,1,1
RT-023546,0,0
RT-023547,0,0
RT-023548,1,0
RT-023549,0,0
RT-023550,1,0
RT-023551,1,0
RT-023552,1,0
RT-023553,0,0
RT-023554,1,0
RT-023555,0,0
RT-023556,0,0
RT-023557,0,0
RT-023558,1,0
RT-023559,0,0
RT-023560,1,0
RT-023561,0,0
RT-023562,0,0
RT-023563,0,0
RT-023564,0,0
RT-023565,1,0
RT-023566,1,0
RT-023567,0,0
RT-023568,0,0
RT-023569,0,0
RT-023570,0,0
RT-023571,1,0
RT-023572,0,0
RT-023573,0,0
RT-023574,0,0
RT-023575,0,0
RT-023576,0,0
RT-023577,1,0
RT-023578,0,0
RT-023579,1,0
RT-023580,1,0
RT-023581,0,0
RT-023582,0,0
RT-023583,1,0
RT-023584,1,0
RT-023585,0,0
RT-023586,1,0
RT-023587,0,0
RT-023588,1,0
RT-023589,1,0
RT-023590,0,0
RT-023591,0,1
RT-023592,0,1
RT-023593,0,0
RT-023594,1,0
RT-023595,1,0
RT-023596,0,0
RT-023597,0,0
RT-023598,0,0
RT-023599,0,0
RT-023600,0,0
RT-023601,1,0
RT-023602,1,0
RT-023603,0,0
RT-023604,0,0
RT-023605,1,0
RT-023606,1,0
RT-023607,0,0
RT-023608,0,0
RT-023609,0,0
RT-023610,0,0
RT-023611,0,1
RT-023612,0,0
RT-023613,0,0
RT-023614,0,0
RT-023615,0,0
RT-023616,0,0
RT-023617,0,0
RT-023618,0,0
RT-023619,0,0
RT-023620,0,0
RT-023621,0,0
RT-023622,0,0
RT-023623,0,0
RT-023624,0,0
RT-023625,1,0
RT-023626,0,0
RT-023627,1,0
RT-023628,0,0
RT-023629,0,0
RT-023630,0,0
RT-023631,0,0
RT-023632,0,0
RT-023633,1,0
RT-023634,0,0
RT-023635,0,0
RT-023636,0,0
RT-023637,0,0
RT-023638,0,0
RT-023639,1,0
RT-023640,0,0
RT-023641,0,0
RT-023642,1,0
RT-023643,1,0
RT-023644,0,0
RT-023645,0,0
RT-023646,1,0
RT-023647,1,0
RT-023648,0,0
RT-023649,1,0
RT-023650,0,0
RT-023651,0,0
RT-023652,0,0
RT-023653,0,0
RT-023654,0,0
RT-023655,1,0
RT-023656,1,0
RT-023657,0,0
RT-023658,1,0
RT-023659,0,0
RT-023660,0,0
RT-023661,0,0
RT-023662,0,0
RT-023663,1,0
RT-023664,0,0
RT-023665,0,0
RT-023666,1,0
RT-023667,0,0
RT-023668,0,0
RT-023669,0,1
RT-023670,0,0
RT-023671,1,0
RT-023672,1,0
RT-023673,0,0
RT-023674,0,0
RT-023675,0,0
RT-023676,0,0
RT-023677,1,0
RT-023678,0,1
RT-023679,1,0
RT-023680,0,0
RT-023681,0,0
RT-023682,1,0
RT-023683,0,0
RT-023684,0,0
RT-023685,0,0
RT-023686,1,0
RT-023687,0,0
RT-023688,0,1
RT-023689,0,0
RT-023690,0,0
RT-023691,0,0
RT-023692,1,0
RT-023693,1,1
RT-023694,0,0
RT-023695,1,0
RT-023696,0,0
RT-023697,0,0
RT-023698,1,0
RT-023699,1,0
RT-023700,0,0
RT-023701,0,0
RT-023702,0,0
RT-023703,0,0
RT-023704,0,0
RT-023705,0,0
RT-023706,0,0
RT-023707,0,0
RT-023708,0,0
RT-023709,1,0
RT-023710,0,0
RT-023711,1,0
RT-023712,0,0
RT-023713,0,0
RT-023714,0,0
RT-023715,1,0
RT-023716,0,0
RT-023717,1,0
RT-023718,0,1
RT-023719,0,0
RT-023720,0,0
RT-023721,0,0
RT-023722,0,0
RT-023723,0,0
RT-023724,1,1
RT-023725,0,1
RT-023726,0,0
RT-023727,0,0
RT-023728,0,0
RT-023729,0,0
RT-023730,0,0
RT-023731,0,1
RT-023732,0,0
RT-023733,0,0
RT-023734,0,0
RT-023735,0,0
RT-023736,1,0
RT-023737,0,0
RT-023738,0,0
RT-023739,1,0
RT-023740,1,0
RT-023741,1,0
RT-023742,1,0
RT-023743,0,0
RT-023744,0,0
RT-023745,0,0
RT-023746,0,0
RT-023747,0,0
RT-023748,0,0
RT-023749,0,0
RT-023750,0,0
RT-023751,1,0
RT-023752,1,1
RT-023753,1,0
RT-023754,0,0
RT-023755,0,1
RT-023756,0,0
RT-023757,0,0
RT-023758,1,0
RT-023759,0,0
RT-023760,0,0
RT-023761,0,0
RT-023762,1,0
RT-023763,1,0
RT-023764,1,0
RT-023765,0,0
RT-023766,0,1
RT-023767,0,0
RT-023768,1,0
RT-023769,0,0
RT-023770,1,0
RT-023771,0,1
RT-023772,0,0
RT-023773,0,0
RT-023774,1,0
RT-023775,0,0
RT-023776,0,1
RT-023777,0,0
RT-023778,0,0
RT-023779,1,0
RT-023780,0,0
RT-023781,1,0
RT-023782,0,0
RT-023783,1,0
RT-023784,1,0
RT-023785,1,0
RT-023786,0,0
RT-023787,1,0
RT-023788,0,1
RT-023789,1,0
RT-023790,1,0
RT-023791,1,0
RT-023792,0,0
RT-023793,1,0
RT-023794,1,0
RT-023795,0,0
RT-023796,0,0
RT-023797,1,0
RT-023798,0,0
RT-023799,0,0
RT-023800,1,0
RT-023801,0,0
RT-023802,0,0
RT-023803,0,0
RT-023804,0,0
RT-023805,1,0
RT-023806,0,0
RT-023807,1,0
RT-023808,0,0
RT-023809,1,0
RT-023810,0,1
RT-023811,1,0
RT-023812,0,0
RT-023813,0,1
RT-023814,0,0
RT-023815,0,0
RT-023816,0,0
RT-023817,1,0
RT-023818,0,0
RT-023819,0,0
RT-023820,1,0
RT-023821,0,0
RT-023822,0,0
RT-023823,1,0
RT-023824,0,0
RT-023825,0,0
RT-023826,0,0
RT-023827,0,0
RT-023828,0,0
RT-023829,0,0
RT-023830,0,0
RT-023831,0,0
RT-023832,1,0
RT-023833,0,0
RT-023834,0,0
RT-023835,1,0
RT-023836,0,1
RT-023837,0,0
RT-023838,0,1
RT-023839,0,0
RT-023840,0,0
RT-023841,0,0
RT-023842,1,0
RT-023843,1,0
RT-023844,0,0
RT-023845,1,0
RT-023846,1,0
RT-023847,0,0
RT-023848,1,0
RT-023849,1,0
RT-023850,0,0
RT-023851,1,0
RT-023852,1,0
RT-023853,0,0
RT-023854,0,0
RT-023855,0,0
RT-023856,0,0
RT-023857,0,0
RT-023858,1,0
RT-023859,0,0
RT-023860,0,0
RT-023861,0,0
RT-023862,0,0
RT-023863,1,0
RT-023864,0,1
RT-023865,1,0
RT-023866,0,0
RT-023867,0,0
RT-023868,1,0
RT-023869,1,0
RT-023870,1,0
RT-023871,1,0
RT-023872,0,0
RT-023873,1,0
RT-023874,1,0
RT-023875,0,0
RT-023876,0,0
RT-023877,0,0
RT-023878,0,0
RT-023879,0,0
RT-023880,0,0
RT-023881,0,0
RT-023882,0,0
RT-023883,1,0
RT-023884,1,0
RT-023885,0,0
RT-023886,1,0
RT-023887,0,0
RT-023888,0,0
RT-023889,1,0
RT-023890,1,0
RT-023891,0,0
RT-023892,0,0
RT-023893,0,0
RT-023894,1,0
RT-023895,1,0
RT-023896,0,0
RT-023897,0,1
RT-023898,1,1
RT-023899,0,0
RT-023900,1,0
RT-023901,1,0
RT-023902,0,0
RT-023903,1,0
RT-023904,1,0
RT-023905,0,1
RT-023906,0,0
RT-023907,0,0
RT-023908,0,0
RT-023909,1,0
RT-023910,0,0
RT-023911,1,0
RT-023912,1,0
RT-023913,0,0
RT-023914,1,0
RT-023915,1,0
RT-023916,0,1
RT-023917,1,0
RT-023918,0,0
RT-023919,0,1
RT-023920,1,0
RT-023921,0,0
RT-023922,0,0
RT-023923,0,0
RT-023924,0,0
RT-023925,0,0
RT-023926,1,0
RT-023927,0,0
RT-023928,0,0
RT-023929,0,0
RT-023930,1,0
RT-023931,0,0
RT-023932,0,0
RT-023933,0,0
RT-023934,0,0
RT-023935,1,0
RT-023936,0,0
RT-023937,0,0
RT-023938,0,0
RT-023939,1,1
RT-023940,1,0
RT-023941,0,1
RT-023942,0,0
RT-023943,1,0
RT-023944,0,0
RT-023945,0,0
RT-023946,0,0
RT-023947,0,0
RT-023948,0,1
RT-023949,0,0
RT-023950,0,0
RT-023951,0,0
RT-023952,0,0
RT-023953,1,0
RT-023954,0,0
RT-023955,0,0
RT-023956,1,0
RT-023957,0,0
RT-023958,0,0
RT-023959,0,1
RT-023960,1,0
RT-023961,0,0
RT-023962,1,0
RT-023963,1,0
RT-023964,0,0
RT-023965,1,0
RT-023966,0,0
RT-023967,0,0
RT-023968,0,0
RT-023969,0,0
RT-023970,0,0
RT-023971,1,0
RT-023972,0,0
RT-023973,0,0
RT-023974,1,0
RT-023975,0,0
RT-023976,0,0
RT-023977,0,0
RT-023978,1,0
RT-023979,0,1
RT-023980,0,1
RT-023981,0,0
RT-023982,0,1
RT-023983,0,0
RT-023984,0,1
RT-023985,0,0
RT-023986,0,1
RT-023987,0,0
RT-023988,0,1
RT-023989,0,0
RT-023990,1,0
RT-023991,1,0
RT-023992,0,0
RT-023993,0,0
RT-023994,1,0
RT-023995,0,0
RT-023996,0,0
RT-023997,0,0
RT-023998,0,0
RT-023999,1,0
RT-024000,1,0
RT-024001,0,0
RT-024002,0,0
RT-024003,1,0
RT-024004,0,0
RT-024005,1,0
RT-024006,0,0
RT-024007,0,0
RT-024008,0,0
RT-024009,0,0
RT-024010,0,0
RT-024011,0,0
RT-024012,0,0
RT-024013,0,0
RT-024014,0,1
RT-024015,0,0
RT-024016,0,0
RT-024017,1,0
RT-024018,0,0
RT-024019,0,0
RT-024020,1,0
RT-024021,1,0
RT-024022,1,0
RT-024023,0,0
RT-024024,1,0
RT-024025,0,0
RT-024026,1,0
RT-024027,0,0
RT-024028,0,0
RT-024029,0,0
RT-024030,1,1
RT-024031,1,0
RT-024032,0,0
RT-024033,0,0
RT-024034,0,0
RT-024035,0,0
RT-024036,1,0
RT-024037,0,0
RT-024038,0,0
RT-024039,0,0
RT-024040,0,0
RT-024041,1,0
RT-024042,0,0
RT-024043,0,0
RT-024044,1,0
RT-024045,0,0
RT-024046,0,0
RT-024047,0,0
RT-024048,0,0
RT-024049,0,0
RT-024050,0,0
RT-024051,0,0
RT-024052,0,0
RT-024053,0,1
RT-024054,0,0
RT-024055,0,1
RT-024056,1,0
RT-024057,1,0
RT-024058,0,0
RT-024059,0,0
RT-024060,0,0
RT-024061,0,0
RT-024062,0,0
RT-024063,0,0
RT-024064,1,0
RT-024065,0,0
RT-024066,0,0
RT-024067,1,0
RT-024068,0,0
RT-024069,0,0
RT-024070,0,0
RT-024071,0,0
RT-024072,0,0
RT-024073,0,0
RT-024074,0,0
RT-024075,1,0
RT-024076,0,1
RT-024077,0,0
RT-024078,1,0
RT-024079,0,0
RT-024080,1,0
RT-024081,1,0
RT-024082,0,0
RT-024083,0,0
RT-024084,0,1
RT-024085,0,0
RT-024086,0,1
RT-024087,1,0
RT-024088,0,0
RT-024089,0,0
RT-024090,0,0
RT-024091,1,0
RT-024092,1,0
RT-024093,0,0
RT-024094,0,0
RT-024095,1,1
RT-024096,0,0
RT-024097,0,0
RT-024098,0,0
RT-024099,0,0
RT-024100,0,0
RT-024101,0,0
RT-024102,0,0
RT-024103,0,0
RT-024104,1,0
RT-024105,0,0
RT-024106,0,0
RT-024107,0,0
RT-024108,0,0
RT-024109,0,0
RT-024110,1,0
RT-024111,0,0
RT-024112,1,0
RT-024113,1,0
RT-024114,1,0
RT-024115,1,0
RT-024116,1,0
RT-024117,1,0
RT-024118,0,0
RT-024119,0,0
RT-024120,0,0
RT-024121,0,0
RT-024122,1,0
RT-024123,0,0
RT-024124,0,1
RT-024125,0,0
RT-024126,0,0
RT-024127,1,0
RT-024128,0,0
RT-024129,0,0
RT-024130,0,0
RT-024131,1,0
RT-024132,0,0
RT-024133,0,0
RT-024134,0,0
RT-024135,1,0
RT-024136,0,0
RT-024137,1,0
RT-024138,1,0
RT-024139,0,0
RT-024140,1,0
RT-024141,0,1
RT-024142,0,0
RT-024143,1,0
RT-024144,0,0
RT-024145,0,0
RT-024146,0,0
RT-024147,0,0
RT-024148,1,0
RT-024149,1,0
RT-024150,0,0
RT-024151,0,1
RT-024152,0,0
RT-024153,1,0
RT-024154,0,0
RT-024155,0,0
RT-024156,0,0
RT-024157,1,0
RT-024158,0,0
RT-024159,1,0
RT-024160,0,0
RT-024161,0,0
RT-024162,0,0
RT-024163,0,0
RT-024164,0,0
RT-024165,0,0
RT-024166,0,1
RT-024167,0,0
RT-024168,0,0
RT-024169,1,0
RT-024170,1,0
RT-024171,1,0
RT-024172,1,0
RT-024173,0,0
RT-024174,0,0
RT-024175,0,0
RT-024176,0,0
RT-024177,0,0
RT-024178,0,0
RT-024179,0,0
RT-024180,0,0
RT-024181,0,0
RT-024182,0,0
RT-024183,1,0
RT-024184,0,0
RT-024185,0,0
RT-024186,1,0
RT-024187,0,0
RT-024188,0,1
RT-024189,1,0
RT-024190,1,0
RT-024191,1,0
RT-024192,1,0
RT-024193,0,0
RT-024194,0,0
RT-024195,0,0
RT-024196,0,0
RT-024197,0,0
RT-024198,0,0
RT-024199,0,0
RT-024200,0,0
RT-024201,1,0
RT-024202,1,0
RT-024203,0,0
RT-024204,0,0
RT-024205,0,0
RT-024206,0,0
RT-024207,1,0
RT-024208,0,0
RT-024209,1,0
RT-024210,1,0
RT-024211,0,0
RT-024212,0,0
RT-024213,0,1
RT-024214,1,0
RT-024215,1,0
RT-024216,0,0
RT-024217,0,0
RT-024218,1,0
RT-024219,0,0
RT-024220,0,0
RT-024221,1,0
RT-024222,1,0
RT-024223,0,0
RT-024224,0,0
RT-024225,1,0
RT-024226,0,1
RT-024227,0,0
RT-024228,0,0
RT-024229,0,0
RT-024230,1,0
RT-024231,0,0
RT-024232,0,0
RT-024233,0,0
RT-024234,1,0
RT-024235,0,0
RT-024236,1,0
RT-024237,1,0
RT-024238,0,0
RT-024239,0,0
RT-024240,0,0
RT-024241,1,0
RT-024242,1,0
RT-024243,0,0
RT-024244,0,0
RT-024245,0,0
RT-024246,0,0
RT-024247,0,0
RT-024248,0,0
RT-024249,0,0
RT-024250,0,0
RT-024251,0,0
RT-024252,0,0
RT-024253,0,0
RT-024254,0,0
RT-024255,0,0
RT-024256,0,0
RT-024257,0,0
RT-024258,0,0
RT-024259,0,0
RT-024260,0,0
RT-024261,0,0
RT-024262,0,0
RT-024263,0,0
RT-024264,1,0
RT-024265,0,1
RT-024266,1,0
RT-024267,0,0
RT-024268,1,0
RT-024269,0,0
RT-024270,1,0
RT-024271,1,0
RT-024272,0,0
RT-024273,1,0
RT-024274,1,0
RT-024275,0,0
RT-024276,1,0
RT-024277,0,0
RT-024278,0,0
RT-024279,0,0
RT-024280,0,0
RT-024281,0,0
RT-024282,0,0
RT-024283,1,0
RT-024284,0,0
RT-024285,1,0
RT-024286,0,0
RT-024287,0,0
RT-024288,0,0
RT-024289,0,0
RT-024290,1,0
RT-024291,0,0
RT-024292,0,0
RT-024293,0,0
RT-024294,1,0
RT-024295,0,0
RT-024296,1,0
RT-024297,0,0
RT-024298,0,1
RT-024299,1,0
RT-024300,0,0
RT-024301,0,0
RT-024302,1,0
RT-024303,0,0
RT-024304,0,0
RT-024305,1,0
RT-024306,1,0
RT-024307,0,0
RT-024308,0,0
RT-024309,0,0
RT-024310,0,0
RT-024311,0,0
RT-024312,0,1
RT-024313,0,0
RT-024314,0,0
RT-024315,0,0
RT-024316,0,0
RT-024317,0,0
RT-024318,1,0
RT-024319,1,0
RT-024320,0,0
RT-024321,0,0
RT-024322,0,0
RT-024323,0,0
RT-024324,0,0
RT-024325,1,1
RT-024326,1,0
RT-024327,0,0
RT-024328,0,0
RT-024329,0,0
RT-024330,0,0
RT-024331,0,0
RT-024332,0,0
RT-024333,0,0
RT-024334,0,0
RT-024335,0,0
RT-024336,1,0
RT-024337,0,1
RT-024338,1,0
RT-024339,0,0
RT-024340,0,0
RT-024341,0,0
RT-024342,0,0
RT-024343,1,0
RT-024344,1,0
RT-024345,0,0
RT-024346,0,0
RT-024347,0,0
RT-024348,1,0
RT-024349,1,0
RT-024350,0,0
RT-024351,0,0
RT-024352,1,0
RT-024353,0,0
RT-024354,0,0
RT-024355,0,1
RT-024356,0,0
RT-024357,0,0
RT-024358,0,0
RT-024359,1,0
RT-024360,1,0
RT-024361,0,0
RT-024362,0,0
RT-024363,0,0
RT-024364,0,0
RT-024365,1,0
RT-024366,1,0
RT-024367,0,0
RT-024368,0,0
RT-024369,1,0
RT-024370,0,0
RT-024371,0,1
RT-024372,0,0
RT-024373,0,1
RT-024374,0,0
RT-024375,0,0
RT-024376,0,0
RT-024377,1,0
RT-024378,0,0
RT-024379,1,0
RT-024380,1,0
RT-024381,0,0
RT-024382,1,0
RT-024383,1,0
RT-024384,0,0
RT-024385,0,0
RT-024386,1,0
RT-024387,0,0
RT-024388,1,0
RT-024389,0,0
RT-024390,0,0
RT-024391,1,0
RT-024392,1,0
RT-024393,1,0
RT-024394,1,0
RT-024395,0,0
RT-024396,0,0
RT-024397,0,0
RT-024398,0,0
RT-024399,1,0
RT-024400,0,0
RT-024401,1,0
RT-024402,0,0
RT-024403,0,0
RT-024404,0,0
RT-024405,0,0
RT-024406,1,0
RT-024407,0,0
RT-024408,1,0
RT-024409,0,0
RT-024410,0,0
RT-024411,1,0
RT-024412,0,0
RT-024413,0,0
RT-024414,0,0
RT-024415,0,0
RT-024416,0,0
RT-024417,0,0
RT-024418,0,0
RT-024419,0,0
RT-024420,1,0
RT-024421,0,0
RT-024422,1,0
RT-024423,0,0
RT-024424,0,0
RT-024425,0,0
RT-024426,0,0
RT-024427,0,0
RT-024428,1,0
RT-024429,0,0
RT-024430,0,0
RT-024431,1,0
RT-024432,0,0
RT-024433,0,0
RT-024434,1,0
RT-024435,0,0
RT-024436,1,0
RT-024437,0,0
RT-024438,1,0
RT-024439,1,0
RT-024440,0,0
RT-024441,0,0
RT-024442,1,0
RT-024443,0,0
RT-024444,1,0
RT-024445,0,0
RT-024446,0,0
RT-024447,0,0
RT-024448,0,0
RT-024449,0,0
RT-024450,0,0
RT-024451,0,1
RT-024452,0,0
RT-024453,1,0
RT-024454,1,0
RT-024455,1,0
RT-024456,0,0
RT-024457,0,0
RT-024458,0,0
RT-024459,0,0
RT-024460,0,0
RT-024461,0,0
RT-024462,0,0
RT-024463,0,0
RT-024464,0,1
RT-024465,1,0
RT-024466,0,0
RT-024467,0,0
RT-024468,0,0
RT-024469,0,0
RT-024470,1,0
RT-024471,1,1
RT-024472,0,0
RT-024473,0,0
RT-024474,0,0
RT-024475,0,0
RT-024476,0,0
RT-024477,1,0
RT-024478,0,0
RT-024479,0,0
RT-024480,1,0
RT-024481,0,0
RT-024482,0,0
RT-024483,0,0
RT-024484,1,0
RT-024485,0,0
RT-024486,1,0
RT-024487,1,0
RT-024488,0,0
RT-024489,1,0
RT-024490,0,0
RT-024491,1,0
RT-024492,1,0
RT-024493,0,0
RT-024494,1,0
RT-024495,0,0
RT-024496,0,0
RT-024497,0,0
RT-024498,1,0
RT-024499,0,0
RT-024500,0,0
RT-024501,1,0
RT-024502,0,0
RT-024503,1,0
RT-024504,0,1
RT-024505,0,0
RT-024506,0,0
RT-024507,1,0
RT-024508,0,0
RT-024509,0,0
RT-024510,0,0
RT-024511,0,0
RT-024512,0,0
RT-024513,1,0
RT-024514,1,0
RT-024515,1,0
RT-024516,0,0
RT-024517,0,0
RT-024518,1,0
RT-024519,1,0
RT-024520,1,0
RT-024521,1,0
RT-024522,0,0
RT-024523,1,0
RT-024524,0,1
RT-024525,0,0
RT-024526,0,1
RT-024527,0,0
RT-024528,1,0
RT-024529,0,0
RT-024530,0,0
RT-024531,0,0
RT-024532,0,0
RT-024533,0,1
RT-024534,1,0
RT-024535,1,0
RT-024536,1,0
RT-024537,1,0
RT-024538,0,0
RT-024539,0,1
RT-024540,1,0
RT-024541,1,0
RT-024542,1,0
RT-024543,0,0
RT-024544,0,0
RT-024545,1,0
RT-024546,1,0
RT-024547,0,0
RT-024548,0,0
RT-024549,0,0
RT-024550,0,0
RT-024551,1,0
RT-024552,0,0
RT-024553,1,0
RT-024554,0,1
RT-024555,0,0
RT-024556,1,0
RT-024557,1,0
RT-024558,0,0
RT-024559,0,0
RT-024560,0,0
RT-024561,1,0
RT-024562,0,0
RT-024563,1,0
RT-024564,1,0
RT-024565,0,1
RT-024566,1,0
RT-024567,1,0
RT-024568,0,0
RT-024569,1,0
RT-024570,1,0
RT-024571,1,0
RT-024572,0,0
RT-024573,0,0
RT-024574,0,0
RT-024575,0,0
RT-024576,0,0
RT-024577,1,0
RT-024578,1,0
RT-024579,0,0
RT-024580,0,0
RT-024581,1,0
RT-024582,1,0
RT-024583,1,0
RT-024584,0,0
RT-024585,0,0
RT-024586,1,0
RT-024587,0,0
RT-024588,0,0
RT-024589,0,0
RT-024590,0,0
RT-024591,1,0
RT-024592,1,0
RT-024593,0,0
RT-024594,0,0
RT-024595,0,0
RT-024596,0,0
RT-024597,0,0
RT-024598,0,0
RT-024599,1,0
RT-024600,1,0
RT-024601,0,0
RT-024602,0,0
RT-024603,1,0
RT-024604,1,0
RT-024605,1,0
RT-024606,1,0
RT-024607,0,0
RT-024608,1,0
RT-024609,1,0
RT-024610,0,0
RT-024611,1,0
RT-024612,0,0
RT-024613,0,1
RT-024614,0,0
RT-024615,1,0
RT-024616,0,0
RT-024617,0,0
RT-024618,0,0
RT-024619,1,0
RT-024620,1,0
RT-024621,0,0
RT-024622,0,0
RT-024623,0,0
RT-024624,0,0
RT-024625,0,0
RT-024626,0,0
RT-024627,0,0
RT-024628,0,1
RT-024629,0,0
RT-024630,0,0
RT-024631,1,0
RT-024632,1,0
RT-024633,1,0
RT-024634,0,0
RT-024635,0,0
RT-024636,1,0
RT-024637,1,0
RT-024638,0,0
RT-024639,1,1
RT-024640,0,0
RT-024641,1,0
RT-024642,0,0
RT-024643,1,0
RT-024644,0,0
RT-024645,0,0
RT-024646,0,1
RT-024647,1,0
RT-024648,0,0
RT-024649,0,0
RT-024650,0,0
RT-024651,0,0
RT-024652,0,0
RT-024653,1,0
RT-024654,1,0
RT-024655,0,0
RT-024656,1,0
RT-024657,0,0
RT-024658,1,0
RT-024659,0,0
RT-024660,0,0
RT-024661,0,0
RT-024662,1,0
RT-024663,0,0
RT-024664,1,0
RT-024665,1,0
RT-024666,0,0
RT-024667,0,0
RT-024668,1,0
RT-024669,0,0
RT-024670,0,0
RT-024671,0,0
RT-024672,1,0
RT-024673,0,0
RT-024674,0,1
RT-024675,1,0
RT-024676,1,0
RT-024677,1,0
RT-024678,0,1
RT-024679,0,0
RT-024680,0,1
RT-024681,1,0
RT-024682,0,0
RT-024683,0,0
RT-024684,0,0
RT-024685,1,0
RT-024686,1,0
RT-024687,0,1
RT-024688,1,0
RT-024689,0,0
RT-024690,1,0
RT-024691,0,0
RT-024692,1,0
RT-024693,0,0
RT-024694,1,0
RT-024695,1,0
RT-024696,0,0
RT-024697,1,0
RT-024698,0,1
RT-024699,0,0
RT-024700,1,0
RT-024701,1,0
RT-024702,0,0
RT-024703,0,1
RT-024704,1,0
RT-024705,0,0
RT-024706,0,0
RT-024707,0,0
RT-024708,0,0
RT-024709,0,0
RT-024710,1,0
RT-024711,1,0
RT-024712,1,0
RT-024713,0,0
RT-024714,0,0
RT-024715,1,0
RT-024716,0,0
RT-024717,1,1
RT-024718,0,0
RT-024719,1,0
RT-024720,0,0
RT-024721,0,0
RT-024722,1,0
RT-024723,0,0
RT-024724,1,0
RT-024725,0,0
RT-024726,0,0
RT-024727,1,0
RT-024728,0,0
RT-024729,1,0
RT-024730,0,0
RT-024731,0,0
RT-024732,0,0
RT-024733,0,0
RT-024734,0,1
RT-024735,0,1
RT-024736,1,0
RT-024737,0,0
RT-024738,0,0
RT-024739,0,0
RT-024740,1,0
RT-024741,0,1
RT-024742,0,0
RT-024743,0,1
RT-024744,0,0
RT-024745,1,0
RT-024746,0,0
RT-024747,1,0
RT-024748,0,0
RT-024749,0,0
RT-024750,1,0
RT-024751,1,0
RT-024752,1,0
RT-024753,0,0
RT-024754,1,0
RT-024755,0,0
RT-024756,0,0
RT-024757,0,1
RT-024758,1,0
RT-024759,1,0
RT-024760,0,0
RT-024761,0,0
RT-024762,1,0
RT-024763,1,0
RT-024764,0,0
RT-024765,1,0
RT-024766,0,0
RT-024767,0,0
RT-024768,1,0
RT-024769,0,0
RT-024770,0,0
RT-024771,0,0
RT-024772,1,0
RT-024773,0,0
RT-024774,0,0
RT-024775,0,1
RT-024776,1,0
RT-024777,0,0
RT-024778,1,1
RT-024779,0,0
RT-024780,1,0
RT-024781,0,0
RT-024782,0,0
RT-024783,0,0
RT-024784,0,0
RT-024785,1,0
RT-024786,0,0
RT-024787,0,0
RT-024788,0,0
RT-024789,0,0
RT-024790,1,0
RT-024791,0,0
RT-024792,0,0
RT-024793,0,0
RT-024794,0,1
RT-024795,0,0
RT-024796,1,0
RT-024797,0,0
RT-024798,0,0
RT-024799,0,0
RT-024800,0,0
RT-024801,0,1
RT-024802,0,0
RT-024803,1,0
RT-024804,0,0
RT-024805,0,0
RT-024806,0,0
RT-024807,0,0
RT-024808,0,0
RT-024809,1,0
RT-024810,0,0
RT-024811,1,1
RT-024812,0,1
RT-024813,1,1
RT-024814,1,0
RT-024815,0,0
RT-024816,0,0
RT-024817,0,0
RT-024818,0,0
RT-024819,1,0
RT-024820,0,0
RT-024821,1,0
RT-024822,0,0
RT-024823,0,0
RT-024824,0,0
RT-024825,0,0
RT-024826,0,0
RT-024827,0,0
RT-024828,1,0
RT-024829,0,0
RT-024830,0,0
RT-024831,0,0
RT-024832,0,0
RT-024833,0,0
RT-024834,1,0
RT-024835,1,0
RT-024836,0,0
RT-024837,0,0
RT-024838,0,1
RT-024839,0,1
RT-024840,1,0
RT-024841,0,0
RT-024842,0,0
RT-024843,0,0
RT-024844,0,0
RT-024845,0,0
RT-024846,0,0
RT-024847,1,0
RT-024848,0,0
RT-024849,0,1
RT-024850,0,0
RT-024851,0,1
RT-024852,0,0
RT-024853,1,0
RT-024854,0,0
RT-024855,0,0
RT-024856,0,0
RT-024857,0,0
RT-024858,1,0
RT-024859,0,0
RT-024860,0,0
RT-024861,0,1
RT-024862,0,0
RT-024863,0,1
RT-024864,0,0
RT-024865,0,1
RT-024866,0,0
RT-024867,0,0
RT-024868,1,0
RT-024869,1,0
RT-024870,1,0
RT-024871,1,0
RT-024872,1,0
RT-024873,0,1
RT-024874,1,0
RT-024875,1,0
RT-024876,1,0
RT-024877,0,0
RT-024878,0,0
RT-024879,0,0
RT-024880,1,0
RT-024881,0,0
RT-024882,0,1
RT-024883,0,0
RT-024884,1,0
RT-024885,1,0
RT-024886,1,0
RT-024887,0,1
RT-024888,0,0
RT-024889,0,1
RT-024890,0,0
RT-024891,0,0
RT-024892,0,0
RT-024893,0,0
RT-024894,0,0
RT-024895,0,0
RT-024896,0,0
RT-024897,0,0
RT-024898,1,0
RT-024899,0,0
RT-024900,1,0
RT-024901,0,0
RT-024902,0,0
RT-024903,0,0
RT-024904,1,0
RT-024905,0,0
RT-024906,0,0
RT-024907,0,1
RT-024908,0,0
RT-024909,1,0
RT-024910,0,1
RT-024911,0,1
RT-024912,0,0
RT-024913,0,0
RT-024914,0,0
RT-024915,1,0
RT-024916,0,0
RT-024917,0,0
RT-024918,0,0
RT-024919,1,0
RT-024920,1,0
RT-024921,0,0
RT-024922,0,0
RT-024923,0,0
RT-024924,0,0
RT-024925,1,0
RT-024926,0,0
RT-024927,1,0
RT-024928,0,0
RT-024929,0,0
RT-024930,0,0
RT-024931,1,0
RT-024932,0,0
RT-024933,1,0
RT-024934,1,0
RT-024935,0,0
RT-024936,0,0
RT-024937,1,0
RT-024938,0,0
RT-024939,0,0
RT-024940,1,0
RT-024941,1,0
RT-024942,0,0
RT-024943,0,0
RT-024944,0,0
RT-024945,0,0
RT-024946,0,0
RT-024947,1,0
RT-024948,0,0
RT-024949,0,0
RT-024950,0,0
RT-024951,0,0
RT-024952,0,0
RT-024953,1,0
RT-024954,0,0
RT-024955,0,0
RT-024956,1,0
RT-024957,0,0
RT-024958,0,0
RT-024959,0,0
RT-024960,0,0
RT-024961,1,0
RT-024962,0,0
RT-024963,1,0
RT-024964,1,0
RT-024965,1,0
RT-024966,0,0
RT-024967,0,0
RT-024968,1,0
RT-024969,0,0
RT-024970,0,0
RT-024971,0,0
RT-024972,0,0
RT-024973,0,0
RT-024974,0,0
RT-024975,0,0
RT-024976,0,0
RT-024977,1,0
RT-024978,0,0
RT-024979,0,0
RT-024980,0,0
RT-024981,0,0
RT-024982,0,0
RT-024983,0,0
RT-024984,1,0
RT-024985,0,0
RT-024986,0,1
RT-024987,1,0
RT-024988,0,0
RT-024989,0,0
RT-024990,0,0
RT-024991,0,0
RT-024992,1,0
RT-024993,0,0
RT-024994,0,0
RT-024995,1,0
RT-024996,0,0
RT-024997,0,0
RT-024998,0,0
RT-024999,0,0
RT-025000,1,1
RT-025001,0,0
RT-025002,0,1
RT-025003,1,0
RT-025004,0,0
RT-025005,1,0
RT-025006,1,0
RT-025007,0,0
RT-025008,0,0
RT-025009,1,0
RT-025010,0,0
RT-025011,0,0
RT-025012,1,1
RT-025013,0,0
RT-025014,1,1
RT-025015,1,0
RT-025016,1,0
RT-025017,1,0
RT-025018,1,0
RT-025019,0,0
RT-025020,0,0
RT-025021,0,0
RT-025022,1,0
RT-025023,0,0
RT-025024,1,0
RT-025025,0,1
RT-025026,0,0
RT-025027,0,0
RT-025028,1,0
RT-025029,0,0
RT-025030,0,0
RT-025031,1,0
RT-025032,0,1
RT-025033,0,0
RT-025034,1,0
RT-025035,0,0
RT-025036,1,0
RT-025037,1,0
RT-025038,0,0
RT-025039,1,0
RT-025040,1,0
RT-025041,1,0
RT-025042,0,0
RT-025043,1,0
RT-025044,1,0
RT-025045,0,0
RT-025046,0,1
RT-025047,0,0
RT-025048,0,0
RT-025049,0,0
RT-025050,1,0
RT-025051,0,0
RT-025052,0,0
RT-025053,0,0
RT-025054,0,0
RT-025055,0,1
RT-025056,1,0
RT-025057,1,0
RT-025058,0,0
RT-025059,0,0
RT-025060,0,0
RT-025061,0,0
RT-025062,0,0
RT-025063,1,1
RT-025064,0,0
RT-025065,0,0
RT-025066,0,0
RT-025067,0,0
RT-025068,0,0
RT-025069,1,0
RT-025070,1,0
RT-025071,0,0
RT-025072,1,0
RT-025073,0,0
RT-025074,1,0
RT-025075,1,0
RT-025076,0,0
RT-025077,0,0
RT-025078,1,0
RT-025079,0,0
RT-025080,1,0
RT-025081,0,0
RT-025082,1,0
RT-025083,1,0
RT-025084,1,0
RT-025085,0,0
RT-025086,0,0
RT-025087,1,0
RT-025088,0,1
RT-025089,1,0
RT-025090,1,0
RT-025091,0,0
RT-025092,0,0
RT-025093,1,0
RT-025094,0,0
RT-025095,0,0
RT-025096,0,0
RT-025097,1,0
RT-025098,1,0
RT-025099,0,0
RT-025100,0,0
RT-025101,0,0
RT-025102,0,0
RT-025103,0,0
RT-025104,1,0
RT-025105,1,0
RT-025106,0,0
RT-025107,1,0
RT-025108,0,0
RT-025109,0,0
RT-025110,0,0
RT-025111,1,0
RT-025112,1,1
RT-025113,1,0
RT-025114,1,0
RT-025115,0,0
RT-025116,0,0
RT-025117,0,0
RT-025118,1,0
RT-025119,1,0
RT-025120,0,0
RT-025121,0,0
RT-025122,0,0
RT-025123,0,0
RT-025124,0,0
RT-025125,1,0
RT-025126,0,0
RT-025127,1,0
RT-025128,0,0
RT-025129,1,0
RT-025130,1,0
RT-025131,0,0
RT-025132,0,0
RT-025133,0,0
RT-025134,1,0
RT-025135,0,0
RT-025136,0,0
RT-025137,1,0
RT-025138,0,0
RT-025139,0,0
RT-025140,1,0
RT-025141,0,0
RT-025142,0,0
RT-025143,0,0
RT-025144,0,1
RT-025145,1,0
RT-025146,0,0
RT-025147,0,0
RT-025148,1,0
RT-025149,1,0
RT-025150,0,0
RT-025151,0,1
RT-025152,0,0
RT-025153,0,0
RT-025154,0,0
RT-025155,0,0
RT-025156,0,0
RT-025157,0,0
RT-025158,1,0
RT-025159,0,0
RT-025160,1,0
RT-025161,1,0
RT-025162,0,0
RT-025163,1,0
RT-025164,1,0
RT-025165,0,0
RT-025166,0,0
RT-025167,1,0
RT-025168,0,0
RT-025169,0,0
RT-025170,0,0
RT-025171,0,0
RT-025172,0,0
RT-025173,0,0
RT-025174,0,0
RT-025175,0,0
RT-025176,0,0
RT-025177,0,0
RT-025178,0,0
RT-025179,1,0
RT-025180,0,0
RT-025181,0,0
RT-025182,0,0
RT-025183,0,0
RT-025184,1,0
RT-025185,0,0
RT-025186,0,1
RT-025187,0,0
RT-025188,0,0
RT-025189,0,0
RT-025190,0,0
RT-025191,1,0
RT-025192,0,0
RT-025193,0,0
RT-025194,1,0
RT-025195,1,0
RT-025196,1,0
RT-025197,0,0
RT-025198,0,0
RT-025199,1,0
RT-025200,1,0
RT-025201,0,0
RT-025202,0,0
RT-025203,0,0
RT-025204,0,0
RT-025205,1,0
RT-025206,0,0
RT-025207,0,0
RT-025208,0,0
RT-025209,0,0
RT-025210,0,0
RT-025211,0,0
RT-025212,1,0
RT-025213,0,0
RT-025214,0,0
RT-025215,0,0
RT-025216,0,0
RT-025217,0,0
RT-025218,1,0
RT-025219,0,0
RT-025220,0,0
RT-025221,1,0
RT-025222,0,0
RT-025223,0,0
RT-025224,0,0
RT-025225,0,0
RT-025226,0,1
RT-025227,0,0
RT-025228,1,0
RT-025229,1,0
RT-025230,0,1
RT-025231,0,0
RT-025232,1,0
RT-025233,0,0
RT-025234,0,0
RT-025235,0,0
RT-025236,0,1
RT-025237,0,0
RT-025238,1,0
RT-025239,0,0
RT-025240,1,0
RT-025241,1,0
RT-025242,0,0
RT-025243,0,0
RT-025244,0,0
RT-025245,0,0
RT-025246,0,0
RT-025247,0,0
RT-025248,0,0
RT-025249,0,0
RT-025250,0,0
RT-025251,0,0
RT-025252,1,0
RT-025253,0,0
RT-025254,1,0
RT-025255,1,0
RT-025256,0,1
RT-025257,1,0
RT-025258,1,0
RT-025259,1,0
RT-025260,0,0
RT-025261,0,0
RT-025262,0,0
RT-025263,1,0
RT-025264,0,1
RT-025265,1,0
RT-025266,0,0
RT-025267,1,0
RT-025268,0,0
RT-025269,0,0
RT-025270,1,0
RT-025271,1,0
RT-025272,0,0
RT-025273,0,0
RT-025274,0,0
RT-025275,0,0
RT-025276,0,0
RT-025277,0,0
RT-025278,1,0
RT-025279,0,0
RT-025280,1,0
RT-025281,1,0
RT-025282,1,0
RT-025283,0,0
RT-025284,0,0
RT-025285,0,0
RT-025286,0,0
RT-025287,0,0
RT-025288,1,0
RT-025289,0,0
RT-025290,0,0
RT-025291,1,0
RT-025292,1,0
RT-025293,1,0
RT-025294,0,0
RT-025295,0,0
RT-025296,1,0
RT-025297,0,0
RT-025298,0,0
RT-025299,0,0
RT-025300,0,0
RT-025301,0,0
RT-025302,0,0
RT-025303,0,0
RT-025304,0,0
RT-025305,1,0
RT-025306,0,0
RT-025307,0,0
RT-025308,0,0
RT-025309,0,0
RT-025310,0,0
RT-025311,0,0
RT-025312,0,0
RT-025313,0,0
RT-025314,1,0
RT-025315,0,1
RT-025316,0,0
RT-025317,0,0
RT-025318,1,0
RT-025319,0,0
RT-025320,1,0
RT-025321,0,1
RT-025322,1,0
RT-025323,0,0
RT-025324,0,0
RT-025325,0,0
RT-025326,0,0
RT-025327,1,0
RT-025328,0,0
RT-025329,0,0
RT-025330,1,0
RT-025331,0,0
RT-025332,0,1
RT-025333,0,0
RT-025334,0,0
RT-025335,0,0
RT-025336,0,0
RT-025337,0,0
RT-025338,0,0
RT-025339,0,0
RT-025340,0,0
RT-025341,0,0
RT-025342,0,0
RT-025343,1,0
RT-025344,1,0
RT-025345,0,0
RT-025346,1,0
RT-025347,1,1
RT-025348,0,0
RT-025349,0,0
RT-025350,1,0
RT-025351,0,0
RT-025352,1,0
RT-025353,0,0
RT-025354,0,0
RT-025355,0,0
RT-025356,1,0
RT-025357,0,0
RT-025358,0,0
RT-025359,0,0
RT-025360,0,0
RT-025361,1,0
RT-025362,1,0
RT-025363,1,0
RT-025364,0,0
RT-025365,0,1
RT-025366,0,0
RT-025367,0,0
RT-025368,0,0
RT-025369,0,0
RT-025370,1,0
RT-025371,1,0
RT-025372,1,0
RT-025373,0,1
RT-025374,0,0
RT-025375,0,0
RT-025376,0,0
RT-025377,1,0
RT-025378,1,0
RT-025379,0,0
RT-025380,0,0
RT-025381,0,0
RT-025382,0,0
RT-025383,0,0
RT-025384,1,0
RT-025385,1,0
RT-025386,0,0
RT-025387,1,0
RT-025388,0,0
RT-025389,0,0
RT-025390,1,0
RT-025391,0,0
RT-025392,1,0
RT-025393,0,0
RT-025394,1,0
RT-025395,0,0
RT-025396,1,0
RT-025397,0,1
RT-025398,1,0
RT-025399,0,0
RT-025400,1,0
RT-025401,0,0
RT-025402,0,1
RT-025403,0,0
RT-025404,1,0
RT-025405,0,0
RT-025406,0,0
RT-025407,0,1
RT-025408,0,1
RT-025409,0,1
RT-025410,1,0
RT-025411,0,0
RT-025412,1,0
RT-025413,1,0
RT-025414,0,0
RT-025415,0,0
RT-025416,0,0
RT-025417,0,0
RT-025418,1,0
RT-025419,0,0
RT-025420,1,0
RT-025421,0,0
RT-025422,0,0
RT-025423,1,0
RT-025424,0,0
RT-025425,0,0
RT-025426,0,0
RT-025427,0,0
RT-025428,0,0
RT-025429,0,0
RT-025430,0,0
RT-025431,1,0
RT-025432,0,0
RT-025433,0,0
RT-025434,1,0
RT-025435,1,0
RT-025436,0,0
RT-025437,1,0
RT-025438,0,1
RT-025439,1,0
RT-025440,1,0
RT-025441,1,0
RT-025442,0,0
RT-025443,1,0
RT-025444,1,0
RT-025445,0,0
RT-025446,1,0
RT-025447,1,0
RT-025448,0,0
RT-025449,0,0
RT-025450,1,0
RT-025451,0,0
RT-025452,0,0
RT-025453,1,0
RT-025454,0,0
RT-025455,0,0
RT-025456,0,0
RT-025457,1,0
RT-025458,0,0
RT-025459,0,0
RT-025460,0,0
RT-025461,1,0
RT-025462,0,0
RT-025463,0,0
RT-025464,0,0
RT-025465,0,0
RT-025466,0,0
RT-025467,1,0
RT-025468,0,0
RT-025469,0,0
RT-025470,0,0
RT-025471,1,0
RT-025472,1,0
RT-025473,1,0
RT-025474,0,1
RT-025475,0,0
RT-025476,1,0
RT-025477,1,0
RT-025478,0,0
RT-025479,0,0
RT-025480,0,0
RT-025481,0,0
RT-025482,1,0
RT-025483,0,0
RT-025484,0,0
RT-025485,1,0
RT-025486,0,0
RT-025487,1,0
RT-025488,0,0
RT-025489,1,0
RT-025490,0,0
RT-025491,0,0
RT-025492,0,0
RT-025493,1,0
RT-025494,1,0
RT-025495,1,0
RT-025496,0,0
RT-025497,0,0
RT-025498,0,0
RT-025499,0,0
RT-025500,0,0
RT-025501,0,0
RT-025502,0,0
RT-025503,0,1
RT-025504,0,0
RT-025505,1,0
RT-025506,1,0
RT-025507,0,0
RT-025508,1,0
RT-025509,0,0
RT-025510,0,1
RT-025511,1,0
RT-025512,0,0
RT-025513,0,0
RT-025514,0,0
RT-025515,0,0
RT-025516,0,0
RT-025517,1,0
RT-025518,1,0
RT-025519,1,0
RT-025520,0,0
RT-025521,0,0
RT-025522,0,0
RT-025523,0,0
RT-025524,1,0
RT-025525,1,0
RT-025526,1,0
RT-025527,0,0
RT-025528,0,0
RT-025529,1,0
RT-025530,0,0
RT-025531,0,0
RT-025532,0,1
RT-025533,0,0
RT-025534,1,0
RT-025535,1,0
RT-025536,1,1
RT-025537,1,0
RT-025538,0,0
RT-025539,1,0
RT-025540,0,0
RT-025541,0,0
RT-025542,0,0
RT-025543,0,0
RT-025544,1,0
RT-025545,1,0
RT-025546,1,0
RT-025547,0,0
RT-025548,0,0
RT-025549,1,0
RT-025550,1,0
RT-025551,0,0
RT-025552,1,0
RT-025553,0,0
RT-025554,0,0
RT-025555,0,0
RT-025556,0,1
RT-025557,1,0
RT-025558,1,0
RT-025559,0,0
RT-025560,0,0
RT-025561,0,0
RT-025562,1,0
RT-025563,0,0
RT-025564,0,0
RT-025565,0,0
RT-025566,0,0
RT-025567,0,0
RT-025568,0,0
RT-025569,0,0
RT-025570,1,0
RT-025571,1,0
RT-025572,1,0
RT-025573,0,1
RT-025574,0,0
RT-025575,0,0
RT-025576,0,0
RT-025577,0,1
RT-025578,0,0
RT-025579,0,1
RT-025580,1,0
RT-025581,1,0
RT-025582,0,0
RT-025583,0,0
RT-025584,0,0
RT-025585,0,0
RT-025586,0,0
RT-025587,0,0
RT-025588,0,0
RT-025589,0,0
RT-025590,0,0
RT-025591,0,0
RT-025592,0,0
RT-025593,0,0
RT-025594,0,0
RT-025595,0,0
RT-025596,0,0
RT-025597,0,0
RT-025598,0,0
RT-025599,1,0
RT-025600,0,0
RT-025601,1,0
RT-025602,0,0
RT-025603,1,0
RT-025604,0,0
RT-025605,0,0
RT-025606,0,0
RT-025607,0,0
RT-025608,1,0
RT-025609,0,0
RT-025610,1,0
RT-025611,0,0
RT-025612,0,0
RT-025613,1,0
RT-025614,0,0
RT-025615,0,1
RT-025616,1,0
RT-025617,0,0
RT-025618,0,0
RT-025619,1,0
RT-025620,0,0
RT-025621,1,0
RT-025622,1,0
RT-025623,0,0
RT-025624,1,0
RT-025625,0,0
RT-025626,0,1
RT-025627,0,0
RT-025628,0,0
RT-025629,0,0
RT-025630,0,0
RT-025631,0,0
RT-025632,1,0
RT-025633,0,0
RT-025634,0,0
RT-025635,0,0
RT-025636,0,0
RT-025637,0,0
RT-025638,0,0
RT-025639,0,1
RT-025640,0,0
RT-025641,0,0
RT-025642,1,1
RT-025643,1,0
RT-025644,1,0
RT-025645,0,0
RT-025646,1,0
RT-025647,0,0
RT-025648,0,0
RT-025649,1,0
RT-025650,0,0
RT-025651,1,0
RT-025652,1,0
RT-025653,1,0
RT-025654,0,1
RT-025655,0,0
RT-025656,0,0
RT-025657,1,0
RT-025658,0,0
RT-025659,0,0
RT-025660,0,0
RT-025661,1,0
RT-025662,0,0
RT-025663,0,0
RT-025664,1,0
RT-025665,1,0
RT-025666,0,0
RT-025667,1,0
RT-025668,0,0
RT-025669,0,0
RT-025670,1,0
RT-025671,1,0
RT-025672,0,0
RT-025673,1,0
RT-025674,1,0
RT-025675,0,0
RT-025676,0,0
RT-025677,1,0
RT-025678,0,0
RT-025679,1,0
RT-025680,0,0
RT-025681,0,0
RT-025682,1,0
RT-025683,1,0
RT-025684,0,0
RT-025685,0,0
RT-025686,1,0
RT-025687,1,0
RT-025688,1,0
RT-025689,0,0
RT-025690,0,0
RT-025691,0,1
RT-025692,1,0
RT-025693,1,0
RT-025694,0,0
RT-025695,0,0
RT-025696,1,0
RT-025697,0,0
RT-025698,1,1
RT-025699,1,0
RT-025700,0,0
RT-025701,1,0
RT-025702,1,0
RT-025703,1,0
RT-025704,0,0
RT-025705,0,1
RT-025706,0,0
RT-025707,1,0
RT-025708,0,0
RT-025709,1,0
RT-025710,0,0
RT-025711,1,0
RT-025712,1,0
RT-025713,1,0
RT-025714,0,0
RT-025715,0,0
RT-025716,0,0
RT-025717,1,0
RT-025718,0,0
RT-025719,0,0
RT-025720,0,0
RT-025721,0,0
RT-025722,0,0
RT-025723,0,0
RT-025724,1,0
RT-025725,0,0
RT-025726,0,0
RT-025727,0,0
RT-025728,0,0
RT-025729,0,0
RT-025730,0,0
RT-025731,0,0
RT-025732,1,1
RT-025733,0,0
RT-025734,1,0
RT-025735,1,0
RT-025736,1,1
RT-025737,0,0
RT-025738,0,0
RT-025739,1,0
RT-025740,0,1
RT-025741,0,0
RT-025742,1,0
RT-025743,0,0
RT-025744,0,0
RT-025745,1,0
RT-025746,0,0
RT-025747,1,0
RT-025748,0,0
RT-025749,0,0
RT-025750,0,0
RT-025751,0,0
RT-025752,0,0
RT-025753,0,1
RT-025754,0,0
RT-025755,0,0
RT-025756,0,0
RT-025757,1,0
RT-025758,0,0
RT-025759,1,0
RT-025760,0,0
RT-025761,0,0
RT-025762,0,0
RT-025763,0,0
RT-025764,0,0
RT-025765,1,0
RT-025766,0,0
RT-025767,0,0
RT-025768,1,0
RT-025769,0,0
RT-025770,1,0
RT-025771,0,0
RT-025772,0,1
RT-025773,0,0
RT-025774,1,1
RT-025775,0,0
RT-025776,0,1
RT-025777,0,0
RT-025778,0,0
RT-025779,0,0
RT-025780,0,0
RT-025781,1,0
RT-025782,1,0
RT-025783,1,0
RT-025784,0,0
RT-025785,1,0
RT-025786,0,0
RT-025787,0,0
RT-025788,1,0
RT-025789,1,0
RT-025790,1,0
RT-025791,0,0
RT-025792,0,0
RT-025793,1,0
RT-025794,0,0
RT-025795,0,0
RT-025796,0,1
RT-025797,0,1
RT-025798,0,0
RT-025799,0,0
RT-025800,0,0
RT-025801,0,0
RT-025802,0,0
RT-025803,0,0
RT-025804,0,0
RT-025805,0,0
RT-025806,1,0
RT-025807,0,0
RT-025808,0,0
RT-025809,0,0
RT-025810,0,0
RT-025811,0,0
RT-025812,1,0
RT-025813,1,0
RT-025814,0,0
RT-025815,0,1
RT-025816,1,0
RT-025817,0,0
RT-025818,0,0
RT-025819,0,0
RT-025820,0,0
RT-025821,0,0
RT-025822,1,0
RT-025823,0,0
RT-025824,0,0
RT-025825,0,0
RT-025826,0,0
RT-025827,0,0
RT-025828,0,0
RT-025829,0,0
RT-025830,0,0
RT-025831,0,0
RT-025832,1,0
RT-025833,0,0
RT-025834,1,0
RT-025835,0,0
RT-025836,0,0
RT-025837,1,0
RT-025838,0,0
RT-025839,1,0
RT-025840,1,0
RT-025841,0,0
RT-025842,1,0
RT-025843,0,1
RT-025844,1,0
RT-025845,0,0
RT-025846,0,0
RT-025847,1,0
RT-025848,0,0
RT-025849,0,1
RT-025850,0,1
RT-025851,0,0
RT-025852,0,0
RT-025853,0,0
RT-025854,0,0
RT-025855,1,0
RT-025856,0,0
RT-025857,0,0
RT-025858,0,1
RT-025859,0,0
RT-025860,1,0
RT-025861,0,0
RT-025862,0,0
RT-025863,0,0
RT-025864,0,0
RT-025865,1,0
RT-025866,0,0
RT-025867,0,0
RT-025868,0,0
RT-025869,0,0
RT-025870,0,0
RT-025871,0,0
RT-025872,1,0
RT-025873,0,0
RT-025874,0,1
RT-025875,0,0
RT-025876,0,0
RT-025877,0,0
RT-025878,1,0
RT-025879,0,0
RT-025880,1,0
RT-025881,0,0
RT-025882,0,0
RT-025883,1,0
RT-025884,1,0
RT-025885,1,0
RT-025886,0,0
RT-025887,0,0
RT-025888,0,1
RT-025889,0,0
RT-025890,0,0
RT-025891,0,0
RT-025892,0,0
RT-025893,1,0
RT-025894,0,0
RT-025895,0,1
RT-025896,0,0
RT-025897,0,0
RT-025898,0,0
RT-025899,0,0
RT-025900,0,0
RT-025901,1,0
RT-025902,0,0
RT-025903,0,0
RT-025904,0,0
RT-025905,0,0
RT-025906,1,0
RT-025907,0,0
RT-025908,0,0
RT-025909,0,0
RT-025910,0,0
RT-025911,1,0
RT-025912,0,0
RT-025913,1,0
RT-025914,0,0
RT-025915,0,0
RT-025916,0,0
RT-025917,0,0
RT-025918,0,0
RT-025919,0,0
RT-025920,0,0
RT-025921,0,0
RT-025922,0,0
RT-025923,0,0
RT-025924,0,0
RT-025925,0,1
RT-025926,0,0
RT-025927,0,0
RT-025928,0,0
RT-025929,1,0
RT-025930,1,0
RT-025931,1,0
RT-025932,0,0
RT-025933,0,0
RT-025934,0,1
RT-025935,1,0
RT-025936,0,1
RT-025937,1,0
RT-025938,1,0
RT-025939,1,0
RT-025940,1,0
RT-025941,1,0
RT-025942,0,0
RT-025943,0,1
RT-025944,1,0
RT-025945,0,0
RT-025946,0,0
RT-025947,0,0
RT-025948,0,0
RT-025949,0,0
RT-025950,0,0
RT-025951,0,0
RT-025952,0,0
RT-025953,0,0
RT-025954,0,0
RT-025955,0,0
RT-025956,1,0
RT-025957,0,0
RT-025958,0,0
RT-025959,0,0
RT-025960,1,0
RT-025961,0,0
RT-025962,1,0
RT-025963,0,0
RT-025964,1,0
RT-025965,1,0
RT-025966,0,0
RT-025967,0,1
RT-025968,1,0
RT-025969,0,0
RT-025970,0,0
RT-025971,0,0
RT-025972,1,1
RT-025973,0,0
RT-025974,1,0
RT-025975,0,0
RT-025976,1,0
RT-025977,0,0
RT-025978,0,0
RT-025979,0,0
RT-025980,1,0
RT-025981,0,0
RT-025982,0,0
RT-025983,1,0
RT-025984,0,0
RT-025985,0,0
RT-025986,0,0
RT-025987,0,0
RT-025988,1,0
RT-025989,0,0
RT-025990,0,0
RT-025991,0,0
RT-025992,0,0
RT-025993,0,1
RT-025994,0,0
RT-025995,0,0
RT-025996,0,0
RT-025997,0,0
RT-025998,0,1
RT-025999,1,0
RT-026000,0,0
RT-026001,0,0
RT-026002,0,0
RT-026003,0,0
RT-026004,0,0
RT-026005,0,1
RT-026006,0,1
RT-026007,1,0
RT-026008,0,0
RT-026009,0,1
RT-026010,1,0
RT-026011,0,0
RT-026012,0,0
RT-026013,0,0
RT-026014,0,0
RT-026015,1,0
RT-026016,0,0
RT-026017,0,0
RT-026018,0,0
RT-026019,1,0
RT-026020,1,0
RT-026021,0,0
RT-026022,0,0
RT-026023,0,0
RT-026024,0,0
RT-026025,1,0
RT-026026,0,0
RT-026027,0,0
RT-026028,1,0
RT-026029,0,0
RT-026030,0,0
RT-026031,0,0
RT-026032,0,0
RT-026033,0,0
RT-026034,0,0
RT-026035,0,0
RT-026036,1,0
RT-026037,0,0
RT-026038,0,0
RT-026039,0,0
RT-026040,0,0
RT-026041,0,0
RT-026042,0,0
RT-026043,0,0
RT-026044,0,0
RT-026045,0,0
RT-026046,0,0
RT-026047,0,0
RT-026048,1,0
RT-026049,0,0
RT-026050,0,0
RT-026051,1,0
RT-026052,0,1
RT-026053,0,0
RT-026054,0,0
RT-026055,1,0
RT-026056,0,0
RT-026057,0,0
RT-026058,1,0
RT-026059,1,0
RT-026060,1,0
RT-026061,0,0
RT-026062,0,0
RT-026063,0,1
RT-026064,1,0
RT-026065,0,0
RT-026066,0,0
RT-026067,0,1
RT-026068,0,0
RT-026069,0,0
RT-026070,0,0
RT-026071,0,0
RT-026072,0,0
RT-026073,1,0
RT-026074,0,0
RT-026075,1,0
RT-026076,0,0
RT-026077,1,0
RT-026078,0,0
RT-026079,0,0
RT-026080,0,0
RT-026081,1,0
RT-026082,0,0
RT-026083,0,0
RT-026084,0,1
RT-026085,0,0
RT-026086,1,0
RT-026087,0,0
RT-026088,1,0
RT-026089,0,0
RT-026090,1,0
RT-026091,0,0
RT-026092,0,1
RT-026093,0,1
RT-026094,0,0
RT-026095,0,0
RT-026096,1,0
RT-026097,1,0
RT-026098,0,0
RT-026099,1,0
RT-026100,1,0
RT-026101,1,0
RT-026102,0,0
RT-026103,1,0
RT-026104,0,0
RT-026105,0,1
RT-026106,0,0
RT-026107,0,0
RT-026108,0,0
RT-026109,0,0
RT-026110,1,0
RT-026111,1,0
RT-026112,0,0
RT-026113,0,0
RT-026114,1,0
RT-026115,0,0
RT-026116,0,0
RT-026117,1,1
RT-026118,0,0
RT-026119,0,0
RT-026120,1,0
RT-026121,0,0
RT-026122,0,0
RT-026123,0,1
RT-026124,0,0
RT-026125,0,0
RT-026126,0,1
RT-026127,1,0
RT-026128,0,0
RT-026129,0,0
RT-026130,1,0
RT-026131,1,0
RT-026132,0,1
RT-026133,1,0
RT-026134,0,0
RT-026135,0,0
RT-026136,0,0
RT-026137,0,0
RT-026138,0,0
RT-026139,1,0
RT-026140,0,0
RT-026141,1,0
RT-026142,1,0
RT-026143,0,0
RT-026144,0,0
RT-026145,1,0
RT-026146,0,0
RT-026147,0,0
RT-026148,0,0
RT-026149,0,0
RT-026150,0,0
RT-026151,0,1
RT-026152,0,0
RT-026153,0,0
RT-026154,0,1
RT-026155,0,0
RT-026156,0,0
RT-026157,0,0
RT-026158,0,0
RT-026159,0,0
RT-026160,0,0
RT-026161,0,0
RT-026162,0,0
RT-026163,0,1
RT-026164,0,1
RT-026165,0,1
RT-026166,0,0
RT-026167,0,1
RT-026168,0,0
RT-026169,1,0
RT-026170,0,0
RT-026171,1,0
RT-026172,0,0
RT-026173,0,0
RT-026174,1,0
RT-026175,0,0
RT-026176,0,0
RT-026177,0,0
RT-026178,0,0
RT-026179,1,0
RT-026180,0,1
RT-026181,0,0
RT-026182,0,0
RT-026183,0,1
RT-026184,0,0
RT-026185,0,0
RT-026186,0,0
RT-026187,0,0
RT-026188,0,0
RT-026189,0,0
RT-026190,1,0
RT-026191,0,0
RT-026192,0,0
RT-026193,0,0
RT-026194,0,1
RT-026195,0,0
RT-026196,1,0
RT-026197,1,0
RT-026198,0,0
RT-026199,0,0
RT-026200,0,1
RT-026201,0,0
RT-026202,0,0
RT-026203,0,1
RT-026204,1,0
RT-026205,1,0
RT-026206,0,0
RT-026207,0,1
RT-026208,0,0
RT-026209,0,0
RT-026210,0,0
RT-026211,1,0
RT-026212,0,0
RT-026213,0,0
RT-026214,1,0
RT-026215,0,0
RT-026216,1,0
RT-026217,0,0
RT-026218,1,0
RT-026219,0,1
RT-026220,0,1
RT-026221,1,0
RT-026222,0,0
RT-026223,0,0
RT-026224,0,1
RT-026225,1,0
RT-026226,1,0
RT-026227,1,0
RT-026228,1,0
RT-026229,0,0
RT-026230,1,0
RT-026231,0,0
RT-026232,0,0
RT-026233,1,0
RT-026234,0,0
RT-026235,0,0
RT-026236,0,0
RT-026237,0,0
RT-026238,0,0
RT-026239,0,0
RT-026240,1,0
RT-026241,0,0
RT-026242,0,1
RT-026243,0,0
RT-026244,0,0
RT-026245,0,0
RT-026246,0,0
RT-026247,0,0
RT-026248,0,0
RT-026249,0,0
RT-026250,0,0
RT-026251,0,0
RT-026252,0,0
RT-026253,1,0
RT-026254,0,0
RT-026255,0,1
RT-026256,0,0
RT-026257,0,0
RT-026258,0,1
RT-026259,1,0
RT-026260,0,0
RT-026261,0,0
RT-026262,0,0
RT-026263,0,0
RT-026264,0,0
RT-026265,0,1
RT-026266,0,1
RT-026267,0,0
RT-026268,0,0
RT-026269,0,0
RT-026270,0,0
RT-026271,1,0
RT-026272,0,0
RT-026273,1,0
RT-026274,1,0
RT-026275,0,0
RT-026276,0,0
RT-026277,0,0
RT-026278,1,0
RT-026279,0,0
RT-026280,0,0
RT-026281,0,0
RT-026282,0,0
RT-026283,1,0
RT-026284,0,0
RT-026285,0,0
RT-026286,0,0
RT-026287,1,0
RT-026288,1,0
RT-026289,0,0
RT-026290,0,0
RT-026291,0,0
RT-026292,1,0
RT-026293,0,0
RT-026294,1,0
RT-026295,1,0
RT-026296,1,0
RT-026297,0,0
RT-026298,0,0
RT-026299,1,0
RT-026300,0,0
RT-026301,0,0
RT-026302,0,0
RT-026303,0,0
RT-026304,0,0
RT-026305,1,0
RT-026306,0,0
RT-026307,1,0
RT-026308,0,0
RT-026309,0,0
RT-026310,1,0
RT-026311,0,0
RT-026312,1,0
RT-026313,1,0
RT-026314,1,0
RT-026315,1,0
RT-026316,0,0
RT-026317,1,0
RT-026318,1,0
RT-026319,0,0
RT-026320,0,0
RT-026321,0,0
RT-026322,0,0
RT-026323,0,0
RT-026324,0,0
RT-026325,0,0
RT-026326,0,0
RT-026327,0,0
RT-026328,0,0
RT-026329,0,0
RT-026330,0,0
RT-026331,1,0
RT-026332,0,0
RT-026333,0,0
RT-026334,0,0
RT-026335,0,0
RT-026336,0,0
RT-026337,0,0
RT-026338,0,0
RT-026339,0,0
RT-026340,0,0
RT-026341,0,0
RT-026342,1,0
RT-026343,1,0
RT-026344,0,0
RT-026345,1,0
RT-026346,0,1
RT-026347,0,0
RT-026348,0,0
RT-026349,1,0
RT-026350,1,0
RT-026351,0,0
RT-026352,1,0
RT-026353,0,0
RT-026354,0,0
RT-026355,0,0
RT-026356,1,0
RT-026357,1,0
RT-026358,0,0
RT-026359,0,0
RT-026360,0,0
RT-026361,0,0
RT-026362,0,0
RT-026363,1,0
RT-026364,0,0
RT-026365,0,0
RT-026366,0,0
RT-026367,0,0
RT-026368,1,0
RT-026369,0,0
RT-026370,1,0
RT-026371,1,0
RT-026372,0,0
RT-026373,0,0
RT-026374,0,0
RT-026375,0,0
RT-026376,0,0
RT-026377,0,0
RT-026378,0,0
RT-026379,0,0
RT-026380,0,1
RT-026381,0,0
RT-026382,1,0
RT-026383,0,0
RT-026384,0,0
RT-026385,0,0
RT-026386,1,0
RT-026387,1,0
RT-026388,0,1
RT-026389,0,0
RT-026390,1,0
RT-026391,0,0
RT-026392,0,0
RT-026393,1,0
RT-026394,0,0
RT-026395,1,0
RT-026396,1,0
RT-026397,0,0
RT-026398,1,0
RT-026399,1,0
RT-026400,0,0
RT-026401,1,1
RT-026402,1,0
RT-026403,1,0
RT-026404,0,0
RT-026405,0,0
RT-026406,0,0
RT-026407,0,0
RT-026408,0,0
RT-026409,0,0
RT-026410,0,1
RT-026411,0,0
RT-026412,0,0
RT-026413,0,1
RT-026414,0,0
RT-026415,1,0
RT-026416,0,0
RT-026417,0,0
RT-026418,1,0
RT-026419,0,0
RT-026420,0,0
RT-026421,0,0
RT-026422,0,0
RT-026423,1,0
RT-026424,0,0
RT-026425,0,0
RT-026426,1,0
RT-026427,0,0
RT-026428,0,0
RT-026429,0,0
RT-026430,0,0
RT-026431,0,0
RT-026432,1,0
RT-026433,0,0
RT-026434,0,0
RT-026435,1,0
RT-026436,0,0
RT-026437,1,0
RT-026438,1,1
RT-026439,0,0
RT-026440,0,0
RT-026441,1,0
RT-026442,1,0
RT-026443,1,0
RT-026444,1,0
RT-026445,1,0
RT-026446,0,0
RT-026447,1,0
RT-026448,1,0
RT-026449,0,0
RT-026450,1,0
RT-026451,0,0
RT-026452,0,0
RT-026453,1,0
RT-026454,1,0
RT-026455,0,0
RT-026456,0,1
RT-026457,1,0
RT-026458,0,0
RT-026459,1,0
RT-026460,1,0
RT-026461,0,0
RT-026462,0,0
RT-026463,1,0
RT-026464,1,0
RT-026465,0,0
RT-026466,1,0
RT-026467,0,0
RT-026468,1,0
RT-026469,0,1
RT-026470,0,1
RT-026471,0,0
RT-026472,0,0
RT-026473,0,0
RT-026474,0,0
RT-026475,0,0
RT-026476,0,1
RT-026477,0,0
RT-026478,1,1
RT-026479,0,0
RT-026480,1,0
RT-026481,0,0
RT-026482,0,0
RT-026483,1,0
RT-026484,1,0
RT-026485,0,0
RT-026486,1,0
RT-026487,0,0
RT-026488,1,0
RT-026489,0,0
RT-026490,0,0
RT-026491,0,0
RT-026492,0,0
RT-026493,1,0
RT-026494,1,0
RT-026495,0,0
RT-026496,0,0
RT-026497,0,0
RT-026498,1,0
RT-026499,0,0
RT-026500,0,0
RT-026501,1,0
RT-026502,0,1
RT-026503,0,0
RT-026504,0,0
RT-026505,0,0
RT-026506,0,1
RT-026507,0,0
RT-026508,1,0
RT-026509,0,0
RT-026510,0,0
RT-026511,1,0
RT-026512,0,0
RT-026513,0,0
RT-026514,0,0
RT-026515,0,0
RT-026516,0,0
RT-026517,0,0
RT-026518,0,0
RT-026519,0,0
RT-026520,0,0
RT-026521,0,0
RT-026522,0,0
RT-026523,0,0
RT-026524,0,0
RT-026525,0,0
RT-026526,0,0
RT-026527,0,0
RT-026528,1,0
RT-026529,1,0
RT-026530,1,0
RT-026531,0,0
RT-026532,0,0
RT-026533,0,0
RT-026534,0,0
RT-026535,0,1
RT-026536,1,0
RT-026537,0,0
RT-026538,0,0
RT-026539,0,1
RT-026540,1,0
RT-026541,0,0
RT-026542,1,0
RT-026543,0,0
RT-026544,0,1
RT-026545,0,0
RT-026546,1,0
RT-026547,0,0
RT-026548,0,0
RT-026549,0,0
RT-026550,0,0
RT-026551,0,0
RT-026552,0,0
RT-026553,0,0
RT-026554,0,0
RT-026555,1,0
RT-026556,1,0
RT-026557,0,0
RT-026558,0,0
RT-026559,0,0
RT-026560,0,0
RT-026561,0,0
RT-026562,1,0
RT-026563,0,0
RT-026564,0,0
RT-026565,0,0
RT-026566,0,0
RT-026567,1,0
RT-026568,0,0
RT-026569,0,0
RT-026570,0,0
RT-026571,0,0
RT-026572,0,0
RT-026573,0,0
RT-026574,0,0
RT-026575,0,0
RT-026576,0,0
RT-026577,0,0
RT-026578,0,0
RT-026579,0,0
RT-026580,0,0
RT-026581,0,0
RT-026582,0,0
RT-026583,0,0
RT-026584,0,0
RT-026585,0,0
RT-026586,0,0
RT-026587,1,0
RT-026588,0,0
RT-026589,0,0
RT-026590,0,0
RT-026591,1,0
RT-026592,0,0
RT-026593,1,0
RT-026594,0,0
RT-026595,0,0
RT-026596,0,0
RT-026597,0,0
RT-026598,0,0
RT-026599,1,0
RT-026600,1,0
RT-026601,0,0
RT-026602,0,0
RT-026603,0,1
RT-026604,0,0
RT-026605,1,0
RT-026606,0,0
RT-026607,0,1
RT-026608,1,0
RT-026609,0,0
RT-026610,0,0
RT-026611,1,0
RT-026612,0,0
RT-026613,0,0
RT-026614,0,0
RT-026615,0,0
RT-026616,0,0
RT-026617,0,0
RT-026618,0,1
RT-026619,0,0
RT-026620,0,0
RT-026621,0,0
RT-026622,0,1
RT-026623,1,0
RT-026624,0,0
RT-026625,1,0
RT-026626,0,0
RT-026627,0,0
RT-026628,0,0
RT-026629,0,0
RT-026630,0,0
RT-026631,0,0
RT-026632,0,0
RT-026633,0,0
RT-026634,1,0
RT-026635,0,0
RT-026636,0,0
RT-026637,0,1
RT-026638,0,0
RT-026639,0,0
RT-026640,1,0
RT-026641,1,0
RT-026642,0,0
RT-026643,0,0
RT-026644,0,0
RT-026645,0,0
RT-026646,0,0
RT-026647,0,0
RT-026648,1,0
RT-026649,0,0
RT-026650,1,0
RT-026651,0,0
RT-026652,0,1
RT-026653,0,1
RT-026654,0,0
RT-026655,0,0
RT-026656,0,0
RT-026657,0,0
RT-026658,0,0
RT-026659,0,0
RT-026660,0,0
RT-026661,0,0
RT-026662,0,0
RT-026663,0,0
RT-026664,0,0
RT-026665,0,0
RT-026666,1,0
RT-026667,1,0
RT-026668,0,0
RT-026669,0,0
RT-026670,0,0
RT-026671,0,0
RT-026672,0,0
RT-026673,0,1
RT-026674,0,0
RT-026675,1,0
RT-026676,0,0
RT-026677,0,0
RT-026678,0,0
RT-026679,0,0
RT-026680,0,0
RT-026681,1,0
RT-026682,0,0
RT-026683,0,0
RT-026684,1,0
RT-026685,0,0
RT-026686,0,0
RT-026687,0,0
RT-026688,0,0
RT-026689,1,0
RT-026690,0,0
RT-026691,1,0
RT-026692,0,0
RT-026693,0,0
RT-026694,0,0
RT-026695,1,0
RT-026696,1,1
RT-026697,0,0
RT-026698,0,0
RT-026699,1,0
RT-026700,0,0
RT-026701,1,0
RT-026702,1,0
RT-026703,0,0
RT-026704,1,0
RT-026705,0,0
RT-026706,0,0
RT-026707,0,0
RT-026708,1,0
RT-026709,0,0
RT-026710,0,0
RT-026711,1,0
RT-026712,1,0
RT-026713,0,0
RT-026714,0,0
RT-026715,1,0
RT-026716,0,1
RT-026717,0,0
RT-026718,0,0
RT-026719,1,0
RT-026720,0,0
RT-026721,1,0
RT-026722,0,0
RT-026723,0,0
RT-026724,0,0
RT-026725,0,0
RT-026726,0,0
RT-026727,0,0
RT-026728,1,0
RT-026729,1,0
RT-026730,0,0
RT-026731,0,0
RT-026732,1,0
RT-026733,1,0
RT-026734,1,0
RT-026735,1,0
RT-026736,0,0
RT-026737,0,0
RT-026738,0,0
RT-026739,0,1
RT-026740,0,0
RT-026741,0,0
RT-026742,0,0
RT-026743,0,0
RT-026744,1,0
RT-026745,0,0
RT-026746,0,0
RT-026747,0,0
RT-026748,0,0
RT-026749,1,0
RT-026750,1,0
RT-026751,0,1
RT-026752,0,0
RT-026753,0,0
RT-026754,1,0
RT-026755,0,0
RT-026756,0,1
RT-026757,0,0
RT-026758,0,0
RT-026759,0,1
RT-026760,0,0
RT-026761,0,0
RT-026762,0,1
RT-026763,0,0
RT-026764,0,0
RT-026765,1,0
RT-026766,0,0
RT-026767,1,0
RT-026768,0,0
RT-026769,0,0
RT-026770,0,0
RT-026771,0,0
RT-026772,0,0
RT-026773,0,0
RT-026774,0,0
RT-026775,0,0
RT-026776,0,0
RT-026777,1,0
RT-026778,1,0
RT-026779,0,0
RT-026780,0,0
RT-026781,1,0
RT-026782,1,0
RT-026783,1,0
RT-026784,0,0
RT-026785,0,0
RT-026786,0,1
RT-026787,1,0
RT-026788,0,0
RT-026789,0,0
RT-026790,0,0
RT-026791,0,0
RT-026792,0,0
RT-026793,0,0
RT-026794,1,0
RT-026795,0,0
RT-026796,0,0
RT-026797,0,0
RT-026798,0,0
RT-026799,0,0
RT-026800,0,1
RT-026801,0,0
RT-026802,1,0
RT-026803,0,0
RT-026804,0,0
RT-026805,0,0
RT-026806,0,0
RT-026807,0,0
RT-026808,1,0
RT-026809,1,0
RT-026810,0,0
RT-026811,1,0
RT-026812,0,0
RT-026813,1,0
RT-026814,0,0
RT-026815,0,0
RT-026816,0,0
RT-026817,1,0
RT-026818,1,0
RT-026819,0,0
RT-026820,1,0
RT-026821,0,0
RT-026822,0,0
RT-026823,1,0
RT-026824,0,1
RT-026825,0,0
RT-026826,1,0
RT-026827,0,0
RT-026828,0,1
RT-026829,0,0
RT-026830,0,0
RT-026831,0,0
RT-026832,0,0
RT-026833,0,0
RT-026834,0,0
RT-026835,1,0
RT-026836,0,0
RT-026837,1,0
RT-026838,1,0
RT-026839,0,0
RT-026840,0,0
RT-026841,0,0
RT-026842,0,0
RT-026843,1,0
RT-026844,1,0
RT-026845,0,0
RT-026846,0,0
RT-026847,1,0
RT-026848,0,0
RT-026849,1,0
RT-026850,0,0
RT-026851,1,0
RT-026852,1,0
RT-026853,1,0
RT-026854,0,0
RT-026855,0,0
RT-026856,0,0
RT-026857,0,0
RT-026858,1,0
RT-026859,1,0
RT-026860,0,0
RT-026861,0,0
RT-026862,0,0
RT-026863,0,0
RT-026864,0,0
RT-026865,0,0
RT-026866,1,0
RT-026867,0,0
RT-026868,0,0
RT-026869,0,0
RT-026870,0,0
RT-026871,1,0
RT-026872,1,0
RT-026873,1,0
RT-026874,1,0
RT-026875,1,0
RT-026876,0,0
RT-026877,0,0
RT-026878,0,0
RT-026879,0,1
RT-026880,1,0
RT-026881,1,0
RT-026882,0,0
RT-026883,0,0
RT-026884,1,0
RT-026885,0,0
RT-026886,0,0
RT-026887,0,0
RT-026888,1,0
RT-026889,1,0
RT-026890,1,0
RT-026891,1,0
RT-026892,0,0
RT-026893,0,0
RT-026894,1,0
RT-026895,0,0
RT-026896,1,0
RT-026897,1,0
RT-026898,0,0
RT-026899,0,1
RT-026900,0,0
RT-026901,0,0
RT-026902,1,0
RT-026903,0,0
RT-026904,0,0
RT-026905,1,0
RT-026906,0,0
RT-026907,0,1
RT-026908,1,0
RT-026909,0,1
RT-026910,0,1
RT-026911,1,0
RT-026912,1,1
RT-026913,1,0
RT-026914,0,0
RT-026915,0,0
RT-026916,0,0
RT-026917,0,0
RT-026918,1,0
RT-026919,1,0
RT-026920,1,0
RT-026921,0,0
RT-026922,1,0
RT-026923,1,0
RT-026924,1,0
RT-026925,1,0
RT-026926,0,0
RT-026927,0,0
RT-026928,0,0
RT-026929,1,0
RT-026930,0,0
RT-026931,0,0
RT-026932,1,0
RT-026933,0,0
RT-026934,1,0
RT-026935,1,0
RT-026936,1,0
RT-026937,0,0
RT-026938,1,0
RT-026939,0,0
RT-026940,0,0
RT-026941,1,0
RT-026942,1,0
RT-026943,0,1
RT-026944,0,0
RT-026945,0,0
RT-026946,0,1
RT-026947,1,0
RT-026948,0,0
RT-026949,0,0
RT-026950,0,1
RT-026951,0,0
RT-026952,0,0
RT-026953,0,0
RT-026954,0,0
RT-026955,1,0
RT-026956,0,0
RT-026957,0,0
RT-026958,0,0
RT-026959,1,0
RT-026960,1,0
RT-026961,1,0
RT-026962,0,0
RT-026963,0,0
RT-026964,0,1
RT-026965,1,0
RT-026966,0,0
RT-026967,0,0
RT-026968,0,0
RT-026969,0,0
RT-026970,0,0
RT-026971,0,0
RT-026972,0,0
RT-026973,0,0
RT-026974,0,0
RT-026975,1,0
RT-026976,0,0
RT-026977,0,0
RT-026978,0,0
RT-026979,0,0
RT-026980,0,0
RT-026981,0,0
RT-026982,0,0
RT-026983,0,0
RT-026984,1,0
RT-026985,0,0
RT-026986,1,0
RT-026987,0,0
RT-026988,0,0
RT-026989,0,0
RT-026990,0,0
RT-026991,0,0
RT-026992,0,0
RT-026993,0,0
RT-026994,1,0
RT-026995,0,0
RT-026996,0,0
RT-026997,1,0
RT-026998,1,0
RT-026999,1,0
RT-027000,0,0
RT-027001,0,0
RT-027002,0,0
RT-027003,0,0
RT-027004,0,0
RT-027005,0,0
RT-027006,1,0
RT-027007,1,0
RT-027008,0,0
RT-027009,0,0
RT-027010,0,0
RT-027011,0,0
RT-027012,1,0
RT-027013,0,0
RT-027014,0,0
RT-027015,1,0
RT-027016,1,0
RT-027017,0,0
RT-027018,1,0
RT-027019,0,0
RT-027020,0,0
RT-027021,0,0
RT-027022,0,1
RT-027023,0,0
RT-027024,0,0
RT-027025,0,0
RT-027026,0,0
RT-027027,0,0
RT-027028,0,0
RT-027029,0,0
RT-027030,0,0
RT-027031,0,0
RT-027032,0,0
RT-027033,1,0
RT-027034,0,0
RT-027035,0,0
RT-027036,0,0
RT-027037,0,0
RT-027038,0,0
RT-027039,0,0
RT-027040,0,1
RT-027041,0,0
RT-027042,0,0
RT-027043,0,0
RT-027044,0,1
RT-027045,1,0
RT-027046,0,0
RT-027047,0,0
RT-027048,0,0
RT-027049,0,0
RT-027050,0,0
RT-027051,1,0
RT-027052,0,0
RT-027053,1,0
RT-027054,0,0
RT-027055,0,0
RT-027056,0,0
RT-027057,0,0
RT-027058,0,0
RT-027059,0,0
RT-027060,1,0
RT-027061,0,0
RT-027062,0,0
RT-027063,0,0
RT-027064,1,0
RT-027065,0,0
RT-027066,1,0
RT-027067,0,0
RT-027068,0,0
RT-027069,0,0
RT-027070,1,0
RT-027071,0,0
RT-027072,0,1
RT-027073,0,0
RT-027074,1,0
RT-027075,1,0
RT-027076,1,0
RT-027077,0,0
RT-027078,1,0
RT-027079,0,0
RT-027080,0,0
RT-027081,1,0
RT-027082,1,1
RT-027083,1,0
RT-027084,1,0
RT-027085,0,1
RT-027086,1,0
RT-027087,0,0
RT-027088,1,0
RT-027089,0,0
RT-027090,0,1
RT-027091,0,0
RT-027092,1,0
RT-027093,1,1
RT-027094,0,0
RT-027095,0,0
RT-027096,1,0
RT-027097,1,0
RT-027098,0,0
RT-027099,1,0
RT-027100,0,0
RT-027101,0,0
RT-027102,0,0
RT-027103,1,0
RT-027104,1,0
RT-027105,1,0
RT-027106,1,0
RT-027107,0,0
RT-027108,0,0
RT-027109,0,0
RT-027110,0,0
RT-027111,1,0
RT-027112,0,0
RT-027113,1,0
RT-027114,0,0
RT-027115,1,0
RT-027116,0,0
RT-027117,0,0
RT-027118,0,0
RT-027119,0,0
RT-027120,0,0
RT-027121,0,0
RT-027122,1,0
RT-027123,0,0
RT-027124,0,0
RT-027125,0,0
RT-027126,0,0
RT-027127,1,1
RT-027128,0,0
RT-027129,0,0
RT-027130,0,0
RT-027131,0,0
RT-027132,0,0
RT-027133,0,0
RT-027134,0,0
RT-027135,0,0
RT-027136,0,0
RT-027137,0,0
RT-027138,1,0
RT-027139,0,0
RT-027140,0,0
RT-027141,1,0
RT-027142,0,0
RT-027143,0,0
RT-027144,0,0
RT-027145,0,0
RT-027146,0,0
RT-027147,0,1
RT-027148,1,1
RT-027149,0,0
RT-027150,0,0
RT-027151,0,0
RT-027152,1,0
RT-027153,0,0
RT-027154,1,0
RT-027155,0,0
RT-027156,0,0
RT-027157,1,0
RT-027158,1,0
RT-027159,0,0
RT-027160,0,0
RT-027161,1,0
RT-027162,0,1
RT-027163,0,0
RT-027164,0,0
RT-027165,1,0
RT-027166,1,0
RT-027167,1,0
RT-027168,0,0
RT-027169,0,0
RT-027170,0,0
RT-027171,1,0
RT-027172,0,0
RT-027173,0,1
RT-027174,1,0
RT-027175,1,0
RT-027176,1,0
RT-027177,1,0
RT-027178,0,0
RT-027179,1,0
RT-027180,1,0
RT-027181,0,0
RT-027182,0,0
RT-027183,1,0
RT-027184,1,0
RT-027185,1,0
RT-027186,0,0
RT-027187,1,0
RT-027188,1,0
RT-027189,1,0
RT-027190,0,0
RT-027191,0,0
RT-027192,0,1
RT-027193,1,0
RT-027194,0,0
RT-027195,0,0
RT-027196,0,0
RT-027197,0,1
RT-027198,1,0
RT-027199,0,0
RT-027200,0,0
RT-027201,0,0
RT-027202,1,0
RT-027203,0,0
RT-027204,0,0
RT-027205,0,0
RT-027206,0,0
RT-027207,0,0
RT-027208,0,0
RT-027209,0,0
RT-027210,1,0
RT-027211,1,0
RT-027212,0,0
RT-027213,1,0
RT-027214,0,1
RT-027215,1,0
RT-027216,0,0
RT-027217,1,0
RT-027218,0,0
RT-027219,0,0
RT-027220,0,0
RT-027221,0,0
RT-027222,0,0
RT-027223,0,0
RT-027224,0,1
RT-027225,0,0
RT-027226,0,0
RT-027227,0,0
RT-027228,0,0
RT-027229,0,0
RT-027230,1,0
RT-027231,0,0
RT-027232,0,0
RT-027233,1,0
RT-027234,1,0
RT-027235,0,0
RT-027236,1,0
RT-027237,1,0
RT-027238,0,0
RT-027239,0,0
RT-027240,1,0
RT-027241,0,0
RT-027242,0,0
RT-027243,0,0
RT-027244,1,0
RT-027245,0,0
RT-027246,1,0
RT-027247,1,0
RT-027248,0,0
RT-027249,0,0
RT-027250,1,0
RT-027251,0,0
RT-027252,0,0
RT-027253,0,0
RT-027254,1,0
RT-027255,0,0
RT-027256,0,0
RT-027257,0,0
RT-027258,0,1
RT-027259,1,0
RT-027260,0,0
RT-027261,0,0
RT-027262,0,0
RT-027263,0,0
RT-027264,0,0
RT-027265,0,0
RT-027266,1,0
RT-027267,1,0
RT-027268,1,0
RT-027269,1,0
RT-027270,0,0
RT-027271,0,0
RT-027272,0,0
RT-027273,0,0
RT-027274,1,0
RT-027275,0,0
RT-027276,0,0
RT-027277,0,1
RT-027278,0,0
RT-027279,0,1
RT-027280,0,0
RT-027281,0,0
RT-027282,0,0
RT-027283,0,0
RT-027284,1,0
RT-027285,0,0
RT-027286,0,0
RT-027287,0,0
RT-027288,0,0
RT-027289,0,0
RT-027290,0,0
RT-027291,0,0
RT-027292,1,0
RT-027293,1,0
RT-027294,0,0
RT-027295,1,0
RT-027296,0,0
RT-027297,0,0
RT-027298,0,0
RT-027299,1,0
RT-027300,1,0
RT-027301,0,0
RT-027302,1,0
RT-027303,0,0
RT-027304,0,0
RT-027305,0,0
RT-027306,0,0
RT-027307,0,0
RT-027308,0,0
RT-027309,0,0
RT-027310,0,0
RT-027311,0,1
RT-027312,0,0
RT-027313,0,0
RT-027314,0,0
RT-027315,0,0
RT-027316,0,0
RT-027317,0,0
RT-027318,0,0
RT-027319,1,0
RT-027320,1,0
RT-027321,1,0
RT-027322,1,0
RT-027323,1,0
RT-027324,0,0
RT-027325,0,0
RT-027326,0,0
RT-027327,1,0
RT-027328,1,0
RT-027329,0,0
RT-027330,0,0
RT-027331,0,0
RT-027332,0,0
RT-027333,0,0
RT-027334,0,0
RT-027335,1,0
RT-027336,0,0
RT-027337,1,0
RT-027338,1,0
RT-027339,1,0
RT-027340,0,0
RT-027341,0,0
RT-027342,0,0
RT-027343,1,0
RT-027344,0,0
RT-027345,1,0
RT-027346,0,0
RT-027347,0,1
RT-027348,0,0
RT-027349,1,0
RT-027350,0,0
RT-027351,1,0
RT-027352,1,0
RT-027353,0,0
RT-027354,0,0
RT-027355,0,0
RT-027356,1,1
RT-027357,0,0
RT-027358,1,1
RT-027359,0,0
RT-027360,0,0
RT-027361,0,0
RT-027362,0,0
RT-027363,0,0
RT-027364,1,0
RT-027365,0,0
RT-027366,0,0
RT-027367,0,0
RT-027368,0,0
RT-027369,0,1
RT-027370,0,0
RT-027371,0,0
RT-027372,0,0
RT-027373,1,0
RT-027374,0,0
RT-027375,0,0
RT-027376,1,0
RT-027377,0,0
RT-027378,1,0
RT-027379,0,0
RT-027380,1,0
RT-027381,0,0
RT-027382,0,0
RT-027383,0,1
RT-027384,0,1
RT-027385,0,0
RT-027386,0,0
RT-027387,0,0
RT-027388,0,0
RT-027389,0,0
RT-027390,0,0
RT-027391,0,0
RT-027392,0,1
RT-027393,0,0
RT-027394,0,0
RT-027395,0,0
RT-027396,0,0
RT-027397,0,0
RT-027398,0,0
RT-027399,0,1
RT-027400,0,1
RT-027401,0,0
RT-027402,1,0
RT-027403,0,0
RT-027404,0,0
RT-027405,0,0
RT-027406,0,0
RT-027407,0,0
RT-027408,1,0
RT-027409,0,0
RT-027410,0,1
RT-027411,1,0
RT-027412,0,0
RT-027413,1,0
RT-027414,1,0
RT-027415,0,0
RT-027416,0,0
RT-027417,1,0
RT-027418,0,0
RT-027419,0,0
RT-027420,1,0
RT-027421,0,0
RT-027422,1,0
RT-027423,0,0
RT-027424,0,0
RT-027425,1,0
RT-027426,1,0
RT-027427,1,0
RT-027428,0,0
RT-027429,0,0
RT-027430,0,0
RT-027431,0,0
RT-027432,0,0
RT-027433,0,0
RT-027434,0,0
RT-027435,0,0
RT-027436,0,0
RT-027437,0,0
RT-027438,1,0
RT-027439,0,0
RT-027440,1,0
RT-027441,1,0
RT-027442,0,0
RT-027443,0,1
RT-027444,0,0
RT-027445,0,0
RT-027446,1,0
RT-027447,0,0
RT-027448,0,0
RT-027449,0,0
RT-027450,0,0
RT-027451,0,0
RT-027452,1,0
RT-027453,1,0
RT-027454,0,0
RT-027455,1,0
RT-027456,1,0
RT-027457,0,0
RT-027458,1,0
RT-027459,0,0
RT-027460,0,0
RT-027461,1,0
RT-027462,1,0
RT-027463,0,0
RT-027464,0,0
RT-027465,0,0
RT-027466,0,0
RT-027467,0,0
RT-027468,0,0
RT-027469,1,0
RT-027470,0,1
RT-027471,0,0
RT-027472,1,0
RT-027473,0,0
RT-027474,1,0
RT-027475,0,0
RT-027476,1,0
RT-027477,0,0
RT-027478,1,0
RT-027479,0,0
RT-027480,0,0
RT-027481,0,0
RT-027482,1,0
RT-027483,1,0
RT-027484,0,0
RT-027485,0,0
RT-027486,0,0
RT-027487,0,0
RT-027488,0,0
RT-027489,1,0
RT-027490,0,0
RT-027491,1,0
RT-027492,0,1
RT-027493,0,0
RT-027494,0,0
RT-027495,0,1
RT-027496,0,1
RT-027497,0,1
RT-027498,0,0
RT-027499,0,0
RT-027500,0,0
RT-027501,1,0
RT-027502,1,0
RT-027503,1,0
RT-027504,0,0
RT-027505,0,0
RT-027506,0,0
RT-027507,0,0
RT-027508,0,0
RT-027509,0,0
RT-027510,0,0
RT-027511,0,0
RT-027512,0,0
RT-027513,0,0
RT-027514,0,1
RT-027515,1,0
RT-027516,0,0
RT-027517,0,0
RT-027518,0,0
RT-027519,0,0
RT-027520,1,0
RT-027521,0,0
RT-027522,0,1
RT-027523,0,0
RT-027524,0,1
RT-027525,0,0
RT-027526,1,0
RT-027527,0,1
RT-027528,0,0
RT-027529,0,0
RT-027530,1,0
RT-027531,0,0
RT-027532,0,0
RT-027533,0,0
RT-027534,1,0
RT-027535,0,0
RT-027536,0,0
RT-027537,0,0
RT-027538,0,0
RT-027539,0,0
RT-027540,1,0
RT-027541,1,0
RT-027542,1,0
RT-027543,0,0
RT-027544,0,0
RT-027545,0,0
RT-027546,0,1
RT-027547,0,0
RT-027548,1,0
RT-027549,0,0
RT-027550,0,1
RT-027551,1,0
RT-027552,0,0
RT-027553,0,0
RT-027554,1,0
RT-027555,0,0
RT-027556,0,0
RT-027557,0,0
RT-027558,0,1
RT-027559,0,0
RT-027560,0,0
RT-027561,1,0
RT-027562,1,0
RT-027563,0,0
RT-027564,1,0
RT-027565,0,0
RT-027566,1,0
RT-027567,0,0
RT-027568,0,0
RT-027569,0,0
RT-027570,0,0
RT-027571,0,0
RT-027572,0,0
RT-027573,0,0
RT-027574,0,0
RT-027575,0,0
RT-027576,0,1
RT-027577,0,0
RT-027578,0,0
RT-027579,1,0
RT-027580,0,0
RT-027581,1,0
RT-027582,0,0
RT-027583,0,0
RT-027584,0,0
RT-027585,1,0
RT-027586,0,0
RT-027587,0,0
RT-027588,0,0
RT-027589,0,0
RT-027590,0,0
RT-027591,0,0
RT-027592,0,1
RT-027593,0,0
RT-027594,0,0
RT-027595,0,0
RT-027596,0,0
RT-027597,0,0
RT-027598,0,0
RT-027599,0,0
RT-027600,0,0
RT-027601,1,0
RT-027602,0,0
RT-027603,1,0
RT-027604,0,0
RT-027605,0,0
RT-027606,0,1
RT-027607,0,0
RT-027608,0,0
RT-027609,0,0
RT-027610,0,0
RT-027611,0,0
RT-027612,0,0
RT-027613,0,0
RT-027614,0,0
RT-027615,1,0
RT-027616,1,0
RT-027617,0,0
RT-027618,0,0
RT-027619,1,0
RT-027620,0,0
RT-027621,0,0
RT-027622,1,0
RT-027623,0,0
RT-027624,0,0
RT-027625,0,0
RT-027626,0,0
RT-027627,1,0
RT-027628,0,0
RT-027629,0,0
RT-027630,0,0
RT-027631,0,0
RT-027632,0,0
RT-027633,0,0
RT-027634,0,0
RT-027635,0,0
RT-027636,0,1
RT-027637,0,0
RT-027638,1,0
RT-027639,1,0
RT-027640,0,0
RT-027641,0,0
RT-027642,0,0
RT-027643,0,0
RT-027644,0,0
RT-027645,0,0
RT-027646,1,0
RT-027647,1,0
RT-027648,0,0
RT-027649,0,0
RT-027650,1,0
RT-027651,1,0
RT-027652,0,0
RT-027653,0,0
RT-027654,1,0
RT-027655,1,0
RT-027656,0,0
RT-027657,0,0
RT-027658,0,0
RT-027659,0,1
RT-027660,0,1
RT-027661,0,0
RT-027662,0,0
RT-027663,0,0
RT-027664,0,0
RT-027665,1,0
RT-027666,1,0
RT-027667,0,0
RT-027668,0,0
RT-027669,1,0
RT-027670,0,0
RT-027671,0,0
RT-027672,1,0
RT-027673,1,0
RT-027674,0,0
RT-027675,1,0
RT-027676,0,0
RT-027677,0,0
RT-027678,1,0
RT-027679,0,1
RT-027680,1,0
RT-027681,0,0
RT-027682,1,0
RT-027683,0,0
RT-027684,0,0
RT-027685,1,0
RT-027686,0,0
RT-027687,0,0
RT-027688,1,0
RT-027689,0,0
RT-027690,0,1
RT-027691,0,0
RT-027692,0,0
RT-027693,0,0
RT-027694,0,0
RT-027695,0,0
RT-027696,1,0
RT-027697,1,0
RT-027698,0,0
RT-027699,1,0
RT-027700,0,0
RT-027701,0,0
RT-027702,0,0
RT-027703,0,0
RT-027704,1,0
RT-027705,0,1
RT-027706,0,0
RT-027707,1,0
RT-027708,0,0
RT-027709,0,0
RT-027710,1,0
RT-027711,0,0
RT-027712,0,0
RT-027713,0,0
RT-027714,0,0
RT-027715,1,0
RT-027716,0,0
RT-027717,0,0
RT-027718,0,0
RT-027719,0,0
RT-027720,1,0
RT-027721,1,0
RT-027722,0,0
RT-027723,0,0
RT-027724,1,0
RT-027725,1,0
RT-027726,0,0
RT-027727,1,0
RT-027728,1,0
RT-027729,1,0
RT-027730,1,0
RT-027731,0,0
RT-027732,0,0
RT-027733,0,0
RT-027734,1,0
RT-027735,0,0
RT-027736,0,0
RT-027737,1,0
RT-027738,1,0
RT-027739,1,0
RT-027740,0,0
RT-027741,0,1
RT-027742,0,0
RT-027743,0,0
RT-027744,0,0
RT-027745,1,1
RT-027746,0,0
RT-027747,0,0
RT-027748,1,0
RT-027749,1,0
RT-027750,0,0
RT-027751,0,0
RT-027752,1,0
RT-027753,0,0
RT-027754,0,0
RT-027755,0,0
RT-027756,0,0
RT-027757,0,1
RT-027758,0,0
RT-027759,0,0
RT-027760,0,0
RT-027761,0,0
RT-027762,0,0
RT-027763,0,0
RT-027764,1,0
RT-027765,0,0
RT-027766,0,0
RT-027767,0,0
RT-027768,0,0
RT-027769,0,0
RT-027770,1,0
RT-027771,0,0
RT-027772,1,0
RT-027773,0,0
RT-027774,0,0
RT-027775,0,0
RT-027776,1,0
RT-027777,1,0
RT-027778,1,0
RT-027779,0,0
RT-027780,1,0
RT-027781,0,0
RT-027782,0,0
RT-027783,1,0
RT-027784,0,0
RT-027785,1,0
RT-027786,0,0
RT-027787,0,0
RT-027788,0,0
RT-027789,0,0
RT-027790,0,0
RT-027791,0,0
RT-027792,0,0
RT-027793,1,0
RT-027794,1,0
RT-027795,0,0
RT-027796,0,0
RT-027797,0,1
RT-027798,0,1
RT-027799,1,0
RT-027800,0,0
RT-027801,1,0
RT-027802,1,0
RT-027803,0,0
RT-027804,1,0
RT-027805,0,0
RT-027806,0,0
RT-027807,0,0
RT-027808,0,0
RT-027809,0,0
RT-027810,1,0
RT-027811,0,0
RT-027812,0,0
RT-027813,0,0
RT-027814,0,0
RT-027815,0,0
RT-027816,0,0
RT-027817,0,0
RT-027818,1,0
RT-027819,0,0
RT-027820,0,0
RT-027821,1,0
RT-027822,0,0
RT-027823,0,0
RT-027824,1,0
RT-027825,0,0
RT-027826,0,1
RT-027827,1,0
RT-027828,0,0
RT-027829,0,0
RT-027830,1,0
RT-027831,0,0
RT-027832,0,0
RT-027833,0,0
RT-027834,0,0
RT-027835,1,0
RT-027836,0,0
RT-027837,0,1
RT-027838,1,0
RT-027839,1,0
RT-027840,0,0
RT-027841,1,0
RT-027842,1,0
RT-027843,0,0
RT-027844,0,0
RT-027845,0,1
RT-027846,0,0
RT-027847,0,0
RT-027848,0,0
RT-027849,1,0
RT-027850,1,0
RT-027851,0,0
RT-027852,0,0
RT-027853,0,0
RT-027854,0,0
RT-027855,0,0
RT-027856,0,0
RT-027857,0,0
RT-027858,1,0
RT-027859,0,0
RT-027860,0,0
RT-027861,0,0
RT-027862,1,0
RT-027863,1,0
RT-027864,0,0
RT-027865,0,0
RT-027866,1,0
RT-027867,1,0
RT-027868,0,0
RT-027869,0,0
RT-027870,0,0
RT-027871,1,0
RT-027872,0,0
RT-027873,0,0
RT-027874,0,0
RT-027875,0,0
RT-027876,0,0
RT-027877,0,0
RT-027878,0,0
RT-027879,0,0
RT-027880,0,0
RT-027881,0,0
RT-027882,1,0
RT-027883,0,0
RT-027884,1,0
RT-027885,0,0
RT-027886,0,0
RT-027887,0,0
RT-027888,0,0
RT-027889,0,0
RT-027890,0,0
RT-027891,0,0
RT-027892,1,0
RT-027893,1,0
RT-027894,0,0
RT-027895,0,0
RT-027896,0,0
RT-027897,0,0
RT-027898,0,0
RT-027899,1,0
RT-027900,0,1
RT-027901,0,0
RT-027902,0,0
RT-027903,1,0
RT-027904,1,1
RT-027905,0,0
RT-027906,1,0
RT-027907,1,0
RT-027908,0,0
RT-027909,0,0
RT-027910,0,0
RT-027911,1,0
RT-027912,0,0
RT-027913,0,0
RT-027914,0,0
RT-027915,0,0
RT-027916,0,0
RT-027917,0,0
RT-027918,1,0
RT-027919,0,0
RT-027920,0,0
RT-027921,0,0
RT-027922,0,0
RT-027923,0,0
RT-027924,0,0
RT-027925,1,0
RT-027926,0,0
RT-027927,0,0
RT-027928,0,0
RT-027929,0,0
RT-027930,0,0
RT-027931,1,0
RT-027932,1,0
RT-027933,0,0
RT-027934,0,0
RT-027935,1,0
RT-027936,0,1
RT-027937,0,1
RT-027938,0,0
RT-027939,1,0
RT-027940,0,0
RT-027941,0,0
RT-027942,0,1
RT-027943,0,0
RT-027944,1,0
RT-027945,0,1
RT-027946,1,0
RT-027947,0,0
RT-027948,1,0
RT-027949,0,0
RT-027950,1,0
RT-027951,0,0
RT-027952,0,1
RT-027953,1,0
RT-027954,0,0
RT-027955,0,0
RT-027956,1,0
RT-027957,0,0
RT-027958,0,0
RT-027959,1,0
RT-027960,0,1
RT-027961,1,0
RT-027962,0,0
RT-027963,0,0
RT-027964,0,0
RT-027965,0,0
RT-027966,1,0
RT-027967,0,1
RT-027968,0,0
RT-027969,0,0
RT-027970,1,0
RT-027971,0,0
RT-027972,0,0
RT-027973,1,0
RT-027974,0,0
RT-027975,0,0
RT-027976,0,0
RT-027977,0,0
RT-027978,0,0
RT-027979,0,0
RT-027980,0,0
RT-027981,1,0
RT-027982,0,0
RT-027983,1,0
RT-027984,1,0
RT-027985,0,0
RT-027986,1,0
RT-027987,0,0
RT-027988,0,1
RT-027989,0,0
RT-027990,0,0
RT-027991,1,0
RT-027992,1,0
RT-027993,0,0
RT-027994,1,0
RT-027995,0,0
RT-027996,1,0
RT-027997,1,0
RT-027998,0,0
RT-027999,0,0
RT-028000,1,0
RT-028001,0,0
RT-028002,0,0
RT-028003,1,0
RT-028004,0,0
RT-028005,0,0
RT-028006,0,1
RT-028007,1,0
RT-028008,1,0
RT-028009,0,0
RT-028010,0,0
RT-028011,0,0
RT-028012,0,0
RT-028013,0,0
RT-028014,0,0
RT-028015,0,0
RT-028016,0,1
RT-028017,0,0
RT-028018,0,0
RT-028019,0,0
RT-028020,0,1
RT-028021,0,0
RT-028022,1,0
RT-028023,1,0
RT-028024,0,0
RT-028025,1,0
RT-028026,0,0
RT-028027,0,0
RT-028028,1,0
RT-028029,0,0
RT-028030,1,0
RT-028031,0,0
RT-028032,0,0
RT-028033,0,0
RT-028034,0,0
RT-028035,1,0
RT-028036,0,0
RT-028037,1,0
RT-028038,0,0
RT-028039,0,0
RT-028040,0,0
RT-028041,0,0
RT-028042,0,0
RT-028043,0,0
RT-028044,0,0
RT-028045,0,0
RT-028046,1,0
RT-028047,1,0
RT-028048,1,0
RT-028049,1,0
RT-028050,1,0
RT-028051,0,0
RT-028052,0,0
RT-028053,0,0
RT-028054,0,0
RT-028055,0,0
RT-028056,0,0
RT-028057,0,0
RT-028058,0,0
RT-028059,0,1
RT-028060,0,0
RT-028061,0,0
RT-028062,1,0
RT-028063,0,0
RT-028064,0,0
RT-028065,1,0
RT-028066,0,0
RT-028067,0,0
RT-028068,0,0
RT-028069,1,0
RT-028070,1,0
RT-028071,1,0
RT-028072,0,0
RT-028073,0,0
RT-028074,1,0
RT-028075,0,0
RT-028076,0,0
RT-028077,1,0
RT-028078,1,0
RT-028079,1,0
RT-028080,0,0
RT-028081,0,0
RT-028082,0,0
RT-028083,0,0
RT-028084,0,0
RT-028085,0,0
RT-028086,0,0
RT-028087,0,0
RT-028088,1,0
RT-028089,0,0
RT-028090,0,0
RT-028091,0,0
RT-028092,1,0
RT-028093,0,0
RT-028094,0,0
RT-028095,0,0
RT-028096,0,0
RT-028097,1,0
RT-028098,0,1
RT-028099,1,0
RT-028100,0,0
RT-028101,0,0
RT-028102,0,0
RT-028103,0,0
RT-028104,1,0
RT-028105,0,1
RT-028106,1,0
RT-028107,1,0
RT-028108,0,0
RT-028109,0,0
RT-028110,1,0
RT-028111,1,0
RT-028112,1,0
RT-028113,0,0
RT-028114,1,0
RT-028115,0,0
RT-028116,0,0
RT-028117,0,1
RT-028118,0,0
RT-028119,0,1
RT-028120,0,0
RT-028121,1,0
RT-028122,0,0
RT-028123,1,0
RT-028124,0,0
RT-028125,1,0
RT-028126,0,0
RT-028127,0,0
RT-028128,0,0
RT-028129,1,0
RT-028130,1,0
RT-028131,1,0
RT-028132,1,0
RT-028133,0,0
RT-028134,1,0
RT-028135,1,1
RT-028136,1,0
RT-028137,0,0
RT-028138,0,0
RT-028139,1,0
RT-028140,1,0
RT-028141,0,0
RT-028142,0,0
RT-028143,0,0
RT-028144,0,1
RT-028145,1,0
RT-028146,0,0
RT-028147,1,0
RT-028148,0,0
RT-028149,0,0
RT-028150,1,0
RT-028151,0,0
RT-028152,0,0
RT-028153,1,1
RT-028154,1,0
RT-028155,0,0
RT-028156,0,1
RT-028157,0,0
RT-028158,1,0
RT-028159,1,0
RT-028160,0,0
RT-028161,1,0
RT-028162,0,0
RT-028163,1,0
RT-028164,1,0
RT-028165,1,0
RT-028166,1,0
RT-028167,1,0
RT-028168,0,0
RT-028169,0,0
RT-028170,0,0
RT-028171,0,0
RT-028172,0,0
RT-028173,0,0
RT-028174,0,0
RT-028175,1,1
RT-028176,1,0
RT-028177,1,0
RT-028178,1,0
RT-028179,1,0
RT-028180,0,0
RT-028181,0,0
RT-028182,1,0
RT-028183,0,0
RT-028184,0,0
RT-028185,1,0
RT-028186,0,0
RT-028187,0,0
RT-028188,0,0
RT-028189,0,0
RT-028190,0,0
RT-028191,0,0
RT-028192,1,0
RT-028193,0,0
RT-028194,0,0
RT-028195,0,0
RT-028196,0,0
RT-028197,0,0
RT-028198,1,0
RT-028199,0,0
RT-028200,1,0
RT-028201,0,0
RT-028202,0,0
RT-028203,1,0
RT-028204,0,0
RT-028205,0,0
RT-028206,0,1
RT-028207,1,0
RT-028208,1,0
RT-028209,0,0
RT-028210,0,0
RT-028211,1,1
RT-028212,0,0
RT-028213,0,0
RT-028214,1,0
RT-028215,1,0
RT-028216,0,0
RT-028217,0,0
RT-028218,0,0
RT-028219,0,0
RT-028220,0,0
RT-028221,0,0
RT-028222,1,0
RT-028223,0,0
RT-028224,1,0
RT-028225,0,0
RT-028226,0,0
RT-028227,0,0
RT-028228,0,0
RT-028229,0,1
RT-028230,0,0
RT-028231,1,0
RT-028232,1,0
RT-028233,0,0
RT-028234,0,1
RT-028235,0,0
RT-028236,0,0
RT-028237,0,0
RT-028238,1,0
RT-028239,0,0
RT-028240,1,0
RT-028241,1,0
RT-028242,0,0
RT-028243,0,0
RT-028244,0,0
RT-028245,1,0
RT-028246,0,0
RT-028247,0,0
RT-028248,0,0
RT-028249,1,0
RT-028250,0,0
RT-028251,0,1
RT-028252,0,0
RT-028253,0,0
RT-028254,0,0
RT-028255,0,0
RT-028256,1,0
RT-028257,0,0
RT-028258,0,0
RT-028259,0,0
RT-028260,0,0
RT-028261,0,0
RT-028262,1,0
RT-028263,0,0
RT-028264,1,0
RT-028265,0,0
RT-028266,0,0
RT-028267,0,1
RT-028268,0,0
RT-028269,0,0
RT-028270,0,0
RT-028271,0,0
RT-028272,0,0
RT-028273,0,0
RT-028274,0,0
RT-028275,0,0
RT-028276,0,0
RT-028277,0,0
RT-028278,0,0
RT-028279,0,0
RT-028280,0,0
RT-028281,0,0
RT-028282,1,0
RT-028283,0,0
RT-028284,1,0
RT-028285,1,0
RT-028286,0,0
RT-028287,1,0
RT-028288,1,0
RT-028289,0,0
RT-028290,0,0
RT-028291,0,0
RT-028292,0,0
RT-028293,0,0
RT-028294,0,0
RT-028295,0,0
RT-028296,0,0
RT-028297,1,0
RT-028298,0,0
RT-028299,0,0
RT-028300,0,0
RT-028301,1,0
RT-028302,0,0
RT-028303,0,0
RT-028304,1,0
RT-028305,0,0
RT-028306,1,0
RT-028307,0,0
RT-028308,0,0
RT-028309,0,0
RT-028310,0,0
RT-028311,1,0
RT-028312,0,0
RT-028313,0,0
RT-028314,0,0
RT-028315,0,0
RT-028316,0,1
RT-028317,0,0
RT-028318,0,0
RT-028319,0,0
RT-028320,0,0
RT-028321,0,0
RT-028322,1,0
RT-028323,1,0
RT-028324,0,0
RT-028325,0,0
RT-028326,1,0
RT-028327,0,0
RT-028328,0,0
RT-028329,0,1
RT-028330,0,0
RT-028331,0,0
RT-028332,0,0
RT-028333,1,0
RT-028334,0,0
RT-028335,0,0
RT-028336,0,0
RT-028337,1,0
RT-028338,1,0
RT-028339,1,0
RT-028340,0,0
RT-028341,0,0
RT-028342,0,0
RT-028343,0,0
RT-028344,0,0
RT-028345,1,0
RT-028346,0,0
RT-028347,1,0
RT-028348,1,0
RT-028349,0,0
RT-028350,0,0
RT-028351,1,1
RT-028352,0,0
RT-028353,1,0
RT-028354,0,0
RT-028355,0,0
RT-028356,0,0
RT-028357,1,0
RT-028358,0,1
RT-028359,1,0
RT-028360,0,0
RT-028361,0,0
RT-028362,0,0
RT-028363,0,0
RT-028364,0,0
RT-028365,1,0
RT-028366,0,0
RT-028367,0,0
RT-028368,1,1
RT-028369,0,0
RT-028370,0,0
RT-028371,0,0
RT-028372,0,0
RT-028373,0,0
RT-028374,0,0
RT-028375,0,0
RT-028376,0,0
RT-028377,1,0
RT-028378,0,0
RT-028379,0,0
RT-028380,0,0
RT-028381,0,0
RT-028382,0,0
RT-028383,0,0
RT-028384,0,0
RT-028385,0,0
RT-028386,0,0
RT-028387,0,0
RT-028388,0,0
RT-028389,1,0
RT-028390,0,0
RT-028391,0,0
RT-028392,1,0
RT-028393,0,0
RT-028394,0,0
RT-028395,1,0
RT-028396,0,0
RT-028397,0,0
RT-028398,1,1
RT-028399,0,0
RT-028400,1,0
RT-028401,0,0
RT-028402,0,0
RT-028403,0,0
RT-028404,0,0
RT-028405,0,0
RT-028406,1,0
RT-028407,1,0
RT-028408,1,0
RT-028409,0,0
RT-028410,0,0
RT-028411,0,0
RT-028412,0,1
RT-028413,0,0
RT-028414,0,0
RT-028415,1,0
RT-028416,1,0
RT-028417,0,0
RT-028418,0,0
RT-028419,0,0
RT-028420,1,0
RT-028421,1,0
RT-028422,1,1
RT-028423,1,0
RT-028424,0,0
RT-028425,0,0
RT-028426,0,0
RT-028427,0,0
RT-028428,1,0
RT-028429,0,0
RT-028430,0,0
RT-028431,0,0
RT-028432,1,0
RT-028433,1,0
RT-028434,0,0
RT-028435,0,0
RT-028436,0,0
RT-028437,1,0
RT-028438,0,0
RT-028439,1,0
RT-028440,0,0
RT-028441,0,0
RT-028442,1,0
RT-028443,0,0
RT-028444,0,0
RT-028445,1,0
RT-028446,1,0
RT-028447,1,0
RT-028448,1,0
RT-028449,0,0
RT-028450,0,0
RT-028451,1,0
RT-028452,1,0
RT-028453,0,0
RT-028454,0,0
RT-028455,1,0
RT-028456,0,0
RT-028457,1,0
RT-028458,0,0
RT-028459,0,0
RT-028460,0,0
RT-028461,0,0
RT-028462,0,0
RT-028463,0,0
RT-028464,0,0
RT-028465,1,0
RT-028466,1,0
RT-028467,0,1
RT-028468,0,1
RT-028469,1,0
RT-028470,0,0
RT-028471,0,0
RT-028472,1,0
RT-028473,0,0
RT-028474,1,0
RT-028475,0,0
RT-028476,0,0
RT-028477,0,0
RT-028478,0,0
RT-028479,0,0
RT-028480,1,0
RT-028481,1,0
RT-028482,0,1
RT-028483,1,0
RT-028484,0,0
RT-028485,1,0
RT-028486,0,1
RT-028487,1,0
RT-028488,0,1
RT-028489,0,0
RT-028490,0,0
RT-028491,0,0
RT-028492,0,0
RT-028493,1,0
RT-028494,0,0
RT-028495,0,0
RT-028496,0,0
RT-028497,0,0
RT-028498,0,0
RT-028499,1,0
RT-028500,0,0
RT-028501,0,0
RT-028502,0,0
RT-028503,1,0
RT-028504,0,0
RT-028505,0,0
RT-028506,0,0
RT-028507,0,1
RT-028508,1,0
RT-028509,0,0
RT-028510,0,0
RT-028511,0,0
RT-028512,0,0
RT-028513,1,0
RT-028514,0,0
RT-028515,0,0
RT-028516,0,0
RT-028517,0,0
RT-028518,0,0
RT-028519,1,0
RT-028520,0,0
RT-028521,0,0
RT-028522,1,0
RT-028523,0,0
RT-028524,1,0
RT-028525,0,0
RT-028526,0,0
RT-028527,0,0
RT-028528,1,0
RT-028529,0,0
RT-028530,1,0
RT-028531,0,0
RT-028532,1,0
RT-028533,0,0
RT-028534,1,0
RT-028535,0,0
RT-028536,0,1
RT-028537,0,0
RT-028538,0,1
RT-028539,0,0
RT-028540,1,0
RT-028541,1,0
RT-028542,0,0
RT-028543,0,0
RT-028544,0,0
RT-028545,0,0
RT-028546,0,0
RT-028547,0,0
RT-028548,1,0
RT-028549,0,1
RT-028550,0,0
RT-028551,0,1
RT-028552,1,0
RT-028553,0,0
RT-028554,0,0
RT-028555,0,0
RT-028556,0,0
RT-028557,0,0
RT-028558,0,0
RT-028559,0,1
RT-028560,0,0
RT-028561,0,0
RT-028562,1,0
RT-028563,0,0
RT-028564,0,0
RT-028565,1,0
RT-028566,0,0
RT-028567,0,1
RT-028568,0,0
RT-028569,1,0
RT-028570,0,0
RT-028571,0,0
RT-028572,0,0
RT-028573,0,0
RT-028574,1,0
RT-028575,0,0
RT-028576,0,0
RT-028577,0,0
RT-028578,1,0
RT-028579,1,0
RT-028580,0,0
RT-028581,0,0
RT-028582,1,0
RT-028583,1,0
RT-028584,1,0
RT-028585,0,0
RT-028586,0,0
RT-028587,0,0
RT-028588,0,0
RT-028589,0,0
RT-028590,0,0
RT-028591,0,0
RT-028592,0,0
RT-028593,0,0
RT-028594,0,0
RT-028595,0,0
RT-028596,0,0
RT-028597,0,0
RT-028598,1,0
RT-028599,0,0
RT-028600,0,0
RT-028601,1,0
RT-028602,0,0
RT-028603,0,0
RT-028604,0,0
RT-028605,1,0
RT-028606,0,0
RT-028607,0,0
RT-028608,1,0
RT-028609,0,1
RT-028610,0,0
RT-028611,0,0
RT-028612,1,0
RT-028613,0,0
RT-028614,1,0
RT-028615,0,0
RT-028616,0,0
RT-028617,0,0
RT-028618,0,0
RT-028619,1,0
RT-028620,0,0
RT-028621,0,0
RT-028622,1,0
RT-028623,0,0
RT-028624,0,0
RT-028625,1,0
RT-028626,0,0
RT-028627,1,0
RT-028628,1,0
RT-028629,0,0
RT-028630,1,0
RT-028631,1,0
RT-028632,0,0
RT-028633,0,0
RT-028634,1,0
RT-028635,1,0
RT-028636,0,0
RT-028637,1,0
RT-028638,1,0
RT-028639,0,0
RT-028640,0,0
RT-028641,0,1
RT-028642,1,0
RT-028643,0,0
RT-028644,0,0
RT-028645,0,0
RT-028646,1,0
RT-028647,0,0
RT-028648,1,0
RT-028649,0,0
RT-028650,1,0
RT-028651,1,0
RT-028652,0,0
RT-028653,0,0
RT-028654,1,0
RT-028655,0,0
RT-028656,0,0
RT-028657,1,0
RT-028658,0,0
RT-028659,1,0
RT-028660,0,0
RT-028661,0,0
RT-028662,0,1
RT-028663,0,0
RT-028664,0,0
RT-028665,1,0
RT-028666,0,0
RT-028667,0,0
RT-028668,0,0
RT-028669,0,0
RT-028670,0,0
RT-028671,0,0
RT-028672,0,0
RT-028673,0,0
RT-028674,1,0
RT-028675,1,0
RT-028676,1,0
RT-028677,0,0
RT-028678,0,0
RT-028679,0,0
RT-028680,1,0
RT-028681,0,0
RT-028682,0,0
RT-028683,0,0
RT-028684,0,0
RT-028685,0,0
RT-028686,1,0
RT-028687,1,0
RT-028688,0,0
RT-028689,0,0
RT-028690,0,0
RT-028691,0,0
RT-028692,0,0
RT-028693,0,0
RT-028694,0,0
RT-028695,0,0
RT-028696,0,0
RT-028697,0,0
RT-028698,0,0
RT-028699,0,0
RT-028700,0,0
RT-028701,0,0
RT-028702,0,0
RT-028703,0,0
RT-028704,0,0
RT-028705,1,0
RT-028706,0,0
RT-028707,0,0
RT-028708,1,0
RT-028709,1,0
RT-028710,1,0
RT-028711,0,0
RT-028712,0,0
RT-028713,0,0
RT-028714,0,0
RT-028715,0,0
RT-028716,0,0
RT-028717,0,0
RT-028718,0,1
RT-028719,0,0
RT-028720,0,0
RT-028721,1,0
RT-028722,0,0
RT-028723,0,0
RT-028724,0,0
RT-028725,0,0
RT-028726,0,0
RT-028727,0,0
RT-028728,0,1
RT-028729,0,0
RT-028730,0,0
RT-028731,0,1
RT-028732,0,0
RT-028733,0,1
RT-028734,0,0
RT-028735,0,0
RT-028736,0,0
RT-028737,0,0
RT-028738,0,0
RT-028739,1,0
RT-028740,0,0
RT-028741,0,0
RT-028742,1,0
RT-028743,0,0
RT-028744,1,0
RT-028745,0,0
RT-028746,0,0
RT-028747,0,0
RT-028748,0,0
RT-028749,0,0
RT-028750,0,0
RT-028751,0,0
RT-028752,0,0
RT-028753,0,0
RT-028754,0,0
RT-028755,0,0
RT-028756,1,1
RT-028757,0,0
RT-028758,0,0
RT-028759,1,0
RT-028760,1,0
RT-028761,0,0
RT-028762,0,0
RT-028763,1,0
RT-028764,1,0
RT-028765,1,1
RT-028766,0,0
RT-028767,0,0
RT-028768,0,0
RT-028769,0,0
RT-028770,1,0
RT-028771,0,0
RT-028772,1,0
RT-028773,0,0
RT-028774,0,0
RT-028775,0,0
RT-028776,0,0
RT-028777,1,0
RT-028778,1,0
RT-028779,0,0
RT-028780,0,0
RT-028781,1,0
RT-028782,0,0
RT-028783,1,0
RT-028784,1,0
RT-028785,1,0
RT-028786,0,0
RT-028787,0,0
RT-028788,0,0
RT-028789,0,1
RT-028790,0,0
RT-028791,1,0
RT-028792,0,0
RT-028793,1,0
RT-028794,0,0
RT-028795,1,0
RT-028796,0,0
RT-028797,1,0
RT-028798,0,0
RT-028799,0,0
RT-028800,0,1
RT-028801,1,0
RT-028802,0,0
RT-028803,0,0
RT-028804,0,0
RT-028805,0,0
RT-028806,0,0
RT-028807,0,0
RT-028808,0,0
RT-028809,0,0
RT-028810,0,0
RT-028811,0,0
RT-028812,0,0
RT-028813,1,0
RT-028814,0,0
RT-028815,0,0
RT-028816,1,0
RT-028817,0,0
RT-028818,1,0
RT-028819,1,0
RT-028820,1,1
RT-028821,0,0
RT-028822,1,0
RT-028823,0,0
RT-028824,1,0
RT-028825,0,0
RT-028826,0,0
RT-028827,0,0
RT-028828,0,0
RT-028829,1,0
RT-028830,0,0
RT-028831,0,0
RT-028832,0,0
RT-028833,0,0
RT-028834,0,0
RT-028835,1,0
RT-028836,0,0
RT-028837,0,0
RT-028838,0,0
RT-028839,0,0
RT-028840,1,0
RT-028841,1,0
RT-028842,1,0
RT-028843,0,0
RT-028844,1,0
RT-028845,0,0
RT-028846,0,0
RT-028847,0,0
RT-028848,0,0
RT-028849,1,0
RT-028850,0,0
RT-028851,0,0
RT-028852,0,0
RT-028853,0,0
RT-028854,0,0
RT-028855,0,0
RT-028856,1,0
RT-028857,0,0
RT-028858,0,0
RT-028859,0,0
RT-028860,0,0
RT-028861,0,0
RT-028862,0,0
RT-028863,0,1
RT-028864,1,0
RT-028865,0,0
RT-028866,0,0
RT-028867,0,0
RT-028868,1,0
RT-028869,1,0
RT-028870,1,0
RT-028871,0,0
RT-028872,1,0
RT-028873,0,0
RT-028874,0,0
RT-028875,0,1
RT-028876,0,0
RT-028877,1,0
RT-028878,0,0
RT-028879,0,0
RT-028880,0,0
RT-028881,1,0
RT-028882,1,0
RT-028883,0,0
RT-028884,0,0
RT-028885,1,0
RT-028886,1,0
RT-028887,0,0
RT-028888,0,0
RT-028889,0,1
RT-028890,0,0
RT-028891,0,0
RT-028892,0,1
RT-028893,0,0
RT-028894,0,0
RT-028895,0,0
RT-028896,0,0
RT-028897,0,1
RT-028898,1,0
RT-028899,0,0
RT-028900,0,0
RT-028901,1,0
RT-028902,0,1
RT-028903,1,0
RT-028904,0,0
RT-028905,1,0
RT-028906,0,0
RT-028907,1,0
RT-028908,1,0
RT-028909,0,0
RT-028910,1,0
RT-028911,0,0
RT-028912,0,0
RT-028913,0,0
RT-028914,0,0
RT-028915,0,0
RT-028916,0,0
RT-028917,1,0
RT-028918,0,0
RT-028919,0,0
RT-028920,0,0
RT-028921,0,0
RT-028922,0,0
RT-028923,0,0
RT-028924,0,0
RT-028925,0,1
RT-028926,0,1
RT-028927,1,0
RT-028928,1,0
RT-028929,0,1
RT-028930,0,0
RT-028931,0,0
RT-028932,0,0
RT-028933,1,0
RT-028934,1,0
RT-028935,0,0
RT-028936,1,0
RT-028937,0,0
RT-028938,1,0
RT-028939,1,0
RT-028940,0,0
RT-028941,0,0
RT-028942,1,0
RT-028943,0,0
RT-028944,0,0
RT-028945,1,0
RT-028946,1,0
RT-028947,0,0
RT-028948,0,1
RT-028949,1,0
RT-028950,0,0
RT-028951,0,0
RT-028952,0,0
RT-028953,0,0
RT-028954,0,0
RT-028955,0,0
RT-028956,0,0
RT-028957,0,0
RT-028958,1,0
RT-028959,0,0
RT-028960,0,0
RT-028961,0,0
RT-028962,1,0
RT-028963,1,0
RT-028964,1,0
RT-028965,1,0
RT-028966,0,0
RT-028967,0,0
RT-028968,0,0
RT-028969,0,1
RT-028970,0,0
RT-028971,0,0
RT-028972,0,0
RT-028973,0,0
RT-028974,0,0
RT-028975,0,0
RT-028976,0,0
RT-028977,0,1
RT-028978,1,0
RT-028979,0,0
RT-028980,0,0
RT-028981,0,0
RT-028982,1,0
RT-028983,0,0
RT-028984,0,0
RT-028985,0,0
RT-028986,0,0
RT-028987,0,0
RT-028988,1,0
RT-028989,1,0
RT-028990,0,0
RT-028991,1,0
RT-028992,0,1
RT-028993,0,0
RT-028994,0,0
RT-028995,0,0
RT-028996,0,0
RT-028997,1,0
RT-028998,0,0
RT-028999,1,0
RT-029000,0,0
RT-029001,1,0
RT-029002,0,0
RT-029003,0,0
RT-029004,1,0
RT-029005,1,0
RT-029006,0,0
RT-029007,0,0
RT-029008,0,0
RT-029009,0,0
RT-029010,0,0
RT-029011,0,0
RT-029012,0,0
RT-029013,1,0
RT-029014,0,0
RT-029015,1,0
RT-029016,0,0
RT-029017,0,0
RT-029018,0,0
RT-029019,0,0
RT-029020,0,0
RT-029021,0,0
RT-029022,0,0
RT-029023,0,0
RT-029024,1,0
RT-029025,0,0
RT-029026,0,0
RT-029027,0,0
RT-029028,0,0
RT-029029,1,0
RT-029030,0,0
RT-029031,0,0
RT-029032,0,0
RT-029033,0,0
RT-029034,0,0
RT-029035,0,0
RT-029036,1,0
RT-029037,0,1
RT-029038,0,0
RT-029039,1,0
RT-029040,0,0
RT-029041,0,0
RT-029042,1,0
RT-029043,0,0
RT-029044,0,0
RT-029045,0,0
RT-029046,1,0
RT-029047,0,0
RT-029048,0,0
RT-029049,1,0
RT-029050,1,0
RT-029051,0,0
RT-029052,0,0
RT-029053,1,0
RT-029054,1,0
RT-029055,0,0
RT-029056,1,1
RT-029057,0,0
RT-029058,0,0
RT-029059,0,0
RT-029060,1,0
RT-029061,0,0
RT-029062,0,0
RT-029063,0,0
RT-029064,0,0
RT-029065,0,0
RT-029066,0,0
RT-029067,0,0
RT-029068,0,0
RT-029069,0,0
RT-029070,0,0
RT-029071,0,0
RT-029072,1,0
RT-029073,0,0
RT-029074,0,0
RT-029075,1,0
RT-029076,0,1
RT-029077,0,0
RT-029078,0,0
RT-029079,1,0
RT-029080,1,0
RT-029081,0,0
RT-029082,0,0
RT-029083,0,0
RT-029084,0,1
RT-029085,1,1
RT-029086,0,0
RT-029087,0,1
RT-029088,0,0
RT-029089,0,0
RT-029090,0,0
RT-029091,0,0
RT-029092,0,0
RT-029093,1,0
RT-029094,0,0
RT-029095,0,0
RT-029096,0,0
RT-029097,0,0
RT-029098,0,0
RT-029099,0,0
RT-029100,0,0
RT-029101,0,0
RT-029102,0,0
RT-029103,0,0
RT-029104,1,0
RT-029105,1,0
RT-029106,1,0
RT-029107,0,0
RT-029108,0,0
RT-029109,1,0
RT-029110,1,0
RT-029111,1,0
RT-029112,0,0
RT-029113,0,0
RT-029114,1,0
RT-029115,1,0
RT-029116,0,0
RT-029117,1,0
RT-029118,0,0
RT-029119,1,0
RT-029120,0,0
RT-029121,1,0
RT-029122,0,1
RT-029123,0,0
RT-029124,1,0
RT-029125,1,0
RT-029126,0,0
RT-029127,0,0
RT-029128,1,0
RT-029129,0,0
RT-029130,1,0
RT-029131,0,1
RT-029132,1,0
RT-029133,0,0
RT-029134,1,0
RT-029135,0,0
RT-029136,0,1
RT-029137,1,0
RT-029138,0,0
RT-029139,0,0
RT-029140,0,0
RT-029141,0,0
RT-029142,1,0
RT-029143,0,0
RT-029144,1,0
RT-029145,0,0
RT-029146,0,0
RT-029147,0,0
RT-029148,1,0
RT-029149,0,0
RT-029150,0,0
RT-029151,1,0
RT-029152,0,0
RT-029153,1,0
RT-029154,1,0
RT-029155,0,0
RT-029156,0,0
RT-029157,1,0
RT-029158,0,0
RT-029159,0,0
RT-029160,1,0
RT-029161,0,0
RT-029162,0,0
RT-029163,0,0
RT-029164,0,0
RT-029165,0,0
RT-029166,1,0
RT-029167,0,0
RT-029168,0,0
RT-029169,1,0
RT-029170,0,0
RT-029171,0,0
RT-029172,0,0
RT-029173,1,0
RT-029174,1,0
RT-029175,1,1
RT-029176,1,0
RT-029177,1,0
RT-029178,0,0
RT-029179,0,0
RT-029180,0,0
RT-029181,0,0
RT-029182,0,0
RT-029183,0,0
RT-029184,0,0
RT-029185,0,0
RT-029186,0,0
RT-029187,0,0
RT-029188,1,0
RT-029189,1,0
RT-029190,0,0
RT-029191,0,0
RT-029192,0,0
RT-029193,1,0
RT-029194,0,0
RT-029195,0,0
RT-029196,0,0
RT-029197,0,0
RT-029198,0,0
RT-029199,0,0
RT-029200,0,0
RT-029201,0,0
RT-029202,0,0
RT-029203,0,0
RT-029204,0,0
RT-029205,1,0
RT-029206,0,0
RT-029207,0,1
RT-029208,1,0
RT-029209,1,0
RT-029210,1,0
RT-029211,0,0
RT-029212,0,0
RT-029213,1,0
RT-029214,0,0
RT-029215,1,0
RT-029216,0,0
RT-029217,1,0
RT-029218,0,0
RT-029219,0,0
RT-029220,1,0
RT-029221,0,0
RT-029222,0,0
RT-029223,1,0
RT-029224,0,0
RT-029225,0,0
RT-029226,0,0
RT-029227,1,0
RT-029228,0,0
RT-029229,0,0
RT-029230,1,0
RT-029231,0,0
RT-029232,0,0
RT-029233,0,0
RT-029234,0,0
RT-029235,1,0
RT-029236,0,0
RT-029237,1,0
RT-029238,0,0
RT-029239,0,0
RT-029240,1,0
RT-029241,1,0
RT-029242,1,0
RT-029243,0,0
RT-029244,0,0
RT-029245,0,0
RT-029246,0,0
RT-029247,0,0
RT-029248,0,0
RT-029249,0,0
RT-029250,1,0
RT-029251,0,0
RT-029252,0,0
RT-029253,1,0
RT-029254,1,0
RT-029255,0,1
RT-029256,0,0
RT-029257,0,0
RT-029258,1,0
RT-029259,0,0
RT-029260,0,0
RT-029261,1,0
RT-029262,0,0
RT-029263,0,0
RT-029264,1,0
RT-029265,0,0
RT-029266,0,0
RT-029267,1,0
RT-029268,1,0
RT-029269,1,0
RT-029270,1,0
RT-029271,0,0
RT-029272,0,0
RT-029273,0,0
RT-029274,0,1
RT-029275,0,0
RT-029276,1,0
RT-029277,0,0
RT-029278,0,0
RT-029279,0,0
RT-029280,0,0
RT-029281,0,0
RT-029282,0,0
RT-029283,0,0
RT-029284,0,0
RT-029285,1,0
RT-029286,0,0
RT-029287,1,0
RT-029288,0,0
RT-029289,0,0
RT-029290,0,0
RT-029291,0,0
RT-029292,0,0
RT-029293,1,0
RT-029294,0,0
RT-029295,1,0
RT-029296,0,0
RT-029297,0,0
RT-029298,0,0
RT-029299,0,0
RT-029300,1,0
RT-029301,0,0
RT-029302,1,0
RT-029303,1,0
RT-029304,1,0
RT-029305,0,0
RT-029306,0,0
RT-029307,0,1
RT-029308,0,0
RT-029309,0,0
RT-029310,0,1
RT-029311,0,0
RT-029312,0,0
RT-029313,0,0
RT-029314,1,0
RT-029315,0,1
RT-029316,1,0
RT-029317,1,0
RT-029318,0,0
RT-029319,0,0
RT-029320,0,0
RT-029321,0,0
RT-029322,1,0
RT-029323,0,0
RT-029324,1,0
RT-029325,0,1
RT-029326,0,0
RT-029327,0,0
RT-029328,1,0
RT-029329,0,0
RT-029330,0,0
RT-029331,1,0
RT-029332,0,0
RT-029333,0,0
RT-029334,0,1
RT-029335,0,0
RT-029336,0,0
RT-029337,1,0
RT-029338,0,0
RT-029339,0,0
RT-029340,0,0
RT-029341,0,0
RT-029342,0,0
RT-029343,1,0
RT-029344,1,0
RT-029345,1,0
RT-029346,0,0
RT-029347,0,0
RT-029348,0,0
RT-029349,0,0
RT-029350,0,1
RT-029351,0,0
RT-029352,0,0
RT-029353,0,0
RT-029354,0,0
RT-029355,0,0
RT-029356,1,0
RT-029357,0,0
RT-029358,0,0
RT-029359,1,0
RT-029360,0,0
RT-029361,0,0
RT-029362,0,0
RT-029363,0,0
RT-029364,0,0
RT-029365,0,0
RT-029366,0,0
RT-029367,0,0
RT-029368,0,0
RT-029369,1,0
RT-029370,0,0
RT-029371,0,0
RT-029372,1,0
RT-029373,0,0
RT-029374,0,0
RT-029375,0,0
RT-029376,0,0
RT-029377,0,0
RT-029378,0,1
RT-029379,0,0
RT-029380,0,0
RT-029381,0,0
RT-029382,0,0
RT-029383,0,0
RT-029384,0,0
RT-029385,0,0
RT-029386,0,0
RT-029387,0,0
RT-029388,1,0
RT-029389,1,0
RT-029390,0,0
RT-029391,0,0
RT-029392,0,0
RT-029393,1,0
RT-029394,0,0
RT-029395,0,0
RT-029396,1,0
RT-029397,0,0
RT-029398,0,0
RT-029399,1,0
RT-029400,1,0
RT-029401,0,0
RT-029402,0,0
RT-029403,0,1
RT-029404,1,0
RT-029405,1,0
RT-029406,0,0
RT-029407,0,0
RT-029408,0,0
RT-029409,1,0
RT-029410,0,0
RT-029411,0,0
RT-029412,0,0
RT-029413,0,0
RT-029414,1,0
RT-029415,1,0
RT-029416,1,0
RT-029417,1,1
RT-029418,0,0
RT-029419,0,0
RT-029420,0,0
RT-029421,0,0
RT-029422,0,0
RT-029423,0,0
RT-029424,1,0
RT-029425,0,0
RT-029426,0,1
RT-029427,0,0
RT-029428,1,0
RT-029429,0,1
RT-029430,1,0
RT-029431,0,0
RT-029432,1,0
RT-029433,0,0
RT-029434,0,0
RT-029435,1,0
RT-029436,0,0
RT-029437,0,0
RT-029438,0,0
RT-029439,1,0
RT-029440,0,0
RT-029441,0,0
RT-029442,0,0
RT-029443,0,0
RT-029444,0,0
RT-029445,1,0
RT-029446,0,0
RT-029447,1,0
RT-029448,0,0
RT-029449,0,0
RT-029450,0,0
RT-029451,0,1
RT-029452,0,0
RT-029453,0,0
RT-029454,0,0
RT-029455,0,0
RT-029456,1,0
RT-029457,0,0
RT-029458,0,1
RT-029459,0,0
RT-029460,1,0
RT-029461,0,0
RT-029462,0,0
RT-029463,0,0
RT-029464,0,0
RT-029465,1,0
RT-029466,0,0
RT-029467,0,0
RT-029468,0,0
RT-029469,0,0
RT-029470,0,0
RT-029471,1,0
RT-029472,0,0
RT-029473,0,1
RT-029474,0,0
RT-029475,0,0
RT-029476,0,0
RT-029477,1,0
RT-029478,0,1
RT-029479,1,0
RT-029480,1,0
RT-029481,0,0
RT-029482,1,0
RT-029483,1,0
RT-029484,0,0
RT-029485,1,0
RT-029486,0,0
RT-029487,0,0
RT-029488,0,0
RT-029489,0,0
RT-029490,0,0
RT-029491,0,0
RT-029492,0,0
RT-029493,0,0
RT-029494,0,1
RT-029495,0,0
RT-029496,1,0
RT-029497,1,0
RT-029498,0,0
RT-029499,1,0
RT-029500,0,0
RT-029501,1,0
RT-029502,0,0
RT-029503,0,0
RT-029504,0,0
RT-029505,0,0
RT-029506,1,0
RT-029507,0,0
RT-029508,0,0
RT-029509,0,0
RT-029510,0,0
RT-029511,0,0
RT-029512,0,0
RT-029513,1,0
RT-029514,0,1
RT-029515,0,0
RT-029516,1,0
RT-029517,0,0
RT-029518,0,0
RT-029519,0,0
RT-029520,1,0
RT-029521,0,0
RT-029522,0,0
RT-029523,0,0
RT-029524,0,0
RT-029525,1,0
RT-029526,0,0
RT-029527,0,0
RT-029528,0,0
RT-029529,0,0
RT-029530,0,0
RT-029531,0,0
RT-029532,0,0
RT-029533,0,0
RT-029534,0,0
RT-029535,0,0
RT-029536,1,0
RT-029537,1,0
RT-029538,0,0
RT-029539,0,0
RT-029540,0,0
RT-029541,1,0
RT-029542,0,1
RT-029543,0,0
RT-029544,0,0
RT-029545,0,0
RT-029546,0,0
RT-029547,0,0
RT-029548,0,0
RT-029549,0,0
RT-029550,0,0
RT-029551,0,0
RT-029552,1,0
RT-029553,0,1
RT-029554,0,0
RT-029555,0,0
RT-029556,0,0
RT-029557,0,1
RT-029558,0,0
RT-029559,0,0
RT-029560,1,0
RT-029561,1,0
RT-029562,0,0
RT-029563,0,0
RT-029564,1,0
RT-029565,0,0
RT-029566,0,0
RT-029567,1,0
RT-029568,0,0
RT-029569,1,0
RT-029570,0,0
RT-029571,0,0
RT-029572,0,0
RT-029573,1,0
RT-029574,0,0
RT-029575,0,0
RT-029576,1,0
RT-029577,1,0
RT-029578,1,0
RT-029579,0,0
RT-029580,1,0
RT-029581,0,1
RT-029582,1,0
RT-029583,0,0
RT-029584,0,0
RT-029585,0,0
RT-029586,1,0
RT-029587,1,0
RT-029588,1,0
RT-029589,0,0
RT-029590,0,0
RT-029591,0,0
RT-029592,0,0
RT-029593,1,0
RT-029594,0,0
RT-029595,0,0
RT-029596,0,0
RT-029597,0,0
RT-029598,0,0
RT-029599,1,1
RT-029600,0,0
RT-029601,1,0
RT-029602,0,0
RT-029603,0,0
RT-029604,0,0
RT-029605,0,0
RT-029606,0,0
RT-029607,0,0
RT-029608,0,0
RT-029609,0,0
RT-029610,0,0
RT-029611,0,1
RT-029612,0,0
RT-029613,0,0
RT-029614,1,0
RT-029615,0,0
RT-029616,1,0
RT-029617,0,0
RT-029618,0,0
RT-029619,1,1
RT-029620,1,0
RT-029621,0,0
RT-029622,0,0
RT-029623,0,1
RT-029624,0,0
RT-029625,1,0
RT-029626,1,0
RT-029627,1,0
RT-029628,0,0
RT-029629,0,1
RT-029630,0,0
RT-029631,0,0
RT-029632,0,0
RT-029633,0,0
RT-029634,0,0
RT-029635,0,0
RT-029636,0,0
RT-029637,0,0
RT-029638,0,0
RT-029639,0,0
RT-029640,1,0
RT-029641,0,0
RT-029642,1,1
RT-029643,1,0
RT-029644,0,0
RT-029645,0,0
RT-029646,0,1
RT-029647,0,0
RT-029648,0,1
RT-029649,0,0
RT-029650,1,0
RT-029651,0,0
RT-029652,0,0
RT-029653,0,0
RT-029654,0,0
RT-029655,1,0
RT-029656,1,0
RT-029657,0,0
RT-029658,1,0
RT-029659,0,0
RT-029660,0,0
RT-029661,0,0
RT-029662,0,0
RT-029663,1,0
RT-029664,1,0
RT-029665,0,0
RT-029666,0,0
RT-029667,1,0
RT-029668,0,0
RT-029669,0,0
RT-029670,0,0
RT-029671,0,0
RT-029672,0,0
RT-029673,0,0
RT-029674,0,0
RT-029675,0,0
RT-029676,0,0
RT-029677,0,0
RT-029678,0,0
RT-029679,0,0
RT-029680,0,0
RT-029681,1,0
RT-029682,0,0
RT-029683,0,0
RT-029684,1,0
RT-029685,0,0
RT-029686,0,0
RT-029687,1,0
RT-029688,0,0
RT-029689,0,1
RT-029690,0,0
RT-029691,0,0
RT-029692,0,0
RT-029693,0,0
RT-029694,0,0
RT-029695,1,0
RT-029696,0,0
RT-029697,0,0
RT-029698,1,0
RT-029699,0,0
RT-029700,0,0
RT-029701,0,0
RT-029702,1,0
RT-029703,0,0
RT-029704,0,0
RT-029705,0,0
RT-029706,0,0
RT-029707,0,0
RT-029708,0,0
RT-029709,0,0
RT-029710,0,0
RT-029711,0,0
RT-029712,1,0
RT-029713,1,0
RT-029714,1,0
RT-029715,0,0
RT-029716,0,0
RT-029717,1,0
RT-029718,1,0
RT-029719,0,0
RT-029720,1,0
RT-029721,0,0
RT-029722,1,0
RT-029723,0,0
RT-029724,0,0
RT-029725,1,0
RT-029726,0,0
RT-029727,0,0
RT-029728,0,0
RT-029729,0,0
RT-029730,1,0
RT-029731,0,0
RT-029732,0,0
RT-029733,0,0
RT-029734,0,0
RT-029735,0,0
RT-029736,0,0
RT-029737,0,0
RT-029738,0,0
RT-029739,0,0
RT-029740,0,0
RT-029741,1,0
RT-029742,0,0
RT-029743,1,0
RT-029744,0,0
RT-029745,0,1
RT-029746,1,0
RT-029747,0,0
RT-029748,0,0
RT-029749,0,1
RT-029750,0,0
RT-029751,0,0
RT-029752,1,0
RT-029753,0,0
RT-029754,0,0
RT-029755,0,0
RT-029756,0,0
RT-029757,0,0
RT-029758,0,0
RT-029759,1,0
RT-029760,0,0
RT-029761,0,0
RT-029762,0,0
RT-029763,0,1
RT-029764,0,1
RT-029765,1,0
RT-029766,0,0
RT-029767,0,0
RT-029768,0,0
RT-029769,0,0
RT-029770,0,0
RT-029771,1,1
RT-029772,0,0
RT-029773,0,0
RT-029774,0,0
RT-029775,0,0
RT-029776,1,0
RT-029777,1,0
RT-029778,1,0
RT-029779,0,0
RT-029780,1,0
RT-029781,0,0
RT-029782,0,0
RT-029783,0,0
RT-029784,1,0
RT-029785,0,0
RT-029786,0,0
RT-029787,0,0
RT-029788,0,0
RT-029789,0,0
RT-029790,0,0
RT-029791,0,0
RT-029792,0,0
RT-029793,0,0
RT-029794,1,0
RT-029795,1,0
RT-029796,0,1
RT-029797,1,0
RT-029798,0,0
RT-029799,0,1
RT-029800,1,0
RT-029801,1,0
RT-029802,1,0
RT-029803,0,0
RT-029804,0,0
RT-029805,1,0
RT-029806,0,0
RT-029807,1,0
RT-029808,0,0
RT-029809,1,0
RT-029810,0,0
RT-029811,0,0
RT-029812,0,0
RT-029813,0,0
RT-029814,0,0
RT-029815,0,1
RT-029816,0,0
RT-029817,1,0
RT-029818,0,0
RT-029819,1,0
RT-029820,1,0
RT-029821,0,0
RT-029822,1,0
RT-029823,1,0
RT-029824,1,0
RT-029825,0,0
RT-029826,1,0
RT-029827,0,0
RT-029828,0,0
RT-029829,1,0
RT-029830,0,0
RT-029831,0,1
RT-029832,1,0
RT-029833,0,0
RT-029834,0,0
RT-029835,1,0
RT-029836,0,0
RT-029837,0,0
RT-029838,0,0
RT-029839,0,0
RT-029840,0,0
RT-029841,0,0
RT-029842,0,0
RT-029843,0,0
RT-029844,0,0
RT-029845,0,0
RT-029846,1,0
RT-029847,0,0
RT-029848,0,0
RT-029849,0,1
RT-029850,0,0
RT-029851,0,0
RT-029852,0,0
RT-029853,0,0
RT-029854,1,0
RT-029855,1,0
RT-029856,1,0
RT-029857,0,0
RT-029858,0,0
RT-029859,0,0
RT-029860,0,0
RT-029861,0,0
RT-029862,0,0
RT-029863,0,0
RT-029864,1,0
RT-029865,0,0
RT-029866,0,0
RT-029867,0,1
RT-029868,0,0
RT-029869,0,0
RT-029870,1,0
RT-029871,0,0
RT-029872,0,0
RT-029873,0,0
RT-029874,0,0
RT-029875,0,0
RT-029876,0,0
RT-029877,1,0
RT-029878,0,0
RT-029879,0,0
RT-029880,0,0
RT-029881,0,0
RT-029882,1,0
RT-029883,1,0
RT-029884,0,0
RT-029885,0,1
RT-029886,0,0
RT-029887,0,0
RT-029888,0,0
RT-029889,1,0
RT-029890,1,0
RT-029891,1,0
RT-029892,0,0
RT-029893,0,0
RT-029894,1,0
RT-029895,0,0
RT-029896,1,0
RT-029897,0,0
RT-029898,0,0
RT-029899,1,1
RT-029900,0,0
RT-029901,0,0
RT-029902,0,0
RT-029903,0,0
RT-029904,0,0
RT-029905,0,0
RT-029906,0,0
RT-029907,0,0
RT-029908,0,0
RT-029909,0,0
RT-029910,0,0
RT-029911,0,1
RT-029912,0,0
RT-029913,1,0
RT-029914,0,0
RT-029915,0,0
RT-029916,1,0
RT-029917,0,0
RT-029918,0,0
RT-029919,0,0
RT-029920,1,0
RT-029921,0,0
RT-029922,0,0
RT-029923,0,1
RT-029924,0,0
RT-029925,0,0
RT-029926,0,1
RT-029927,0,0
RT-029928,0,0
RT-029929,1,0
RT-029930,1,0
RT-029931,0,0
RT-029932,1,0
RT-029933,0,0
RT-029934,0,0
RT-029935,0,0
RT-029936,0,0
RT-029937,0,0
RT-029938,0,0
RT-029939,0,0
RT-029940,1,0
RT-029941,0,0
RT-029942,0,0
RT-029943,0,0
RT-029944,0,0
RT-029945,0,0
RT-029946,0,0
RT-029947,0,0
RT-029948,0,0
RT-029949,0,0
RT-029950,1,0
RT-029951,1,0
RT-029952,0,0
RT-029953,1,0
RT-029954,0,0
RT-029955,1,0
RT-029956,0,0
RT-029957,0,0
RT-029958,1,0
RT-029959,0,0
RT-029960,0,0
RT-029961,0,0
RT-029962,1,1
RT-029963,0,0
RT-029964,1,0
RT-029965,0,0
RT-029966,0,0
RT-029967,1,0
RT-029968,1,0
RT-029969,0,0
RT-029970,0,0
RT-029971,0,0
RT-029972,0,0
RT-029973,0,0
RT-029974,0,0
RT-029975,0,0
RT-029976,0,0
RT-029977,0,0
RT-029978,1,0
RT-029979,0,0
RT-029980,1,0
RT-029981,1,0
RT-029982,0,0
RT-029983,0,0
RT-029984,0,0
RT-029985,0,0
RT-029986,0,0
RT-029987,0,0
RT-029988,1,0
RT-029989,0,0
RT-029990,1,0
RT-029991,0,0
RT-029992,0,1
RT-029993,0,0
RT-029994,0,0
RT-029995,0,0
RT-029996,0,1
RT-029997,0,0
RT-029998,1,0
RT-029999,0,0
RT-030000,0,0
